timestamp,git_commit,git_dirty,vivado_version,bitstream_sha256,board_id,net,layer,clock_mhz,source,duration_s,num_inferences,build_id_hw,board_hostname,clock_source,scripts_commit,data_manifest_sha256,data_git_commit,data_git_dirty,backend,session_index,paper_grade,env_step,cpu_governor,cpu_freq_khz,cpu_affinity,die_temp_start_c,env_note,measurement,rail,sensor_backend,sensor_device,sensor_limits,rate_requested_hz,rate_achieved_hz,max_gap_s,read_errors,repeat,phase,t_mono_s,t_rel_s,t_epoch,t_utc,power_w,current_a,voltage_v,raw
2026-09-30T18:34:14+00:00,2d280c7862041cee1dd36a2ac164af8b7f9dcec3,False,2023.1,,ZynqMP KV260 revB machine-id:a435d1c5,,all,,hw,,,,kria,not read (sensor only),2d280c7862041cee1dd36a2ac164af8b7f9dcec3,,,,sensor_only,1,True,,performance,1333333,"0,1,2",,no-overlay idle reference (before any bitstream load),SOM-rail power (INA260),VCC_SOM,hwmon,/sys/class/hwmon/hwmon2 name=ina260_u14,"{""update_interval_ms"": ""not exposed""}",10.000,9.984,0.2793,0,0,sample_only,264.462038,0.010254,1790793134.344447,2026-09-30T18:32:14.344+00:00,3.670000,0.727000,5.046000,power1_input=3670000uW curr1_input=727mA in1_input=5046mV
2026-09-30T18:34:14+00:00,2d280c7862041cee1dd36a2ac164af8b7f9dcec3,False,2023.1,,ZynqMP KV260 revB machine-id:a435d1c5,,all,,hw,,,,kria,not read (sensor only),2d280c7862041cee1dd36a2ac164af8b7f9dcec3,,,,sensor_only,1,True,,performance,1333333,"0,1,2",,no-overlay idle reference (before any bitstream load),SOM-rail power (INA260),VCC_SOM,hwmon,/sys/class/hwmon/hwmon2 name=ina260_u14,"{""update_interval_ms"": ""not exposed""}",10.000,9.984,0.2793,0,0,sample_only,264.562206,0.110422,1790793134.444610,2026-09-30T18:32:14.444+00:00,3.210000,0.635000,5.046000,power1_input=3210000uW curr1_input=635mA in1_input=5046mV
2026-09-30T18:34:14+00:00,2d280c7862041cee1dd36a2ac164af8b7f9dcec3,False,2023.1,,ZynqMP KV260 revB machine-id:a435d1c5,,all,,hw,,,,kria,not read (sensor only),2d280c7862041cee1dd36a2ac164af8b7f9dcec3,,,,sensor_only,1,True,,performance,1333333,"0,1,2",,no-overlay idle reference (before any bitstream load),SOM-rail power (INA260),VCC_SOM,hwmon,/sys/class/hwmon/hwmon2 name=ina260_u14,"{""update_interval_ms"": ""not exposed""}",10.000,9.984,0.2793,0,0,sample_only,264.662125,0.210342,1790793134.544529,2026-09-30T18:32:14.544+00:00,3.210000,0.637000,5.046000,power1_input=3210000uW curr1_input=637mA in1_input=5046mV
2026-09-30T18:34:14+00:00,2d280c7862041cee1dd36a2ac164af8b7f9dcec3,False,2023.1,,ZynqMP KV260 revB machine-id:a435d1c5,,all,,hw,,,,kria,not read (sensor only),2d280c7862041cee1dd36a2ac164af8b7f9dcec3,,,,sensor_only,1,True,,performance,1333333,"0,1,2",,no-overlay idle reference (before any bitstream load),SOM-rail power (INA260),VCC_SOM,hwmon,/sys/class/hwmon/hwmon2 name=ina260_u14,"{""update_interval_ms"": ""not exposed""}",10.000,9.984,0.2793,0,0,sample_only,264.762110,0.310326,1790793134.644514,2026-09-30T18:32:14.644+00:00,3.200000,0.635000,5.046000,power1_input=3200000uW curr1_input=635mA in1_input=5046mV
2026-09-30T18:34:14+00:00,2d280c7862041cee1dd36a2ac164af8b7f9dcec3,False,2023.1,,ZynqMP KV260 revB machine-id:a435d1c5,,all,,hw,,,,kria,not read (sensor only),2d280c7862041cee1dd36a2ac164af8b7f9dcec3,,,,sensor_only,1,True,,performance,1333333,"0,1,2",,no-overlay idle reference (before any bitstream load),SOM-rail power (INA260),VCC_SOM,hwmon,/sys/class/hwmon/hwmon2 name=ina260_u14,"{""update_interval_ms"": ""not exposed""}",10.000,9.984,0.2793,0,0,sample_only,264.862066,0.410282,1790793134.744469,2026-09-30T18:32:14.744+00:00,3.230000,0.641000,5.046000,power1_input=3230000uW curr1_input=641mA in1_input=5046mV
2026-09-30T18:34:14+00:00,2d280c7862041cee1dd36a2ac164af8b7f9dcec3,False,2023.1,,ZynqMP KV260 revB machine-id:a435d1c5,,all,,hw,,,,kria,not read (sensor only),2d280c7862041cee1dd36a2ac164af8b7f9dcec3,,,,sensor_only,1,True,,performance,1333333,"0,1,2",,no-overlay idle reference (before any bitstream load),SOM-rail power (INA260),VCC_SOM,hwmon,/sys/class/hwmon/hwmon2 name=ina260_u14,"{""update_interval_ms"": ""not exposed""}",10.000,9.984,0.2793,0,0,sample_only,264.962102,0.510318,1790793134.844506,2026-09-30T18:32:14.844+00:00,3.210000,0.637000,5.046000,power1_input=3210000uW curr1_input=637mA in1_input=5046mV
2026-09-30T18:34:14+00:00,2d280c7862041cee1dd36a2ac164af8b7f9dcec3,False,2023.1,,ZynqMP KV260 revB machine-id:a435d1c5,,all,,hw,,,,kria,not read (sensor only),2d280c7862041cee1dd36a2ac164af8b7f9dcec3,,,,sensor_only,1,True,,performance,1333333,"0,1,2",,no-overlay idle reference (before any bitstream load),SOM-rail power (INA260),VCC_SOM,hwmon,/sys/class/hwmon/hwmon2 name=ina260_u14,"{""update_interval_ms"": ""not exposed""}",10.000,9.984,0.2793,0,0,sample_only,265.062047,0.610263,1790793134.944450,2026-09-30T18:32:14.944+00:00,3.230000,0.646000,5.046000,power1_input=3230000uW curr1_input=646mA in1_input=5046mV
2026-09-30T18:34:14+00:00,2d280c7862041cee1dd36a2ac164af8b7f9dcec3,False,2023.1,,ZynqMP KV260 revB machine-id:a435d1c5,,all,,hw,,,,kria,not read (sensor only),2d280c7862041cee1dd36a2ac164af8b7f9dcec3,,,,sensor_only,1,True,,performance,1333333,"0,1,2",,no-overlay idle reference (before any bitstream load),SOM-rail power (INA260),VCC_SOM,hwmon,/sys/class/hwmon/hwmon2 name=ina260_u14,"{""update_interval_ms"": ""not exposed""}",10.000,9.984,0.2793,0,0,sample_only,265.162100,0.710317,1790793135.044504,2026-09-30T18:32:15.044+00:00,3.200000,0.635000,5.047000,power1_input=3200000uW curr1_input=635mA in1_input=5047mV
2026-09-30T18:34:14+00:00,2d280c7862041cee1dd36a2ac164af8b7f9dcec3,False,2023.1,,ZynqMP KV260 revB machine-id:a435d1c5,,all,,hw,,,,kria,not read (sensor only),2d280c7862041cee1dd36a2ac164af8b7f9dcec3,,,,sensor_only,1,True,,performance,1333333,"0,1,2",,no-overlay idle reference (before any bitstream load),SOM-rail power (INA260),VCC_SOM,hwmon,/sys/class/hwmon/hwmon2 name=ina260_u14,"{""update_interval_ms"": ""not exposed""}",10.000,9.984,0.2793,0,0,sample_only,265.262094,0.810311,1790793135.144497,2026-09-30T18:32:15.144+00:00,3.210000,0.636000,5.046000,power1_input=3210000uW curr1_input=636mA in1_input=5046mV
2026-09-30T18:34:14+00:00,2d280c7862041cee1dd36a2ac164af8b7f9dcec3,False,2023.1,,ZynqMP KV260 revB machine-id:a435d1c5,,all,,hw,,,,kria,not read (sensor only),2d280c7862041cee1dd36a2ac164af8b7f9dcec3,,,,sensor_only,1,True,,performance,1333333,"0,1,2",,no-overlay idle reference (before any bitstream load),SOM-rail power (INA260),VCC_SOM,hwmon,/sys/class/hwmon/hwmon2 name=ina260_u14,"{""update_interval_ms"": ""not exposed""}",10.000,9.984,0.2793,0,0,sample_only,265.362054,0.910270,1790793135.244457,2026-09-30T18:32:15.244+00:00,3.230000,0.638000,5.046000,power1_input=3230000uW curr1_input=638mA in1_input=5046mV
2026-09-30T18:34:14+00:00,2d280c7862041cee1dd36a2ac164af8b7f9dcec3,False,2023.1,,ZynqMP KV260 revB machine-id:a435d1c5,,all,,hw,,,,kria,not read (sensor only),2d280c7862041cee1dd36a2ac164af8b7f9dcec3,,,,sensor_only,1,True,,performance,1333333,"0,1,2",,no-overlay idle reference (before any bitstream load),SOM-rail power (INA260),VCC_SOM,hwmon,/sys/class/hwmon/hwmon2 name=ina260_u14,"{""update_interval_ms"": ""not exposed""}",10.000,9.984,0.2793,0,0,sample_only,265.462095,1.010312,1790793135.344498,2026-09-30T18:32:15.344+00:00,3.220000,0.637000,5.046000,power1_input=3220000uW curr1_input=637mA in1_input=5046mV
2026-09-30T18:34:14+00:00,2d280c7862041cee1dd36a2ac164af8b7f9dcec3,False,2023.1,,ZynqMP KV260 revB machine-id:a435d1c5,,all,,hw,,,,kria,not read (sensor only),2d280c7862041cee1dd36a2ac164af8b7f9dcec3,,,,sensor_only,1,True,,performance,1333333,"0,1,2",,no-overlay idle reference (before any bitstream load),SOM-rail power (INA260),VCC_SOM,hwmon,/sys/class/hwmon/hwmon2 name=ina260_u14,"{""update_interval_ms"": ""not exposed""}",10.000,9.984,0.2793,0,0,sample_only,265.562065,1.110282,1790793135.444469,2026-09-30T18:32:15.444+00:00,3.200000,0.635000,5.047000,power1_input=3200000uW curr1_input=635mA in1_input=5047mV
2026-09-30T18:34:14+00:00,2d280c7862041cee1dd36a2ac164af8b7f9dcec3,False,2023.1,,ZynqMP KV260 revB machine-id:a435d1c5,,all,,hw,,,,kria,not read (sensor only),2d280c7862041cee1dd36a2ac164af8b7f9dcec3,,,,sensor_only,1,True,,performance,1333333,"0,1,2",,no-overlay idle reference (before any bitstream load),SOM-rail power (INA260),VCC_SOM,hwmon,/sys/class/hwmon/hwmon2 name=ina260_u14,"{""update_interval_ms"": ""not exposed""}",10.000,9.984,0.2793,0,0,sample_only,265.662118,1.210334,1790793135.544522,2026-09-30T18:32:15.544+00:00,3.210000,0.635000,5.046000,power1_input=3210000uW curr1_input=635mA in1_input=5046mV
2026-09-30T18:34:14+00:00,2d280c7862041cee1dd36a2ac164af8b7f9dcec3,False,2023.1,,ZynqMP KV260 revB machine-id:a435d1c5,,all,,hw,,,,kria,not read (sensor only),2d280c7862041cee1dd36a2ac164af8b7f9dcec3,,,,sensor_only,1,True,,performance,1333333,"0,1,2",,no-overlay idle reference (before any bitstream load),SOM-rail power (INA260),VCC_SOM,hwmon,/sys/class/hwmon/hwmon2 name=ina260_u14,"{""update_interval_ms"": ""not exposed""}",10.000,9.984,0.2793,0,0,sample_only,265.762055,1.310271,1790793135.644459,2026-09-30T18:32:15.644+00:00,3.210000,0.636000,5.046000,power1_input=3210000uW curr1_input=636mA in1_input=5046mV
2026-09-30T18:34:14+00:00,2d280c7862041cee1dd36a2ac164af8b7f9dcec3,False,2023.1,,ZynqMP KV260 revB machine-id:a435d1c5,,all,,hw,,,,kria,not read (sensor only),2d280c7862041cee1dd36a2ac164af8b7f9dcec3,,,,sensor_only,1,True,,performance,1333333,"0,1,2",,no-overlay idle reference (before any bitstream load),SOM-rail power (INA260),VCC_SOM,hwmon,/sys/class/hwmon/hwmon2 name=ina260_u14,"{""update_interval_ms"": ""not exposed""}",10.000,9.984,0.2793,0,0,sample_only,265.862063,1.410279,1790793135.744467,2026-09-30T18:32:15.744+00:00,3.250000,0.642000,5.047000,power1_input=3250000uW curr1_input=642mA in1_input=5047mV
2026-09-30T18:34:14+00:00,2d280c7862041cee1dd36a2ac164af8b7f9dcec3,False,2023.1,,ZynqMP KV260 revB machine-id:a435d1c5,,all,,hw,,,,kria,not read (sensor only),2d280c7862041cee1dd36a2ac164af8b7f9dcec3,,,,sensor_only,1,True,,performance,1333333,"0,1,2",,no-overlay idle reference (before any bitstream load),SOM-rail power (INA260),VCC_SOM,hwmon,/sys/class/hwmon/hwmon2 name=ina260_u14,"{""update_interval_ms"": ""not exposed""}",10.000,9.984,0.2793,0,0,sample_only,265.962056,1.510272,1790793135.844459,2026-09-30T18:32:15.844+00:00,3.210000,0.636000,5.046000,power1_input=3210000uW curr1_input=636mA in1_input=5046mV
2026-09-30T18:34:14+00:00,2d280c7862041cee1dd36a2ac164af8b7f9dcec3,False,2023.1,,ZynqMP KV260 revB machine-id:a435d1c5,,all,,hw,,,,kria,not read (sensor only),2d280c7862041cee1dd36a2ac164af8b7f9dcec3,,,,sensor_only,1,True,,performance,1333333,"0,1,2",,no-overlay idle reference (before any bitstream load),SOM-rail power (INA260),VCC_SOM,hwmon,/sys/class/hwmon/hwmon2 name=ina260_u14,"{""update_interval_ms"": ""not exposed""}",10.000,9.984,0.2793,0,0,sample_only,266.062051,1.610268,1790793135.944455,2026-09-30T18:32:15.944+00:00,3.220000,0.637000,5.046000,power1_input=3220000uW curr1_input=637mA in1_input=5046mV
2026-09-30T18:34:14+00:00,2d280c7862041cee1dd36a2ac164af8b7f9dcec3,False,2023.1,,ZynqMP KV260 revB machine-id:a435d1c5,,all,,hw,,,,kria,not read (sensor only),2d280c7862041cee1dd36a2ac164af8b7f9dcec3,,,,sensor_only,1,True,,performance,1333333,"0,1,2",,no-overlay idle reference (before any bitstream load),SOM-rail power (INA260),VCC_SOM,hwmon,/sys/class/hwmon/hwmon2 name=ina260_u14,"{""update_interval_ms"": ""not exposed""}",10.000,9.984,0.2793,0,0,sample_only,266.162063,1.710279,1790793136.044466,2026-09-30T18:32:16.044+00:00,3.230000,0.641000,5.046000,power1_input=3230000uW curr1_input=641mA in1_input=5046mV
2026-09-30T18:34:14+00:00,2d280c7862041cee1dd36a2ac164af8b7f9dcec3,False,2023.1,,ZynqMP KV260 revB machine-id:a435d1c5,,all,,hw,,,,kria,not read (sensor only),2d280c7862041cee1dd36a2ac164af8b7f9dcec3,,,,sensor_only,1,True,,performance,1333333,"0,1,2",,no-overlay idle reference (before any bitstream load),SOM-rail power (INA260),VCC_SOM,hwmon,/sys/class/hwmon/hwmon2 name=ina260_u14,"{""update_interval_ms"": ""not exposed""}",10.000,9.984,0.2793,0,0,sample_only,266.262049,1.810266,1790793136.144453,2026-09-30T18:32:16.144+00:00,3.210000,0.636000,5.046000,power1_input=3210000uW curr1_input=636mA in1_input=5046mV
2026-09-30T18:34:14+00:00,2d280c7862041cee1dd36a2ac164af8b7f9dcec3,False,2023.1,,ZynqMP KV260 revB machine-id:a435d1c5,,all,,hw,,,,kria,not read (sensor only),2d280c7862041cee1dd36a2ac164af8b7f9dcec3,,,,sensor_only,1,True,,performance,1333333,"0,1,2",,no-overlay idle reference (before any bitstream load),SOM-rail power (INA260),VCC_SOM,hwmon,/sys/class/hwmon/hwmon2 name=ina260_u14,"{""update_interval_ms"": ""not exposed""}",10.000,9.984,0.2793,0,0,sample_only,266.362054,1.910270,1790793136.244458,2026-09-30T18:32:16.244+00:00,3.210000,0.637000,5.046000,power1_input=3210000uW curr1_input=637mA in1_input=5046mV
2026-09-30T18:34:14+00:00,2d280c7862041cee1dd36a2ac164af8b7f9dcec3,False,2023.1,,ZynqMP KV260 revB machine-id:a435d1c5,,all,,hw,,,,kria,not read (sensor only),2d280c7862041cee1dd36a2ac164af8b7f9dcec3,,,,sensor_only,1,True,,performance,1333333,"0,1,2",,no-overlay idle reference (before any bitstream load),SOM-rail power (INA260),VCC_SOM,hwmon,/sys/class/hwmon/hwmon2 name=ina260_u14,"{""update_interval_ms"": ""not exposed""}",10.000,9.984,0.2793,0,0,sample_only,266.462048,2.010265,1790793136.344452,2026-09-30T18:32:16.344+00:00,3.210000,0.638000,5.046000,power1_input=3210000uW curr1_input=638mA in1_input=5046mV
2026-09-30T18:34:14+00:00,2d280c7862041cee1dd36a2ac164af8b7f9dcec3,False,2023.1,,ZynqMP KV260 revB machine-id:a435d1c5,,all,,hw,,,,kria,not read (sensor only),2d280c7862041cee1dd36a2ac164af8b7f9dcec3,,,,sensor_only,1,True,,performance,1333333,"0,1,2",,no-overlay idle reference (before any bitstream load),SOM-rail power (INA260),VCC_SOM,hwmon,/sys/class/hwmon/hwmon2 name=ina260_u14,"{""update_interval_ms"": ""not exposed""}",10.000,9.984,0.2793,0,0,sample_only,266.562043,2.110260,1790793136.444447,2026-09-30T18:32:16.444+00:00,3.200000,0.635000,5.046000,power1_input=3200000uW curr1_input=635mA in1_input=5046mV
2026-09-30T18:34:14+00:00,2d280c7862041cee1dd36a2ac164af8b7f9dcec3,False,2023.1,,ZynqMP KV260 revB machine-id:a435d1c5,,all,,hw,,,,kria,not read (sensor only),2d280c7862041cee1dd36a2ac164af8b7f9dcec3,,,,sensor_only,1,True,,performance,1333333,"0,1,2",,no-overlay idle reference (before any bitstream load),SOM-rail power (INA260),VCC_SOM,hwmon,/sys/class/hwmon/hwmon2 name=ina260_u14,"{""update_interval_ms"": ""not exposed""}",10.000,9.984,0.2793,0,0,sample_only,266.662046,2.210263,1790793136.544450,2026-09-30T18:32:16.544+00:00,3.210000,0.636000,5.046000,power1_input=3210000uW curr1_input=636mA in1_input=5046mV
2026-09-30T18:34:14+00:00,2d280c7862041cee1dd36a2ac164af8b7f9dcec3,False,2023.1,,ZynqMP KV260 revB machine-id:a435d1c5,,all,,hw,,,,kria,not read (sensor only),2d280c7862041cee1dd36a2ac164af8b7f9dcec3,,,,sensor_only,1,True,,performance,1333333,"0,1,2",,no-overlay idle reference (before any bitstream load),SOM-rail power (INA260),VCC_SOM,hwmon,/sys/class/hwmon/hwmon2 name=ina260_u14,"{""update_interval_ms"": ""not exposed""}",10.000,9.984,0.2793,0,0,sample_only,266.762062,2.310278,1790793136.644465,2026-09-30T18:32:16.644+00:00,3.200000,0.637000,5.046000,power1_input=3200000uW curr1_input=637mA in1_input=5046mV
2026-09-30T18:34:14+00:00,2d280c7862041cee1dd36a2ac164af8b7f9dcec3,False,2023.1,,ZynqMP KV260 revB machine-id:a435d1c5,,all,,hw,,,,kria,not read (sensor only),2d280c7862041cee1dd36a2ac164af8b7f9dcec3,,,,sensor_only,1,True,,performance,1333333,"0,1,2",,no-overlay idle reference (before any bitstream load),SOM-rail power (INA260),VCC_SOM,hwmon,/sys/class/hwmon/hwmon2 name=ina260_u14,"{""update_interval_ms"": ""not exposed""}",10.000,9.984,0.2793,0,0,sample_only,266.862108,2.410324,1790793136.744512,2026-09-30T18:32:16.744+00:00,3.280000,0.650000,5.046000,power1_input=3280000uW curr1_input=650mA in1_input=5046mV
2026-09-30T18:34:14+00:00,2d280c7862041cee1dd36a2ac164af8b7f9dcec3,False,2023.1,,ZynqMP KV260 revB machine-id:a435d1c5,,all,,hw,,,,kria,not read (sensor only),2d280c7862041cee1dd36a2ac164af8b7f9dcec3,,,,sensor_only,1,True,,performance,1333333,"0,1,2",,no-overlay idle reference (before any bitstream load),SOM-rail power (INA260),VCC_SOM,hwmon,/sys/class/hwmon/hwmon2 name=ina260_u14,"{""update_interval_ms"": ""not exposed""}",10.000,9.984,0.2793,0,0,sample_only,266.962068,2.510284,1790793136.844471,2026-09-30T18:32:16.844+00:00,3.210000,0.636000,5.046000,power1_input=3210000uW curr1_input=636mA in1_input=5046mV
2026-09-30T18:34:14+00:00,2d280c7862041cee1dd36a2ac164af8b7f9dcec3,False,2023.1,,ZynqMP KV260 revB machine-id:a435d1c5,,all,,hw,,,,kria,not read (sensor only),2d280c7862041cee1dd36a2ac164af8b7f9dcec3,,,,sensor_only,1,True,,performance,1333333,"0,1,2",,no-overlay idle reference (before any bitstream load),SOM-rail power (INA260),VCC_SOM,hwmon,/sys/class/hwmon/hwmon2 name=ina260_u14,"{""update_interval_ms"": ""not exposed""}",10.000,9.984,0.2793,0,0,sample_only,267.062053,2.610269,1790793136.944456,2026-09-30T18:32:16.944+00:00,3.200000,0.633000,5.046000,power1_input=3200000uW curr1_input=633mA in1_input=5046mV
2026-09-30T18:34:14+00:00,2d280c7862041cee1dd36a2ac164af8b7f9dcec3,False,2023.1,,ZynqMP KV260 revB machine-id:a435d1c5,,all,,hw,,,,kria,not read (sensor only),2d280c7862041cee1dd36a2ac164af8b7f9dcec3,,,,sensor_only,1,True,,performance,1333333,"0,1,2",,no-overlay idle reference (before any bitstream load),SOM-rail power (INA260),VCC_SOM,hwmon,/sys/class/hwmon/hwmon2 name=ina260_u14,"{""update_interval_ms"": ""not exposed""}",10.000,9.984,0.2793,0,0,sample_only,267.162058,2.710274,1790793137.044461,2026-09-30T18:32:17.044+00:00,3.210000,0.637000,5.047000,power1_input=3210000uW curr1_input=637mA in1_input=5047mV
2026-09-30T18:34:14+00:00,2d280c7862041cee1dd36a2ac164af8b7f9dcec3,False,2023.1,,ZynqMP KV260 revB machine-id:a435d1c5,,all,,hw,,,,kria,not read (sensor only),2d280c7862041cee1dd36a2ac164af8b7f9dcec3,,,,sensor_only,1,True,,performance,1333333,"0,1,2",,no-overlay idle reference (before any bitstream load),SOM-rail power (INA260),VCC_SOM,hwmon,/sys/class/hwmon/hwmon2 name=ina260_u14,"{""update_interval_ms"": ""not exposed""}",10.000,9.984,0.2793,0,0,sample_only,267.262050,2.810267,1790793137.144454,2026-09-30T18:32:17.144+00:00,3.200000,0.633000,5.046000,power1_input=3200000uW curr1_input=633mA in1_input=5046mV
2026-09-30T18:34:14+00:00,2d280c7862041cee1dd36a2ac164af8b7f9dcec3,False,2023.1,,ZynqMP KV260 revB machine-id:a435d1c5,,all,,hw,,,,kria,not read (sensor only),2d280c7862041cee1dd36a2ac164af8b7f9dcec3,,,,sensor_only,1,True,,performance,1333333,"0,1,2",,no-overlay idle reference (before any bitstream load),SOM-rail power (INA260),VCC_SOM,hwmon,/sys/class/hwmon/hwmon2 name=ina260_u14,"{""update_interval_ms"": ""not exposed""}",10.000,9.984,0.2793,0,0,sample_only,267.362051,2.910268,1790793137.244455,2026-09-30T18:32:17.244+00:00,3.220000,0.637000,5.046000,power1_input=3220000uW curr1_input=637mA in1_input=5046mV
2026-09-30T18:34:14+00:00,2d280c7862041cee1dd36a2ac164af8b7f9dcec3,False,2023.1,,ZynqMP KV260 revB machine-id:a435d1c5,,all,,hw,,,,kria,not read (sensor only),2d280c7862041cee1dd36a2ac164af8b7f9dcec3,,,,sensor_only,1,True,,performance,1333333,"0,1,2",,no-overlay idle reference (before any bitstream load),SOM-rail power (INA260),VCC_SOM,hwmon,/sys/class/hwmon/hwmon2 name=ina260_u14,"{""update_interval_ms"": ""not exposed""}",10.000,9.984,0.2793,0,0,sample_only,267.462048,3.010264,1790793137.344451,2026-09-30T18:32:17.344+00:00,3.210000,0.635000,5.047000,power1_input=3210000uW curr1_input=635mA in1_input=5047mV
2026-09-30T18:34:14+00:00,2d280c7862041cee1dd36a2ac164af8b7f9dcec3,False,2023.1,,ZynqMP KV260 revB machine-id:a435d1c5,,all,,hw,,,,kria,not read (sensor only),2d280c7862041cee1dd36a2ac164af8b7f9dcec3,,,,sensor_only,1,True,,performance,1333333,"0,1,2",,no-overlay idle reference (before any bitstream load),SOM-rail power (INA260),VCC_SOM,hwmon,/sys/class/hwmon/hwmon2 name=ina260_u14,"{""update_interval_ms"": ""not exposed""}",10.000,9.984,0.2793,0,0,sample_only,267.562049,3.110265,1790793137.444452,2026-09-30T18:32:17.444+00:00,3.240000,0.641000,5.046000,power1_input=3240000uW curr1_input=641mA in1_input=5046mV
2026-09-30T18:34:14+00:00,2d280c7862041cee1dd36a2ac164af8b7f9dcec3,False,2023.1,,ZynqMP KV260 revB machine-id:a435d1c5,,all,,hw,,,,kria,not read (sensor only),2d280c7862041cee1dd36a2ac164af8b7f9dcec3,,,,sensor_only,1,True,,performance,1333333,"0,1,2",,no-overlay idle reference (before any bitstream load),SOM-rail power (INA260),VCC_SOM,hwmon,/sys/class/hwmon/hwmon2 name=ina260_u14,"{""update_interval_ms"": ""not exposed""}",10.000,9.984,0.2793,0,0,sample_only,267.662049,3.210265,1790793137.544452,2026-09-30T18:32:17.544+00:00,3.220000,0.637000,5.046000,power1_input=3220000uW curr1_input=637mA in1_input=5046mV
2026-09-30T18:34:14+00:00,2d280c7862041cee1dd36a2ac164af8b7f9dcec3,False,2023.1,,ZynqMP KV260 revB machine-id:a435d1c5,,all,,hw,,,,kria,not read (sensor only),2d280c7862041cee1dd36a2ac164af8b7f9dcec3,,,,sensor_only,1,True,,performance,1333333,"0,1,2",,no-overlay idle reference (before any bitstream load),SOM-rail power (INA260),VCC_SOM,hwmon,/sys/class/hwmon/hwmon2 name=ina260_u14,"{""update_interval_ms"": ""not exposed""}",10.000,9.984,0.2793,0,0,sample_only,267.762048,3.310264,1790793137.644451,2026-09-30T18:32:17.644+00:00,3.210000,0.641000,5.046000,power1_input=3210000uW curr1_input=641mA in1_input=5046mV
2026-09-30T18:34:14+00:00,2d280c7862041cee1dd36a2ac164af8b7f9dcec3,False,2023.1,,ZynqMP KV260 revB machine-id:a435d1c5,,all,,hw,,,,kria,not read (sensor only),2d280c7862041cee1dd36a2ac164af8b7f9dcec3,,,,sensor_only,1,True,,performance,1333333,"0,1,2",,no-overlay idle reference (before any bitstream load),SOM-rail power (INA260),VCC_SOM,hwmon,/sys/class/hwmon/hwmon2 name=ina260_u14,"{""update_interval_ms"": ""not exposed""}",10.000,9.984,0.2793,0,0,sample_only,267.862087,3.410303,1790793137.744491,2026-09-30T18:32:17.744+00:00,3.250000,0.643000,5.046000,power1_input=3250000uW curr1_input=643mA in1_input=5046mV
2026-09-30T18:34:14+00:00,2d280c7862041cee1dd36a2ac164af8b7f9dcec3,False,2023.1,,ZynqMP KV260 revB machine-id:a435d1c5,,all,,hw,,,,kria,not read (sensor only),2d280c7862041cee1dd36a2ac164af8b7f9dcec3,,,,sensor_only,1,True,,performance,1333333,"0,1,2",,no-overlay idle reference (before any bitstream load),SOM-rail power (INA260),VCC_SOM,hwmon,/sys/class/hwmon/hwmon2 name=ina260_u14,"{""update_interval_ms"": ""not exposed""}",10.000,9.984,0.2793,0,0,sample_only,267.962061,3.510278,1790793137.844465,2026-09-30T18:32:17.844+00:00,3.210000,0.636000,5.046000,power1_input=3210000uW curr1_input=636mA in1_input=5046mV
2026-09-30T18:34:14+00:00,2d280c7862041cee1dd36a2ac164af8b7f9dcec3,False,2023.1,,ZynqMP KV260 revB machine-id:a435d1c5,,all,,hw,,,,kria,not read (sensor only),2d280c7862041cee1dd36a2ac164af8b7f9dcec3,,,,sensor_only,1,True,,performance,1333333,"0,1,2",,no-overlay idle reference (before any bitstream load),SOM-rail power (INA260),VCC_SOM,hwmon,/sys/class/hwmon/hwmon2 name=ina260_u14,"{""update_interval_ms"": ""not exposed""}",10.000,9.984,0.2793,0,0,sample_only,268.062053,3.610269,1790793137.944456,2026-09-30T18:32:17.944+00:00,3.200000,0.635000,5.046000,power1_input=3200000uW curr1_input=635mA in1_input=5046mV
2026-09-30T18:34:14+00:00,2d280c7862041cee1dd36a2ac164af8b7f9dcec3,False,2023.1,,ZynqMP KV260 revB machine-id:a435d1c5,,all,,hw,,,,kria,not read (sensor only),2d280c7862041cee1dd36a2ac164af8b7f9dcec3,,,,sensor_only,1,True,,performance,1333333,"0,1,2",,no-overlay idle reference (before any bitstream load),SOM-rail power (INA260),VCC_SOM,hwmon,/sys/class/hwmon/hwmon2 name=ina260_u14,"{""update_interval_ms"": ""not exposed""}",10.000,9.984,0.2793,0,0,sample_only,268.162067,3.710284,1790793138.044471,2026-09-30T18:32:18.044+00:00,3.210000,0.637000,5.046000,power1_input=3210000uW curr1_input=637mA in1_input=5046mV
2026-09-30T18:34:14+00:00,2d280c7862041cee1dd36a2ac164af8b7f9dcec3,False,2023.1,,ZynqMP KV260 revB machine-id:a435d1c5,,all,,hw,,,,kria,not read (sensor only),2d280c7862041cee1dd36a2ac164af8b7f9dcec3,,,,sensor_only,1,True,,performance,1333333,"0,1,2",,no-overlay idle reference (before any bitstream load),SOM-rail power (INA260),VCC_SOM,hwmon,/sys/class/hwmon/hwmon2 name=ina260_u14,"{""update_interval_ms"": ""not exposed""}",10.000,9.984,0.2793,0,0,sample_only,268.262070,3.810287,1790793138.144474,2026-09-30T18:32:18.144+00:00,3.230000,0.640000,5.046000,power1_input=3230000uW curr1_input=640mA in1_input=5046mV
2026-09-30T18:34:14+00:00,2d280c7862041cee1dd36a2ac164af8b7f9dcec3,False,2023.1,,ZynqMP KV260 revB machine-id:a435d1c5,,all,,hw,,,,kria,not read (sensor only),2d280c7862041cee1dd36a2ac164af8b7f9dcec3,,,,sensor_only,1,True,,performance,1333333,"0,1,2",,no-overlay idle reference (before any bitstream load),SOM-rail power (INA260),VCC_SOM,hwmon,/sys/class/hwmon/hwmon2 name=ina260_u14,"{""update_interval_ms"": ""not exposed""}",10.000,9.984,0.2793,0,0,sample_only,268.362071,3.910288,1790793138.244475,2026-09-30T18:32:18.244+00:00,3.210000,0.636000,5.046000,power1_input=3210000uW curr1_input=636mA in1_input=5046mV
2026-09-30T18:34:14+00:00,2d280c7862041cee1dd36a2ac164af8b7f9dcec3,False,2023.1,,ZynqMP KV260 revB machine-id:a435d1c5,,all,,hw,,,,kria,not read (sensor only),2d280c7862041cee1dd36a2ac164af8b7f9dcec3,,,,sensor_only,1,True,,performance,1333333,"0,1,2",,no-overlay idle reference (before any bitstream load),SOM-rail power (INA260),VCC_SOM,hwmon,/sys/class/hwmon/hwmon2 name=ina260_u14,"{""update_interval_ms"": ""not exposed""}",10.000,9.984,0.2793,0,0,sample_only,268.462060,4.010276,1790793138.344463,2026-09-30T18:32:18.344+00:00,3.220000,0.637000,5.046000,power1_input=3220000uW curr1_input=637mA in1_input=5046mV
2026-09-30T18:34:14+00:00,2d280c7862041cee1dd36a2ac164af8b7f9dcec3,False,2023.1,,ZynqMP KV260 revB machine-id:a435d1c5,,all,,hw,,,,kria,not read (sensor only),2d280c7862041cee1dd36a2ac164af8b7f9dcec3,,,,sensor_only,1,True,,performance,1333333,"0,1,2",,no-overlay idle reference (before any bitstream load),SOM-rail power (INA260),VCC_SOM,hwmon,/sys/class/hwmon/hwmon2 name=ina260_u14,"{""update_interval_ms"": ""not exposed""}",10.000,9.984,0.2793,0,0,sample_only,268.562069,4.110285,1790793138.444473,2026-09-30T18:32:18.444+00:00,3.220000,0.637000,5.046000,power1_input=3220000uW curr1_input=637mA in1_input=5046mV
2026-09-30T18:34:14+00:00,2d280c7862041cee1dd36a2ac164af8b7f9dcec3,False,2023.1,,ZynqMP KV260 revB machine-id:a435d1c5,,all,,hw,,,,kria,not read (sensor only),2d280c7862041cee1dd36a2ac164af8b7f9dcec3,,,,sensor_only,1,True,,performance,1333333,"0,1,2",,no-overlay idle reference (before any bitstream load),SOM-rail power (INA260),VCC_SOM,hwmon,/sys/class/hwmon/hwmon2 name=ina260_u14,"{""update_interval_ms"": ""not exposed""}",10.000,9.984,0.2793,0,0,sample_only,268.662133,4.210350,1790793138.544538,2026-09-30T18:32:18.544+00:00,3.210000,0.637000,5.046000,power1_input=3210000uW curr1_input=637mA in1_input=5046mV
2026-09-30T18:34:14+00:00,2d280c7862041cee1dd36a2ac164af8b7f9dcec3,False,2023.1,,ZynqMP KV260 revB machine-id:a435d1c5,,all,,hw,,,,kria,not read (sensor only),2d280c7862041cee1dd36a2ac164af8b7f9dcec3,,,,sensor_only,1,True,,performance,1333333,"0,1,2",,no-overlay idle reference (before any bitstream load),SOM-rail power (INA260),VCC_SOM,hwmon,/sys/class/hwmon/hwmon2 name=ina260_u14,"{""update_interval_ms"": ""not exposed""}",10.000,9.984,0.2793,0,0,sample_only,268.762105,4.310322,1790793138.644509,2026-09-30T18:32:18.644+00:00,3.210000,0.636000,5.046000,power1_input=3210000uW curr1_input=636mA in1_input=5046mV
2026-09-30T18:34:14+00:00,2d280c7862041cee1dd36a2ac164af8b7f9dcec3,False,2023.1,,ZynqMP KV260 revB machine-id:a435d1c5,,all,,hw,,,,kria,not read (sensor only),2d280c7862041cee1dd36a2ac164af8b7f9dcec3,,,,sensor_only,1,True,,performance,1333333,"0,1,2",,no-overlay idle reference (before any bitstream load),SOM-rail power (INA260),VCC_SOM,hwmon,/sys/class/hwmon/hwmon2 name=ina260_u14,"{""update_interval_ms"": ""not exposed""}",10.000,9.984,0.2793,0,0,sample_only,268.862068,4.410284,1790793138.744472,2026-09-30T18:32:18.744+00:00,3.210000,0.636000,5.046000,power1_input=3210000uW curr1_input=636mA in1_input=5046mV
2026-09-30T18:34:14+00:00,2d280c7862041cee1dd36a2ac164af8b7f9dcec3,False,2023.1,,ZynqMP KV260 revB machine-id:a435d1c5,,all,,hw,,,,kria,not read (sensor only),2d280c7862041cee1dd36a2ac164af8b7f9dcec3,,,,sensor_only,1,True,,performance,1333333,"0,1,2",,no-overlay idle reference (before any bitstream load),SOM-rail power (INA260),VCC_SOM,hwmon,/sys/class/hwmon/hwmon2 name=ina260_u14,"{""update_interval_ms"": ""not exposed""}",10.000,9.984,0.2793,0,0,sample_only,268.962056,4.510272,1790793138.844460,2026-09-30T18:32:18.844+00:00,3.220000,0.637000,5.046000,power1_input=3220000uW curr1_input=637mA in1_input=5046mV
2026-09-30T18:34:14+00:00,2d280c7862041cee1dd36a2ac164af8b7f9dcec3,False,2023.1,,ZynqMP KV260 revB machine-id:a435d1c5,,all,,hw,,,,kria,not read (sensor only),2d280c7862041cee1dd36a2ac164af8b7f9dcec3,,,,sensor_only,1,True,,performance,1333333,"0,1,2",,no-overlay idle reference (before any bitstream load),SOM-rail power (INA260),VCC_SOM,hwmon,/sys/class/hwmon/hwmon2 name=ina260_u14,"{""update_interval_ms"": ""not exposed""}",10.000,9.984,0.2793,0,0,sample_only,269.062049,4.610266,1790793138.944453,2026-09-30T18:32:18.944+00:00,3.200000,0.633000,5.046000,power1_input=3200000uW curr1_input=633mA in1_input=5046mV
2026-09-30T18:34:14+00:00,2d280c7862041cee1dd36a2ac164af8b7f9dcec3,False,2023.1,,ZynqMP KV260 revB machine-id:a435d1c5,,all,,hw,,,,kria,not read (sensor only),2d280c7862041cee1dd36a2ac164af8b7f9dcec3,,,,sensor_only,1,True,,performance,1333333,"0,1,2",,no-overlay idle reference (before any bitstream load),SOM-rail power (INA260),VCC_SOM,hwmon,/sys/class/hwmon/hwmon2 name=ina260_u14,"{""update_interval_ms"": ""not exposed""}",10.000,9.984,0.2793,0,0,sample_only,269.162134,4.710351,1790793139.044539,2026-09-30T18:32:19.044+00:00,3.210000,0.636000,5.046000,power1_input=3210000uW curr1_input=636mA in1_input=5046mV
2026-09-30T18:34:14+00:00,2d280c7862041cee1dd36a2ac164af8b7f9dcec3,False,2023.1,,ZynqMP KV260 revB machine-id:a435d1c5,,all,,hw,,,,kria,not read (sensor only),2d280c7862041cee1dd36a2ac164af8b7f9dcec3,,,,sensor_only,1,True,,performance,1333333,"0,1,2",,no-overlay idle reference (before any bitstream load),SOM-rail power (INA260),VCC_SOM,hwmon,/sys/class/hwmon/hwmon2 name=ina260_u14,"{""update_interval_ms"": ""not exposed""}",10.000,9.984,0.2793,0,0,sample_only,269.262068,4.810284,1790793139.144471,2026-09-30T18:32:19.144+00:00,3.220000,0.637000,5.046000,power1_input=3220000uW curr1_input=637mA in1_input=5046mV
2026-09-30T18:34:14+00:00,2d280c7862041cee1dd36a2ac164af8b7f9dcec3,False,2023.1,,ZynqMP KV260 revB machine-id:a435d1c5,,all,,hw,,,,kria,not read (sensor only),2d280c7862041cee1dd36a2ac164af8b7f9dcec3,,,,sensor_only,1,True,,performance,1333333,"0,1,2",,no-overlay idle reference (before any bitstream load),SOM-rail power (INA260),VCC_SOM,hwmon,/sys/class/hwmon/hwmon2 name=ina260_u14,"{""update_interval_ms"": ""not exposed""}",10.000,9.984,0.2793,0,0,sample_only,269.362061,4.910277,1790793139.244465,2026-09-30T18:32:19.244+00:00,3.200000,0.635000,5.046000,power1_input=3200000uW curr1_input=635mA in1_input=5046mV
2026-09-30T18:34:14+00:00,2d280c7862041cee1dd36a2ac164af8b7f9dcec3,False,2023.1,,ZynqMP KV260 revB machine-id:a435d1c5,,all,,hw,,,,kria,not read (sensor only),2d280c7862041cee1dd36a2ac164af8b7f9dcec3,,,,sensor_only,1,True,,performance,1333333,"0,1,2",,no-overlay idle reference (before any bitstream load),SOM-rail power (INA260),VCC_SOM,hwmon,/sys/class/hwmon/hwmon2 name=ina260_u14,"{""update_interval_ms"": ""not exposed""}",10.000,9.984,0.2793,0,0,sample_only,269.462054,5.010271,1790793139.344458,2026-09-30T18:32:19.344+00:00,3.200000,0.637000,5.046000,power1_input=3200000uW curr1_input=637mA in1_input=5046mV
2026-09-30T18:34:14+00:00,2d280c7862041cee1dd36a2ac164af8b7f9dcec3,False,2023.1,,ZynqMP KV260 revB machine-id:a435d1c5,,all,,hw,,,,kria,not read (sensor only),2d280c7862041cee1dd36a2ac164af8b7f9dcec3,,,,sensor_only,1,True,,performance,1333333,"0,1,2",,no-overlay idle reference (before any bitstream load),SOM-rail power (INA260),VCC_SOM,hwmon,/sys/class/hwmon/hwmon2 name=ina260_u14,"{""update_interval_ms"": ""not exposed""}",10.000,9.984,0.2793,0,0,sample_only,269.562044,5.110261,1790793139.444448,2026-09-30T18:32:19.444+00:00,3.230000,0.640000,5.046000,power1_input=3230000uW curr1_input=640mA in1_input=5046mV
2026-09-30T18:34:14+00:00,2d280c7862041cee1dd36a2ac164af8b7f9dcec3,False,2023.1,,ZynqMP KV260 revB machine-id:a435d1c5,,all,,hw,,,,kria,not read (sensor only),2d280c7862041cee1dd36a2ac164af8b7f9dcec3,,,,sensor_only,1,True,,performance,1333333,"0,1,2",,no-overlay idle reference (before any bitstream load),SOM-rail power (INA260),VCC_SOM,hwmon,/sys/class/hwmon/hwmon2 name=ina260_u14,"{""update_interval_ms"": ""not exposed""}",10.000,9.984,0.2793,0,0,sample_only,269.662101,5.210318,1790793139.544505,2026-09-30T18:32:19.544+00:00,3.210000,0.635000,5.046000,power1_input=3210000uW curr1_input=635mA in1_input=5046mV
2026-09-30T18:34:14+00:00,2d280c7862041cee1dd36a2ac164af8b7f9dcec3,False,2023.1,,ZynqMP KV260 revB machine-id:a435d1c5,,all,,hw,,,,kria,not read (sensor only),2d280c7862041cee1dd36a2ac164af8b7f9dcec3,,,,sensor_only,1,True,,performance,1333333,"0,1,2",,no-overlay idle reference (before any bitstream load),SOM-rail power (INA260),VCC_SOM,hwmon,/sys/class/hwmon/hwmon2 name=ina260_u14,"{""update_interval_ms"": ""not exposed""}",10.000,9.984,0.2793,0,0,sample_only,269.762094,5.310311,1790793139.644497,2026-09-30T18:32:19.644+00:00,3.210000,0.636000,5.046000,power1_input=3210000uW curr1_input=636mA in1_input=5046mV
2026-09-30T18:34:14+00:00,2d280c7862041cee1dd36a2ac164af8b7f9dcec3,False,2023.1,,ZynqMP KV260 revB machine-id:a435d1c5,,all,,hw,,,,kria,not read (sensor only),2d280c7862041cee1dd36a2ac164af8b7f9dcec3,,,,sensor_only,1,True,,performance,1333333,"0,1,2",,no-overlay idle reference (before any bitstream load),SOM-rail power (INA260),VCC_SOM,hwmon,/sys/class/hwmon/hwmon2 name=ina260_u14,"{""update_interval_ms"": ""not exposed""}",10.000,9.984,0.2793,0,0,sample_only,269.862102,5.410319,1790793139.744506,2026-09-30T18:32:19.744+00:00,3.220000,0.638000,5.047000,power1_input=3220000uW curr1_input=638mA in1_input=5047mV
2026-09-30T18:34:14+00:00,2d280c7862041cee1dd36a2ac164af8b7f9dcec3,False,2023.1,,ZynqMP KV260 revB machine-id:a435d1c5,,all,,hw,,,,kria,not read (sensor only),2d280c7862041cee1dd36a2ac164af8b7f9dcec3,,,,sensor_only,1,True,,performance,1333333,"0,1,2",,no-overlay idle reference (before any bitstream load),SOM-rail power (INA260),VCC_SOM,hwmon,/sys/class/hwmon/hwmon2 name=ina260_u14,"{""update_interval_ms"": ""not exposed""}",10.000,9.984,0.2793,0,0,sample_only,269.962109,5.510326,1790793139.844513,2026-09-30T18:32:19.844+00:00,3.210000,0.637000,5.046000,power1_input=3210000uW curr1_input=637mA in1_input=5046mV
2026-09-30T18:34:14+00:00,2d280c7862041cee1dd36a2ac164af8b7f9dcec3,False,2023.1,,ZynqMP KV260 revB machine-id:a435d1c5,,all,,hw,,,,kria,not read (sensor only),2d280c7862041cee1dd36a2ac164af8b7f9dcec3,,,,sensor_only,1,True,,performance,1333333,"0,1,2",,no-overlay idle reference (before any bitstream load),SOM-rail power (INA260),VCC_SOM,hwmon,/sys/class/hwmon/hwmon2 name=ina260_u14,"{""update_interval_ms"": ""not exposed""}",10.000,9.984,0.2793,0,0,sample_only,270.062051,5.610268,1790793139.944455,2026-09-30T18:32:19.944+00:00,3.210000,0.637000,5.046000,power1_input=3210000uW curr1_input=637mA in1_input=5046mV
2026-09-30T18:34:14+00:00,2d280c7862041cee1dd36a2ac164af8b7f9dcec3,False,2023.1,,ZynqMP KV260 revB machine-id:a435d1c5,,all,,hw,,,,kria,not read (sensor only),2d280c7862041cee1dd36a2ac164af8b7f9dcec3,,,,sensor_only,1,True,,performance,1333333,"0,1,2",,no-overlay idle reference (before any bitstream load),SOM-rail power (INA260),VCC_SOM,hwmon,/sys/class/hwmon/hwmon2 name=ina260_u14,"{""update_interval_ms"": ""not exposed""}",10.000,9.984,0.2793,0,0,sample_only,270.162073,5.710290,1790793140.044477,2026-09-30T18:32:20.044+00:00,3.210000,0.635000,5.046000,power1_input=3210000uW curr1_input=635mA in1_input=5046mV
2026-09-30T18:34:14+00:00,2d280c7862041cee1dd36a2ac164af8b7f9dcec3,False,2023.1,,ZynqMP KV260 revB machine-id:a435d1c5,,all,,hw,,,,kria,not read (sensor only),2d280c7862041cee1dd36a2ac164af8b7f9dcec3,,,,sensor_only,1,True,,performance,1333333,"0,1,2",,no-overlay idle reference (before any bitstream load),SOM-rail power (INA260),VCC_SOM,hwmon,/sys/class/hwmon/hwmon2 name=ina260_u14,"{""update_interval_ms"": ""not exposed""}",10.000,9.984,0.2793,0,0,sample_only,270.262058,5.810274,1790793140.144461,2026-09-30T18:32:20.144+00:00,3.210000,0.637000,5.047000,power1_input=3210000uW curr1_input=637mA in1_input=5047mV
2026-09-30T18:34:14+00:00,2d280c7862041cee1dd36a2ac164af8b7f9dcec3,False,2023.1,,ZynqMP KV260 revB machine-id:a435d1c5,,all,,hw,,,,kria,not read (sensor only),2d280c7862041cee1dd36a2ac164af8b7f9dcec3,,,,sensor_only,1,True,,performance,1333333,"0,1,2",,no-overlay idle reference (before any bitstream load),SOM-rail power (INA260),VCC_SOM,hwmon,/sys/class/hwmon/hwmon2 name=ina260_u14,"{""update_interval_ms"": ""not exposed""}",10.000,9.984,0.2793,0,0,sample_only,270.362053,5.910269,1790793140.244456,2026-09-30T18:32:20.244+00:00,3.210000,0.636000,5.046000,power1_input=3210000uW curr1_input=636mA in1_input=5046mV
2026-09-30T18:34:14+00:00,2d280c7862041cee1dd36a2ac164af8b7f9dcec3,False,2023.1,,ZynqMP KV260 revB machine-id:a435d1c5,,all,,hw,,,,kria,not read (sensor only),2d280c7862041cee1dd36a2ac164af8b7f9dcec3,,,,sensor_only,1,True,,performance,1333333,"0,1,2",,no-overlay idle reference (before any bitstream load),SOM-rail power (INA260),VCC_SOM,hwmon,/sys/class/hwmon/hwmon2 name=ina260_u14,"{""update_interval_ms"": ""not exposed""}",10.000,9.984,0.2793,0,0,sample_only,270.462055,6.010271,1790793140.344459,2026-09-30T18:32:20.344+00:00,3.200000,0.641000,5.046000,power1_input=3200000uW curr1_input=641mA in1_input=5046mV
2026-09-30T18:34:14+00:00,2d280c7862041cee1dd36a2ac164af8b7f9dcec3,False,2023.1,,ZynqMP KV260 revB machine-id:a435d1c5,,all,,hw,,,,kria,not read (sensor only),2d280c7862041cee1dd36a2ac164af8b7f9dcec3,,,,sensor_only,1,True,,performance,1333333,"0,1,2",,no-overlay idle reference (before any bitstream load),SOM-rail power (INA260),VCC_SOM,hwmon,/sys/class/hwmon/hwmon2 name=ina260_u14,"{""update_interval_ms"": ""not exposed""}",10.000,9.984,0.2793,0,0,sample_only,270.562055,6.110272,1790793140.444459,2026-09-30T18:32:20.444+00:00,3.200000,0.635000,5.046000,power1_input=3200000uW curr1_input=635mA in1_input=5046mV
2026-09-30T18:34:14+00:00,2d280c7862041cee1dd36a2ac164af8b7f9dcec3,False,2023.1,,ZynqMP KV260 revB machine-id:a435d1c5,,all,,hw,,,,kria,not read (sensor only),2d280c7862041cee1dd36a2ac164af8b7f9dcec3,,,,sensor_only,1,True,,performance,1333333,"0,1,2",,no-overlay idle reference (before any bitstream load),SOM-rail power (INA260),VCC_SOM,hwmon,/sys/class/hwmon/hwmon2 name=ina260_u14,"{""update_interval_ms"": ""not exposed""}",10.000,9.984,0.2793,0,0,sample_only,270.662055,6.210271,1790793140.544458,2026-09-30T18:32:20.544+00:00,3.210000,0.636000,5.046000,power1_input=3210000uW curr1_input=636mA in1_input=5046mV
2026-09-30T18:34:14+00:00,2d280c7862041cee1dd36a2ac164af8b7f9dcec3,False,2023.1,,ZynqMP KV260 revB machine-id:a435d1c5,,all,,hw,,,,kria,not read (sensor only),2d280c7862041cee1dd36a2ac164af8b7f9dcec3,,,,sensor_only,1,True,,performance,1333333,"0,1,2",,no-overlay idle reference (before any bitstream load),SOM-rail power (INA260),VCC_SOM,hwmon,/sys/class/hwmon/hwmon2 name=ina260_u14,"{""update_interval_ms"": ""not exposed""}",10.000,9.984,0.2793,0,0,sample_only,270.762048,6.310264,1790793140.644451,2026-09-30T18:32:20.644+00:00,3.200000,0.635000,5.046000,power1_input=3200000uW curr1_input=635mA in1_input=5046mV
2026-09-30T18:34:14+00:00,2d280c7862041cee1dd36a2ac164af8b7f9dcec3,False,2023.1,,ZynqMP KV260 revB machine-id:a435d1c5,,all,,hw,,,,kria,not read (sensor only),2d280c7862041cee1dd36a2ac164af8b7f9dcec3,,,,sensor_only,1,True,,performance,1333333,"0,1,2",,no-overlay idle reference (before any bitstream load),SOM-rail power (INA260),VCC_SOM,hwmon,/sys/class/hwmon/hwmon2 name=ina260_u14,"{""update_interval_ms"": ""not exposed""}",10.000,9.984,0.2793,0,0,sample_only,270.862073,6.410289,1790793140.744476,2026-09-30T18:32:20.744+00:00,3.230000,0.638000,5.046000,power1_input=3230000uW curr1_input=638mA in1_input=5046mV
2026-09-30T18:34:14+00:00,2d280c7862041cee1dd36a2ac164af8b7f9dcec3,False,2023.1,,ZynqMP KV260 revB machine-id:a435d1c5,,all,,hw,,,,kria,not read (sensor only),2d280c7862041cee1dd36a2ac164af8b7f9dcec3,,,,sensor_only,1,True,,performance,1333333,"0,1,2",,no-overlay idle reference (before any bitstream load),SOM-rail power (INA260),VCC_SOM,hwmon,/sys/class/hwmon/hwmon2 name=ina260_u14,"{""update_interval_ms"": ""not exposed""}",10.000,9.984,0.2793,0,0,sample_only,270.962060,6.510277,1790793140.844464,2026-09-30T18:32:20.844+00:00,3.230000,0.638000,5.046000,power1_input=3230000uW curr1_input=638mA in1_input=5046mV
2026-09-30T18:34:14+00:00,2d280c7862041cee1dd36a2ac164af8b7f9dcec3,False,2023.1,,ZynqMP KV260 revB machine-id:a435d1c5,,all,,hw,,,,kria,not read (sensor only),2d280c7862041cee1dd36a2ac164af8b7f9dcec3,,,,sensor_only,1,True,,performance,1333333,"0,1,2",,no-overlay idle reference (before any bitstream load),SOM-rail power (INA260),VCC_SOM,hwmon,/sys/class/hwmon/hwmon2 name=ina260_u14,"{""update_interval_ms"": ""not exposed""}",10.000,9.984,0.2793,0,0,sample_only,271.062048,6.610265,1790793140.944452,2026-09-30T18:32:20.944+00:00,3.200000,0.633000,5.046000,power1_input=3200000uW curr1_input=633mA in1_input=5046mV
2026-09-30T18:34:14+00:00,2d280c7862041cee1dd36a2ac164af8b7f9dcec3,False,2023.1,,ZynqMP KV260 revB machine-id:a435d1c5,,all,,hw,,,,kria,not read (sensor only),2d280c7862041cee1dd36a2ac164af8b7f9dcec3,,,,sensor_only,1,True,,performance,1333333,"0,1,2",,no-overlay idle reference (before any bitstream load),SOM-rail power (INA260),VCC_SOM,hwmon,/sys/class/hwmon/hwmon2 name=ina260_u14,"{""update_interval_ms"": ""not exposed""}",10.000,9.984,0.2793,0,0,sample_only,271.162056,6.710272,1790793141.044460,2026-09-30T18:32:21.044+00:00,3.210000,0.635000,5.047000,power1_input=3210000uW curr1_input=635mA in1_input=5047mV
2026-09-30T18:34:14+00:00,2d280c7862041cee1dd36a2ac164af8b7f9dcec3,False,2023.1,,ZynqMP KV260 revB machine-id:a435d1c5,,all,,hw,,,,kria,not read (sensor only),2d280c7862041cee1dd36a2ac164af8b7f9dcec3,,,,sensor_only,1,True,,performance,1333333,"0,1,2",,no-overlay idle reference (before any bitstream load),SOM-rail power (INA260),VCC_SOM,hwmon,/sys/class/hwmon/hwmon2 name=ina260_u14,"{""update_interval_ms"": ""not exposed""}",10.000,9.984,0.2793,0,0,sample_only,271.262056,6.810272,1790793141.144459,2026-09-30T18:32:21.144+00:00,3.200000,0.635000,5.046000,power1_input=3200000uW curr1_input=635mA in1_input=5046mV
2026-09-30T18:34:14+00:00,2d280c7862041cee1dd36a2ac164af8b7f9dcec3,False,2023.1,,ZynqMP KV260 revB machine-id:a435d1c5,,all,,hw,,,,kria,not read (sensor only),2d280c7862041cee1dd36a2ac164af8b7f9dcec3,,,,sensor_only,1,True,,performance,1333333,"0,1,2",,no-overlay idle reference (before any bitstream load),SOM-rail power (INA260),VCC_SOM,hwmon,/sys/class/hwmon/hwmon2 name=ina260_u14,"{""update_interval_ms"": ""not exposed""}",10.000,9.984,0.2793,0,0,sample_only,271.362078,6.910295,1790793141.244482,2026-09-30T18:32:21.244+00:00,3.210000,0.636000,5.046000,power1_input=3210000uW curr1_input=636mA in1_input=5046mV
2026-09-30T18:34:14+00:00,2d280c7862041cee1dd36a2ac164af8b7f9dcec3,False,2023.1,,ZynqMP KV260 revB machine-id:a435d1c5,,all,,hw,,,,kria,not read (sensor only),2d280c7862041cee1dd36a2ac164af8b7f9dcec3,,,,sensor_only,1,True,,performance,1333333,"0,1,2",,no-overlay idle reference (before any bitstream load),SOM-rail power (INA260),VCC_SOM,hwmon,/sys/class/hwmon/hwmon2 name=ina260_u14,"{""update_interval_ms"": ""not exposed""}",10.000,9.984,0.2793,0,0,sample_only,271.462059,7.010276,1790793141.344463,2026-09-30T18:32:21.344+00:00,3.210000,0.636000,5.046000,power1_input=3210000uW curr1_input=636mA in1_input=5046mV
2026-09-30T18:34:14+00:00,2d280c7862041cee1dd36a2ac164af8b7f9dcec3,False,2023.1,,ZynqMP KV260 revB machine-id:a435d1c5,,all,,hw,,,,kria,not read (sensor only),2d280c7862041cee1dd36a2ac164af8b7f9dcec3,,,,sensor_only,1,True,,performance,1333333,"0,1,2",,no-overlay idle reference (before any bitstream load),SOM-rail power (INA260),VCC_SOM,hwmon,/sys/class/hwmon/hwmon2 name=ina260_u14,"{""update_interval_ms"": ""not exposed""}",10.000,9.984,0.2793,0,0,sample_only,271.562048,7.110265,1790793141.444452,2026-09-30T18:32:21.444+00:00,3.210000,0.636000,5.046000,power1_input=3210000uW curr1_input=636mA in1_input=5046mV
2026-09-30T18:34:14+00:00,2d280c7862041cee1dd36a2ac164af8b7f9dcec3,False,2023.1,,ZynqMP KV260 revB machine-id:a435d1c5,,all,,hw,,,,kria,not read (sensor only),2d280c7862041cee1dd36a2ac164af8b7f9dcec3,,,,sensor_only,1,True,,performance,1333333,"0,1,2",,no-overlay idle reference (before any bitstream load),SOM-rail power (INA260),VCC_SOM,hwmon,/sys/class/hwmon/hwmon2 name=ina260_u14,"{""update_interval_ms"": ""not exposed""}",10.000,9.984,0.2793,0,0,sample_only,271.662050,7.210267,1790793141.544454,2026-09-30T18:32:21.544+00:00,3.200000,0.635000,5.047000,power1_input=3200000uW curr1_input=635mA in1_input=5047mV
2026-09-30T18:34:14+00:00,2d280c7862041cee1dd36a2ac164af8b7f9dcec3,False,2023.1,,ZynqMP KV260 revB machine-id:a435d1c5,,all,,hw,,,,kria,not read (sensor only),2d280c7862041cee1dd36a2ac164af8b7f9dcec3,,,,sensor_only,1,True,,performance,1333333,"0,1,2",,no-overlay idle reference (before any bitstream load),SOM-rail power (INA260),VCC_SOM,hwmon,/sys/class/hwmon/hwmon2 name=ina260_u14,"{""update_interval_ms"": ""not exposed""}",10.000,9.984,0.2793,0,0,sample_only,271.762048,7.310264,1790793141.644451,2026-09-30T18:32:21.644+00:00,3.230000,0.638000,5.047000,power1_input=3230000uW curr1_input=638mA in1_input=5047mV
2026-09-30T18:34:14+00:00,2d280c7862041cee1dd36a2ac164af8b7f9dcec3,False,2023.1,,ZynqMP KV260 revB machine-id:a435d1c5,,all,,hw,,,,kria,not read (sensor only),2d280c7862041cee1dd36a2ac164af8b7f9dcec3,,,,sensor_only,1,True,,performance,1333333,"0,1,2",,no-overlay idle reference (before any bitstream load),SOM-rail power (INA260),VCC_SOM,hwmon,/sys/class/hwmon/hwmon2 name=ina260_u14,"{""update_interval_ms"": ""not exposed""}",10.000,9.984,0.2793,0,0,sample_only,271.862063,7.410279,1790793141.744467,2026-09-30T18:32:21.744+00:00,3.220000,0.646000,5.046000,power1_input=3220000uW curr1_input=646mA in1_input=5046mV
2026-09-30T18:34:14+00:00,2d280c7862041cee1dd36a2ac164af8b7f9dcec3,False,2023.1,,ZynqMP KV260 revB machine-id:a435d1c5,,all,,hw,,,,kria,not read (sensor only),2d280c7862041cee1dd36a2ac164af8b7f9dcec3,,,,sensor_only,1,True,,performance,1333333,"0,1,2",,no-overlay idle reference (before any bitstream load),SOM-rail power (INA260),VCC_SOM,hwmon,/sys/class/hwmon/hwmon2 name=ina260_u14,"{""update_interval_ms"": ""not exposed""}",10.000,9.984,0.2793,0,0,sample_only,271.962054,7.510270,1790793141.844458,2026-09-30T18:32:21.844+00:00,3.210000,0.636000,5.046000,power1_input=3210000uW curr1_input=636mA in1_input=5046mV
2026-09-30T18:34:14+00:00,2d280c7862041cee1dd36a2ac164af8b7f9dcec3,False,2023.1,,ZynqMP KV260 revB machine-id:a435d1c5,,all,,hw,,,,kria,not read (sensor only),2d280c7862041cee1dd36a2ac164af8b7f9dcec3,,,,sensor_only,1,True,,performance,1333333,"0,1,2",,no-overlay idle reference (before any bitstream load),SOM-rail power (INA260),VCC_SOM,hwmon,/sys/class/hwmon/hwmon2 name=ina260_u14,"{""update_interval_ms"": ""not exposed""}",10.000,9.984,0.2793,0,0,sample_only,272.062052,7.610268,1790793141.944455,2026-09-30T18:32:21.944+00:00,3.220000,0.637000,5.046000,power1_input=3220000uW curr1_input=637mA in1_input=5046mV
2026-09-30T18:34:14+00:00,2d280c7862041cee1dd36a2ac164af8b7f9dcec3,False,2023.1,,ZynqMP KV260 revB machine-id:a435d1c5,,all,,hw,,,,kria,not read (sensor only),2d280c7862041cee1dd36a2ac164af8b7f9dcec3,,,,sensor_only,1,True,,performance,1333333,"0,1,2",,no-overlay idle reference (before any bitstream load),SOM-rail power (INA260),VCC_SOM,hwmon,/sys/class/hwmon/hwmon2 name=ina260_u14,"{""update_interval_ms"": ""not exposed""}",10.000,9.984,0.2793,0,0,sample_only,272.162109,7.710325,1790793142.044512,2026-09-30T18:32:22.044+00:00,3.220000,0.640000,5.046000,power1_input=3220000uW curr1_input=640mA in1_input=5046mV
2026-09-30T18:34:14+00:00,2d280c7862041cee1dd36a2ac164af8b7f9dcec3,False,2023.1,,ZynqMP KV260 revB machine-id:a435d1c5,,all,,hw,,,,kria,not read (sensor only),2d280c7862041cee1dd36a2ac164af8b7f9dcec3,,,,sensor_only,1,True,,performance,1333333,"0,1,2",,no-overlay idle reference (before any bitstream load),SOM-rail power (INA260),VCC_SOM,hwmon,/sys/class/hwmon/hwmon2 name=ina260_u14,"{""update_interval_ms"": ""not exposed""}",10.000,9.984,0.2793,0,0,sample_only,272.262098,7.810314,1790793142.144501,2026-09-30T18:32:22.144+00:00,3.210000,0.636000,5.046000,power1_input=3210000uW curr1_input=636mA in1_input=5046mV
2026-09-30T18:34:14+00:00,2d280c7862041cee1dd36a2ac164af8b7f9dcec3,False,2023.1,,ZynqMP KV260 revB machine-id:a435d1c5,,all,,hw,,,,kria,not read (sensor only),2d280c7862041cee1dd36a2ac164af8b7f9dcec3,,,,sensor_only,1,True,,performance,1333333,"0,1,2",,no-overlay idle reference (before any bitstream load),SOM-rail power (INA260),VCC_SOM,hwmon,/sys/class/hwmon/hwmon2 name=ina260_u14,"{""update_interval_ms"": ""not exposed""}",10.000,9.984,0.2793,0,0,sample_only,272.362098,7.910314,1790793142.244501,2026-09-30T18:32:22.244+00:00,3.210000,0.636000,5.047000,power1_input=3210000uW curr1_input=636mA in1_input=5047mV
2026-09-30T18:34:14+00:00,2d280c7862041cee1dd36a2ac164af8b7f9dcec3,False,2023.1,,ZynqMP KV260 revB machine-id:a435d1c5,,all,,hw,,,,kria,not read (sensor only),2d280c7862041cee1dd36a2ac164af8b7f9dcec3,,,,sensor_only,1,True,,performance,1333333,"0,1,2",,no-overlay idle reference (before any bitstream load),SOM-rail power (INA260),VCC_SOM,hwmon,/sys/class/hwmon/hwmon2 name=ina260_u14,"{""update_interval_ms"": ""not exposed""}",10.000,9.984,0.2793,0,0,sample_only,272.462049,8.010265,1790793142.344452,2026-09-30T18:32:22.344+00:00,3.200000,0.635000,5.047000,power1_input=3200000uW curr1_input=635mA in1_input=5047mV
2026-09-30T18:34:14+00:00,2d280c7862041cee1dd36a2ac164af8b7f9dcec3,False,2023.1,,ZynqMP KV260 revB machine-id:a435d1c5,,all,,hw,,,,kria,not read (sensor only),2d280c7862041cee1dd36a2ac164af8b7f9dcec3,,,,sensor_only,1,True,,performance,1333333,"0,1,2",,no-overlay idle reference (before any bitstream load),SOM-rail power (INA260),VCC_SOM,hwmon,/sys/class/hwmon/hwmon2 name=ina260_u14,"{""update_interval_ms"": ""not exposed""}",10.000,9.984,0.2793,0,0,sample_only,272.562094,8.110310,1790793142.444497,2026-09-30T18:32:22.444+00:00,3.200000,0.633000,5.046000,power1_input=3200000uW curr1_input=633mA in1_input=5046mV
2026-09-30T18:34:14+00:00,2d280c7862041cee1dd36a2ac164af8b7f9dcec3,False,2023.1,,ZynqMP KV260 revB machine-id:a435d1c5,,all,,hw,,,,kria,not read (sensor only),2d280c7862041cee1dd36a2ac164af8b7f9dcec3,,,,sensor_only,1,True,,performance,1333333,"0,1,2",,no-overlay idle reference (before any bitstream load),SOM-rail power (INA260),VCC_SOM,hwmon,/sys/class/hwmon/hwmon2 name=ina260_u14,"{""update_interval_ms"": ""not exposed""}",10.000,9.984,0.2793,0,0,sample_only,272.662072,8.210288,1790793142.544476,2026-09-30T18:32:22.544+00:00,3.200000,0.633000,5.046000,power1_input=3200000uW curr1_input=633mA in1_input=5046mV
2026-09-30T18:34:14+00:00,2d280c7862041cee1dd36a2ac164af8b7f9dcec3,False,2023.1,,ZynqMP KV260 revB machine-id:a435d1c5,,all,,hw,,,,kria,not read (sensor only),2d280c7862041cee1dd36a2ac164af8b7f9dcec3,,,,sensor_only,1,True,,performance,1333333,"0,1,2",,no-overlay idle reference (before any bitstream load),SOM-rail power (INA260),VCC_SOM,hwmon,/sys/class/hwmon/hwmon2 name=ina260_u14,"{""update_interval_ms"": ""not exposed""}",10.000,9.984,0.2793,0,0,sample_only,272.762098,8.310314,1790793142.644501,2026-09-30T18:32:22.644+00:00,3.200000,0.635000,5.046000,power1_input=3200000uW curr1_input=635mA in1_input=5046mV
2026-09-30T18:34:14+00:00,2d280c7862041cee1dd36a2ac164af8b7f9dcec3,False,2023.1,,ZynqMP KV260 revB machine-id:a435d1c5,,all,,hw,,,,kria,not read (sensor only),2d280c7862041cee1dd36a2ac164af8b7f9dcec3,,,,sensor_only,1,True,,performance,1333333,"0,1,2",,no-overlay idle reference (before any bitstream load),SOM-rail power (INA260),VCC_SOM,hwmon,/sys/class/hwmon/hwmon2 name=ina260_u14,"{""update_interval_ms"": ""not exposed""}",10.000,9.984,0.2793,0,0,sample_only,272.862146,8.410362,1790793142.744550,2026-09-30T18:32:22.744+00:00,3.200000,0.640000,5.046000,power1_input=3200000uW curr1_input=640mA in1_input=5046mV
2026-09-30T18:34:14+00:00,2d280c7862041cee1dd36a2ac164af8b7f9dcec3,False,2023.1,,ZynqMP KV260 revB machine-id:a435d1c5,,all,,hw,,,,kria,not read (sensor only),2d280c7862041cee1dd36a2ac164af8b7f9dcec3,,,,sensor_only,1,True,,performance,1333333,"0,1,2",,no-overlay idle reference (before any bitstream load),SOM-rail power (INA260),VCC_SOM,hwmon,/sys/class/hwmon/hwmon2 name=ina260_u14,"{""update_interval_ms"": ""not exposed""}",10.000,9.984,0.2793,0,0,sample_only,272.962066,8.510282,1790793142.844469,2026-09-30T18:32:22.844+00:00,3.210000,0.636000,5.046000,power1_input=3210000uW curr1_input=636mA in1_input=5046mV
2026-09-30T18:34:14+00:00,2d280c7862041cee1dd36a2ac164af8b7f9dcec3,False,2023.1,,ZynqMP KV260 revB machine-id:a435d1c5,,all,,hw,,,,kria,not read (sensor only),2d280c7862041cee1dd36a2ac164af8b7f9dcec3,,,,sensor_only,1,True,,performance,1333333,"0,1,2",,no-overlay idle reference (before any bitstream load),SOM-rail power (INA260),VCC_SOM,hwmon,/sys/class/hwmon/hwmon2 name=ina260_u14,"{""update_interval_ms"": ""not exposed""}",10.000,9.984,0.2793,0,0,sample_only,273.062065,8.610281,1790793142.944468,2026-09-30T18:32:22.944+00:00,3.210000,0.635000,5.046000,power1_input=3210000uW curr1_input=635mA in1_input=5046mV
2026-09-30T18:34:14+00:00,2d280c7862041cee1dd36a2ac164af8b7f9dcec3,False,2023.1,,ZynqMP KV260 revB machine-id:a435d1c5,,all,,hw,,,,kria,not read (sensor only),2d280c7862041cee1dd36a2ac164af8b7f9dcec3,,,,sensor_only,1,True,,performance,1333333,"0,1,2",,no-overlay idle reference (before any bitstream load),SOM-rail power (INA260),VCC_SOM,hwmon,/sys/class/hwmon/hwmon2 name=ina260_u14,"{""update_interval_ms"": ""not exposed""}",10.000,9.984,0.2793,0,0,sample_only,273.162071,8.710288,1790793143.044475,2026-09-30T18:32:23.044+00:00,3.210000,0.641000,5.046000,power1_input=3210000uW curr1_input=641mA in1_input=5046mV
2026-09-30T18:34:14+00:00,2d280c7862041cee1dd36a2ac164af8b7f9dcec3,False,2023.1,,ZynqMP KV260 revB machine-id:a435d1c5,,all,,hw,,,,kria,not read (sensor only),2d280c7862041cee1dd36a2ac164af8b7f9dcec3,,,,sensor_only,1,True,,performance,1333333,"0,1,2",,no-overlay idle reference (before any bitstream load),SOM-rail power (INA260),VCC_SOM,hwmon,/sys/class/hwmon/hwmon2 name=ina260_u14,"{""update_interval_ms"": ""not exposed""}",10.000,9.984,0.2793,0,0,sample_only,273.262099,8.810315,1790793143.144502,2026-09-30T18:32:23.144+00:00,3.220000,0.637000,5.046000,power1_input=3220000uW curr1_input=637mA in1_input=5046mV
2026-09-30T18:34:14+00:00,2d280c7862041cee1dd36a2ac164af8b7f9dcec3,False,2023.1,,ZynqMP KV260 revB machine-id:a435d1c5,,all,,hw,,,,kria,not read (sensor only),2d280c7862041cee1dd36a2ac164af8b7f9dcec3,,,,sensor_only,1,True,,performance,1333333,"0,1,2",,no-overlay idle reference (before any bitstream load),SOM-rail power (INA260),VCC_SOM,hwmon,/sys/class/hwmon/hwmon2 name=ina260_u14,"{""update_interval_ms"": ""not exposed""}",10.000,9.984,0.2793,0,0,sample_only,273.362059,8.910275,1790793143.244462,2026-09-30T18:32:23.244+00:00,3.220000,0.637000,5.047000,power1_input=3220000uW curr1_input=637mA in1_input=5047mV
2026-09-30T18:34:14+00:00,2d280c7862041cee1dd36a2ac164af8b7f9dcec3,False,2023.1,,ZynqMP KV260 revB machine-id:a435d1c5,,all,,hw,,,,kria,not read (sensor only),2d280c7862041cee1dd36a2ac164af8b7f9dcec3,,,,sensor_only,1,True,,performance,1333333,"0,1,2",,no-overlay idle reference (before any bitstream load),SOM-rail power (INA260),VCC_SOM,hwmon,/sys/class/hwmon/hwmon2 name=ina260_u14,"{""update_interval_ms"": ""not exposed""}",10.000,9.984,0.2793,0,0,sample_only,273.462132,9.010348,1790793143.344537,2026-09-30T18:32:23.344+00:00,3.220000,0.637000,5.046000,power1_input=3220000uW curr1_input=637mA in1_input=5046mV
2026-09-30T18:34:14+00:00,2d280c7862041cee1dd36a2ac164af8b7f9dcec3,False,2023.1,,ZynqMP KV260 revB machine-id:a435d1c5,,all,,hw,,,,kria,not read (sensor only),2d280c7862041cee1dd36a2ac164af8b7f9dcec3,,,,sensor_only,1,True,,performance,1333333,"0,1,2",,no-overlay idle reference (before any bitstream load),SOM-rail power (INA260),VCC_SOM,hwmon,/sys/class/hwmon/hwmon2 name=ina260_u14,"{""update_interval_ms"": ""not exposed""}",10.000,9.984,0.2793,0,0,sample_only,273.562070,9.110287,1790793143.444474,2026-09-30T18:32:23.444+00:00,3.210000,0.636000,5.047000,power1_input=3210000uW curr1_input=636mA in1_input=5047mV
2026-09-30T18:34:14+00:00,2d280c7862041cee1dd36a2ac164af8b7f9dcec3,False,2023.1,,ZynqMP KV260 revB machine-id:a435d1c5,,all,,hw,,,,kria,not read (sensor only),2d280c7862041cee1dd36a2ac164af8b7f9dcec3,,,,sensor_only,1,True,,performance,1333333,"0,1,2",,no-overlay idle reference (before any bitstream load),SOM-rail power (INA260),VCC_SOM,hwmon,/sys/class/hwmon/hwmon2 name=ina260_u14,"{""update_interval_ms"": ""not exposed""}",10.000,9.984,0.2793,0,0,sample_only,273.662120,9.210336,1790793143.544524,2026-09-30T18:32:23.544+00:00,3.210000,0.637000,5.046000,power1_input=3210000uW curr1_input=637mA in1_input=5046mV
2026-09-30T18:34:14+00:00,2d280c7862041cee1dd36a2ac164af8b7f9dcec3,False,2023.1,,ZynqMP KV260 revB machine-id:a435d1c5,,all,,hw,,,,kria,not read (sensor only),2d280c7862041cee1dd36a2ac164af8b7f9dcec3,,,,sensor_only,1,True,,performance,1333333,"0,1,2",,no-overlay idle reference (before any bitstream load),SOM-rail power (INA260),VCC_SOM,hwmon,/sys/class/hwmon/hwmon2 name=ina260_u14,"{""update_interval_ms"": ""not exposed""}",10.000,9.984,0.2793,0,0,sample_only,273.762060,9.310276,1790793143.644463,2026-09-30T18:32:23.644+00:00,3.210000,0.636000,5.046000,power1_input=3210000uW curr1_input=636mA in1_input=5046mV
2026-09-30T18:34:14+00:00,2d280c7862041cee1dd36a2ac164af8b7f9dcec3,False,2023.1,,ZynqMP KV260 revB machine-id:a435d1c5,,all,,hw,,,,kria,not read (sensor only),2d280c7862041cee1dd36a2ac164af8b7f9dcec3,,,,sensor_only,1,True,,performance,1333333,"0,1,2",,no-overlay idle reference (before any bitstream load),SOM-rail power (INA260),VCC_SOM,hwmon,/sys/class/hwmon/hwmon2 name=ina260_u14,"{""update_interval_ms"": ""not exposed""}",10.000,9.984,0.2793,0,0,sample_only,273.862069,9.410285,1790793143.744472,2026-09-30T18:32:23.744+00:00,3.210000,0.640000,5.046000,power1_input=3210000uW curr1_input=640mA in1_input=5046mV
2026-09-30T18:34:14+00:00,2d280c7862041cee1dd36a2ac164af8b7f9dcec3,False,2023.1,,ZynqMP KV260 revB machine-id:a435d1c5,,all,,hw,,,,kria,not read (sensor only),2d280c7862041cee1dd36a2ac164af8b7f9dcec3,,,,sensor_only,1,True,,performance,1333333,"0,1,2",,no-overlay idle reference (before any bitstream load),SOM-rail power (INA260),VCC_SOM,hwmon,/sys/class/hwmon/hwmon2 name=ina260_u14,"{""update_interval_ms"": ""not exposed""}",10.000,9.984,0.2793,0,0,sample_only,273.962059,9.510275,1790793143.844463,2026-09-30T18:32:23.844+00:00,3.210000,0.636000,5.047000,power1_input=3210000uW curr1_input=636mA in1_input=5047mV
2026-09-30T18:34:14+00:00,2d280c7862041cee1dd36a2ac164af8b7f9dcec3,False,2023.1,,ZynqMP KV260 revB machine-id:a435d1c5,,all,,hw,,,,kria,not read (sensor only),2d280c7862041cee1dd36a2ac164af8b7f9dcec3,,,,sensor_only,1,True,,performance,1333333,"0,1,2",,no-overlay idle reference (before any bitstream load),SOM-rail power (INA260),VCC_SOM,hwmon,/sys/class/hwmon/hwmon2 name=ina260_u14,"{""update_interval_ms"": ""not exposed""}",10.000,9.984,0.2793,0,0,sample_only,274.062052,9.610269,1790793143.944456,2026-09-30T18:32:23.944+00:00,3.210000,0.636000,5.047000,power1_input=3210000uW curr1_input=636mA in1_input=5047mV
2026-09-30T18:34:14+00:00,2d280c7862041cee1dd36a2ac164af8b7f9dcec3,False,2023.1,,ZynqMP KV260 revB machine-id:a435d1c5,,all,,hw,,,,kria,not read (sensor only),2d280c7862041cee1dd36a2ac164af8b7f9dcec3,,,,sensor_only,1,True,,performance,1333333,"0,1,2",,no-overlay idle reference (before any bitstream load),SOM-rail power (INA260),VCC_SOM,hwmon,/sys/class/hwmon/hwmon2 name=ina260_u14,"{""update_interval_ms"": ""not exposed""}",10.000,9.984,0.2793,0,0,sample_only,274.162137,9.710354,1790793144.044542,2026-09-30T18:32:24.044+00:00,3.240000,0.653000,5.046000,power1_input=3240000uW curr1_input=653mA in1_input=5046mV
2026-09-30T18:34:14+00:00,2d280c7862041cee1dd36a2ac164af8b7f9dcec3,False,2023.1,,ZynqMP KV260 revB machine-id:a435d1c5,,all,,hw,,,,kria,not read (sensor only),2d280c7862041cee1dd36a2ac164af8b7f9dcec3,,,,sensor_only,1,True,,performance,1333333,"0,1,2",,no-overlay idle reference (before any bitstream load),SOM-rail power (INA260),VCC_SOM,hwmon,/sys/class/hwmon/hwmon2 name=ina260_u14,"{""update_interval_ms"": ""not exposed""}",10.000,9.984,0.2793,0,0,sample_only,274.262068,9.810284,1790793144.144472,2026-09-30T18:32:24.144+00:00,3.210000,0.637000,5.047000,power1_input=3210000uW curr1_input=637mA in1_input=5047mV
2026-09-30T18:34:14+00:00,2d280c7862041cee1dd36a2ac164af8b7f9dcec3,False,2023.1,,ZynqMP KV260 revB machine-id:a435d1c5,,all,,hw,,,,kria,not read (sensor only),2d280c7862041cee1dd36a2ac164af8b7f9dcec3,,,,sensor_only,1,True,,performance,1333333,"0,1,2",,no-overlay idle reference (before any bitstream load),SOM-rail power (INA260),VCC_SOM,hwmon,/sys/class/hwmon/hwmon2 name=ina260_u14,"{""update_interval_ms"": ""not exposed""}",10.000,9.984,0.2793,0,0,sample_only,274.362056,9.910272,1790793144.244460,2026-09-30T18:32:24.244+00:00,3.210000,0.636000,5.046000,power1_input=3210000uW curr1_input=636mA in1_input=5046mV
2026-09-30T18:34:14+00:00,2d280c7862041cee1dd36a2ac164af8b7f9dcec3,False,2023.1,,ZynqMP KV260 revB machine-id:a435d1c5,,all,,hw,,,,kria,not read (sensor only),2d280c7862041cee1dd36a2ac164af8b7f9dcec3,,,,sensor_only,1,True,,performance,1333333,"0,1,2",,no-overlay idle reference (before any bitstream load),SOM-rail power (INA260),VCC_SOM,hwmon,/sys/class/hwmon/hwmon2 name=ina260_u14,"{""update_interval_ms"": ""not exposed""}",10.000,9.984,0.2793,0,0,sample_only,274.462053,10.010269,1790793144.344456,2026-09-30T18:32:24.344+00:00,3.230000,0.641000,5.046000,power1_input=3230000uW curr1_input=641mA in1_input=5046mV
2026-09-30T18:34:14+00:00,2d280c7862041cee1dd36a2ac164af8b7f9dcec3,False,2023.1,,ZynqMP KV260 revB machine-id:a435d1c5,,all,,hw,,,,kria,not read (sensor only),2d280c7862041cee1dd36a2ac164af8b7f9dcec3,,,,sensor_only,1,True,,performance,1333333,"0,1,2",,no-overlay idle reference (before any bitstream load),SOM-rail power (INA260),VCC_SOM,hwmon,/sys/class/hwmon/hwmon2 name=ina260_u14,"{""update_interval_ms"": ""not exposed""}",10.000,9.984,0.2793,0,0,sample_only,274.562049,10.110265,1790793144.444452,2026-09-30T18:32:24.444+00:00,3.190000,0.635000,5.046000,power1_input=3190000uW curr1_input=635mA in1_input=5046mV
2026-09-30T18:34:14+00:00,2d280c7862041cee1dd36a2ac164af8b7f9dcec3,False,2023.1,,ZynqMP KV260 revB machine-id:a435d1c5,,all,,hw,,,,kria,not read (sensor only),2d280c7862041cee1dd36a2ac164af8b7f9dcec3,,,,sensor_only,1,True,,performance,1333333,"0,1,2",,no-overlay idle reference (before any bitstream load),SOM-rail power (INA260),VCC_SOM,hwmon,/sys/class/hwmon/hwmon2 name=ina260_u14,"{""update_interval_ms"": ""not exposed""}",10.000,9.984,0.2793,0,0,sample_only,274.662101,10.210317,1790793144.544504,2026-09-30T18:32:24.544+00:00,3.210000,0.636000,5.047000,power1_input=3210000uW curr1_input=636mA in1_input=5047mV
2026-09-30T18:34:14+00:00,2d280c7862041cee1dd36a2ac164af8b7f9dcec3,False,2023.1,,ZynqMP KV260 revB machine-id:a435d1c5,,all,,hw,,,,kria,not read (sensor only),2d280c7862041cee1dd36a2ac164af8b7f9dcec3,,,,sensor_only,1,True,,performance,1333333,"0,1,2",,no-overlay idle reference (before any bitstream load),SOM-rail power (INA260),VCC_SOM,hwmon,/sys/class/hwmon/hwmon2 name=ina260_u14,"{""update_interval_ms"": ""not exposed""}",10.000,9.984,0.2793,0,0,sample_only,274.762092,10.310308,1790793144.644495,2026-09-30T18:32:24.644+00:00,3.210000,0.635000,5.047000,power1_input=3210000uW curr1_input=635mA in1_input=5047mV
2026-09-30T18:34:14+00:00,2d280c7862041cee1dd36a2ac164af8b7f9dcec3,False,2023.1,,ZynqMP KV260 revB machine-id:a435d1c5,,all,,hw,,,,kria,not read (sensor only),2d280c7862041cee1dd36a2ac164af8b7f9dcec3,,,,sensor_only,1,True,,performance,1333333,"0,1,2",,no-overlay idle reference (before any bitstream load),SOM-rail power (INA260),VCC_SOM,hwmon,/sys/class/hwmon/hwmon2 name=ina260_u14,"{""update_interval_ms"": ""not exposed""}",10.000,9.984,0.2793,0,0,sample_only,274.862128,10.410345,1790793144.744533,2026-09-30T18:32:24.744+00:00,3.210000,0.646000,5.046000,power1_input=3210000uW curr1_input=646mA in1_input=5046mV
2026-09-30T18:34:14+00:00,2d280c7862041cee1dd36a2ac164af8b7f9dcec3,False,2023.1,,ZynqMP KV260 revB machine-id:a435d1c5,,all,,hw,,,,kria,not read (sensor only),2d280c7862041cee1dd36a2ac164af8b7f9dcec3,,,,sensor_only,1,True,,performance,1333333,"0,1,2",,no-overlay idle reference (before any bitstream load),SOM-rail power (INA260),VCC_SOM,hwmon,/sys/class/hwmon/hwmon2 name=ina260_u14,"{""update_interval_ms"": ""not exposed""}",10.000,9.984,0.2793,0,0,sample_only,274.962106,10.510322,1790793144.844510,2026-09-30T18:32:24.844+00:00,3.210000,0.635000,5.046000,power1_input=3210000uW curr1_input=635mA in1_input=5046mV
2026-09-30T18:34:14+00:00,2d280c7862041cee1dd36a2ac164af8b7f9dcec3,False,2023.1,,ZynqMP KV260 revB machine-id:a435d1c5,,all,,hw,,,,kria,not read (sensor only),2d280c7862041cee1dd36a2ac164af8b7f9dcec3,,,,sensor_only,1,True,,performance,1333333,"0,1,2",,no-overlay idle reference (before any bitstream load),SOM-rail power (INA260),VCC_SOM,hwmon,/sys/class/hwmon/hwmon2 name=ina260_u14,"{""update_interval_ms"": ""not exposed""}",10.000,9.984,0.2793,0,0,sample_only,275.062095,10.610311,1790793144.944498,2026-09-30T18:32:24.944+00:00,3.200000,0.635000,5.046000,power1_input=3200000uW curr1_input=635mA in1_input=5046mV
2026-09-30T18:34:14+00:00,2d280c7862041cee1dd36a2ac164af8b7f9dcec3,False,2023.1,,ZynqMP KV260 revB machine-id:a435d1c5,,all,,hw,,,,kria,not read (sensor only),2d280c7862041cee1dd36a2ac164af8b7f9dcec3,,,,sensor_only,1,True,,performance,1333333,"0,1,2",,no-overlay idle reference (before any bitstream load),SOM-rail power (INA260),VCC_SOM,hwmon,/sys/class/hwmon/hwmon2 name=ina260_u14,"{""update_interval_ms"": ""not exposed""}",10.000,9.984,0.2793,0,0,sample_only,275.162102,10.710318,1790793145.044505,2026-09-30T18:32:25.044+00:00,3.210000,0.636000,5.046000,power1_input=3210000uW curr1_input=636mA in1_input=5046mV
2026-09-30T18:34:14+00:00,2d280c7862041cee1dd36a2ac164af8b7f9dcec3,False,2023.1,,ZynqMP KV260 revB machine-id:a435d1c5,,all,,hw,,,,kria,not read (sensor only),2d280c7862041cee1dd36a2ac164af8b7f9dcec3,,,,sensor_only,1,True,,performance,1333333,"0,1,2",,no-overlay idle reference (before any bitstream load),SOM-rail power (INA260),VCC_SOM,hwmon,/sys/class/hwmon/hwmon2 name=ina260_u14,"{""update_interval_ms"": ""not exposed""}",10.000,9.984,0.2793,0,0,sample_only,275.262096,10.810312,1790793145.144499,2026-09-30T18:32:25.144+00:00,3.200000,0.633000,5.047000,power1_input=3200000uW curr1_input=633mA in1_input=5047mV
2026-09-30T18:34:14+00:00,2d280c7862041cee1dd36a2ac164af8b7f9dcec3,False,2023.1,,ZynqMP KV260 revB machine-id:a435d1c5,,all,,hw,,,,kria,not read (sensor only),2d280c7862041cee1dd36a2ac164af8b7f9dcec3,,,,sensor_only,1,True,,performance,1333333,"0,1,2",,no-overlay idle reference (before any bitstream load),SOM-rail power (INA260),VCC_SOM,hwmon,/sys/class/hwmon/hwmon2 name=ina260_u14,"{""update_interval_ms"": ""not exposed""}",10.000,9.984,0.2793,0,0,sample_only,275.362052,10.910268,1790793145.244455,2026-09-30T18:32:25.244+00:00,3.210000,0.636000,5.046000,power1_input=3210000uW curr1_input=636mA in1_input=5046mV
2026-09-30T18:34:14+00:00,2d280c7862041cee1dd36a2ac164af8b7f9dcec3,False,2023.1,,ZynqMP KV260 revB machine-id:a435d1c5,,all,,hw,,,,kria,not read (sensor only),2d280c7862041cee1dd36a2ac164af8b7f9dcec3,,,,sensor_only,1,True,,performance,1333333,"0,1,2",,no-overlay idle reference (before any bitstream load),SOM-rail power (INA260),VCC_SOM,hwmon,/sys/class/hwmon/hwmon2 name=ina260_u14,"{""update_interval_ms"": ""not exposed""}",10.000,9.984,0.2793,0,0,sample_only,275.462114,11.010330,1790793145.344518,2026-09-30T18:32:25.344+00:00,3.290000,0.652000,5.047000,power1_input=3290000uW curr1_input=652mA in1_input=5047mV
2026-09-30T18:34:14+00:00,2d280c7862041cee1dd36a2ac164af8b7f9dcec3,False,2023.1,,ZynqMP KV260 revB machine-id:a435d1c5,,all,,hw,,,,kria,not read (sensor only),2d280c7862041cee1dd36a2ac164af8b7f9dcec3,,,,sensor_only,1,True,,performance,1333333,"0,1,2",,no-overlay idle reference (before any bitstream load),SOM-rail power (INA260),VCC_SOM,hwmon,/sys/class/hwmon/hwmon2 name=ina260_u14,"{""update_interval_ms"": ""not exposed""}",10.000,9.984,0.2793,0,0,sample_only,275.562065,11.110281,1790793145.444469,2026-09-30T18:32:25.444+00:00,3.210000,0.638000,5.046000,power1_input=3210000uW curr1_input=638mA in1_input=5046mV
2026-09-30T18:34:14+00:00,2d280c7862041cee1dd36a2ac164af8b7f9dcec3,False,2023.1,,ZynqMP KV260 revB machine-id:a435d1c5,,all,,hw,,,,kria,not read (sensor only),2d280c7862041cee1dd36a2ac164af8b7f9dcec3,,,,sensor_only,1,True,,performance,1333333,"0,1,2",,no-overlay idle reference (before any bitstream load),SOM-rail power (INA260),VCC_SOM,hwmon,/sys/class/hwmon/hwmon2 name=ina260_u14,"{""update_interval_ms"": ""not exposed""}",10.000,9.984,0.2793,0,0,sample_only,275.662072,11.210288,1790793145.544476,2026-09-30T18:32:25.544+00:00,3.210000,0.637000,5.046000,power1_input=3210000uW curr1_input=637mA in1_input=5046mV
2026-09-30T18:34:14+00:00,2d280c7862041cee1dd36a2ac164af8b7f9dcec3,False,2023.1,,ZynqMP KV260 revB machine-id:a435d1c5,,all,,hw,,,,kria,not read (sensor only),2d280c7862041cee1dd36a2ac164af8b7f9dcec3,,,,sensor_only,1,True,,performance,1333333,"0,1,2",,no-overlay idle reference (before any bitstream load),SOM-rail power (INA260),VCC_SOM,hwmon,/sys/class/hwmon/hwmon2 name=ina260_u14,"{""update_interval_ms"": ""not exposed""}",10.000,9.984,0.2793,0,0,sample_only,275.762053,11.310269,1790793145.644456,2026-09-30T18:32:25.644+00:00,3.230000,0.638000,5.045000,power1_input=3230000uW curr1_input=638mA in1_input=5045mV
2026-09-30T18:34:14+00:00,2d280c7862041cee1dd36a2ac164af8b7f9dcec3,False,2023.1,,ZynqMP KV260 revB machine-id:a435d1c5,,all,,hw,,,,kria,not read (sensor only),2d280c7862041cee1dd36a2ac164af8b7f9dcec3,,,,sensor_only,1,True,,performance,1333333,"0,1,2",,no-overlay idle reference (before any bitstream load),SOM-rail power (INA260),VCC_SOM,hwmon,/sys/class/hwmon/hwmon2 name=ina260_u14,"{""update_interval_ms"": ""not exposed""}",10.000,9.984,0.2793,0,0,sample_only,275.862180,11.410396,1790793145.744585,2026-09-30T18:32:25.744+00:00,3.210000,0.648000,5.047000,power1_input=3210000uW curr1_input=648mA in1_input=5047mV
2026-09-30T18:34:14+00:00,2d280c7862041cee1dd36a2ac164af8b7f9dcec3,False,2023.1,,ZynqMP KV260 revB machine-id:a435d1c5,,all,,hw,,,,kria,not read (sensor only),2d280c7862041cee1dd36a2ac164af8b7f9dcec3,,,,sensor_only,1,True,,performance,1333333,"0,1,2",,no-overlay idle reference (before any bitstream load),SOM-rail power (INA260),VCC_SOM,hwmon,/sys/class/hwmon/hwmon2 name=ina260_u14,"{""update_interval_ms"": ""not exposed""}",10.000,9.984,0.2793,0,0,sample_only,275.962064,11.510281,1790793145.844468,2026-09-30T18:32:25.844+00:00,3.220000,0.637000,5.046000,power1_input=3220000uW curr1_input=637mA in1_input=5046mV
2026-09-30T18:34:14+00:00,2d280c7862041cee1dd36a2ac164af8b7f9dcec3,False,2023.1,,ZynqMP KV260 revB machine-id:a435d1c5,,all,,hw,,,,kria,not read (sensor only),2d280c7862041cee1dd36a2ac164af8b7f9dcec3,,,,sensor_only,1,True,,performance,1333333,"0,1,2",,no-overlay idle reference (before any bitstream load),SOM-rail power (INA260),VCC_SOM,hwmon,/sys/class/hwmon/hwmon2 name=ina260_u14,"{""update_interval_ms"": ""not exposed""}",10.000,9.984,0.2793,0,0,sample_only,276.062049,11.610265,1790793145.944452,2026-09-30T18:32:25.944+00:00,3.210000,0.636000,5.046000,power1_input=3210000uW curr1_input=636mA in1_input=5046mV
2026-09-30T18:34:14+00:00,2d280c7862041cee1dd36a2ac164af8b7f9dcec3,False,2023.1,,ZynqMP KV260 revB machine-id:a435d1c5,,all,,hw,,,,kria,not read (sensor only),2d280c7862041cee1dd36a2ac164af8b7f9dcec3,,,,sensor_only,1,True,,performance,1333333,"0,1,2",,no-overlay idle reference (before any bitstream load),SOM-rail power (INA260),VCC_SOM,hwmon,/sys/class/hwmon/hwmon2 name=ina260_u14,"{""update_interval_ms"": ""not exposed""}",10.000,9.984,0.2793,0,0,sample_only,276.162056,11.710272,1790793146.044460,2026-09-30T18:32:26.044+00:00,3.200000,0.635000,5.046000,power1_input=3200000uW curr1_input=635mA in1_input=5046mV
2026-09-30T18:34:14+00:00,2d280c7862041cee1dd36a2ac164af8b7f9dcec3,False,2023.1,,ZynqMP KV260 revB machine-id:a435d1c5,,all,,hw,,,,kria,not read (sensor only),2d280c7862041cee1dd36a2ac164af8b7f9dcec3,,,,sensor_only,1,True,,performance,1333333,"0,1,2",,no-overlay idle reference (before any bitstream load),SOM-rail power (INA260),VCC_SOM,hwmon,/sys/class/hwmon/hwmon2 name=ina260_u14,"{""update_interval_ms"": ""not exposed""}",10.000,9.984,0.2793,0,0,sample_only,276.262052,11.810268,1790793146.144455,2026-09-30T18:32:26.144+00:00,3.200000,0.635000,5.046000,power1_input=3200000uW curr1_input=635mA in1_input=5046mV
2026-09-30T18:34:14+00:00,2d280c7862041cee1dd36a2ac164af8b7f9dcec3,False,2023.1,,ZynqMP KV260 revB machine-id:a435d1c5,,all,,hw,,,,kria,not read (sensor only),2d280c7862041cee1dd36a2ac164af8b7f9dcec3,,,,sensor_only,1,True,,performance,1333333,"0,1,2",,no-overlay idle reference (before any bitstream load),SOM-rail power (INA260),VCC_SOM,hwmon,/sys/class/hwmon/hwmon2 name=ina260_u14,"{""update_interval_ms"": ""not exposed""}",10.000,9.984,0.2793,0,0,sample_only,276.362056,11.910272,1790793146.244459,2026-09-30T18:32:26.244+00:00,3.210000,0.635000,5.046000,power1_input=3210000uW curr1_input=635mA in1_input=5046mV
2026-09-30T18:34:14+00:00,2d280c7862041cee1dd36a2ac164af8b7f9dcec3,False,2023.1,,ZynqMP KV260 revB machine-id:a435d1c5,,all,,hw,,,,kria,not read (sensor only),2d280c7862041cee1dd36a2ac164af8b7f9dcec3,,,,sensor_only,1,True,,performance,1333333,"0,1,2",,no-overlay idle reference (before any bitstream load),SOM-rail power (INA260),VCC_SOM,hwmon,/sys/class/hwmon/hwmon2 name=ina260_u14,"{""update_interval_ms"": ""not exposed""}",10.000,9.984,0.2793,0,0,sample_only,276.462056,12.010272,1790793146.344460,2026-09-30T18:32:26.344+00:00,3.230000,0.640000,5.046000,power1_input=3230000uW curr1_input=640mA in1_input=5046mV
2026-09-30T18:34:14+00:00,2d280c7862041cee1dd36a2ac164af8b7f9dcec3,False,2023.1,,ZynqMP KV260 revB machine-id:a435d1c5,,all,,hw,,,,kria,not read (sensor only),2d280c7862041cee1dd36a2ac164af8b7f9dcec3,,,,sensor_only,1,True,,performance,1333333,"0,1,2",,no-overlay idle reference (before any bitstream load),SOM-rail power (INA260),VCC_SOM,hwmon,/sys/class/hwmon/hwmon2 name=ina260_u14,"{""update_interval_ms"": ""not exposed""}",10.000,9.984,0.2793,0,0,sample_only,276.562050,12.110266,1790793146.444453,2026-09-30T18:32:26.444+00:00,3.210000,0.633000,5.046000,power1_input=3210000uW curr1_input=633mA in1_input=5046mV
2026-09-30T18:34:14+00:00,2d280c7862041cee1dd36a2ac164af8b7f9dcec3,False,2023.1,,ZynqMP KV260 revB machine-id:a435d1c5,,all,,hw,,,,kria,not read (sensor only),2d280c7862041cee1dd36a2ac164af8b7f9dcec3,,,,sensor_only,1,True,,performance,1333333,"0,1,2",,no-overlay idle reference (before any bitstream load),SOM-rail power (INA260),VCC_SOM,hwmon,/sys/class/hwmon/hwmon2 name=ina260_u14,"{""update_interval_ms"": ""not exposed""}",10.000,9.984,0.2793,0,0,sample_only,276.662052,12.210268,1790793146.544455,2026-09-30T18:32:26.544+00:00,3.220000,0.637000,5.046000,power1_input=3220000uW curr1_input=637mA in1_input=5046mV
2026-09-30T18:34:14+00:00,2d280c7862041cee1dd36a2ac164af8b7f9dcec3,False,2023.1,,ZynqMP KV260 revB machine-id:a435d1c5,,all,,hw,,,,kria,not read (sensor only),2d280c7862041cee1dd36a2ac164af8b7f9dcec3,,,,sensor_only,1,True,,performance,1333333,"0,1,2",,no-overlay idle reference (before any bitstream load),SOM-rail power (INA260),VCC_SOM,hwmon,/sys/class/hwmon/hwmon2 name=ina260_u14,"{""update_interval_ms"": ""not exposed""}",10.000,9.984,0.2793,0,0,sample_only,276.762045,12.310261,1790793146.644449,2026-09-30T18:32:26.644+00:00,3.220000,0.637000,5.046000,power1_input=3220000uW curr1_input=637mA in1_input=5046mV
2026-09-30T18:34:14+00:00,2d280c7862041cee1dd36a2ac164af8b7f9dcec3,False,2023.1,,ZynqMP KV260 revB machine-id:a435d1c5,,all,,hw,,,,kria,not read (sensor only),2d280c7862041cee1dd36a2ac164af8b7f9dcec3,,,,sensor_only,1,True,,performance,1333333,"0,1,2",,no-overlay idle reference (before any bitstream load),SOM-rail power (INA260),VCC_SOM,hwmon,/sys/class/hwmon/hwmon2 name=ina260_u14,"{""update_interval_ms"": ""not exposed""}",10.000,9.984,0.2793,0,0,sample_only,276.862066,12.410282,1790793146.744469,2026-09-30T18:32:26.744+00:00,3.210000,0.636000,5.046000,power1_input=3210000uW curr1_input=636mA in1_input=5046mV
2026-09-30T18:34:14+00:00,2d280c7862041cee1dd36a2ac164af8b7f9dcec3,False,2023.1,,ZynqMP KV260 revB machine-id:a435d1c5,,all,,hw,,,,kria,not read (sensor only),2d280c7862041cee1dd36a2ac164af8b7f9dcec3,,,,sensor_only,1,True,,performance,1333333,"0,1,2",,no-overlay idle reference (before any bitstream load),SOM-rail power (INA260),VCC_SOM,hwmon,/sys/class/hwmon/hwmon2 name=ina260_u14,"{""update_interval_ms"": ""not exposed""}",10.000,9.984,0.2793,0,0,sample_only,276.962055,12.510272,1790793146.844459,2026-09-30T18:32:26.844+00:00,3.210000,0.636000,5.046000,power1_input=3210000uW curr1_input=636mA in1_input=5046mV
2026-09-30T18:34:14+00:00,2d280c7862041cee1dd36a2ac164af8b7f9dcec3,False,2023.1,,ZynqMP KV260 revB machine-id:a435d1c5,,all,,hw,,,,kria,not read (sensor only),2d280c7862041cee1dd36a2ac164af8b7f9dcec3,,,,sensor_only,1,True,,performance,1333333,"0,1,2",,no-overlay idle reference (before any bitstream load),SOM-rail power (INA260),VCC_SOM,hwmon,/sys/class/hwmon/hwmon2 name=ina260_u14,"{""update_interval_ms"": ""not exposed""}",10.000,9.984,0.2793,0,0,sample_only,277.062048,12.610264,1790793146.944451,2026-09-30T18:32:26.944+00:00,3.200000,0.635000,5.046000,power1_input=3200000uW curr1_input=635mA in1_input=5046mV
2026-09-30T18:34:14+00:00,2d280c7862041cee1dd36a2ac164af8b7f9dcec3,False,2023.1,,ZynqMP KV260 revB machine-id:a435d1c5,,all,,hw,,,,kria,not read (sensor only),2d280c7862041cee1dd36a2ac164af8b7f9dcec3,,,,sensor_only,1,True,,performance,1333333,"0,1,2",,no-overlay idle reference (before any bitstream load),SOM-rail power (INA260),VCC_SOM,hwmon,/sys/class/hwmon/hwmon2 name=ina260_u14,"{""update_interval_ms"": ""not exposed""}",10.000,9.984,0.2793,0,0,sample_only,277.162121,12.710338,1790793147.044525,2026-09-30T18:32:27.044+00:00,3.200000,0.633000,5.047000,power1_input=3200000uW curr1_input=633mA in1_input=5047mV
2026-09-30T18:34:14+00:00,2d280c7862041cee1dd36a2ac164af8b7f9dcec3,False,2023.1,,ZynqMP KV260 revB machine-id:a435d1c5,,all,,hw,,,,kria,not read (sensor only),2d280c7862041cee1dd36a2ac164af8b7f9dcec3,,,,sensor_only,1,True,,performance,1333333,"0,1,2",,no-overlay idle reference (before any bitstream load),SOM-rail power (INA260),VCC_SOM,hwmon,/sys/class/hwmon/hwmon2 name=ina260_u14,"{""update_interval_ms"": ""not exposed""}",10.000,9.984,0.2793,0,0,sample_only,277.262060,12.810276,1790793147.144463,2026-09-30T18:32:27.144+00:00,3.200000,0.636000,5.046000,power1_input=3200000uW curr1_input=636mA in1_input=5046mV
2026-09-30T18:34:14+00:00,2d280c7862041cee1dd36a2ac164af8b7f9dcec3,False,2023.1,,ZynqMP KV260 revB machine-id:a435d1c5,,all,,hw,,,,kria,not read (sensor only),2d280c7862041cee1dd36a2ac164af8b7f9dcec3,,,,sensor_only,1,True,,performance,1333333,"0,1,2",,no-overlay idle reference (before any bitstream load),SOM-rail power (INA260),VCC_SOM,hwmon,/sys/class/hwmon/hwmon2 name=ina260_u14,"{""update_interval_ms"": ""not exposed""}",10.000,9.984,0.2793,0,0,sample_only,277.362099,12.910315,1790793147.244503,2026-09-30T18:32:27.244+00:00,3.210000,0.636000,5.046000,power1_input=3210000uW curr1_input=636mA in1_input=5046mV
2026-09-30T18:34:14+00:00,2d280c7862041cee1dd36a2ac164af8b7f9dcec3,False,2023.1,,ZynqMP KV260 revB machine-id:a435d1c5,,all,,hw,,,,kria,not read (sensor only),2d280c7862041cee1dd36a2ac164af8b7f9dcec3,,,,sensor_only,1,True,,performance,1333333,"0,1,2",,no-overlay idle reference (before any bitstream load),SOM-rail power (INA260),VCC_SOM,hwmon,/sys/class/hwmon/hwmon2 name=ina260_u14,"{""update_interval_ms"": ""not exposed""}",10.000,9.984,0.2793,0,0,sample_only,277.462051,13.010268,1790793147.344455,2026-09-30T18:32:27.344+00:00,3.210000,0.636000,5.046000,power1_input=3210000uW curr1_input=636mA in1_input=5046mV
2026-09-30T18:34:14+00:00,2d280c7862041cee1dd36a2ac164af8b7f9dcec3,False,2023.1,,ZynqMP KV260 revB machine-id:a435d1c5,,all,,hw,,,,kria,not read (sensor only),2d280c7862041cee1dd36a2ac164af8b7f9dcec3,,,,sensor_only,1,True,,performance,1333333,"0,1,2",,no-overlay idle reference (before any bitstream load),SOM-rail power (INA260),VCC_SOM,hwmon,/sys/class/hwmon/hwmon2 name=ina260_u14,"{""update_interval_ms"": ""not exposed""}",10.000,9.984,0.2793,0,0,sample_only,277.564204,13.112421,1790793147.446608,2026-09-30T18:32:27.446+00:00,3.220000,0.638000,5.046000,power1_input=3220000uW curr1_input=638mA in1_input=5046mV
2026-09-30T18:34:14+00:00,2d280c7862041cee1dd36a2ac164af8b7f9dcec3,False,2023.1,,ZynqMP KV260 revB machine-id:a435d1c5,,all,,hw,,,,kria,not read (sensor only),2d280c7862041cee1dd36a2ac164af8b7f9dcec3,,,,sensor_only,1,True,,performance,1333333,"0,1,2",,no-overlay idle reference (before any bitstream load),SOM-rail power (INA260),VCC_SOM,hwmon,/sys/class/hwmon/hwmon2 name=ina260_u14,"{""update_interval_ms"": ""not exposed""}",10.000,9.984,0.2793,0,0,sample_only,277.662073,13.210289,1790793147.544477,2026-09-30T18:32:27.544+00:00,3.210000,0.636000,5.046000,power1_input=3210000uW curr1_input=636mA in1_input=5046mV
2026-09-30T18:34:14+00:00,2d280c7862041cee1dd36a2ac164af8b7f9dcec3,False,2023.1,,ZynqMP KV260 revB machine-id:a435d1c5,,all,,hw,,,,kria,not read (sensor only),2d280c7862041cee1dd36a2ac164af8b7f9dcec3,,,,sensor_only,1,True,,performance,1333333,"0,1,2",,no-overlay idle reference (before any bitstream load),SOM-rail power (INA260),VCC_SOM,hwmon,/sys/class/hwmon/hwmon2 name=ina260_u14,"{""update_interval_ms"": ""not exposed""}",10.000,9.984,0.2793,0,0,sample_only,277.762052,13.310269,1790793147.644456,2026-09-30T18:32:27.644+00:00,3.200000,0.636000,5.047000,power1_input=3200000uW curr1_input=636mA in1_input=5047mV
2026-09-30T18:34:14+00:00,2d280c7862041cee1dd36a2ac164af8b7f9dcec3,False,2023.1,,ZynqMP KV260 revB machine-id:a435d1c5,,all,,hw,,,,kria,not read (sensor only),2d280c7862041cee1dd36a2ac164af8b7f9dcec3,,,,sensor_only,1,True,,performance,1333333,"0,1,2",,no-overlay idle reference (before any bitstream load),SOM-rail power (INA260),VCC_SOM,hwmon,/sys/class/hwmon/hwmon2 name=ina260_u14,"{""update_interval_ms"": ""not exposed""}",10.000,9.984,0.2793,0,0,sample_only,277.862066,13.410282,1790793147.744469,2026-09-30T18:32:27.744+00:00,3.200000,0.636000,5.046000,power1_input=3200000uW curr1_input=636mA in1_input=5046mV
2026-09-30T18:34:14+00:00,2d280c7862041cee1dd36a2ac164af8b7f9dcec3,False,2023.1,,ZynqMP KV260 revB machine-id:a435d1c5,,all,,hw,,,,kria,not read (sensor only),2d280c7862041cee1dd36a2ac164af8b7f9dcec3,,,,sensor_only,1,True,,performance,1333333,"0,1,2",,no-overlay idle reference (before any bitstream load),SOM-rail power (INA260),VCC_SOM,hwmon,/sys/class/hwmon/hwmon2 name=ina260_u14,"{""update_interval_ms"": ""not exposed""}",10.000,9.984,0.2793,0,0,sample_only,277.962054,13.510270,1790793147.844457,2026-09-30T18:32:27.844+00:00,3.210000,0.636000,5.047000,power1_input=3210000uW curr1_input=636mA in1_input=5047mV
2026-09-30T18:34:14+00:00,2d280c7862041cee1dd36a2ac164af8b7f9dcec3,False,2023.1,,ZynqMP KV260 revB machine-id:a435d1c5,,all,,hw,,,,kria,not read (sensor only),2d280c7862041cee1dd36a2ac164af8b7f9dcec3,,,,sensor_only,1,True,,performance,1333333,"0,1,2",,no-overlay idle reference (before any bitstream load),SOM-rail power (INA260),VCC_SOM,hwmon,/sys/class/hwmon/hwmon2 name=ina260_u14,"{""update_interval_ms"": ""not exposed""}",10.000,9.984,0.2793,0,0,sample_only,278.062101,13.610317,1790793147.944504,2026-09-30T18:32:27.944+00:00,3.200000,0.635000,5.046000,power1_input=3200000uW curr1_input=635mA in1_input=5046mV
2026-09-30T18:34:14+00:00,2d280c7862041cee1dd36a2ac164af8b7f9dcec3,False,2023.1,,ZynqMP KV260 revB machine-id:a435d1c5,,all,,hw,,,,kria,not read (sensor only),2d280c7862041cee1dd36a2ac164af8b7f9dcec3,,,,sensor_only,1,True,,performance,1333333,"0,1,2",,no-overlay idle reference (before any bitstream load),SOM-rail power (INA260),VCC_SOM,hwmon,/sys/class/hwmon/hwmon2 name=ina260_u14,"{""update_interval_ms"": ""not exposed""}",10.000,9.984,0.2793,0,0,sample_only,278.162124,13.710340,1790793148.044528,2026-09-30T18:32:28.044+00:00,3.210000,0.636000,5.046000,power1_input=3210000uW curr1_input=636mA in1_input=5046mV
2026-09-30T18:34:14+00:00,2d280c7862041cee1dd36a2ac164af8b7f9dcec3,False,2023.1,,ZynqMP KV260 revB machine-id:a435d1c5,,all,,hw,,,,kria,not read (sensor only),2d280c7862041cee1dd36a2ac164af8b7f9dcec3,,,,sensor_only,1,True,,performance,1333333,"0,1,2",,no-overlay idle reference (before any bitstream load),SOM-rail power (INA260),VCC_SOM,hwmon,/sys/class/hwmon/hwmon2 name=ina260_u14,"{""update_interval_ms"": ""not exposed""}",10.000,9.984,0.2793,0,0,sample_only,278.262101,13.810318,1790793148.144505,2026-09-30T18:32:28.144+00:00,3.200000,0.635000,5.046000,power1_input=3200000uW curr1_input=635mA in1_input=5046mV
2026-09-30T18:34:14+00:00,2d280c7862041cee1dd36a2ac164af8b7f9dcec3,False,2023.1,,ZynqMP KV260 revB machine-id:a435d1c5,,all,,hw,,,,kria,not read (sensor only),2d280c7862041cee1dd36a2ac164af8b7f9dcec3,,,,sensor_only,1,True,,performance,1333333,"0,1,2",,no-overlay idle reference (before any bitstream load),SOM-rail power (INA260),VCC_SOM,hwmon,/sys/class/hwmon/hwmon2 name=ina260_u14,"{""update_interval_ms"": ""not exposed""}",10.000,9.984,0.2793,0,0,sample_only,278.362057,13.910273,1790793148.244460,2026-09-30T18:32:28.244+00:00,3.230000,0.640000,5.046000,power1_input=3230000uW curr1_input=640mA in1_input=5046mV
2026-09-30T18:34:14+00:00,2d280c7862041cee1dd36a2ac164af8b7f9dcec3,False,2023.1,,ZynqMP KV260 revB machine-id:a435d1c5,,all,,hw,,,,kria,not read (sensor only),2d280c7862041cee1dd36a2ac164af8b7f9dcec3,,,,sensor_only,1,True,,performance,1333333,"0,1,2",,no-overlay idle reference (before any bitstream load),SOM-rail power (INA260),VCC_SOM,hwmon,/sys/class/hwmon/hwmon2 name=ina260_u14,"{""update_interval_ms"": ""not exposed""}",10.000,9.984,0.2793,0,0,sample_only,278.462053,14.010270,1790793148.344457,2026-09-30T18:32:28.344+00:00,3.210000,0.636000,5.046000,power1_input=3210000uW curr1_input=636mA in1_input=5046mV
2026-09-30T18:34:14+00:00,2d280c7862041cee1dd36a2ac164af8b7f9dcec3,False,2023.1,,ZynqMP KV260 revB machine-id:a435d1c5,,all,,hw,,,,kria,not read (sensor only),2d280c7862041cee1dd36a2ac164af8b7f9dcec3,,,,sensor_only,1,True,,performance,1333333,"0,1,2",,no-overlay idle reference (before any bitstream load),SOM-rail power (INA260),VCC_SOM,hwmon,/sys/class/hwmon/hwmon2 name=ina260_u14,"{""update_interval_ms"": ""not exposed""}",10.000,9.984,0.2793,0,0,sample_only,278.562052,14.110268,1790793148.444456,2026-09-30T18:32:28.444+00:00,3.200000,0.640000,5.046000,power1_input=3200000uW curr1_input=640mA in1_input=5046mV
2026-09-30T18:34:14+00:00,2d280c7862041cee1dd36a2ac164af8b7f9dcec3,False,2023.1,,ZynqMP KV260 revB machine-id:a435d1c5,,all,,hw,,,,kria,not read (sensor only),2d280c7862041cee1dd36a2ac164af8b7f9dcec3,,,,sensor_only,1,True,,performance,1333333,"0,1,2",,no-overlay idle reference (before any bitstream load),SOM-rail power (INA260),VCC_SOM,hwmon,/sys/class/hwmon/hwmon2 name=ina260_u14,"{""update_interval_ms"": ""not exposed""}",10.000,9.984,0.2793,0,0,sample_only,278.662049,14.210265,1790793148.544452,2026-09-30T18:32:28.544+00:00,3.210000,0.637000,5.046000,power1_input=3210000uW curr1_input=637mA in1_input=5046mV
2026-09-30T18:34:14+00:00,2d280c7862041cee1dd36a2ac164af8b7f9dcec3,False,2023.1,,ZynqMP KV260 revB machine-id:a435d1c5,,all,,hw,,,,kria,not read (sensor only),2d280c7862041cee1dd36a2ac164af8b7f9dcec3,,,,sensor_only,1,True,,performance,1333333,"0,1,2",,no-overlay idle reference (before any bitstream load),SOM-rail power (INA260),VCC_SOM,hwmon,/sys/class/hwmon/hwmon2 name=ina260_u14,"{""update_interval_ms"": ""not exposed""}",10.000,9.984,0.2793,0,0,sample_only,278.762050,14.310266,1790793148.644453,2026-09-30T18:32:28.644+00:00,3.230000,0.640000,5.046000,power1_input=3230000uW curr1_input=640mA in1_input=5046mV
2026-09-30T18:34:14+00:00,2d280c7862041cee1dd36a2ac164af8b7f9dcec3,False,2023.1,,ZynqMP KV260 revB machine-id:a435d1c5,,all,,hw,,,,kria,not read (sensor only),2d280c7862041cee1dd36a2ac164af8b7f9dcec3,,,,sensor_only,1,True,,performance,1333333,"0,1,2",,no-overlay idle reference (before any bitstream load),SOM-rail power (INA260),VCC_SOM,hwmon,/sys/class/hwmon/hwmon2 name=ina260_u14,"{""update_interval_ms"": ""not exposed""}",10.000,9.984,0.2793,0,0,sample_only,278.862097,14.410313,1790793148.744501,2026-09-30T18:32:28.744+00:00,3.210000,0.636000,5.046000,power1_input=3210000uW curr1_input=636mA in1_input=5046mV
2026-09-30T18:34:14+00:00,2d280c7862041cee1dd36a2ac164af8b7f9dcec3,False,2023.1,,ZynqMP KV260 revB machine-id:a435d1c5,,all,,hw,,,,kria,not read (sensor only),2d280c7862041cee1dd36a2ac164af8b7f9dcec3,,,,sensor_only,1,True,,performance,1333333,"0,1,2",,no-overlay idle reference (before any bitstream load),SOM-rail power (INA260),VCC_SOM,hwmon,/sys/class/hwmon/hwmon2 name=ina260_u14,"{""update_interval_ms"": ""not exposed""}",10.000,9.984,0.2793,0,0,sample_only,278.962065,14.510281,1790793148.844469,2026-09-30T18:32:28.844+00:00,3.210000,0.636000,5.047000,power1_input=3210000uW curr1_input=636mA in1_input=5047mV
2026-09-30T18:34:14+00:00,2d280c7862041cee1dd36a2ac164af8b7f9dcec3,False,2023.1,,ZynqMP KV260 revB machine-id:a435d1c5,,all,,hw,,,,kria,not read (sensor only),2d280c7862041cee1dd36a2ac164af8b7f9dcec3,,,,sensor_only,1,True,,performance,1333333,"0,1,2",,no-overlay idle reference (before any bitstream load),SOM-rail power (INA260),VCC_SOM,hwmon,/sys/class/hwmon/hwmon2 name=ina260_u14,"{""update_interval_ms"": ""not exposed""}",10.000,9.984,0.2793,0,0,sample_only,279.062058,14.610275,1790793148.944462,2026-09-30T18:32:28.944+00:00,3.220000,0.638000,5.047000,power1_input=3220000uW curr1_input=638mA in1_input=5047mV
2026-09-30T18:34:14+00:00,2d280c7862041cee1dd36a2ac164af8b7f9dcec3,False,2023.1,,ZynqMP KV260 revB machine-id:a435d1c5,,all,,hw,,,,kria,not read (sensor only),2d280c7862041cee1dd36a2ac164af8b7f9dcec3,,,,sensor_only,1,True,,performance,1333333,"0,1,2",,no-overlay idle reference (before any bitstream load),SOM-rail power (INA260),VCC_SOM,hwmon,/sys/class/hwmon/hwmon2 name=ina260_u14,"{""update_interval_ms"": ""not exposed""}",10.000,9.984,0.2793,0,0,sample_only,279.162136,14.710352,1790793149.044540,2026-09-30T18:32:29.044+00:00,3.220000,0.637000,5.046000,power1_input=3220000uW curr1_input=637mA in1_input=5046mV
2026-09-30T18:34:14+00:00,2d280c7862041cee1dd36a2ac164af8b7f9dcec3,False,2023.1,,ZynqMP KV260 revB machine-id:a435d1c5,,all,,hw,,,,kria,not read (sensor only),2d280c7862041cee1dd36a2ac164af8b7f9dcec3,,,,sensor_only,1,True,,performance,1333333,"0,1,2",,no-overlay idle reference (before any bitstream load),SOM-rail power (INA260),VCC_SOM,hwmon,/sys/class/hwmon/hwmon2 name=ina260_u14,"{""update_interval_ms"": ""not exposed""}",10.000,9.984,0.2793,0,0,sample_only,279.262068,14.810284,1790793149.144472,2026-09-30T18:32:29.144+00:00,3.210000,0.635000,5.046000,power1_input=3210000uW curr1_input=635mA in1_input=5046mV
2026-09-30T18:34:14+00:00,2d280c7862041cee1dd36a2ac164af8b7f9dcec3,False,2023.1,,ZynqMP KV260 revB machine-id:a435d1c5,,all,,hw,,,,kria,not read (sensor only),2d280c7862041cee1dd36a2ac164af8b7f9dcec3,,,,sensor_only,1,True,,performance,1333333,"0,1,2",,no-overlay idle reference (before any bitstream load),SOM-rail power (INA260),VCC_SOM,hwmon,/sys/class/hwmon/hwmon2 name=ina260_u14,"{""update_interval_ms"": ""not exposed""}",10.000,9.984,0.2793,0,0,sample_only,279.362073,14.910289,1790793149.244476,2026-09-30T18:32:29.244+00:00,3.260000,0.646000,5.045000,power1_input=3260000uW curr1_input=646mA in1_input=5045mV
2026-09-30T18:34:14+00:00,2d280c7862041cee1dd36a2ac164af8b7f9dcec3,False,2023.1,,ZynqMP KV260 revB machine-id:a435d1c5,,all,,hw,,,,kria,not read (sensor only),2d280c7862041cee1dd36a2ac164af8b7f9dcec3,,,,sensor_only,1,True,,performance,1333333,"0,1,2",,no-overlay idle reference (before any bitstream load),SOM-rail power (INA260),VCC_SOM,hwmon,/sys/class/hwmon/hwmon2 name=ina260_u14,"{""update_interval_ms"": ""not exposed""}",10.000,9.984,0.2793,0,0,sample_only,279.462059,15.010276,1790793149.344463,2026-09-30T18:32:29.344+00:00,3.220000,0.637000,5.046000,power1_input=3220000uW curr1_input=637mA in1_input=5046mV
2026-09-30T18:34:14+00:00,2d280c7862041cee1dd36a2ac164af8b7f9dcec3,False,2023.1,,ZynqMP KV260 revB machine-id:a435d1c5,,all,,hw,,,,kria,not read (sensor only),2d280c7862041cee1dd36a2ac164af8b7f9dcec3,,,,sensor_only,1,True,,performance,1333333,"0,1,2",,no-overlay idle reference (before any bitstream load),SOM-rail power (INA260),VCC_SOM,hwmon,/sys/class/hwmon/hwmon2 name=ina260_u14,"{""update_interval_ms"": ""not exposed""}",10.000,9.984,0.2793,0,0,sample_only,279.562100,15.110316,1790793149.444504,2026-09-30T18:32:29.444+00:00,3.210000,0.637000,5.046000,power1_input=3210000uW curr1_input=637mA in1_input=5046mV
2026-09-30T18:34:14+00:00,2d280c7862041cee1dd36a2ac164af8b7f9dcec3,False,2023.1,,ZynqMP KV260 revB machine-id:a435d1c5,,all,,hw,,,,kria,not read (sensor only),2d280c7862041cee1dd36a2ac164af8b7f9dcec3,,,,sensor_only,1,True,,performance,1333333,"0,1,2",,no-overlay idle reference (before any bitstream load),SOM-rail power (INA260),VCC_SOM,hwmon,/sys/class/hwmon/hwmon2 name=ina260_u14,"{""update_interval_ms"": ""not exposed""}",10.000,9.984,0.2793,0,0,sample_only,279.662054,15.210270,1790793149.544457,2026-09-30T18:32:29.544+00:00,3.210000,0.637000,5.046000,power1_input=3210000uW curr1_input=637mA in1_input=5046mV
2026-09-30T18:34:14+00:00,2d280c7862041cee1dd36a2ac164af8b7f9dcec3,False,2023.1,,ZynqMP KV260 revB machine-id:a435d1c5,,all,,hw,,,,kria,not read (sensor only),2d280c7862041cee1dd36a2ac164af8b7f9dcec3,,,,sensor_only,1,True,,performance,1333333,"0,1,2",,no-overlay idle reference (before any bitstream load),SOM-rail power (INA260),VCC_SOM,hwmon,/sys/class/hwmon/hwmon2 name=ina260_u14,"{""update_interval_ms"": ""not exposed""}",10.000,9.984,0.2793,0,0,sample_only,279.762047,15.310264,1790793149.644451,2026-09-30T18:32:29.644+00:00,3.220000,0.637000,5.046000,power1_input=3220000uW curr1_input=637mA in1_input=5046mV
2026-09-30T18:34:14+00:00,2d280c7862041cee1dd36a2ac164af8b7f9dcec3,False,2023.1,,ZynqMP KV260 revB machine-id:a435d1c5,,all,,hw,,,,kria,not read (sensor only),2d280c7862041cee1dd36a2ac164af8b7f9dcec3,,,,sensor_only,1,True,,performance,1333333,"0,1,2",,no-overlay idle reference (before any bitstream load),SOM-rail power (INA260),VCC_SOM,hwmon,/sys/class/hwmon/hwmon2 name=ina260_u14,"{""update_interval_ms"": ""not exposed""}",10.000,9.984,0.2793,0,0,sample_only,279.862066,15.410283,1790793149.744471,2026-09-30T18:32:29.744+00:00,3.210000,0.635000,5.047000,power1_input=3210000uW curr1_input=635mA in1_input=5047mV
2026-09-30T18:34:14+00:00,2d280c7862041cee1dd36a2ac164af8b7f9dcec3,False,2023.1,,ZynqMP KV260 revB machine-id:a435d1c5,,all,,hw,,,,kria,not read (sensor only),2d280c7862041cee1dd36a2ac164af8b7f9dcec3,,,,sensor_only,1,True,,performance,1333333,"0,1,2",,no-overlay idle reference (before any bitstream load),SOM-rail power (INA260),VCC_SOM,hwmon,/sys/class/hwmon/hwmon2 name=ina260_u14,"{""update_interval_ms"": ""not exposed""}",10.000,9.984,0.2793,0,0,sample_only,279.962060,15.510276,1790793149.844463,2026-09-30T18:32:29.844+00:00,3.210000,0.636000,5.046000,power1_input=3210000uW curr1_input=636mA in1_input=5046mV
2026-09-30T18:34:14+00:00,2d280c7862041cee1dd36a2ac164af8b7f9dcec3,False,2023.1,,ZynqMP KV260 revB machine-id:a435d1c5,,all,,hw,,,,kria,not read (sensor only),2d280c7862041cee1dd36a2ac164af8b7f9dcec3,,,,sensor_only,1,True,,performance,1333333,"0,1,2",,no-overlay idle reference (before any bitstream load),SOM-rail power (INA260),VCC_SOM,hwmon,/sys/class/hwmon/hwmon2 name=ina260_u14,"{""update_interval_ms"": ""not exposed""}",10.000,9.984,0.2793,0,0,sample_only,280.062096,15.610313,1790793149.944500,2026-09-30T18:32:29.944+00:00,3.200000,0.635000,5.046000,power1_input=3200000uW curr1_input=635mA in1_input=5046mV
2026-09-30T18:34:14+00:00,2d280c7862041cee1dd36a2ac164af8b7f9dcec3,False,2023.1,,ZynqMP KV260 revB machine-id:a435d1c5,,all,,hw,,,,kria,not read (sensor only),2d280c7862041cee1dd36a2ac164af8b7f9dcec3,,,,sensor_only,1,True,,performance,1333333,"0,1,2",,no-overlay idle reference (before any bitstream load),SOM-rail power (INA260),VCC_SOM,hwmon,/sys/class/hwmon/hwmon2 name=ina260_u14,"{""update_interval_ms"": ""not exposed""}",10.000,9.984,0.2793,0,0,sample_only,280.162053,15.710269,1790793150.044456,2026-09-30T18:32:30.044+00:00,3.210000,0.636000,5.046000,power1_input=3210000uW curr1_input=636mA in1_input=5046mV
2026-09-30T18:34:14+00:00,2d280c7862041cee1dd36a2ac164af8b7f9dcec3,False,2023.1,,ZynqMP KV260 revB machine-id:a435d1c5,,all,,hw,,,,kria,not read (sensor only),2d280c7862041cee1dd36a2ac164af8b7f9dcec3,,,,sensor_only,1,True,,performance,1333333,"0,1,2",,no-overlay idle reference (before any bitstream load),SOM-rail power (INA260),VCC_SOM,hwmon,/sys/class/hwmon/hwmon2 name=ina260_u14,"{""update_interval_ms"": ""not exposed""}",10.000,9.984,0.2793,0,0,sample_only,280.262048,15.810264,1790793150.144451,2026-09-30T18:32:30.144+00:00,3.210000,0.637000,5.046000,power1_input=3210000uW curr1_input=637mA in1_input=5046mV
2026-09-30T18:34:14+00:00,2d280c7862041cee1dd36a2ac164af8b7f9dcec3,False,2023.1,,ZynqMP KV260 revB machine-id:a435d1c5,,all,,hw,,,,kria,not read (sensor only),2d280c7862041cee1dd36a2ac164af8b7f9dcec3,,,,sensor_only,1,True,,performance,1333333,"0,1,2",,no-overlay idle reference (before any bitstream load),SOM-rail power (INA260),VCC_SOM,hwmon,/sys/class/hwmon/hwmon2 name=ina260_u14,"{""update_interval_ms"": ""not exposed""}",10.000,9.984,0.2793,0,0,sample_only,280.362060,15.910276,1790793150.244463,2026-09-30T18:32:30.244+00:00,3.230000,0.641000,5.046000,power1_input=3230000uW curr1_input=641mA in1_input=5046mV
2026-09-30T18:34:14+00:00,2d280c7862041cee1dd36a2ac164af8b7f9dcec3,False,2023.1,,ZynqMP KV260 revB machine-id:a435d1c5,,all,,hw,,,,kria,not read (sensor only),2d280c7862041cee1dd36a2ac164af8b7f9dcec3,,,,sensor_only,1,True,,performance,1333333,"0,1,2",,no-overlay idle reference (before any bitstream load),SOM-rail power (INA260),VCC_SOM,hwmon,/sys/class/hwmon/hwmon2 name=ina260_u14,"{""update_interval_ms"": ""not exposed""}",10.000,9.984,0.2793,0,0,sample_only,280.462053,16.010269,1790793150.344456,2026-09-30T18:32:30.344+00:00,3.210000,0.637000,5.047000,power1_input=3210000uW curr1_input=637mA in1_input=5047mV
2026-09-30T18:34:14+00:00,2d280c7862041cee1dd36a2ac164af8b7f9dcec3,False,2023.1,,ZynqMP KV260 revB machine-id:a435d1c5,,all,,hw,,,,kria,not read (sensor only),2d280c7862041cee1dd36a2ac164af8b7f9dcec3,,,,sensor_only,1,True,,performance,1333333,"0,1,2",,no-overlay idle reference (before any bitstream load),SOM-rail power (INA260),VCC_SOM,hwmon,/sys/class/hwmon/hwmon2 name=ina260_u14,"{""update_interval_ms"": ""not exposed""}",10.000,9.984,0.2793,0,0,sample_only,280.562049,16.110265,1790793150.444452,2026-09-30T18:32:30.444+00:00,3.210000,0.636000,5.046000,power1_input=3210000uW curr1_input=636mA in1_input=5046mV
2026-09-30T18:34:14+00:00,2d280c7862041cee1dd36a2ac164af8b7f9dcec3,False,2023.1,,ZynqMP KV260 revB machine-id:a435d1c5,,all,,hw,,,,kria,not read (sensor only),2d280c7862041cee1dd36a2ac164af8b7f9dcec3,,,,sensor_only,1,True,,performance,1333333,"0,1,2",,no-overlay idle reference (before any bitstream load),SOM-rail power (INA260),VCC_SOM,hwmon,/sys/class/hwmon/hwmon2 name=ina260_u14,"{""update_interval_ms"": ""not exposed""}",10.000,9.984,0.2793,0,0,sample_only,280.662080,16.210296,1790793150.544484,2026-09-30T18:32:30.544+00:00,3.240000,0.641000,5.047000,power1_input=3240000uW curr1_input=641mA in1_input=5047mV
2026-09-30T18:34:14+00:00,2d280c7862041cee1dd36a2ac164af8b7f9dcec3,False,2023.1,,ZynqMP KV260 revB machine-id:a435d1c5,,all,,hw,,,,kria,not read (sensor only),2d280c7862041cee1dd36a2ac164af8b7f9dcec3,,,,sensor_only,1,True,,performance,1333333,"0,1,2",,no-overlay idle reference (before any bitstream load),SOM-rail power (INA260),VCC_SOM,hwmon,/sys/class/hwmon/hwmon2 name=ina260_u14,"{""update_interval_ms"": ""not exposed""}",10.000,9.984,0.2793,0,0,sample_only,280.762062,16.310278,1790793150.644466,2026-09-30T18:32:30.644+00:00,3.210000,0.636000,5.047000,power1_input=3210000uW curr1_input=636mA in1_input=5047mV
2026-09-30T18:34:14+00:00,2d280c7862041cee1dd36a2ac164af8b7f9dcec3,False,2023.1,,ZynqMP KV260 revB machine-id:a435d1c5,,all,,hw,,,,kria,not read (sensor only),2d280c7862041cee1dd36a2ac164af8b7f9dcec3,,,,sensor_only,1,True,,performance,1333333,"0,1,2",,no-overlay idle reference (before any bitstream load),SOM-rail power (INA260),VCC_SOM,hwmon,/sys/class/hwmon/hwmon2 name=ina260_u14,"{""update_interval_ms"": ""not exposed""}",10.000,9.984,0.2793,0,0,sample_only,280.862066,16.410283,1790793150.744470,2026-09-30T18:32:30.744+00:00,3.210000,0.637000,5.046000,power1_input=3210000uW curr1_input=637mA in1_input=5046mV
2026-09-30T18:34:14+00:00,2d280c7862041cee1dd36a2ac164af8b7f9dcec3,False,2023.1,,ZynqMP KV260 revB machine-id:a435d1c5,,all,,hw,,,,kria,not read (sensor only),2d280c7862041cee1dd36a2ac164af8b7f9dcec3,,,,sensor_only,1,True,,performance,1333333,"0,1,2",,no-overlay idle reference (before any bitstream load),SOM-rail power (INA260),VCC_SOM,hwmon,/sys/class/hwmon/hwmon2 name=ina260_u14,"{""update_interval_ms"": ""not exposed""}",10.000,9.984,0.2793,0,0,sample_only,280.962053,16.510270,1790793150.844457,2026-09-30T18:32:30.844+00:00,3.200000,0.635000,5.047000,power1_input=3200000uW curr1_input=635mA in1_input=5047mV
2026-09-30T18:34:14+00:00,2d280c7862041cee1dd36a2ac164af8b7f9dcec3,False,2023.1,,ZynqMP KV260 revB machine-id:a435d1c5,,all,,hw,,,,kria,not read (sensor only),2d280c7862041cee1dd36a2ac164af8b7f9dcec3,,,,sensor_only,1,True,,performance,1333333,"0,1,2",,no-overlay idle reference (before any bitstream load),SOM-rail power (INA260),VCC_SOM,hwmon,/sys/class/hwmon/hwmon2 name=ina260_u14,"{""update_interval_ms"": ""not exposed""}",10.000,9.984,0.2793,0,0,sample_only,281.062051,16.610267,1790793150.944454,2026-09-30T18:32:30.944+00:00,3.230000,0.638000,5.046000,power1_input=3230000uW curr1_input=638mA in1_input=5046mV
2026-09-30T18:34:14+00:00,2d280c7862041cee1dd36a2ac164af8b7f9dcec3,False,2023.1,,ZynqMP KV260 revB machine-id:a435d1c5,,all,,hw,,,,kria,not read (sensor only),2d280c7862041cee1dd36a2ac164af8b7f9dcec3,,,,sensor_only,1,True,,performance,1333333,"0,1,2",,no-overlay idle reference (before any bitstream load),SOM-rail power (INA260),VCC_SOM,hwmon,/sys/class/hwmon/hwmon2 name=ina260_u14,"{""update_interval_ms"": ""not exposed""}",10.000,9.984,0.2793,0,0,sample_only,281.162052,16.710269,1790793151.044456,2026-09-30T18:32:31.044+00:00,3.220000,0.637000,5.046000,power1_input=3220000uW curr1_input=637mA in1_input=5046mV
2026-09-30T18:34:14+00:00,2d280c7862041cee1dd36a2ac164af8b7f9dcec3,False,2023.1,,ZynqMP KV260 revB machine-id:a435d1c5,,all,,hw,,,,kria,not read (sensor only),2d280c7862041cee1dd36a2ac164af8b7f9dcec3,,,,sensor_only,1,True,,performance,1333333,"0,1,2",,no-overlay idle reference (before any bitstream load),SOM-rail power (INA260),VCC_SOM,hwmon,/sys/class/hwmon/hwmon2 name=ina260_u14,"{""update_interval_ms"": ""not exposed""}",10.000,9.984,0.2793,0,0,sample_only,281.262054,16.810270,1790793151.144457,2026-09-30T18:32:31.144+00:00,3.210000,0.641000,5.046000,power1_input=3210000uW curr1_input=641mA in1_input=5046mV
2026-09-30T18:34:14+00:00,2d280c7862041cee1dd36a2ac164af8b7f9dcec3,False,2023.1,,ZynqMP KV260 revB machine-id:a435d1c5,,all,,hw,,,,kria,not read (sensor only),2d280c7862041cee1dd36a2ac164af8b7f9dcec3,,,,sensor_only,1,True,,performance,1333333,"0,1,2",,no-overlay idle reference (before any bitstream load),SOM-rail power (INA260),VCC_SOM,hwmon,/sys/class/hwmon/hwmon2 name=ina260_u14,"{""update_interval_ms"": ""not exposed""}",10.000,9.984,0.2793,0,0,sample_only,281.362054,16.910270,1790793151.244457,2026-09-30T18:32:31.244+00:00,3.230000,0.640000,5.047000,power1_input=3230000uW curr1_input=640mA in1_input=5047mV
2026-09-30T18:34:14+00:00,2d280c7862041cee1dd36a2ac164af8b7f9dcec3,False,2023.1,,ZynqMP KV260 revB machine-id:a435d1c5,,all,,hw,,,,kria,not read (sensor only),2d280c7862041cee1dd36a2ac164af8b7f9dcec3,,,,sensor_only,1,True,,performance,1333333,"0,1,2",,no-overlay idle reference (before any bitstream load),SOM-rail power (INA260),VCC_SOM,hwmon,/sys/class/hwmon/hwmon2 name=ina260_u14,"{""update_interval_ms"": ""not exposed""}",10.000,9.984,0.2793,0,0,sample_only,281.462050,17.010266,1790793151.344453,2026-09-30T18:32:31.344+00:00,3.210000,0.636000,5.047000,power1_input=3210000uW curr1_input=636mA in1_input=5047mV
2026-09-30T18:34:14+00:00,2d280c7862041cee1dd36a2ac164af8b7f9dcec3,False,2023.1,,ZynqMP KV260 revB machine-id:a435d1c5,,all,,hw,,,,kria,not read (sensor only),2d280c7862041cee1dd36a2ac164af8b7f9dcec3,,,,sensor_only,1,True,,performance,1333333,"0,1,2",,no-overlay idle reference (before any bitstream load),SOM-rail power (INA260),VCC_SOM,hwmon,/sys/class/hwmon/hwmon2 name=ina260_u14,"{""update_interval_ms"": ""not exposed""}",10.000,9.984,0.2793,0,0,sample_only,281.562050,17.110266,1790793151.444453,2026-09-30T18:32:31.444+00:00,3.210000,0.635000,5.046000,power1_input=3210000uW curr1_input=635mA in1_input=5046mV
2026-09-30T18:34:14+00:00,2d280c7862041cee1dd36a2ac164af8b7f9dcec3,False,2023.1,,ZynqMP KV260 revB machine-id:a435d1c5,,all,,hw,,,,kria,not read (sensor only),2d280c7862041cee1dd36a2ac164af8b7f9dcec3,,,,sensor_only,1,True,,performance,1333333,"0,1,2",,no-overlay idle reference (before any bitstream load),SOM-rail power (INA260),VCC_SOM,hwmon,/sys/class/hwmon/hwmon2 name=ina260_u14,"{""update_interval_ms"": ""not exposed""}",10.000,9.984,0.2793,0,0,sample_only,281.662052,17.210269,1790793151.544456,2026-09-30T18:32:31.544+00:00,3.210000,0.636000,5.047000,power1_input=3210000uW curr1_input=636mA in1_input=5047mV
2026-09-30T18:34:14+00:00,2d280c7862041cee1dd36a2ac164af8b7f9dcec3,False,2023.1,,ZynqMP KV260 revB machine-id:a435d1c5,,all,,hw,,,,kria,not read (sensor only),2d280c7862041cee1dd36a2ac164af8b7f9dcec3,,,,sensor_only,1,True,,performance,1333333,"0,1,2",,no-overlay idle reference (before any bitstream load),SOM-rail power (INA260),VCC_SOM,hwmon,/sys/class/hwmon/hwmon2 name=ina260_u14,"{""update_interval_ms"": ""not exposed""}",10.000,9.984,0.2793,0,0,sample_only,281.762066,17.310282,1790793151.644469,2026-09-30T18:32:31.644+00:00,3.210000,0.636000,5.047000,power1_input=3210000uW curr1_input=636mA in1_input=5047mV
2026-09-30T18:34:14+00:00,2d280c7862041cee1dd36a2ac164af8b7f9dcec3,False,2023.1,,ZynqMP KV260 revB machine-id:a435d1c5,,all,,hw,,,,kria,not read (sensor only),2d280c7862041cee1dd36a2ac164af8b7f9dcec3,,,,sensor_only,1,True,,performance,1333333,"0,1,2",,no-overlay idle reference (before any bitstream load),SOM-rail power (INA260),VCC_SOM,hwmon,/sys/class/hwmon/hwmon2 name=ina260_u14,"{""update_interval_ms"": ""not exposed""}",10.000,9.984,0.2793,0,0,sample_only,281.862133,17.410349,1790793151.744537,2026-09-30T18:32:31.744+00:00,3.210000,0.636000,5.047000,power1_input=3210000uW curr1_input=636mA in1_input=5047mV
2026-09-30T18:34:14+00:00,2d280c7862041cee1dd36a2ac164af8b7f9dcec3,False,2023.1,,ZynqMP KV260 revB machine-id:a435d1c5,,all,,hw,,,,kria,not read (sensor only),2d280c7862041cee1dd36a2ac164af8b7f9dcec3,,,,sensor_only,1,True,,performance,1333333,"0,1,2",,no-overlay idle reference (before any bitstream load),SOM-rail power (INA260),VCC_SOM,hwmon,/sys/class/hwmon/hwmon2 name=ina260_u14,"{""update_interval_ms"": ""not exposed""}",10.000,9.984,0.2793,0,0,sample_only,281.962060,17.510276,1790793151.844464,2026-09-30T18:32:31.844+00:00,3.220000,0.635000,5.046000,power1_input=3220000uW curr1_input=635mA in1_input=5046mV
2026-09-30T18:34:14+00:00,2d280c7862041cee1dd36a2ac164af8b7f9dcec3,False,2023.1,,ZynqMP KV260 revB machine-id:a435d1c5,,all,,hw,,,,kria,not read (sensor only),2d280c7862041cee1dd36a2ac164af8b7f9dcec3,,,,sensor_only,1,True,,performance,1333333,"0,1,2",,no-overlay idle reference (before any bitstream load),SOM-rail power (INA260),VCC_SOM,hwmon,/sys/class/hwmon/hwmon2 name=ina260_u14,"{""update_interval_ms"": ""not exposed""}",10.000,9.984,0.2793,0,0,sample_only,282.062049,17.610265,1790793151.944452,2026-09-30T18:32:31.944+00:00,3.220000,0.638000,5.046000,power1_input=3220000uW curr1_input=638mA in1_input=5046mV
2026-09-30T18:34:14+00:00,2d280c7862041cee1dd36a2ac164af8b7f9dcec3,False,2023.1,,ZynqMP KV260 revB machine-id:a435d1c5,,all,,hw,,,,kria,not read (sensor only),2d280c7862041cee1dd36a2ac164af8b7f9dcec3,,,,sensor_only,1,True,,performance,1333333,"0,1,2",,no-overlay idle reference (before any bitstream load),SOM-rail power (INA260),VCC_SOM,hwmon,/sys/class/hwmon/hwmon2 name=ina260_u14,"{""update_interval_ms"": ""not exposed""}",10.000,9.984,0.2793,0,0,sample_only,282.162101,17.710317,1790793152.044504,2026-09-30T18:32:32.044+00:00,3.210000,0.636000,5.046000,power1_input=3210000uW curr1_input=636mA in1_input=5046mV
2026-09-30T18:34:14+00:00,2d280c7862041cee1dd36a2ac164af8b7f9dcec3,False,2023.1,,ZynqMP KV260 revB machine-id:a435d1c5,,all,,hw,,,,kria,not read (sensor only),2d280c7862041cee1dd36a2ac164af8b7f9dcec3,,,,sensor_only,1,True,,performance,1333333,"0,1,2",,no-overlay idle reference (before any bitstream load),SOM-rail power (INA260),VCC_SOM,hwmon,/sys/class/hwmon/hwmon2 name=ina260_u14,"{""update_interval_ms"": ""not exposed""}",10.000,9.984,0.2793,0,0,sample_only,282.262048,17.810265,1790793152.144452,2026-09-30T18:32:32.144+00:00,3.220000,0.638000,5.047000,power1_input=3220000uW curr1_input=638mA in1_input=5047mV
2026-09-30T18:34:14+00:00,2d280c7862041cee1dd36a2ac164af8b7f9dcec3,False,2023.1,,ZynqMP KV260 revB machine-id:a435d1c5,,all,,hw,,,,kria,not read (sensor only),2d280c7862041cee1dd36a2ac164af8b7f9dcec3,,,,sensor_only,1,True,,performance,1333333,"0,1,2",,no-overlay idle reference (before any bitstream load),SOM-rail power (INA260),VCC_SOM,hwmon,/sys/class/hwmon/hwmon2 name=ina260_u14,"{""update_interval_ms"": ""not exposed""}",10.000,9.984,0.2793,0,0,sample_only,282.362054,17.910270,1790793152.244457,2026-09-30T18:32:32.244+00:00,3.210000,0.636000,5.046000,power1_input=3210000uW curr1_input=636mA in1_input=5046mV
2026-09-30T18:34:14+00:00,2d280c7862041cee1dd36a2ac164af8b7f9dcec3,False,2023.1,,ZynqMP KV260 revB machine-id:a435d1c5,,all,,hw,,,,kria,not read (sensor only),2d280c7862041cee1dd36a2ac164af8b7f9dcec3,,,,sensor_only,1,True,,performance,1333333,"0,1,2",,no-overlay idle reference (before any bitstream load),SOM-rail power (INA260),VCC_SOM,hwmon,/sys/class/hwmon/hwmon2 name=ina260_u14,"{""update_interval_ms"": ""not exposed""}",10.000,9.984,0.2793,0,0,sample_only,282.462055,18.010272,1790793152.344459,2026-09-30T18:32:32.344+00:00,3.210000,0.636000,5.047000,power1_input=3210000uW curr1_input=636mA in1_input=5047mV
2026-09-30T18:34:14+00:00,2d280c7862041cee1dd36a2ac164af8b7f9dcec3,False,2023.1,,ZynqMP KV260 revB machine-id:a435d1c5,,all,,hw,,,,kria,not read (sensor only),2d280c7862041cee1dd36a2ac164af8b7f9dcec3,,,,sensor_only,1,True,,performance,1333333,"0,1,2",,no-overlay idle reference (before any bitstream load),SOM-rail power (INA260),VCC_SOM,hwmon,/sys/class/hwmon/hwmon2 name=ina260_u14,"{""update_interval_ms"": ""not exposed""}",10.000,9.984,0.2793,0,0,sample_only,282.562055,18.110271,1790793152.444458,2026-09-30T18:32:32.444+00:00,3.210000,0.636000,5.047000,power1_input=3210000uW curr1_input=636mA in1_input=5047mV
2026-09-30T18:34:14+00:00,2d280c7862041cee1dd36a2ac164af8b7f9dcec3,False,2023.1,,ZynqMP KV260 revB machine-id:a435d1c5,,all,,hw,,,,kria,not read (sensor only),2d280c7862041cee1dd36a2ac164af8b7f9dcec3,,,,sensor_only,1,True,,performance,1333333,"0,1,2",,no-overlay idle reference (before any bitstream load),SOM-rail power (INA260),VCC_SOM,hwmon,/sys/class/hwmon/hwmon2 name=ina260_u14,"{""update_interval_ms"": ""not exposed""}",10.000,9.984,0.2793,0,0,sample_only,282.662051,18.210267,1790793152.544454,2026-09-30T18:32:32.544+00:00,3.200000,0.633000,5.046000,power1_input=3200000uW curr1_input=633mA in1_input=5046mV
2026-09-30T18:34:14+00:00,2d280c7862041cee1dd36a2ac164af8b7f9dcec3,False,2023.1,,ZynqMP KV260 revB machine-id:a435d1c5,,all,,hw,,,,kria,not read (sensor only),2d280c7862041cee1dd36a2ac164af8b7f9dcec3,,,,sensor_only,1,True,,performance,1333333,"0,1,2",,no-overlay idle reference (before any bitstream load),SOM-rail power (INA260),VCC_SOM,hwmon,/sys/class/hwmon/hwmon2 name=ina260_u14,"{""update_interval_ms"": ""not exposed""}",10.000,9.984,0.2793,0,0,sample_only,282.762046,18.310263,1790793152.644450,2026-09-30T18:32:32.644+00:00,3.210000,0.637000,5.047000,power1_input=3210000uW curr1_input=637mA in1_input=5047mV
2026-09-30T18:34:14+00:00,2d280c7862041cee1dd36a2ac164af8b7f9dcec3,False,2023.1,,ZynqMP KV260 revB machine-id:a435d1c5,,all,,hw,,,,kria,not read (sensor only),2d280c7862041cee1dd36a2ac164af8b7f9dcec3,,,,sensor_only,1,True,,performance,1333333,"0,1,2",,no-overlay idle reference (before any bitstream load),SOM-rail power (INA260),VCC_SOM,hwmon,/sys/class/hwmon/hwmon2 name=ina260_u14,"{""update_interval_ms"": ""not exposed""}",10.000,9.984,0.2793,0,0,sample_only,282.862073,18.410289,1790793152.744476,2026-09-30T18:32:32.744+00:00,3.200000,0.635000,5.047000,power1_input=3200000uW curr1_input=635mA in1_input=5047mV
2026-09-30T18:34:14+00:00,2d280c7862041cee1dd36a2ac164af8b7f9dcec3,False,2023.1,,ZynqMP KV260 revB machine-id:a435d1c5,,all,,hw,,,,kria,not read (sensor only),2d280c7862041cee1dd36a2ac164af8b7f9dcec3,,,,sensor_only,1,True,,performance,1333333,"0,1,2",,no-overlay idle reference (before any bitstream load),SOM-rail power (INA260),VCC_SOM,hwmon,/sys/class/hwmon/hwmon2 name=ina260_u14,"{""update_interval_ms"": ""not exposed""}",10.000,9.984,0.2793,0,0,sample_only,282.962058,18.510275,1790793152.844462,2026-09-30T18:32:32.844+00:00,3.210000,0.637000,5.047000,power1_input=3210000uW curr1_input=637mA in1_input=5047mV
2026-09-30T18:34:14+00:00,2d280c7862041cee1dd36a2ac164af8b7f9dcec3,False,2023.1,,ZynqMP KV260 revB machine-id:a435d1c5,,all,,hw,,,,kria,not read (sensor only),2d280c7862041cee1dd36a2ac164af8b7f9dcec3,,,,sensor_only,1,True,,performance,1333333,"0,1,2",,no-overlay idle reference (before any bitstream load),SOM-rail power (INA260),VCC_SOM,hwmon,/sys/class/hwmon/hwmon2 name=ina260_u14,"{""update_interval_ms"": ""not exposed""}",10.000,9.984,0.2793,0,0,sample_only,283.062109,18.610326,1790793152.944513,2026-09-30T18:32:32.944+00:00,3.210000,0.636000,5.046000,power1_input=3210000uW curr1_input=636mA in1_input=5046mV
2026-09-30T18:34:14+00:00,2d280c7862041cee1dd36a2ac164af8b7f9dcec3,False,2023.1,,ZynqMP KV260 revB machine-id:a435d1c5,,all,,hw,,,,kria,not read (sensor only),2d280c7862041cee1dd36a2ac164af8b7f9dcec3,,,,sensor_only,1,True,,performance,1333333,"0,1,2",,no-overlay idle reference (before any bitstream load),SOM-rail power (INA260),VCC_SOM,hwmon,/sys/class/hwmon/hwmon2 name=ina260_u14,"{""update_interval_ms"": ""not exposed""}",10.000,9.984,0.2793,0,0,sample_only,283.162121,18.710337,1790793153.044524,2026-09-30T18:32:33.044+00:00,3.210000,0.637000,5.046000,power1_input=3210000uW curr1_input=637mA in1_input=5046mV
2026-09-30T18:34:14+00:00,2d280c7862041cee1dd36a2ac164af8b7f9dcec3,False,2023.1,,ZynqMP KV260 revB machine-id:a435d1c5,,all,,hw,,,,kria,not read (sensor only),2d280c7862041cee1dd36a2ac164af8b7f9dcec3,,,,sensor_only,1,True,,performance,1333333,"0,1,2",,no-overlay idle reference (before any bitstream load),SOM-rail power (INA260),VCC_SOM,hwmon,/sys/class/hwmon/hwmon2 name=ina260_u14,"{""update_interval_ms"": ""not exposed""}",10.000,9.984,0.2793,0,0,sample_only,283.262058,18.810274,1790793153.144461,2026-09-30T18:32:33.144+00:00,3.220000,0.638000,5.047000,power1_input=3220000uW curr1_input=638mA in1_input=5047mV
2026-09-30T18:34:14+00:00,2d280c7862041cee1dd36a2ac164af8b7f9dcec3,False,2023.1,,ZynqMP KV260 revB machine-id:a435d1c5,,all,,hw,,,,kria,not read (sensor only),2d280c7862041cee1dd36a2ac164af8b7f9dcec3,,,,sensor_only,1,True,,performance,1333333,"0,1,2",,no-overlay idle reference (before any bitstream load),SOM-rail power (INA260),VCC_SOM,hwmon,/sys/class/hwmon/hwmon2 name=ina260_u14,"{""update_interval_ms"": ""not exposed""}",10.000,9.984,0.2793,0,0,sample_only,283.362054,18.910270,1790793153.244457,2026-09-30T18:32:33.244+00:00,3.230000,0.640000,5.047000,power1_input=3230000uW curr1_input=640mA in1_input=5047mV
2026-09-30T18:34:14+00:00,2d280c7862041cee1dd36a2ac164af8b7f9dcec3,False,2023.1,,ZynqMP KV260 revB machine-id:a435d1c5,,all,,hw,,,,kria,not read (sensor only),2d280c7862041cee1dd36a2ac164af8b7f9dcec3,,,,sensor_only,1,True,,performance,1333333,"0,1,2",,no-overlay idle reference (before any bitstream load),SOM-rail power (INA260),VCC_SOM,hwmon,/sys/class/hwmon/hwmon2 name=ina260_u14,"{""update_interval_ms"": ""not exposed""}",10.000,9.984,0.2793,0,0,sample_only,283.462184,19.010400,1790793153.344589,2026-09-30T18:32:33.344+00:00,3.200000,0.633000,5.046000,power1_input=3200000uW curr1_input=633mA in1_input=5046mV
2026-09-30T18:34:14+00:00,2d280c7862041cee1dd36a2ac164af8b7f9dcec3,False,2023.1,,ZynqMP KV260 revB machine-id:a435d1c5,,all,,hw,,,,kria,not read (sensor only),2d280c7862041cee1dd36a2ac164af8b7f9dcec3,,,,sensor_only,1,True,,performance,1333333,"0,1,2",,no-overlay idle reference (before any bitstream load),SOM-rail power (INA260),VCC_SOM,hwmon,/sys/class/hwmon/hwmon2 name=ina260_u14,"{""update_interval_ms"": ""not exposed""}",10.000,9.984,0.2793,0,0,sample_only,283.562066,19.110282,1790793153.444470,2026-09-30T18:32:33.444+00:00,3.210000,0.636000,5.047000,power1_input=3210000uW curr1_input=636mA in1_input=5047mV
2026-09-30T18:34:14+00:00,2d280c7862041cee1dd36a2ac164af8b7f9dcec3,False,2023.1,,ZynqMP KV260 revB machine-id:a435d1c5,,all,,hw,,,,kria,not read (sensor only),2d280c7862041cee1dd36a2ac164af8b7f9dcec3,,,,sensor_only,1,True,,performance,1333333,"0,1,2",,no-overlay idle reference (before any bitstream load),SOM-rail power (INA260),VCC_SOM,hwmon,/sys/class/hwmon/hwmon2 name=ina260_u14,"{""update_interval_ms"": ""not exposed""}",10.000,9.984,0.2793,0,0,sample_only,283.662062,19.210279,1790793153.544466,2026-09-30T18:32:33.544+00:00,3.230000,0.638000,5.046000,power1_input=3230000uW curr1_input=638mA in1_input=5046mV
2026-09-30T18:34:14+00:00,2d280c7862041cee1dd36a2ac164af8b7f9dcec3,False,2023.1,,ZynqMP KV260 revB machine-id:a435d1c5,,all,,hw,,,,kria,not read (sensor only),2d280c7862041cee1dd36a2ac164af8b7f9dcec3,,,,sensor_only,1,True,,performance,1333333,"0,1,2",,no-overlay idle reference (before any bitstream load),SOM-rail power (INA260),VCC_SOM,hwmon,/sys/class/hwmon/hwmon2 name=ina260_u14,"{""update_interval_ms"": ""not exposed""}",10.000,9.984,0.2793,0,0,sample_only,283.762052,19.310268,1790793153.644455,2026-09-30T18:32:33.644+00:00,3.210000,0.636000,5.047000,power1_input=3210000uW curr1_input=636mA in1_input=5047mV
2026-09-30T18:34:14+00:00,2d280c7862041cee1dd36a2ac164af8b7f9dcec3,False,2023.1,,ZynqMP KV260 revB machine-id:a435d1c5,,all,,hw,,,,kria,not read (sensor only),2d280c7862041cee1dd36a2ac164af8b7f9dcec3,,,,sensor_only,1,True,,performance,1333333,"0,1,2",,no-overlay idle reference (before any bitstream load),SOM-rail power (INA260),VCC_SOM,hwmon,/sys/class/hwmon/hwmon2 name=ina260_u14,"{""update_interval_ms"": ""not exposed""}",10.000,9.984,0.2793,0,0,sample_only,283.862068,19.410285,1790793153.744472,2026-09-30T18:32:33.744+00:00,3.200000,0.635000,5.047000,power1_input=3200000uW curr1_input=635mA in1_input=5047mV
2026-09-30T18:34:14+00:00,2d280c7862041cee1dd36a2ac164af8b7f9dcec3,False,2023.1,,ZynqMP KV260 revB machine-id:a435d1c5,,all,,hw,,,,kria,not read (sensor only),2d280c7862041cee1dd36a2ac164af8b7f9dcec3,,,,sensor_only,1,True,,performance,1333333,"0,1,2",,no-overlay idle reference (before any bitstream load),SOM-rail power (INA260),VCC_SOM,hwmon,/sys/class/hwmon/hwmon2 name=ina260_u14,"{""update_interval_ms"": ""not exposed""}",10.000,9.984,0.2793,0,0,sample_only,283.962054,19.510271,1790793153.844458,2026-09-30T18:32:33.844+00:00,3.200000,0.640000,5.047000,power1_input=3200000uW curr1_input=640mA in1_input=5047mV
2026-09-30T18:34:14+00:00,2d280c7862041cee1dd36a2ac164af8b7f9dcec3,False,2023.1,,ZynqMP KV260 revB machine-id:a435d1c5,,all,,hw,,,,kria,not read (sensor only),2d280c7862041cee1dd36a2ac164af8b7f9dcec3,,,,sensor_only,1,True,,performance,1333333,"0,1,2",,no-overlay idle reference (before any bitstream load),SOM-rail power (INA260),VCC_SOM,hwmon,/sys/class/hwmon/hwmon2 name=ina260_u14,"{""update_interval_ms"": ""not exposed""}",10.000,9.984,0.2793,0,0,sample_only,284.062052,19.610268,1790793153.944455,2026-09-30T18:32:33.944+00:00,3.210000,0.636000,5.047000,power1_input=3210000uW curr1_input=636mA in1_input=5047mV
2026-09-30T18:34:14+00:00,2d280c7862041cee1dd36a2ac164af8b7f9dcec3,False,2023.1,,ZynqMP KV260 revB machine-id:a435d1c5,,all,,hw,,,,kria,not read (sensor only),2d280c7862041cee1dd36a2ac164af8b7f9dcec3,,,,sensor_only,1,True,,performance,1333333,"0,1,2",,no-overlay idle reference (before any bitstream load),SOM-rail power (INA260),VCC_SOM,hwmon,/sys/class/hwmon/hwmon2 name=ina260_u14,"{""update_interval_ms"": ""not exposed""}",10.000,9.984,0.2793,0,0,sample_only,284.162137,19.710354,1790793154.044542,2026-09-30T18:32:34.044+00:00,3.550000,0.703000,5.047000,power1_input=3550000uW curr1_input=703mA in1_input=5047mV
2026-09-30T18:34:14+00:00,2d280c7862041cee1dd36a2ac164af8b7f9dcec3,False,2023.1,,ZynqMP KV260 revB machine-id:a435d1c5,,all,,hw,,,,kria,not read (sensor only),2d280c7862041cee1dd36a2ac164af8b7f9dcec3,,,,sensor_only,1,True,,performance,1333333,"0,1,2",,no-overlay idle reference (before any bitstream load),SOM-rail power (INA260),VCC_SOM,hwmon,/sys/class/hwmon/hwmon2 name=ina260_u14,"{""update_interval_ms"": ""not exposed""}",10.000,9.984,0.2793,0,0,sample_only,284.262066,19.810282,1790793154.144469,2026-09-30T18:32:34.144+00:00,3.210000,0.636000,5.047000,power1_input=3210000uW curr1_input=636mA in1_input=5047mV
2026-09-30T18:34:14+00:00,2d280c7862041cee1dd36a2ac164af8b7f9dcec3,False,2023.1,,ZynqMP KV260 revB machine-id:a435d1c5,,all,,hw,,,,kria,not read (sensor only),2d280c7862041cee1dd36a2ac164af8b7f9dcec3,,,,sensor_only,1,True,,performance,1333333,"0,1,2",,no-overlay idle reference (before any bitstream load),SOM-rail power (INA260),VCC_SOM,hwmon,/sys/class/hwmon/hwmon2 name=ina260_u14,"{""update_interval_ms"": ""not exposed""}",10.000,9.984,0.2793,0,0,sample_only,284.362077,19.910293,1790793154.244481,2026-09-30T18:32:34.244+00:00,3.210000,0.637000,5.047000,power1_input=3210000uW curr1_input=637mA in1_input=5047mV
2026-09-30T18:34:14+00:00,2d280c7862041cee1dd36a2ac164af8b7f9dcec3,False,2023.1,,ZynqMP KV260 revB machine-id:a435d1c5,,all,,hw,,,,kria,not read (sensor only),2d280c7862041cee1dd36a2ac164af8b7f9dcec3,,,,sensor_only,1,True,,performance,1333333,"0,1,2",,no-overlay idle reference (before any bitstream load),SOM-rail power (INA260),VCC_SOM,hwmon,/sys/class/hwmon/hwmon2 name=ina260_u14,"{""update_interval_ms"": ""not exposed""}",10.000,9.984,0.2793,0,0,sample_only,284.462054,20.010270,1790793154.344457,2026-09-30T18:32:34.344+00:00,3.200000,0.635000,5.047000,power1_input=3200000uW curr1_input=635mA in1_input=5047mV
2026-09-30T18:34:14+00:00,2d280c7862041cee1dd36a2ac164af8b7f9dcec3,False,2023.1,,ZynqMP KV260 revB machine-id:a435d1c5,,all,,hw,,,,kria,not read (sensor only),2d280c7862041cee1dd36a2ac164af8b7f9dcec3,,,,sensor_only,1,True,,performance,1333333,"0,1,2",,no-overlay idle reference (before any bitstream load),SOM-rail power (INA260),VCC_SOM,hwmon,/sys/class/hwmon/hwmon2 name=ina260_u14,"{""update_interval_ms"": ""not exposed""}",10.000,9.984,0.2793,0,0,sample_only,284.562048,20.110265,1790793154.444452,2026-09-30T18:32:34.444+00:00,3.230000,0.640000,5.046000,power1_input=3230000uW curr1_input=640mA in1_input=5046mV
2026-09-30T18:34:14+00:00,2d280c7862041cee1dd36a2ac164af8b7f9dcec3,False,2023.1,,ZynqMP KV260 revB machine-id:a435d1c5,,all,,hw,,,,kria,not read (sensor only),2d280c7862041cee1dd36a2ac164af8b7f9dcec3,,,,sensor_only,1,True,,performance,1333333,"0,1,2",,no-overlay idle reference (before any bitstream load),SOM-rail power (INA260),VCC_SOM,hwmon,/sys/class/hwmon/hwmon2 name=ina260_u14,"{""update_interval_ms"": ""not exposed""}",10.000,9.984,0.2793,0,0,sample_only,284.662098,20.210314,1790793154.544502,2026-09-30T18:32:34.544+00:00,3.200000,0.633000,5.046000,power1_input=3200000uW curr1_input=633mA in1_input=5046mV
2026-09-30T18:34:14+00:00,2d280c7862041cee1dd36a2ac164af8b7f9dcec3,False,2023.1,,ZynqMP KV260 revB machine-id:a435d1c5,,all,,hw,,,,kria,not read (sensor only),2d280c7862041cee1dd36a2ac164af8b7f9dcec3,,,,sensor_only,1,True,,performance,1333333,"0,1,2",,no-overlay idle reference (before any bitstream load),SOM-rail power (INA260),VCC_SOM,hwmon,/sys/class/hwmon/hwmon2 name=ina260_u14,"{""update_interval_ms"": ""not exposed""}",10.000,9.984,0.2793,0,0,sample_only,284.762094,20.310310,1790793154.644497,2026-09-30T18:32:34.644+00:00,3.210000,0.636000,5.046000,power1_input=3210000uW curr1_input=636mA in1_input=5046mV
2026-09-30T18:34:14+00:00,2d280c7862041cee1dd36a2ac164af8b7f9dcec3,False,2023.1,,ZynqMP KV260 revB machine-id:a435d1c5,,all,,hw,,,,kria,not read (sensor only),2d280c7862041cee1dd36a2ac164af8b7f9dcec3,,,,sensor_only,1,True,,performance,1333333,"0,1,2",,no-overlay idle reference (before any bitstream load),SOM-rail power (INA260),VCC_SOM,hwmon,/sys/class/hwmon/hwmon2 name=ina260_u14,"{""update_interval_ms"": ""not exposed""}",10.000,9.984,0.2793,0,0,sample_only,284.862100,20.410316,1790793154.744503,2026-09-30T18:32:34.744+00:00,3.210000,0.637000,5.047000,power1_input=3210000uW curr1_input=637mA in1_input=5047mV
2026-09-30T18:34:14+00:00,2d280c7862041cee1dd36a2ac164af8b7f9dcec3,False,2023.1,,ZynqMP KV260 revB machine-id:a435d1c5,,all,,hw,,,,kria,not read (sensor only),2d280c7862041cee1dd36a2ac164af8b7f9dcec3,,,,sensor_only,1,True,,performance,1333333,"0,1,2",,no-overlay idle reference (before any bitstream load),SOM-rail power (INA260),VCC_SOM,hwmon,/sys/class/hwmon/hwmon2 name=ina260_u14,"{""update_interval_ms"": ""not exposed""}",10.000,9.984,0.2793,0,0,sample_only,284.962111,20.510327,1790793154.844515,2026-09-30T18:32:34.844+00:00,3.200000,0.635000,5.047000,power1_input=3200000uW curr1_input=635mA in1_input=5047mV
2026-09-30T18:34:14+00:00,2d280c7862041cee1dd36a2ac164af8b7f9dcec3,False,2023.1,,ZynqMP KV260 revB machine-id:a435d1c5,,all,,hw,,,,kria,not read (sensor only),2d280c7862041cee1dd36a2ac164af8b7f9dcec3,,,,sensor_only,1,True,,performance,1333333,"0,1,2",,no-overlay idle reference (before any bitstream load),SOM-rail power (INA260),VCC_SOM,hwmon,/sys/class/hwmon/hwmon2 name=ina260_u14,"{""update_interval_ms"": ""not exposed""}",10.000,9.984,0.2793,0,0,sample_only,285.062048,20.610264,1790793154.944451,2026-09-30T18:32:34.944+00:00,3.200000,0.633000,5.047000,power1_input=3200000uW curr1_input=633mA in1_input=5047mV
2026-09-30T18:34:14+00:00,2d280c7862041cee1dd36a2ac164af8b7f9dcec3,False,2023.1,,ZynqMP KV260 revB machine-id:a435d1c5,,all,,hw,,,,kria,not read (sensor only),2d280c7862041cee1dd36a2ac164af8b7f9dcec3,,,,sensor_only,1,True,,performance,1333333,"0,1,2",,no-overlay idle reference (before any bitstream load),SOM-rail power (INA260),VCC_SOM,hwmon,/sys/class/hwmon/hwmon2 name=ina260_u14,"{""update_interval_ms"": ""not exposed""}",10.000,9.984,0.2793,0,0,sample_only,285.162054,20.710271,1790793155.044458,2026-09-30T18:32:35.044+00:00,3.210000,0.636000,5.047000,power1_input=3210000uW curr1_input=636mA in1_input=5047mV
2026-09-30T18:34:14+00:00,2d280c7862041cee1dd36a2ac164af8b7f9dcec3,False,2023.1,,ZynqMP KV260 revB machine-id:a435d1c5,,all,,hw,,,,kria,not read (sensor only),2d280c7862041cee1dd36a2ac164af8b7f9dcec3,,,,sensor_only,1,True,,performance,1333333,"0,1,2",,no-overlay idle reference (before any bitstream load),SOM-rail power (INA260),VCC_SOM,hwmon,/sys/class/hwmon/hwmon2 name=ina260_u14,"{""update_interval_ms"": ""not exposed""}",10.000,9.984,0.2793,0,0,sample_only,285.262050,20.810267,1790793155.144453,2026-09-30T18:32:35.144+00:00,3.200000,0.636000,5.047000,power1_input=3200000uW curr1_input=636mA in1_input=5047mV
2026-09-30T18:34:14+00:00,2d280c7862041cee1dd36a2ac164af8b7f9dcec3,False,2023.1,,ZynqMP KV260 revB machine-id:a435d1c5,,all,,hw,,,,kria,not read (sensor only),2d280c7862041cee1dd36a2ac164af8b7f9dcec3,,,,sensor_only,1,True,,performance,1333333,"0,1,2",,no-overlay idle reference (before any bitstream load),SOM-rail power (INA260),VCC_SOM,hwmon,/sys/class/hwmon/hwmon2 name=ina260_u14,"{""update_interval_ms"": ""not exposed""}",10.000,9.984,0.2793,0,0,sample_only,285.362052,20.910268,1790793155.244455,2026-09-30T18:32:35.244+00:00,3.210000,0.640000,5.047000,power1_input=3210000uW curr1_input=640mA in1_input=5047mV
2026-09-30T18:34:14+00:00,2d280c7862041cee1dd36a2ac164af8b7f9dcec3,False,2023.1,,ZynqMP KV260 revB machine-id:a435d1c5,,all,,hw,,,,kria,not read (sensor only),2d280c7862041cee1dd36a2ac164af8b7f9dcec3,,,,sensor_only,1,True,,performance,1333333,"0,1,2",,no-overlay idle reference (before any bitstream load),SOM-rail power (INA260),VCC_SOM,hwmon,/sys/class/hwmon/hwmon2 name=ina260_u14,"{""update_interval_ms"": ""not exposed""}",10.000,9.984,0.2793,0,0,sample_only,285.462055,21.010272,1790793155.344459,2026-09-30T18:32:35.344+00:00,3.230000,0.640000,5.047000,power1_input=3230000uW curr1_input=640mA in1_input=5047mV
2026-09-30T18:34:14+00:00,2d280c7862041cee1dd36a2ac164af8b7f9dcec3,False,2023.1,,ZynqMP KV260 revB machine-id:a435d1c5,,all,,hw,,,,kria,not read (sensor only),2d280c7862041cee1dd36a2ac164af8b7f9dcec3,,,,sensor_only,1,True,,performance,1333333,"0,1,2",,no-overlay idle reference (before any bitstream load),SOM-rail power (INA260),VCC_SOM,hwmon,/sys/class/hwmon/hwmon2 name=ina260_u14,"{""update_interval_ms"": ""not exposed""}",10.000,9.984,0.2793,0,0,sample_only,285.562051,21.110267,1790793155.444454,2026-09-30T18:32:35.444+00:00,3.210000,0.636000,5.047000,power1_input=3210000uW curr1_input=636mA in1_input=5047mV
2026-09-30T18:34:14+00:00,2d280c7862041cee1dd36a2ac164af8b7f9dcec3,False,2023.1,,ZynqMP KV260 revB machine-id:a435d1c5,,all,,hw,,,,kria,not read (sensor only),2d280c7862041cee1dd36a2ac164af8b7f9dcec3,,,,sensor_only,1,True,,performance,1333333,"0,1,2",,no-overlay idle reference (before any bitstream load),SOM-rail power (INA260),VCC_SOM,hwmon,/sys/class/hwmon/hwmon2 name=ina260_u14,"{""update_interval_ms"": ""not exposed""}",10.000,9.984,0.2793,0,0,sample_only,285.662116,21.210332,1790793155.544519,2026-09-30T18:32:35.544+00:00,3.210000,0.640000,5.047000,power1_input=3210000uW curr1_input=640mA in1_input=5047mV
2026-09-30T18:34:14+00:00,2d280c7862041cee1dd36a2ac164af8b7f9dcec3,False,2023.1,,ZynqMP KV260 revB machine-id:a435d1c5,,all,,hw,,,,kria,not read (sensor only),2d280c7862041cee1dd36a2ac164af8b7f9dcec3,,,,sensor_only,1,True,,performance,1333333,"0,1,2",,no-overlay idle reference (before any bitstream load),SOM-rail power (INA260),VCC_SOM,hwmon,/sys/class/hwmon/hwmon2 name=ina260_u14,"{""update_interval_ms"": ""not exposed""}",10.000,9.984,0.2793,0,0,sample_only,285.762056,21.310272,1790793155.644459,2026-09-30T18:32:35.644+00:00,3.210000,0.636000,5.047000,power1_input=3210000uW curr1_input=636mA in1_input=5047mV
2026-09-30T18:34:14+00:00,2d280c7862041cee1dd36a2ac164af8b7f9dcec3,False,2023.1,,ZynqMP KV260 revB machine-id:a435d1c5,,all,,hw,,,,kria,not read (sensor only),2d280c7862041cee1dd36a2ac164af8b7f9dcec3,,,,sensor_only,1,True,,performance,1333333,"0,1,2",,no-overlay idle reference (before any bitstream load),SOM-rail power (INA260),VCC_SOM,hwmon,/sys/class/hwmon/hwmon2 name=ina260_u14,"{""update_interval_ms"": ""not exposed""}",10.000,9.984,0.2793,0,0,sample_only,285.862062,21.410279,1790793155.744466,2026-09-30T18:32:35.744+00:00,3.220000,0.637000,5.047000,power1_input=3220000uW curr1_input=637mA in1_input=5047mV
2026-09-30T18:34:14+00:00,2d280c7862041cee1dd36a2ac164af8b7f9dcec3,False,2023.1,,ZynqMP KV260 revB machine-id:a435d1c5,,all,,hw,,,,kria,not read (sensor only),2d280c7862041cee1dd36a2ac164af8b7f9dcec3,,,,sensor_only,1,True,,performance,1333333,"0,1,2",,no-overlay idle reference (before any bitstream load),SOM-rail power (INA260),VCC_SOM,hwmon,/sys/class/hwmon/hwmon2 name=ina260_u14,"{""update_interval_ms"": ""not exposed""}",10.000,9.984,0.2793,0,0,sample_only,285.962072,21.510288,1790793155.844475,2026-09-30T18:32:35.844+00:00,3.220000,0.637000,5.047000,power1_input=3220000uW curr1_input=637mA in1_input=5047mV
2026-09-30T18:34:14+00:00,2d280c7862041cee1dd36a2ac164af8b7f9dcec3,False,2023.1,,ZynqMP KV260 revB machine-id:a435d1c5,,all,,hw,,,,kria,not read (sensor only),2d280c7862041cee1dd36a2ac164af8b7f9dcec3,,,,sensor_only,1,True,,performance,1333333,"0,1,2",,no-overlay idle reference (before any bitstream load),SOM-rail power (INA260),VCC_SOM,hwmon,/sys/class/hwmon/hwmon2 name=ina260_u14,"{""update_interval_ms"": ""not exposed""}",10.000,9.984,0.2793,0,0,sample_only,286.062058,21.610275,1790793155.944462,2026-09-30T18:32:35.944+00:00,3.200000,0.635000,5.047000,power1_input=3200000uW curr1_input=635mA in1_input=5047mV
2026-09-30T18:34:14+00:00,2d280c7862041cee1dd36a2ac164af8b7f9dcec3,False,2023.1,,ZynqMP KV260 revB machine-id:a435d1c5,,all,,hw,,,,kria,not read (sensor only),2d280c7862041cee1dd36a2ac164af8b7f9dcec3,,,,sensor_only,1,True,,performance,1333333,"0,1,2",,no-overlay idle reference (before any bitstream load),SOM-rail power (INA260),VCC_SOM,hwmon,/sys/class/hwmon/hwmon2 name=ina260_u14,"{""update_interval_ms"": ""not exposed""}",10.000,9.984,0.2793,0,0,sample_only,286.162053,21.710270,1790793156.044457,2026-09-30T18:32:36.044+00:00,3.210000,0.636000,5.047000,power1_input=3210000uW curr1_input=636mA in1_input=5047mV
2026-09-30T18:34:14+00:00,2d280c7862041cee1dd36a2ac164af8b7f9dcec3,False,2023.1,,ZynqMP KV260 revB machine-id:a435d1c5,,all,,hw,,,,kria,not read (sensor only),2d280c7862041cee1dd36a2ac164af8b7f9dcec3,,,,sensor_only,1,True,,performance,1333333,"0,1,2",,no-overlay idle reference (before any bitstream load),SOM-rail power (INA260),VCC_SOM,hwmon,/sys/class/hwmon/hwmon2 name=ina260_u14,"{""update_interval_ms"": ""not exposed""}",10.000,9.984,0.2793,0,0,sample_only,286.262049,21.810265,1790793156.144452,2026-09-30T18:32:36.144+00:00,3.200000,0.636000,5.047000,power1_input=3200000uW curr1_input=636mA in1_input=5047mV
2026-09-30T18:34:14+00:00,2d280c7862041cee1dd36a2ac164af8b7f9dcec3,False,2023.1,,ZynqMP KV260 revB machine-id:a435d1c5,,all,,hw,,,,kria,not read (sensor only),2d280c7862041cee1dd36a2ac164af8b7f9dcec3,,,,sensor_only,1,True,,performance,1333333,"0,1,2",,no-overlay idle reference (before any bitstream load),SOM-rail power (INA260),VCC_SOM,hwmon,/sys/class/hwmon/hwmon2 name=ina260_u14,"{""update_interval_ms"": ""not exposed""}",10.000,9.984,0.2793,0,0,sample_only,286.362050,21.910266,1790793156.244453,2026-09-30T18:32:36.244+00:00,3.200000,0.638000,5.046000,power1_input=3200000uW curr1_input=638mA in1_input=5046mV
2026-09-30T18:34:14+00:00,2d280c7862041cee1dd36a2ac164af8b7f9dcec3,False,2023.1,,ZynqMP KV260 revB machine-id:a435d1c5,,all,,hw,,,,kria,not read (sensor only),2d280c7862041cee1dd36a2ac164af8b7f9dcec3,,,,sensor_only,1,True,,performance,1333333,"0,1,2",,no-overlay idle reference (before any bitstream load),SOM-rail power (INA260),VCC_SOM,hwmon,/sys/class/hwmon/hwmon2 name=ina260_u14,"{""update_interval_ms"": ""not exposed""}",10.000,9.984,0.2793,0,0,sample_only,286.462065,22.010282,1790793156.344469,2026-09-30T18:32:36.344+00:00,3.210000,0.637000,5.046000,power1_input=3210000uW curr1_input=637mA in1_input=5046mV
2026-09-30T18:34:14+00:00,2d280c7862041cee1dd36a2ac164af8b7f9dcec3,False,2023.1,,ZynqMP KV260 revB machine-id:a435d1c5,,all,,hw,,,,kria,not read (sensor only),2d280c7862041cee1dd36a2ac164af8b7f9dcec3,,,,sensor_only,1,True,,performance,1333333,"0,1,2",,no-overlay idle reference (before any bitstream load),SOM-rail power (INA260),VCC_SOM,hwmon,/sys/class/hwmon/hwmon2 name=ina260_u14,"{""update_interval_ms"": ""not exposed""}",10.000,9.984,0.2793,0,0,sample_only,286.562127,22.110343,1790793156.444531,2026-09-30T18:32:36.444+00:00,3.210000,0.636000,5.046000,power1_input=3210000uW curr1_input=636mA in1_input=5046mV
2026-09-30T18:34:14+00:00,2d280c7862041cee1dd36a2ac164af8b7f9dcec3,False,2023.1,,ZynqMP KV260 revB machine-id:a435d1c5,,all,,hw,,,,kria,not read (sensor only),2d280c7862041cee1dd36a2ac164af8b7f9dcec3,,,,sensor_only,1,True,,performance,1333333,"0,1,2",,no-overlay idle reference (before any bitstream load),SOM-rail power (INA260),VCC_SOM,hwmon,/sys/class/hwmon/hwmon2 name=ina260_u14,"{""update_interval_ms"": ""not exposed""}",10.000,9.984,0.2793,0,0,sample_only,286.662082,22.210298,1790793156.544486,2026-09-30T18:32:36.544+00:00,3.210000,0.641000,5.046000,power1_input=3210000uW curr1_input=641mA in1_input=5046mV
2026-09-30T18:34:14+00:00,2d280c7862041cee1dd36a2ac164af8b7f9dcec3,False,2023.1,,ZynqMP KV260 revB machine-id:a435d1c5,,all,,hw,,,,kria,not read (sensor only),2d280c7862041cee1dd36a2ac164af8b7f9dcec3,,,,sensor_only,1,True,,performance,1333333,"0,1,2",,no-overlay idle reference (before any bitstream load),SOM-rail power (INA260),VCC_SOM,hwmon,/sys/class/hwmon/hwmon2 name=ina260_u14,"{""update_interval_ms"": ""not exposed""}",10.000,9.984,0.2793,0,0,sample_only,286.762062,22.310278,1790793156.644465,2026-09-30T18:32:36.644+00:00,3.210000,0.636000,5.047000,power1_input=3210000uW curr1_input=636mA in1_input=5047mV
2026-09-30T18:34:14+00:00,2d280c7862041cee1dd36a2ac164af8b7f9dcec3,False,2023.1,,ZynqMP KV260 revB machine-id:a435d1c5,,all,,hw,,,,kria,not read (sensor only),2d280c7862041cee1dd36a2ac164af8b7f9dcec3,,,,sensor_only,1,True,,performance,1333333,"0,1,2",,no-overlay idle reference (before any bitstream load),SOM-rail power (INA260),VCC_SOM,hwmon,/sys/class/hwmon/hwmon2 name=ina260_u14,"{""update_interval_ms"": ""not exposed""}",10.000,9.984,0.2793,0,0,sample_only,286.862068,22.410284,1790793156.744472,2026-09-30T18:32:36.744+00:00,3.230000,0.640000,5.047000,power1_input=3230000uW curr1_input=640mA in1_input=5047mV
2026-09-30T18:34:14+00:00,2d280c7862041cee1dd36a2ac164af8b7f9dcec3,False,2023.1,,ZynqMP KV260 revB machine-id:a435d1c5,,all,,hw,,,,kria,not read (sensor only),2d280c7862041cee1dd36a2ac164af8b7f9dcec3,,,,sensor_only,1,True,,performance,1333333,"0,1,2",,no-overlay idle reference (before any bitstream load),SOM-rail power (INA260),VCC_SOM,hwmon,/sys/class/hwmon/hwmon2 name=ina260_u14,"{""update_interval_ms"": ""not exposed""}",10.000,9.984,0.2793,0,0,sample_only,286.962056,22.510273,1790793156.844460,2026-09-30T18:32:36.844+00:00,3.200000,0.635000,5.047000,power1_input=3200000uW curr1_input=635mA in1_input=5047mV
2026-09-30T18:34:14+00:00,2d280c7862041cee1dd36a2ac164af8b7f9dcec3,False,2023.1,,ZynqMP KV260 revB machine-id:a435d1c5,,all,,hw,,,,kria,not read (sensor only),2d280c7862041cee1dd36a2ac164af8b7f9dcec3,,,,sensor_only,1,True,,performance,1333333,"0,1,2",,no-overlay idle reference (before any bitstream load),SOM-rail power (INA260),VCC_SOM,hwmon,/sys/class/hwmon/hwmon2 name=ina260_u14,"{""update_interval_ms"": ""not exposed""}",10.000,9.984,0.2793,0,0,sample_only,287.062049,22.610265,1790793156.944452,2026-09-30T18:32:36.944+00:00,3.210000,0.635000,5.047000,power1_input=3210000uW curr1_input=635mA in1_input=5047mV
2026-09-30T18:34:14+00:00,2d280c7862041cee1dd36a2ac164af8b7f9dcec3,False,2023.1,,ZynqMP KV260 revB machine-id:a435d1c5,,all,,hw,,,,kria,not read (sensor only),2d280c7862041cee1dd36a2ac164af8b7f9dcec3,,,,sensor_only,1,True,,performance,1333333,"0,1,2",,no-overlay idle reference (before any bitstream load),SOM-rail power (INA260),VCC_SOM,hwmon,/sys/class/hwmon/hwmon2 name=ina260_u14,"{""update_interval_ms"": ""not exposed""}",10.000,9.984,0.2793,0,0,sample_only,287.162054,22.710270,1790793157.044457,2026-09-30T18:32:37.044+00:00,3.230000,0.638000,5.047000,power1_input=3230000uW curr1_input=638mA in1_input=5047mV
2026-09-30T18:34:14+00:00,2d280c7862041cee1dd36a2ac164af8b7f9dcec3,False,2023.1,,ZynqMP KV260 revB machine-id:a435d1c5,,all,,hw,,,,kria,not read (sensor only),2d280c7862041cee1dd36a2ac164af8b7f9dcec3,,,,sensor_only,1,True,,performance,1333333,"0,1,2",,no-overlay idle reference (before any bitstream load),SOM-rail power (INA260),VCC_SOM,hwmon,/sys/class/hwmon/hwmon2 name=ina260_u14,"{""update_interval_ms"": ""not exposed""}",10.000,9.984,0.2793,0,0,sample_only,287.262049,22.810265,1790793157.144452,2026-09-30T18:32:37.144+00:00,3.210000,0.636000,5.047000,power1_input=3210000uW curr1_input=636mA in1_input=5047mV
2026-09-30T18:34:14+00:00,2d280c7862041cee1dd36a2ac164af8b7f9dcec3,False,2023.1,,ZynqMP KV260 revB machine-id:a435d1c5,,all,,hw,,,,kria,not read (sensor only),2d280c7862041cee1dd36a2ac164af8b7f9dcec3,,,,sensor_only,1,True,,performance,1333333,"0,1,2",,no-overlay idle reference (before any bitstream load),SOM-rail power (INA260),VCC_SOM,hwmon,/sys/class/hwmon/hwmon2 name=ina260_u14,"{""update_interval_ms"": ""not exposed""}",10.000,9.984,0.2793,0,0,sample_only,287.362099,22.910316,1790793157.244503,2026-09-30T18:32:37.244+00:00,3.210000,0.637000,5.047000,power1_input=3210000uW curr1_input=637mA in1_input=5047mV
2026-09-30T18:34:14+00:00,2d280c7862041cee1dd36a2ac164af8b7f9dcec3,False,2023.1,,ZynqMP KV260 revB machine-id:a435d1c5,,all,,hw,,,,kria,not read (sensor only),2d280c7862041cee1dd36a2ac164af8b7f9dcec3,,,,sensor_only,1,True,,performance,1333333,"0,1,2",,no-overlay idle reference (before any bitstream load),SOM-rail power (INA260),VCC_SOM,hwmon,/sys/class/hwmon/hwmon2 name=ina260_u14,"{""update_interval_ms"": ""not exposed""}",10.000,9.984,0.2793,0,0,sample_only,287.462093,23.010309,1790793157.344496,2026-09-30T18:32:37.344+00:00,3.210000,0.636000,5.047000,power1_input=3210000uW curr1_input=636mA in1_input=5047mV
2026-09-30T18:34:14+00:00,2d280c7862041cee1dd36a2ac164af8b7f9dcec3,False,2023.1,,ZynqMP KV260 revB machine-id:a435d1c5,,all,,hw,,,,kria,not read (sensor only),2d280c7862041cee1dd36a2ac164af8b7f9dcec3,,,,sensor_only,1,True,,performance,1333333,"0,1,2",,no-overlay idle reference (before any bitstream load),SOM-rail power (INA260),VCC_SOM,hwmon,/sys/class/hwmon/hwmon2 name=ina260_u14,"{""update_interval_ms"": ""not exposed""}",10.000,9.984,0.2793,0,0,sample_only,287.562044,23.110260,1790793157.444447,2026-09-30T18:32:37.444+00:00,3.200000,0.635000,5.047000,power1_input=3200000uW curr1_input=635mA in1_input=5047mV
2026-09-30T18:34:14+00:00,2d280c7862041cee1dd36a2ac164af8b7f9dcec3,False,2023.1,,ZynqMP KV260 revB machine-id:a435d1c5,,all,,hw,,,,kria,not read (sensor only),2d280c7862041cee1dd36a2ac164af8b7f9dcec3,,,,sensor_only,1,True,,performance,1333333,"0,1,2",,no-overlay idle reference (before any bitstream load),SOM-rail power (INA260),VCC_SOM,hwmon,/sys/class/hwmon/hwmon2 name=ina260_u14,"{""update_interval_ms"": ""not exposed""}",10.000,9.984,0.2793,0,0,sample_only,287.662052,23.210268,1790793157.544455,2026-09-30T18:32:37.544+00:00,3.200000,0.635000,5.047000,power1_input=3200000uW curr1_input=635mA in1_input=5047mV
2026-09-30T18:34:14+00:00,2d280c7862041cee1dd36a2ac164af8b7f9dcec3,False,2023.1,,ZynqMP KV260 revB machine-id:a435d1c5,,all,,hw,,,,kria,not read (sensor only),2d280c7862041cee1dd36a2ac164af8b7f9dcec3,,,,sensor_only,1,True,,performance,1333333,"0,1,2",,no-overlay idle reference (before any bitstream load),SOM-rail power (INA260),VCC_SOM,hwmon,/sys/class/hwmon/hwmon2 name=ina260_u14,"{""update_interval_ms"": ""not exposed""}",10.000,9.984,0.2793,0,0,sample_only,287.762092,23.310309,1790793157.644496,2026-09-30T18:32:37.644+00:00,3.210000,0.635000,5.047000,power1_input=3210000uW curr1_input=635mA in1_input=5047mV
2026-09-30T18:34:14+00:00,2d280c7862041cee1dd36a2ac164af8b7f9dcec3,False,2023.1,,ZynqMP KV260 revB machine-id:a435d1c5,,all,,hw,,,,kria,not read (sensor only),2d280c7862041cee1dd36a2ac164af8b7f9dcec3,,,,sensor_only,1,True,,performance,1333333,"0,1,2",,no-overlay idle reference (before any bitstream load),SOM-rail power (INA260),VCC_SOM,hwmon,/sys/class/hwmon/hwmon2 name=ina260_u14,"{""update_interval_ms"": ""not exposed""}",10.000,9.984,0.2793,0,0,sample_only,287.862171,23.410387,1790793157.744575,2026-09-30T18:32:37.744+00:00,3.210000,0.635000,5.047000,power1_input=3210000uW curr1_input=635mA in1_input=5047mV
2026-09-30T18:34:14+00:00,2d280c7862041cee1dd36a2ac164af8b7f9dcec3,False,2023.1,,ZynqMP KV260 revB machine-id:a435d1c5,,all,,hw,,,,kria,not read (sensor only),2d280c7862041cee1dd36a2ac164af8b7f9dcec3,,,,sensor_only,1,True,,performance,1333333,"0,1,2",,no-overlay idle reference (before any bitstream load),SOM-rail power (INA260),VCC_SOM,hwmon,/sys/class/hwmon/hwmon2 name=ina260_u14,"{""update_interval_ms"": ""not exposed""}",10.000,9.984,0.2793,0,0,sample_only,287.962061,23.510278,1790793157.844465,2026-09-30T18:32:37.844+00:00,3.210000,0.636000,5.047000,power1_input=3210000uW curr1_input=636mA in1_input=5047mV
2026-09-30T18:34:14+00:00,2d280c7862041cee1dd36a2ac164af8b7f9dcec3,False,2023.1,,ZynqMP KV260 revB machine-id:a435d1c5,,all,,hw,,,,kria,not read (sensor only),2d280c7862041cee1dd36a2ac164af8b7f9dcec3,,,,sensor_only,1,True,,performance,1333333,"0,1,2",,no-overlay idle reference (before any bitstream load),SOM-rail power (INA260),VCC_SOM,hwmon,/sys/class/hwmon/hwmon2 name=ina260_u14,"{""update_interval_ms"": ""not exposed""}",10.000,9.984,0.2793,0,0,sample_only,288.062095,23.610312,1790793157.944499,2026-09-30T18:32:37.944+00:00,3.230000,0.638000,5.047000,power1_input=3230000uW curr1_input=638mA in1_input=5047mV
2026-09-30T18:34:14+00:00,2d280c7862041cee1dd36a2ac164af8b7f9dcec3,False,2023.1,,ZynqMP KV260 revB machine-id:a435d1c5,,all,,hw,,,,kria,not read (sensor only),2d280c7862041cee1dd36a2ac164af8b7f9dcec3,,,,sensor_only,1,True,,performance,1333333,"0,1,2",,no-overlay idle reference (before any bitstream load),SOM-rail power (INA260),VCC_SOM,hwmon,/sys/class/hwmon/hwmon2 name=ina260_u14,"{""update_interval_ms"": ""not exposed""}",10.000,9.984,0.2793,0,0,sample_only,288.162056,23.710273,1790793158.044460,2026-09-30T18:32:38.044+00:00,3.200000,0.635000,5.047000,power1_input=3200000uW curr1_input=635mA in1_input=5047mV
2026-09-30T18:34:14+00:00,2d280c7862041cee1dd36a2ac164af8b7f9dcec3,False,2023.1,,ZynqMP KV260 revB machine-id:a435d1c5,,all,,hw,,,,kria,not read (sensor only),2d280c7862041cee1dd36a2ac164af8b7f9dcec3,,,,sensor_only,1,True,,performance,1333333,"0,1,2",,no-overlay idle reference (before any bitstream load),SOM-rail power (INA260),VCC_SOM,hwmon,/sys/class/hwmon/hwmon2 name=ina260_u14,"{""update_interval_ms"": ""not exposed""}",10.000,9.984,0.2793,0,0,sample_only,288.262049,23.810265,1790793158.144452,2026-09-30T18:32:38.144+00:00,3.200000,0.635000,5.047000,power1_input=3200000uW curr1_input=635mA in1_input=5047mV
2026-09-30T18:34:14+00:00,2d280c7862041cee1dd36a2ac164af8b7f9dcec3,False,2023.1,,ZynqMP KV260 revB machine-id:a435d1c5,,all,,hw,,,,kria,not read (sensor only),2d280c7862041cee1dd36a2ac164af8b7f9dcec3,,,,sensor_only,1,True,,performance,1333333,"0,1,2",,no-overlay idle reference (before any bitstream load),SOM-rail power (INA260),VCC_SOM,hwmon,/sys/class/hwmon/hwmon2 name=ina260_u14,"{""update_interval_ms"": ""not exposed""}",10.000,9.984,0.2793,0,0,sample_only,288.362050,23.910267,1790793158.244454,2026-09-30T18:32:38.244+00:00,3.230000,0.640000,5.047000,power1_input=3230000uW curr1_input=640mA in1_input=5047mV
2026-09-30T18:34:14+00:00,2d280c7862041cee1dd36a2ac164af8b7f9dcec3,False,2023.1,,ZynqMP KV260 revB machine-id:a435d1c5,,all,,hw,,,,kria,not read (sensor only),2d280c7862041cee1dd36a2ac164af8b7f9dcec3,,,,sensor_only,1,True,,performance,1333333,"0,1,2",,no-overlay idle reference (before any bitstream load),SOM-rail power (INA260),VCC_SOM,hwmon,/sys/class/hwmon/hwmon2 name=ina260_u14,"{""update_interval_ms"": ""not exposed""}",10.000,9.984,0.2793,0,0,sample_only,288.462049,24.010266,1790793158.344453,2026-09-30T18:32:38.344+00:00,3.210000,0.636000,5.047000,power1_input=3210000uW curr1_input=636mA in1_input=5047mV
2026-09-30T18:34:14+00:00,2d280c7862041cee1dd36a2ac164af8b7f9dcec3,False,2023.1,,ZynqMP KV260 revB machine-id:a435d1c5,,all,,hw,,,,kria,not read (sensor only),2d280c7862041cee1dd36a2ac164af8b7f9dcec3,,,,sensor_only,1,True,,performance,1333333,"0,1,2",,no-overlay idle reference (before any bitstream load),SOM-rail power (INA260),VCC_SOM,hwmon,/sys/class/hwmon/hwmon2 name=ina260_u14,"{""update_interval_ms"": ""not exposed""}",10.000,9.984,0.2793,0,0,sample_only,288.562050,24.110266,1790793158.444454,2026-09-30T18:32:38.444+00:00,3.210000,0.636000,5.046000,power1_input=3210000uW curr1_input=636mA in1_input=5046mV
2026-09-30T18:34:14+00:00,2d280c7862041cee1dd36a2ac164af8b7f9dcec3,False,2023.1,,ZynqMP KV260 revB machine-id:a435d1c5,,all,,hw,,,,kria,not read (sensor only),2d280c7862041cee1dd36a2ac164af8b7f9dcec3,,,,sensor_only,1,True,,performance,1333333,"0,1,2",,no-overlay idle reference (before any bitstream load),SOM-rail power (INA260),VCC_SOM,hwmon,/sys/class/hwmon/hwmon2 name=ina260_u14,"{""update_interval_ms"": ""not exposed""}",10.000,9.984,0.2793,0,0,sample_only,288.662053,24.210269,1790793158.544457,2026-09-30T18:32:38.544+00:00,3.210000,0.636000,5.046000,power1_input=3210000uW curr1_input=636mA in1_input=5046mV
2026-09-30T18:34:14+00:00,2d280c7862041cee1dd36a2ac164af8b7f9dcec3,False,2023.1,,ZynqMP KV260 revB machine-id:a435d1c5,,all,,hw,,,,kria,not read (sensor only),2d280c7862041cee1dd36a2ac164af8b7f9dcec3,,,,sensor_only,1,True,,performance,1333333,"0,1,2",,no-overlay idle reference (before any bitstream load),SOM-rail power (INA260),VCC_SOM,hwmon,/sys/class/hwmon/hwmon2 name=ina260_u14,"{""update_interval_ms"": ""not exposed""}",10.000,9.984,0.2793,0,0,sample_only,288.762051,24.310267,1790793158.644454,2026-09-30T18:32:38.644+00:00,3.220000,0.637000,5.047000,power1_input=3220000uW curr1_input=637mA in1_input=5047mV
2026-09-30T18:34:14+00:00,2d280c7862041cee1dd36a2ac164af8b7f9dcec3,False,2023.1,,ZynqMP KV260 revB machine-id:a435d1c5,,all,,hw,,,,kria,not read (sensor only),2d280c7862041cee1dd36a2ac164af8b7f9dcec3,,,,sensor_only,1,True,,performance,1333333,"0,1,2",,no-overlay idle reference (before any bitstream load),SOM-rail power (INA260),VCC_SOM,hwmon,/sys/class/hwmon/hwmon2 name=ina260_u14,"{""update_interval_ms"": ""not exposed""}",10.000,9.984,0.2793,0,0,sample_only,288.862082,24.410298,1790793158.744486,2026-09-30T18:32:38.744+00:00,3.210000,0.635000,5.047000,power1_input=3210000uW curr1_input=635mA in1_input=5047mV
2026-09-30T18:34:14+00:00,2d280c7862041cee1dd36a2ac164af8b7f9dcec3,False,2023.1,,ZynqMP KV260 revB machine-id:a435d1c5,,all,,hw,,,,kria,not read (sensor only),2d280c7862041cee1dd36a2ac164af8b7f9dcec3,,,,sensor_only,1,True,,performance,1333333,"0,1,2",,no-overlay idle reference (before any bitstream load),SOM-rail power (INA260),VCC_SOM,hwmon,/sys/class/hwmon/hwmon2 name=ina260_u14,"{""update_interval_ms"": ""not exposed""}",10.000,9.984,0.2793,0,0,sample_only,288.962061,24.510278,1790793158.844465,2026-09-30T18:32:38.844+00:00,3.210000,0.636000,5.047000,power1_input=3210000uW curr1_input=636mA in1_input=5047mV
2026-09-30T18:34:14+00:00,2d280c7862041cee1dd36a2ac164af8b7f9dcec3,False,2023.1,,ZynqMP KV260 revB machine-id:a435d1c5,,all,,hw,,,,kria,not read (sensor only),2d280c7862041cee1dd36a2ac164af8b7f9dcec3,,,,sensor_only,1,True,,performance,1333333,"0,1,2",,no-overlay idle reference (before any bitstream load),SOM-rail power (INA260),VCC_SOM,hwmon,/sys/class/hwmon/hwmon2 name=ina260_u14,"{""update_interval_ms"": ""not exposed""}",10.000,9.984,0.2793,0,0,sample_only,289.062048,24.610264,1790793158.944451,2026-09-30T18:32:38.944+00:00,3.200000,0.635000,5.047000,power1_input=3200000uW curr1_input=635mA in1_input=5047mV
2026-09-30T18:34:14+00:00,2d280c7862041cee1dd36a2ac164af8b7f9dcec3,False,2023.1,,ZynqMP KV260 revB machine-id:a435d1c5,,all,,hw,,,,kria,not read (sensor only),2d280c7862041cee1dd36a2ac164af8b7f9dcec3,,,,sensor_only,1,True,,performance,1333333,"0,1,2",,no-overlay idle reference (before any bitstream load),SOM-rail power (INA260),VCC_SOM,hwmon,/sys/class/hwmon/hwmon2 name=ina260_u14,"{""update_interval_ms"": ""not exposed""}",10.000,9.984,0.2793,0,0,sample_only,289.163275,24.711491,1790793159.045680,2026-09-30T18:32:39.045+00:00,3.220000,0.637000,5.047000,power1_input=3220000uW curr1_input=637mA in1_input=5047mV
2026-09-30T18:34:14+00:00,2d280c7862041cee1dd36a2ac164af8b7f9dcec3,False,2023.1,,ZynqMP KV260 revB machine-id:a435d1c5,,all,,hw,,,,kria,not read (sensor only),2d280c7862041cee1dd36a2ac164af8b7f9dcec3,,,,sensor_only,1,True,,performance,1333333,"0,1,2",,no-overlay idle reference (before any bitstream load),SOM-rail power (INA260),VCC_SOM,hwmon,/sys/class/hwmon/hwmon2 name=ina260_u14,"{""update_interval_ms"": ""not exposed""}",10.000,9.984,0.2793,0,0,sample_only,289.262166,24.810382,1790793159.144570,2026-09-30T18:32:39.144+00:00,3.230000,0.640000,5.047000,power1_input=3230000uW curr1_input=640mA in1_input=5047mV
2026-09-30T18:34:14+00:00,2d280c7862041cee1dd36a2ac164af8b7f9dcec3,False,2023.1,,ZynqMP KV260 revB machine-id:a435d1c5,,all,,hw,,,,kria,not read (sensor only),2d280c7862041cee1dd36a2ac164af8b7f9dcec3,,,,sensor_only,1,True,,performance,1333333,"0,1,2",,no-overlay idle reference (before any bitstream load),SOM-rail power (INA260),VCC_SOM,hwmon,/sys/class/hwmon/hwmon2 name=ina260_u14,"{""update_interval_ms"": ""not exposed""}",10.000,9.984,0.2793,0,0,sample_only,289.362065,24.910282,1790793159.244469,2026-09-30T18:32:39.244+00:00,3.200000,0.641000,5.047000,power1_input=3200000uW curr1_input=641mA in1_input=5047mV
2026-09-30T18:34:14+00:00,2d280c7862041cee1dd36a2ac164af8b7f9dcec3,False,2023.1,,ZynqMP KV260 revB machine-id:a435d1c5,,all,,hw,,,,kria,not read (sensor only),2d280c7862041cee1dd36a2ac164af8b7f9dcec3,,,,sensor_only,1,True,,performance,1333333,"0,1,2",,no-overlay idle reference (before any bitstream load),SOM-rail power (INA260),VCC_SOM,hwmon,/sys/class/hwmon/hwmon2 name=ina260_u14,"{""update_interval_ms"": ""not exposed""}",10.000,9.984,0.2793,0,0,sample_only,289.462051,25.010267,1790793159.344455,2026-09-30T18:32:39.344+00:00,3.200000,0.635000,5.047000,power1_input=3200000uW curr1_input=635mA in1_input=5047mV
2026-09-30T18:34:14+00:00,2d280c7862041cee1dd36a2ac164af8b7f9dcec3,False,2023.1,,ZynqMP KV260 revB machine-id:a435d1c5,,all,,hw,,,,kria,not read (sensor only),2d280c7862041cee1dd36a2ac164af8b7f9dcec3,,,,sensor_only,1,True,,performance,1333333,"0,1,2",,no-overlay idle reference (before any bitstream load),SOM-rail power (INA260),VCC_SOM,hwmon,/sys/class/hwmon/hwmon2 name=ina260_u14,"{""update_interval_ms"": ""not exposed""}",10.000,9.984,0.2793,0,0,sample_only,289.562045,25.110261,1790793159.444448,2026-09-30T18:32:39.444+00:00,3.230000,0.640000,5.046000,power1_input=3230000uW curr1_input=640mA in1_input=5046mV
2026-09-30T18:34:14+00:00,2d280c7862041cee1dd36a2ac164af8b7f9dcec3,False,2023.1,,ZynqMP KV260 revB machine-id:a435d1c5,,all,,hw,,,,kria,not read (sensor only),2d280c7862041cee1dd36a2ac164af8b7f9dcec3,,,,sensor_only,1,True,,performance,1333333,"0,1,2",,no-overlay idle reference (before any bitstream load),SOM-rail power (INA260),VCC_SOM,hwmon,/sys/class/hwmon/hwmon2 name=ina260_u14,"{""update_interval_ms"": ""not exposed""}",10.000,9.984,0.2793,0,0,sample_only,289.662097,25.210313,1790793159.544500,2026-09-30T18:32:39.544+00:00,3.220000,0.637000,5.047000,power1_input=3220000uW curr1_input=637mA in1_input=5047mV
2026-09-30T18:34:14+00:00,2d280c7862041cee1dd36a2ac164af8b7f9dcec3,False,2023.1,,ZynqMP KV260 revB machine-id:a435d1c5,,all,,hw,,,,kria,not read (sensor only),2d280c7862041cee1dd36a2ac164af8b7f9dcec3,,,,sensor_only,1,True,,performance,1333333,"0,1,2",,no-overlay idle reference (before any bitstream load),SOM-rail power (INA260),VCC_SOM,hwmon,/sys/class/hwmon/hwmon2 name=ina260_u14,"{""update_interval_ms"": ""not exposed""}",10.000,9.984,0.2793,0,0,sample_only,289.762059,25.310276,1790793159.644463,2026-09-30T18:32:39.644+00:00,3.260000,0.645000,5.047000,power1_input=3260000uW curr1_input=645mA in1_input=5047mV
2026-09-30T18:34:14+00:00,2d280c7862041cee1dd36a2ac164af8b7f9dcec3,False,2023.1,,ZynqMP KV260 revB machine-id:a435d1c5,,all,,hw,,,,kria,not read (sensor only),2d280c7862041cee1dd36a2ac164af8b7f9dcec3,,,,sensor_only,1,True,,performance,1333333,"0,1,2",,no-overlay idle reference (before any bitstream load),SOM-rail power (INA260),VCC_SOM,hwmon,/sys/class/hwmon/hwmon2 name=ina260_u14,"{""update_interval_ms"": ""not exposed""}",10.000,9.984,0.2793,0,0,sample_only,289.862076,25.410292,1790793159.744480,2026-09-30T18:32:39.744+00:00,3.200000,0.635000,5.047000,power1_input=3200000uW curr1_input=635mA in1_input=5047mV
2026-09-30T18:34:14+00:00,2d280c7862041cee1dd36a2ac164af8b7f9dcec3,False,2023.1,,ZynqMP KV260 revB machine-id:a435d1c5,,all,,hw,,,,kria,not read (sensor only),2d280c7862041cee1dd36a2ac164af8b7f9dcec3,,,,sensor_only,1,True,,performance,1333333,"0,1,2",,no-overlay idle reference (before any bitstream load),SOM-rail power (INA260),VCC_SOM,hwmon,/sys/class/hwmon/hwmon2 name=ina260_u14,"{""update_interval_ms"": ""not exposed""}",10.000,9.984,0.2793,0,0,sample_only,289.962056,25.510272,1790793159.844460,2026-09-30T18:32:39.844+00:00,3.210000,0.636000,5.047000,power1_input=3210000uW curr1_input=636mA in1_input=5047mV
2026-09-30T18:34:14+00:00,2d280c7862041cee1dd36a2ac164af8b7f9dcec3,False,2023.1,,ZynqMP KV260 revB machine-id:a435d1c5,,all,,hw,,,,kria,not read (sensor only),2d280c7862041cee1dd36a2ac164af8b7f9dcec3,,,,sensor_only,1,True,,performance,1333333,"0,1,2",,no-overlay idle reference (before any bitstream load),SOM-rail power (INA260),VCC_SOM,hwmon,/sys/class/hwmon/hwmon2 name=ina260_u14,"{""update_interval_ms"": ""not exposed""}",10.000,9.984,0.2793,0,0,sample_only,290.062094,25.610310,1790793159.944497,2026-09-30T18:32:39.944+00:00,3.200000,0.633000,5.047000,power1_input=3200000uW curr1_input=633mA in1_input=5047mV
2026-09-30T18:34:14+00:00,2d280c7862041cee1dd36a2ac164af8b7f9dcec3,False,2023.1,,ZynqMP KV260 revB machine-id:a435d1c5,,all,,hw,,,,kria,not read (sensor only),2d280c7862041cee1dd36a2ac164af8b7f9dcec3,,,,sensor_only,1,True,,performance,1333333,"0,1,2",,no-overlay idle reference (before any bitstream load),SOM-rail power (INA260),VCC_SOM,hwmon,/sys/class/hwmon/hwmon2 name=ina260_u14,"{""update_interval_ms"": ""not exposed""}",10.000,9.984,0.2793,0,0,sample_only,290.162069,25.710286,1790793160.044473,2026-09-30T18:32:40.044+00:00,3.210000,0.635000,5.047000,power1_input=3210000uW curr1_input=635mA in1_input=5047mV
2026-09-30T18:34:14+00:00,2d280c7862041cee1dd36a2ac164af8b7f9dcec3,False,2023.1,,ZynqMP KV260 revB machine-id:a435d1c5,,all,,hw,,,,kria,not read (sensor only),2d280c7862041cee1dd36a2ac164af8b7f9dcec3,,,,sensor_only,1,True,,performance,1333333,"0,1,2",,no-overlay idle reference (before any bitstream load),SOM-rail power (INA260),VCC_SOM,hwmon,/sys/class/hwmon/hwmon2 name=ina260_u14,"{""update_interval_ms"": ""not exposed""}",10.000,9.984,0.2793,0,0,sample_only,290.262130,25.810347,1790793160.144535,2026-09-30T18:32:40.144+00:00,3.210000,0.637000,5.047000,power1_input=3210000uW curr1_input=637mA in1_input=5047mV
2026-09-30T18:34:14+00:00,2d280c7862041cee1dd36a2ac164af8b7f9dcec3,False,2023.1,,ZynqMP KV260 revB machine-id:a435d1c5,,all,,hw,,,,kria,not read (sensor only),2d280c7862041cee1dd36a2ac164af8b7f9dcec3,,,,sensor_only,1,True,,performance,1333333,"0,1,2",,no-overlay idle reference (before any bitstream load),SOM-rail power (INA260),VCC_SOM,hwmon,/sys/class/hwmon/hwmon2 name=ina260_u14,"{""update_interval_ms"": ""not exposed""}",10.000,9.984,0.2793,0,0,sample_only,290.362063,25.910279,1790793160.244467,2026-09-30T18:32:40.244+00:00,3.210000,0.636000,5.047000,power1_input=3210000uW curr1_input=636mA in1_input=5047mV
2026-09-30T18:34:14+00:00,2d280c7862041cee1dd36a2ac164af8b7f9dcec3,False,2023.1,,ZynqMP KV260 revB machine-id:a435d1c5,,all,,hw,,,,kria,not read (sensor only),2d280c7862041cee1dd36a2ac164af8b7f9dcec3,,,,sensor_only,1,True,,performance,1333333,"0,1,2",,no-overlay idle reference (before any bitstream load),SOM-rail power (INA260),VCC_SOM,hwmon,/sys/class/hwmon/hwmon2 name=ina260_u14,"{""update_interval_ms"": ""not exposed""}",10.000,9.984,0.2793,0,0,sample_only,290.462043,26.010259,1790793160.344446,2026-09-30T18:32:40.344+00:00,3.210000,0.636000,5.047000,power1_input=3210000uW curr1_input=636mA in1_input=5047mV
2026-09-30T18:34:14+00:00,2d280c7862041cee1dd36a2ac164af8b7f9dcec3,False,2023.1,,ZynqMP KV260 revB machine-id:a435d1c5,,all,,hw,,,,kria,not read (sensor only),2d280c7862041cee1dd36a2ac164af8b7f9dcec3,,,,sensor_only,1,True,,performance,1333333,"0,1,2",,no-overlay idle reference (before any bitstream load),SOM-rail power (INA260),VCC_SOM,hwmon,/sys/class/hwmon/hwmon2 name=ina260_u14,"{""update_interval_ms"": ""not exposed""}",10.000,9.984,0.2793,0,0,sample_only,290.562043,26.110259,1790793160.444446,2026-09-30T18:32:40.444+00:00,3.200000,0.635000,5.047000,power1_input=3200000uW curr1_input=635mA in1_input=5047mV
2026-09-30T18:34:14+00:00,2d280c7862041cee1dd36a2ac164af8b7f9dcec3,False,2023.1,,ZynqMP KV260 revB machine-id:a435d1c5,,all,,hw,,,,kria,not read (sensor only),2d280c7862041cee1dd36a2ac164af8b7f9dcec3,,,,sensor_only,1,True,,performance,1333333,"0,1,2",,no-overlay idle reference (before any bitstream load),SOM-rail power (INA260),VCC_SOM,hwmon,/sys/class/hwmon/hwmon2 name=ina260_u14,"{""update_interval_ms"": ""not exposed""}",10.000,9.984,0.2793,0,0,sample_only,290.662054,26.210270,1790793160.544457,2026-09-30T18:32:40.544+00:00,3.220000,0.637000,5.047000,power1_input=3220000uW curr1_input=637mA in1_input=5047mV
2026-09-30T18:34:14+00:00,2d280c7862041cee1dd36a2ac164af8b7f9dcec3,False,2023.1,,ZynqMP KV260 revB machine-id:a435d1c5,,all,,hw,,,,kria,not read (sensor only),2d280c7862041cee1dd36a2ac164af8b7f9dcec3,,,,sensor_only,1,True,,performance,1333333,"0,1,2",,no-overlay idle reference (before any bitstream load),SOM-rail power (INA260),VCC_SOM,hwmon,/sys/class/hwmon/hwmon2 name=ina260_u14,"{""update_interval_ms"": ""not exposed""}",10.000,9.984,0.2793,0,0,sample_only,290.762048,26.310264,1790793160.644451,2026-09-30T18:32:40.644+00:00,3.200000,0.635000,5.047000,power1_input=3200000uW curr1_input=635mA in1_input=5047mV
2026-09-30T18:34:14+00:00,2d280c7862041cee1dd36a2ac164af8b7f9dcec3,False,2023.1,,ZynqMP KV260 revB machine-id:a435d1c5,,all,,hw,,,,kria,not read (sensor only),2d280c7862041cee1dd36a2ac164af8b7f9dcec3,,,,sensor_only,1,True,,performance,1333333,"0,1,2",,no-overlay idle reference (before any bitstream load),SOM-rail power (INA260),VCC_SOM,hwmon,/sys/class/hwmon/hwmon2 name=ina260_u14,"{""update_interval_ms"": ""not exposed""}",10.000,9.984,0.2793,0,0,sample_only,290.862095,26.410311,1790793160.744499,2026-09-30T18:32:40.744+00:00,3.200000,0.635000,5.047000,power1_input=3200000uW curr1_input=635mA in1_input=5047mV
2026-09-30T18:34:14+00:00,2d280c7862041cee1dd36a2ac164af8b7f9dcec3,False,2023.1,,ZynqMP KV260 revB machine-id:a435d1c5,,all,,hw,,,,kria,not read (sensor only),2d280c7862041cee1dd36a2ac164af8b7f9dcec3,,,,sensor_only,1,True,,performance,1333333,"0,1,2",,no-overlay idle reference (before any bitstream load),SOM-rail power (INA260),VCC_SOM,hwmon,/sys/class/hwmon/hwmon2 name=ina260_u14,"{""update_interval_ms"": ""not exposed""}",10.000,9.984,0.2793,0,0,sample_only,290.962068,26.510284,1790793160.844471,2026-09-30T18:32:40.844+00:00,3.200000,0.636000,5.046000,power1_input=3200000uW curr1_input=636mA in1_input=5046mV
2026-09-30T18:34:14+00:00,2d280c7862041cee1dd36a2ac164af8b7f9dcec3,False,2023.1,,ZynqMP KV260 revB machine-id:a435d1c5,,all,,hw,,,,kria,not read (sensor only),2d280c7862041cee1dd36a2ac164af8b7f9dcec3,,,,sensor_only,1,True,,performance,1333333,"0,1,2",,no-overlay idle reference (before any bitstream load),SOM-rail power (INA260),VCC_SOM,hwmon,/sys/class/hwmon/hwmon2 name=ina260_u14,"{""update_interval_ms"": ""not exposed""}",10.000,9.984,0.2793,0,0,sample_only,291.062051,26.610267,1790793160.944454,2026-09-30T18:32:40.944+00:00,3.210000,0.637000,5.046000,power1_input=3210000uW curr1_input=637mA in1_input=5046mV
2026-09-30T18:34:14+00:00,2d280c7862041cee1dd36a2ac164af8b7f9dcec3,False,2023.1,,ZynqMP KV260 revB machine-id:a435d1c5,,all,,hw,,,,kria,not read (sensor only),2d280c7862041cee1dd36a2ac164af8b7f9dcec3,,,,sensor_only,1,True,,performance,1333333,"0,1,2",,no-overlay idle reference (before any bitstream load),SOM-rail power (INA260),VCC_SOM,hwmon,/sys/class/hwmon/hwmon2 name=ina260_u14,"{""update_interval_ms"": ""not exposed""}",10.000,9.984,0.2793,0,0,sample_only,291.162045,26.710261,1790793161.044448,2026-09-30T18:32:41.044+00:00,3.210000,0.636000,5.046000,power1_input=3210000uW curr1_input=636mA in1_input=5046mV
2026-09-30T18:34:14+00:00,2d280c7862041cee1dd36a2ac164af8b7f9dcec3,False,2023.1,,ZynqMP KV260 revB machine-id:a435d1c5,,all,,hw,,,,kria,not read (sensor only),2d280c7862041cee1dd36a2ac164af8b7f9dcec3,,,,sensor_only,1,True,,performance,1333333,"0,1,2",,no-overlay idle reference (before any bitstream load),SOM-rail power (INA260),VCC_SOM,hwmon,/sys/class/hwmon/hwmon2 name=ina260_u14,"{""update_interval_ms"": ""not exposed""}",10.000,9.984,0.2793,0,0,sample_only,291.262045,26.810261,1790793161.144448,2026-09-30T18:32:41.144+00:00,3.210000,0.636000,5.047000,power1_input=3210000uW curr1_input=636mA in1_input=5047mV
2026-09-30T18:34:14+00:00,2d280c7862041cee1dd36a2ac164af8b7f9dcec3,False,2023.1,,ZynqMP KV260 revB machine-id:a435d1c5,,all,,hw,,,,kria,not read (sensor only),2d280c7862041cee1dd36a2ac164af8b7f9dcec3,,,,sensor_only,1,True,,performance,1333333,"0,1,2",,no-overlay idle reference (before any bitstream load),SOM-rail power (INA260),VCC_SOM,hwmon,/sys/class/hwmon/hwmon2 name=ina260_u14,"{""update_interval_ms"": ""not exposed""}",10.000,9.984,0.2793,0,0,sample_only,291.362064,26.910280,1790793161.244467,2026-09-30T18:32:41.244+00:00,3.200000,0.635000,5.046000,power1_input=3200000uW curr1_input=635mA in1_input=5046mV
2026-09-30T18:34:14+00:00,2d280c7862041cee1dd36a2ac164af8b7f9dcec3,False,2023.1,,ZynqMP KV260 revB machine-id:a435d1c5,,all,,hw,,,,kria,not read (sensor only),2d280c7862041cee1dd36a2ac164af8b7f9dcec3,,,,sensor_only,1,True,,performance,1333333,"0,1,2",,no-overlay idle reference (before any bitstream load),SOM-rail power (INA260),VCC_SOM,hwmon,/sys/class/hwmon/hwmon2 name=ina260_u14,"{""update_interval_ms"": ""not exposed""}",10.000,9.984,0.2793,0,0,sample_only,291.462052,27.010269,1790793161.344456,2026-09-30T18:32:41.344+00:00,3.210000,0.636000,5.047000,power1_input=3210000uW curr1_input=636mA in1_input=5047mV
2026-09-30T18:34:14+00:00,2d280c7862041cee1dd36a2ac164af8b7f9dcec3,False,2023.1,,ZynqMP KV260 revB machine-id:a435d1c5,,all,,hw,,,,kria,not read (sensor only),2d280c7862041cee1dd36a2ac164af8b7f9dcec3,,,,sensor_only,1,True,,performance,1333333,"0,1,2",,no-overlay idle reference (before any bitstream load),SOM-rail power (INA260),VCC_SOM,hwmon,/sys/class/hwmon/hwmon2 name=ina260_u14,"{""update_interval_ms"": ""not exposed""}",10.000,9.984,0.2793,0,0,sample_only,291.562051,27.110267,1790793161.444454,2026-09-30T18:32:41.444+00:00,3.220000,0.637000,5.046000,power1_input=3220000uW curr1_input=637mA in1_input=5046mV
2026-09-30T18:34:14+00:00,2d280c7862041cee1dd36a2ac164af8b7f9dcec3,False,2023.1,,ZynqMP KV260 revB machine-id:a435d1c5,,all,,hw,,,,kria,not read (sensor only),2d280c7862041cee1dd36a2ac164af8b7f9dcec3,,,,sensor_only,1,True,,performance,1333333,"0,1,2",,no-overlay idle reference (before any bitstream load),SOM-rail power (INA260),VCC_SOM,hwmon,/sys/class/hwmon/hwmon2 name=ina260_u14,"{""update_interval_ms"": ""not exposed""}",10.000,9.984,0.2793,0,0,sample_only,291.662046,27.210262,1790793161.544449,2026-09-30T18:32:41.544+00:00,3.210000,0.636000,5.046000,power1_input=3210000uW curr1_input=636mA in1_input=5046mV
2026-09-30T18:34:14+00:00,2d280c7862041cee1dd36a2ac164af8b7f9dcec3,False,2023.1,,ZynqMP KV260 revB machine-id:a435d1c5,,all,,hw,,,,kria,not read (sensor only),2d280c7862041cee1dd36a2ac164af8b7f9dcec3,,,,sensor_only,1,True,,performance,1333333,"0,1,2",,no-overlay idle reference (before any bitstream load),SOM-rail power (INA260),VCC_SOM,hwmon,/sys/class/hwmon/hwmon2 name=ina260_u14,"{""update_interval_ms"": ""not exposed""}",10.000,9.984,0.2793,0,0,sample_only,291.762040,27.310256,1790793161.644443,2026-09-30T18:32:41.644+00:00,3.210000,0.636000,5.046000,power1_input=3210000uW curr1_input=636mA in1_input=5046mV
2026-09-30T18:34:14+00:00,2d280c7862041cee1dd36a2ac164af8b7f9dcec3,False,2023.1,,ZynqMP KV260 revB machine-id:a435d1c5,,all,,hw,,,,kria,not read (sensor only),2d280c7862041cee1dd36a2ac164af8b7f9dcec3,,,,sensor_only,1,True,,performance,1333333,"0,1,2",,no-overlay idle reference (before any bitstream load),SOM-rail power (INA260),VCC_SOM,hwmon,/sys/class/hwmon/hwmon2 name=ina260_u14,"{""update_interval_ms"": ""not exposed""}",10.000,9.984,0.2793,0,0,sample_only,291.862064,27.410281,1790793161.744468,2026-09-30T18:32:41.744+00:00,3.250000,0.643000,5.046000,power1_input=3250000uW curr1_input=643mA in1_input=5046mV
2026-09-30T18:34:14+00:00,2d280c7862041cee1dd36a2ac164af8b7f9dcec3,False,2023.1,,ZynqMP KV260 revB machine-id:a435d1c5,,all,,hw,,,,kria,not read (sensor only),2d280c7862041cee1dd36a2ac164af8b7f9dcec3,,,,sensor_only,1,True,,performance,1333333,"0,1,2",,no-overlay idle reference (before any bitstream load),SOM-rail power (INA260),VCC_SOM,hwmon,/sys/class/hwmon/hwmon2 name=ina260_u14,"{""update_interval_ms"": ""not exposed""}",10.000,9.984,0.2793,0,0,sample_only,291.962050,27.510266,1790793161.844453,2026-09-30T18:32:41.844+00:00,3.210000,0.635000,5.046000,power1_input=3210000uW curr1_input=635mA in1_input=5046mV
2026-09-30T18:34:14+00:00,2d280c7862041cee1dd36a2ac164af8b7f9dcec3,False,2023.1,,ZynqMP KV260 revB machine-id:a435d1c5,,all,,hw,,,,kria,not read (sensor only),2d280c7862041cee1dd36a2ac164af8b7f9dcec3,,,,sensor_only,1,True,,performance,1333333,"0,1,2",,no-overlay idle reference (before any bitstream load),SOM-rail power (INA260),VCC_SOM,hwmon,/sys/class/hwmon/hwmon2 name=ina260_u14,"{""update_interval_ms"": ""not exposed""}",10.000,9.984,0.2793,0,0,sample_only,292.062091,27.610307,1790793161.944494,2026-09-30T18:32:41.944+00:00,3.200000,0.637000,5.047000,power1_input=3200000uW curr1_input=637mA in1_input=5047mV
2026-09-30T18:34:14+00:00,2d280c7862041cee1dd36a2ac164af8b7f9dcec3,False,2023.1,,ZynqMP KV260 revB machine-id:a435d1c5,,all,,hw,,,,kria,not read (sensor only),2d280c7862041cee1dd36a2ac164af8b7f9dcec3,,,,sensor_only,1,True,,performance,1333333,"0,1,2",,no-overlay idle reference (before any bitstream load),SOM-rail power (INA260),VCC_SOM,hwmon,/sys/class/hwmon/hwmon2 name=ina260_u14,"{""update_interval_ms"": ""not exposed""}",10.000,9.984,0.2793,0,0,sample_only,292.162095,27.710311,1790793162.044498,2026-09-30T18:32:42.044+00:00,3.200000,0.635000,5.046000,power1_input=3200000uW curr1_input=635mA in1_input=5046mV
2026-09-30T18:34:14+00:00,2d280c7862041cee1dd36a2ac164af8b7f9dcec3,False,2023.1,,ZynqMP KV260 revB machine-id:a435d1c5,,all,,hw,,,,kria,not read (sensor only),2d280c7862041cee1dd36a2ac164af8b7f9dcec3,,,,sensor_only,1,True,,performance,1333333,"0,1,2",,no-overlay idle reference (before any bitstream load),SOM-rail power (INA260),VCC_SOM,hwmon,/sys/class/hwmon/hwmon2 name=ina260_u14,"{""update_interval_ms"": ""not exposed""}",10.000,9.984,0.2793,0,0,sample_only,292.262089,27.810305,1790793162.144492,2026-09-30T18:32:42.144+00:00,3.200000,0.635000,5.047000,power1_input=3200000uW curr1_input=635mA in1_input=5047mV
2026-09-30T18:34:14+00:00,2d280c7862041cee1dd36a2ac164af8b7f9dcec3,False,2023.1,,ZynqMP KV260 revB machine-id:a435d1c5,,all,,hw,,,,kria,not read (sensor only),2d280c7862041cee1dd36a2ac164af8b7f9dcec3,,,,sensor_only,1,True,,performance,1333333,"0,1,2",,no-overlay idle reference (before any bitstream load),SOM-rail power (INA260),VCC_SOM,hwmon,/sys/class/hwmon/hwmon2 name=ina260_u14,"{""update_interval_ms"": ""not exposed""}",10.000,9.984,0.2793,0,0,sample_only,292.362042,27.910259,1790793162.244445,2026-09-30T18:32:42.244+00:00,3.210000,0.636000,5.046000,power1_input=3210000uW curr1_input=636mA in1_input=5046mV
2026-09-30T18:34:14+00:00,2d280c7862041cee1dd36a2ac164af8b7f9dcec3,False,2023.1,,ZynqMP KV260 revB machine-id:a435d1c5,,all,,hw,,,,kria,not read (sensor only),2d280c7862041cee1dd36a2ac164af8b7f9dcec3,,,,sensor_only,1,True,,performance,1333333,"0,1,2",,no-overlay idle reference (before any bitstream load),SOM-rail power (INA260),VCC_SOM,hwmon,/sys/class/hwmon/hwmon2 name=ina260_u14,"{""update_interval_ms"": ""not exposed""}",10.000,9.984,0.2793,0,0,sample_only,292.462041,28.010257,1790793162.344444,2026-09-30T18:32:42.344+00:00,3.220000,0.637000,5.046000,power1_input=3220000uW curr1_input=637mA in1_input=5046mV
2026-09-30T18:34:14+00:00,2d280c7862041cee1dd36a2ac164af8b7f9dcec3,False,2023.1,,ZynqMP KV260 revB machine-id:a435d1c5,,all,,hw,,,,kria,not read (sensor only),2d280c7862041cee1dd36a2ac164af8b7f9dcec3,,,,sensor_only,1,True,,performance,1333333,"0,1,2",,no-overlay idle reference (before any bitstream load),SOM-rail power (INA260),VCC_SOM,hwmon,/sys/class/hwmon/hwmon2 name=ina260_u14,"{""update_interval_ms"": ""not exposed""}",10.000,9.984,0.2793,0,0,sample_only,292.562087,28.110303,1790793162.444490,2026-09-30T18:32:42.444+00:00,3.200000,0.635000,5.046000,power1_input=3200000uW curr1_input=635mA in1_input=5046mV
2026-09-30T18:34:14+00:00,2d280c7862041cee1dd36a2ac164af8b7f9dcec3,False,2023.1,,ZynqMP KV260 revB machine-id:a435d1c5,,all,,hw,,,,kria,not read (sensor only),2d280c7862041cee1dd36a2ac164af8b7f9dcec3,,,,sensor_only,1,True,,performance,1333333,"0,1,2",,no-overlay idle reference (before any bitstream load),SOM-rail power (INA260),VCC_SOM,hwmon,/sys/class/hwmon/hwmon2 name=ina260_u14,"{""update_interval_ms"": ""not exposed""}",10.000,9.984,0.2793,0,0,sample_only,292.662058,28.210275,1790793162.544461,2026-09-30T18:32:42.544+00:00,3.210000,0.636000,5.046000,power1_input=3210000uW curr1_input=636mA in1_input=5046mV
2026-09-30T18:34:14+00:00,2d280c7862041cee1dd36a2ac164af8b7f9dcec3,False,2023.1,,ZynqMP KV260 revB machine-id:a435d1c5,,all,,hw,,,,kria,not read (sensor only),2d280c7862041cee1dd36a2ac164af8b7f9dcec3,,,,sensor_only,1,True,,performance,1333333,"0,1,2",,no-overlay idle reference (before any bitstream load),SOM-rail power (INA260),VCC_SOM,hwmon,/sys/class/hwmon/hwmon2 name=ina260_u14,"{""update_interval_ms"": ""not exposed""}",10.000,9.984,0.2793,0,0,sample_only,292.762053,28.310269,1790793162.644456,2026-09-30T18:32:42.644+00:00,3.230000,0.637000,5.046000,power1_input=3230000uW curr1_input=637mA in1_input=5046mV
2026-09-30T18:34:14+00:00,2d280c7862041cee1dd36a2ac164af8b7f9dcec3,False,2023.1,,ZynqMP KV260 revB machine-id:a435d1c5,,all,,hw,,,,kria,not read (sensor only),2d280c7862041cee1dd36a2ac164af8b7f9dcec3,,,,sensor_only,1,True,,performance,1333333,"0,1,2",,no-overlay idle reference (before any bitstream load),SOM-rail power (INA260),VCC_SOM,hwmon,/sys/class/hwmon/hwmon2 name=ina260_u14,"{""update_interval_ms"": ""not exposed""}",10.000,9.984,0.2793,0,0,sample_only,292.862060,28.410276,1790793162.744463,2026-09-30T18:32:42.744+00:00,3.230000,0.638000,5.046000,power1_input=3230000uW curr1_input=638mA in1_input=5046mV
2026-09-30T18:34:14+00:00,2d280c7862041cee1dd36a2ac164af8b7f9dcec3,False,2023.1,,ZynqMP KV260 revB machine-id:a435d1c5,,all,,hw,,,,kria,not read (sensor only),2d280c7862041cee1dd36a2ac164af8b7f9dcec3,,,,sensor_only,1,True,,performance,1333333,"0,1,2",,no-overlay idle reference (before any bitstream load),SOM-rail power (INA260),VCC_SOM,hwmon,/sys/class/hwmon/hwmon2 name=ina260_u14,"{""update_interval_ms"": ""not exposed""}",10.000,9.984,0.2793,0,0,sample_only,292.962046,28.510262,1790793162.844449,2026-09-30T18:32:42.844+00:00,3.200000,0.635000,5.046000,power1_input=3200000uW curr1_input=635mA in1_input=5046mV
2026-09-30T18:34:14+00:00,2d280c7862041cee1dd36a2ac164af8b7f9dcec3,False,2023.1,,ZynqMP KV260 revB machine-id:a435d1c5,,all,,hw,,,,kria,not read (sensor only),2d280c7862041cee1dd36a2ac164af8b7f9dcec3,,,,sensor_only,1,True,,performance,1333333,"0,1,2",,no-overlay idle reference (before any bitstream load),SOM-rail power (INA260),VCC_SOM,hwmon,/sys/class/hwmon/hwmon2 name=ina260_u14,"{""update_interval_ms"": ""not exposed""}",10.000,9.984,0.2793,0,0,sample_only,293.062056,28.610272,1790793162.944459,2026-09-30T18:32:42.944+00:00,3.230000,0.638000,5.047000,power1_input=3230000uW curr1_input=638mA in1_input=5047mV
2026-09-30T18:34:14+00:00,2d280c7862041cee1dd36a2ac164af8b7f9dcec3,False,2023.1,,ZynqMP KV260 revB machine-id:a435d1c5,,all,,hw,,,,kria,not read (sensor only),2d280c7862041cee1dd36a2ac164af8b7f9dcec3,,,,sensor_only,1,True,,performance,1333333,"0,1,2",,no-overlay idle reference (before any bitstream load),SOM-rail power (INA260),VCC_SOM,hwmon,/sys/class/hwmon/hwmon2 name=ina260_u14,"{""update_interval_ms"": ""not exposed""}",10.000,9.984,0.2793,0,0,sample_only,293.162054,28.710271,1790793163.044457,2026-09-30T18:32:43.044+00:00,3.200000,0.635000,5.047000,power1_input=3200000uW curr1_input=635mA in1_input=5047mV
2026-09-30T18:34:14+00:00,2d280c7862041cee1dd36a2ac164af8b7f9dcec3,False,2023.1,,ZynqMP KV260 revB machine-id:a435d1c5,,all,,hw,,,,kria,not read (sensor only),2d280c7862041cee1dd36a2ac164af8b7f9dcec3,,,,sensor_only,1,True,,performance,1333333,"0,1,2",,no-overlay idle reference (before any bitstream load),SOM-rail power (INA260),VCC_SOM,hwmon,/sys/class/hwmon/hwmon2 name=ina260_u14,"{""update_interval_ms"": ""not exposed""}",10.000,9.984,0.2793,0,0,sample_only,293.262047,28.810263,1790793163.144450,2026-09-30T18:32:43.144+00:00,3.420000,0.678000,5.047000,power1_input=3420000uW curr1_input=678mA in1_input=5047mV
2026-09-30T18:34:14+00:00,2d280c7862041cee1dd36a2ac164af8b7f9dcec3,False,2023.1,,ZynqMP KV260 revB machine-id:a435d1c5,,all,,hw,,,,kria,not read (sensor only),2d280c7862041cee1dd36a2ac164af8b7f9dcec3,,,,sensor_only,1,True,,performance,1333333,"0,1,2",,no-overlay idle reference (before any bitstream load),SOM-rail power (INA260),VCC_SOM,hwmon,/sys/class/hwmon/hwmon2 name=ina260_u14,"{""update_interval_ms"": ""not exposed""}",10.000,9.984,0.2793,0,0,sample_only,293.362082,28.910298,1790793163.244485,2026-09-30T18:32:43.244+00:00,3.210000,0.636000,5.047000,power1_input=3210000uW curr1_input=636mA in1_input=5047mV
2026-09-30T18:34:14+00:00,2d280c7862041cee1dd36a2ac164af8b7f9dcec3,False,2023.1,,ZynqMP KV260 revB machine-id:a435d1c5,,all,,hw,,,,kria,not read (sensor only),2d280c7862041cee1dd36a2ac164af8b7f9dcec3,,,,sensor_only,1,True,,performance,1333333,"0,1,2",,no-overlay idle reference (before any bitstream load),SOM-rail power (INA260),VCC_SOM,hwmon,/sys/class/hwmon/hwmon2 name=ina260_u14,"{""update_interval_ms"": ""not exposed""}",10.000,9.984,0.2793,0,0,sample_only,293.462125,29.010341,1790793163.344529,2026-09-30T18:32:43.344+00:00,3.210000,0.637000,5.047000,power1_input=3210000uW curr1_input=637mA in1_input=5047mV
2026-09-30T18:34:14+00:00,2d280c7862041cee1dd36a2ac164af8b7f9dcec3,False,2023.1,,ZynqMP KV260 revB machine-id:a435d1c5,,all,,hw,,,,kria,not read (sensor only),2d280c7862041cee1dd36a2ac164af8b7f9dcec3,,,,sensor_only,1,True,,performance,1333333,"0,1,2",,no-overlay idle reference (before any bitstream load),SOM-rail power (INA260),VCC_SOM,hwmon,/sys/class/hwmon/hwmon2 name=ina260_u14,"{""update_interval_ms"": ""not exposed""}",10.000,9.984,0.2793,0,0,sample_only,293.562060,29.110276,1790793163.444464,2026-09-30T18:32:43.444+00:00,3.210000,0.636000,5.047000,power1_input=3210000uW curr1_input=636mA in1_input=5047mV
2026-09-30T18:34:14+00:00,2d280c7862041cee1dd36a2ac164af8b7f9dcec3,False,2023.1,,ZynqMP KV260 revB machine-id:a435d1c5,,all,,hw,,,,kria,not read (sensor only),2d280c7862041cee1dd36a2ac164af8b7f9dcec3,,,,sensor_only,1,True,,performance,1333333,"0,1,2",,no-overlay idle reference (before any bitstream load),SOM-rail power (INA260),VCC_SOM,hwmon,/sys/class/hwmon/hwmon2 name=ina260_u14,"{""update_interval_ms"": ""not exposed""}",10.000,9.984,0.2793,0,0,sample_only,293.662050,29.210266,1790793163.544453,2026-09-30T18:32:43.544+00:00,3.200000,0.635000,5.047000,power1_input=3200000uW curr1_input=635mA in1_input=5047mV
2026-09-30T18:34:14+00:00,2d280c7862041cee1dd36a2ac164af8b7f9dcec3,False,2023.1,,ZynqMP KV260 revB machine-id:a435d1c5,,all,,hw,,,,kria,not read (sensor only),2d280c7862041cee1dd36a2ac164af8b7f9dcec3,,,,sensor_only,1,True,,performance,1333333,"0,1,2",,no-overlay idle reference (before any bitstream load),SOM-rail power (INA260),VCC_SOM,hwmon,/sys/class/hwmon/hwmon2 name=ina260_u14,"{""update_interval_ms"": ""not exposed""}",10.000,9.984,0.2793,0,0,sample_only,293.762120,29.310336,1790793163.644524,2026-09-30T18:32:43.644+00:00,3.210000,0.636000,5.047000,power1_input=3210000uW curr1_input=636mA in1_input=5047mV
2026-09-30T18:34:14+00:00,2d280c7862041cee1dd36a2ac164af8b7f9dcec3,False,2023.1,,ZynqMP KV260 revB machine-id:a435d1c5,,all,,hw,,,,kria,not read (sensor only),2d280c7862041cee1dd36a2ac164af8b7f9dcec3,,,,sensor_only,1,True,,performance,1333333,"0,1,2",,no-overlay idle reference (before any bitstream load),SOM-rail power (INA260),VCC_SOM,hwmon,/sys/class/hwmon/hwmon2 name=ina260_u14,"{""update_interval_ms"": ""not exposed""}",10.000,9.984,0.2793,0,0,sample_only,293.862124,29.410341,1790793163.744528,2026-09-30T18:32:43.744+00:00,3.280000,0.650000,5.047000,power1_input=3280000uW curr1_input=650mA in1_input=5047mV
2026-09-30T18:34:14+00:00,2d280c7862041cee1dd36a2ac164af8b7f9dcec3,False,2023.1,,ZynqMP KV260 revB machine-id:a435d1c5,,all,,hw,,,,kria,not read (sensor only),2d280c7862041cee1dd36a2ac164af8b7f9dcec3,,,,sensor_only,1,True,,performance,1333333,"0,1,2",,no-overlay idle reference (before any bitstream load),SOM-rail power (INA260),VCC_SOM,hwmon,/sys/class/hwmon/hwmon2 name=ina260_u14,"{""update_interval_ms"": ""not exposed""}",10.000,9.984,0.2793,0,0,sample_only,293.962059,29.510276,1790793163.844463,2026-09-30T18:32:43.844+00:00,3.240000,0.641000,5.046000,power1_input=3240000uW curr1_input=641mA in1_input=5046mV
2026-09-30T18:34:14+00:00,2d280c7862041cee1dd36a2ac164af8b7f9dcec3,False,2023.1,,ZynqMP KV260 revB machine-id:a435d1c5,,all,,hw,,,,kria,not read (sensor only),2d280c7862041cee1dd36a2ac164af8b7f9dcec3,,,,sensor_only,1,True,,performance,1333333,"0,1,2",,no-overlay idle reference (before any bitstream load),SOM-rail power (INA260),VCC_SOM,hwmon,/sys/class/hwmon/hwmon2 name=ina260_u14,"{""update_interval_ms"": ""not exposed""}",10.000,9.984,0.2793,0,0,sample_only,294.062047,29.610263,1790793163.944451,2026-09-30T18:32:43.944+00:00,3.220000,0.637000,5.047000,power1_input=3220000uW curr1_input=637mA in1_input=5047mV
2026-09-30T18:34:14+00:00,2d280c7862041cee1dd36a2ac164af8b7f9dcec3,False,2023.1,,ZynqMP KV260 revB machine-id:a435d1c5,,all,,hw,,,,kria,not read (sensor only),2d280c7862041cee1dd36a2ac164af8b7f9dcec3,,,,sensor_only,1,True,,performance,1333333,"0,1,2",,no-overlay idle reference (before any bitstream load),SOM-rail power (INA260),VCC_SOM,hwmon,/sys/class/hwmon/hwmon2 name=ina260_u14,"{""update_interval_ms"": ""not exposed""}",10.000,9.984,0.2793,0,0,sample_only,294.162051,29.710268,1790793164.044455,2026-09-30T18:32:44.044+00:00,3.210000,0.637000,5.047000,power1_input=3210000uW curr1_input=637mA in1_input=5047mV
2026-09-30T18:34:14+00:00,2d280c7862041cee1dd36a2ac164af8b7f9dcec3,False,2023.1,,ZynqMP KV260 revB machine-id:a435d1c5,,all,,hw,,,,kria,not read (sensor only),2d280c7862041cee1dd36a2ac164af8b7f9dcec3,,,,sensor_only,1,True,,performance,1333333,"0,1,2",,no-overlay idle reference (before any bitstream load),SOM-rail power (INA260),VCC_SOM,hwmon,/sys/class/hwmon/hwmon2 name=ina260_u14,"{""update_interval_ms"": ""not exposed""}",10.000,9.984,0.2793,0,0,sample_only,294.262134,29.810351,1790793164.144539,2026-09-30T18:32:44.144+00:00,3.230000,0.640000,5.046000,power1_input=3230000uW curr1_input=640mA in1_input=5046mV
2026-09-30T18:34:14+00:00,2d280c7862041cee1dd36a2ac164af8b7f9dcec3,False,2023.1,,ZynqMP KV260 revB machine-id:a435d1c5,,all,,hw,,,,kria,not read (sensor only),2d280c7862041cee1dd36a2ac164af8b7f9dcec3,,,,sensor_only,1,True,,performance,1333333,"0,1,2",,no-overlay idle reference (before any bitstream load),SOM-rail power (INA260),VCC_SOM,hwmon,/sys/class/hwmon/hwmon2 name=ina260_u14,"{""update_interval_ms"": ""not exposed""}",10.000,9.984,0.2793,0,0,sample_only,294.362067,29.910283,1790793164.244471,2026-09-30T18:32:44.244+00:00,3.200000,0.633000,5.046000,power1_input=3200000uW curr1_input=633mA in1_input=5046mV
2026-09-30T18:34:14+00:00,2d280c7862041cee1dd36a2ac164af8b7f9dcec3,False,2023.1,,ZynqMP KV260 revB machine-id:a435d1c5,,all,,hw,,,,kria,not read (sensor only),2d280c7862041cee1dd36a2ac164af8b7f9dcec3,,,,sensor_only,1,True,,performance,1333333,"0,1,2",,no-overlay idle reference (before any bitstream load),SOM-rail power (INA260),VCC_SOM,hwmon,/sys/class/hwmon/hwmon2 name=ina260_u14,"{""update_interval_ms"": ""not exposed""}",10.000,9.984,0.2793,0,0,sample_only,294.462047,30.010263,1790793164.344450,2026-09-30T18:32:44.344+00:00,3.200000,0.633000,5.047000,power1_input=3200000uW curr1_input=633mA in1_input=5047mV
2026-09-30T18:34:14+00:00,2d280c7862041cee1dd36a2ac164af8b7f9dcec3,False,2023.1,,ZynqMP KV260 revB machine-id:a435d1c5,,all,,hw,,,,kria,not read (sensor only),2d280c7862041cee1dd36a2ac164af8b7f9dcec3,,,,sensor_only,1,True,,performance,1333333,"0,1,2",,no-overlay idle reference (before any bitstream load),SOM-rail power (INA260),VCC_SOM,hwmon,/sys/class/hwmon/hwmon2 name=ina260_u14,"{""update_interval_ms"": ""not exposed""}",10.000,9.984,0.2793,0,0,sample_only,294.562044,30.110260,1790793164.444447,2026-09-30T18:32:44.444+00:00,3.210000,0.635000,5.047000,power1_input=3210000uW curr1_input=635mA in1_input=5047mV
2026-09-30T18:34:14+00:00,2d280c7862041cee1dd36a2ac164af8b7f9dcec3,False,2023.1,,ZynqMP KV260 revB machine-id:a435d1c5,,all,,hw,,,,kria,not read (sensor only),2d280c7862041cee1dd36a2ac164af8b7f9dcec3,,,,sensor_only,1,True,,performance,1333333,"0,1,2",,no-overlay idle reference (before any bitstream load),SOM-rail power (INA260),VCC_SOM,hwmon,/sys/class/hwmon/hwmon2 name=ina260_u14,"{""update_interval_ms"": ""not exposed""}",10.000,9.984,0.2793,0,0,sample_only,294.662041,30.210257,1790793164.544444,2026-09-30T18:32:44.544+00:00,3.210000,0.636000,5.046000,power1_input=3210000uW curr1_input=636mA in1_input=5046mV
2026-09-30T18:34:14+00:00,2d280c7862041cee1dd36a2ac164af8b7f9dcec3,False,2023.1,,ZynqMP KV260 revB machine-id:a435d1c5,,all,,hw,,,,kria,not read (sensor only),2d280c7862041cee1dd36a2ac164af8b7f9dcec3,,,,sensor_only,1,True,,performance,1333333,"0,1,2",,no-overlay idle reference (before any bitstream load),SOM-rail power (INA260),VCC_SOM,hwmon,/sys/class/hwmon/hwmon2 name=ina260_u14,"{""update_interval_ms"": ""not exposed""}",10.000,9.984,0.2793,0,0,sample_only,294.762091,30.310308,1790793164.644495,2026-09-30T18:32:44.644+00:00,3.200000,0.638000,5.046000,power1_input=3200000uW curr1_input=638mA in1_input=5046mV
2026-09-30T18:34:14+00:00,2d280c7862041cee1dd36a2ac164af8b7f9dcec3,False,2023.1,,ZynqMP KV260 revB machine-id:a435d1c5,,all,,hw,,,,kria,not read (sensor only),2d280c7862041cee1dd36a2ac164af8b7f9dcec3,,,,sensor_only,1,True,,performance,1333333,"0,1,2",,no-overlay idle reference (before any bitstream load),SOM-rail power (INA260),VCC_SOM,hwmon,/sys/class/hwmon/hwmon2 name=ina260_u14,"{""update_interval_ms"": ""not exposed""}",10.000,9.984,0.2793,0,0,sample_only,294.862108,30.410324,1790793164.744512,2026-09-30T18:32:44.744+00:00,3.200000,0.635000,5.046000,power1_input=3200000uW curr1_input=635mA in1_input=5046mV
2026-09-30T18:34:14+00:00,2d280c7862041cee1dd36a2ac164af8b7f9dcec3,False,2023.1,,ZynqMP KV260 revB machine-id:a435d1c5,,all,,hw,,,,kria,not read (sensor only),2d280c7862041cee1dd36a2ac164af8b7f9dcec3,,,,sensor_only,1,True,,performance,1333333,"0,1,2",,no-overlay idle reference (before any bitstream load),SOM-rail power (INA260),VCC_SOM,hwmon,/sys/class/hwmon/hwmon2 name=ina260_u14,"{""update_interval_ms"": ""not exposed""}",10.000,9.984,0.2793,0,0,sample_only,294.962063,30.510280,1790793164.844467,2026-09-30T18:32:44.844+00:00,3.220000,0.637000,5.046000,power1_input=3220000uW curr1_input=637mA in1_input=5046mV
2026-09-30T18:34:14+00:00,2d280c7862041cee1dd36a2ac164af8b7f9dcec3,False,2023.1,,ZynqMP KV260 revB machine-id:a435d1c5,,all,,hw,,,,kria,not read (sensor only),2d280c7862041cee1dd36a2ac164af8b7f9dcec3,,,,sensor_only,1,True,,performance,1333333,"0,1,2",,no-overlay idle reference (before any bitstream load),SOM-rail power (INA260),VCC_SOM,hwmon,/sys/class/hwmon/hwmon2 name=ina260_u14,"{""update_interval_ms"": ""not exposed""}",10.000,9.984,0.2793,0,0,sample_only,295.062097,30.610313,1790793164.944500,2026-09-30T18:32:44.944+00:00,3.210000,0.636000,5.046000,power1_input=3210000uW curr1_input=636mA in1_input=5046mV
2026-09-30T18:34:14+00:00,2d280c7862041cee1dd36a2ac164af8b7f9dcec3,False,2023.1,,ZynqMP KV260 revB machine-id:a435d1c5,,all,,hw,,,,kria,not read (sensor only),2d280c7862041cee1dd36a2ac164af8b7f9dcec3,,,,sensor_only,1,True,,performance,1333333,"0,1,2",,no-overlay idle reference (before any bitstream load),SOM-rail power (INA260),VCC_SOM,hwmon,/sys/class/hwmon/hwmon2 name=ina260_u14,"{""update_interval_ms"": ""not exposed""}",10.000,9.984,0.2793,0,0,sample_only,295.162060,30.710277,1790793165.044463,2026-09-30T18:32:45.044+00:00,3.230000,0.641000,5.047000,power1_input=3230000uW curr1_input=641mA in1_input=5047mV
2026-09-30T18:34:14+00:00,2d280c7862041cee1dd36a2ac164af8b7f9dcec3,False,2023.1,,ZynqMP KV260 revB machine-id:a435d1c5,,all,,hw,,,,kria,not read (sensor only),2d280c7862041cee1dd36a2ac164af8b7f9dcec3,,,,sensor_only,1,True,,performance,1333333,"0,1,2",,no-overlay idle reference (before any bitstream load),SOM-rail power (INA260),VCC_SOM,hwmon,/sys/class/hwmon/hwmon2 name=ina260_u14,"{""update_interval_ms"": ""not exposed""}",10.000,9.984,0.2793,0,0,sample_only,295.262095,30.810311,1790793165.144498,2026-09-30T18:32:45.144+00:00,3.200000,0.635000,5.047000,power1_input=3200000uW curr1_input=635mA in1_input=5047mV
2026-09-30T18:34:14+00:00,2d280c7862041cee1dd36a2ac164af8b7f9dcec3,False,2023.1,,ZynqMP KV260 revB machine-id:a435d1c5,,all,,hw,,,,kria,not read (sensor only),2d280c7862041cee1dd36a2ac164af8b7f9dcec3,,,,sensor_only,1,True,,performance,1333333,"0,1,2",,no-overlay idle reference (before any bitstream load),SOM-rail power (INA260),VCC_SOM,hwmon,/sys/class/hwmon/hwmon2 name=ina260_u14,"{""update_interval_ms"": ""not exposed""}",10.000,9.984,0.2793,0,0,sample_only,295.362047,30.910264,1790793165.244451,2026-09-30T18:32:45.244+00:00,3.200000,0.635000,5.047000,power1_input=3200000uW curr1_input=635mA in1_input=5047mV
2026-09-30T18:34:14+00:00,2d280c7862041cee1dd36a2ac164af8b7f9dcec3,False,2023.1,,ZynqMP KV260 revB machine-id:a435d1c5,,all,,hw,,,,kria,not read (sensor only),2d280c7862041cee1dd36a2ac164af8b7f9dcec3,,,,sensor_only,1,True,,performance,1333333,"0,1,2",,no-overlay idle reference (before any bitstream load),SOM-rail power (INA260),VCC_SOM,hwmon,/sys/class/hwmon/hwmon2 name=ina260_u14,"{""update_interval_ms"": ""not exposed""}",10.000,9.984,0.2793,0,0,sample_only,295.462044,31.010260,1790793165.344447,2026-09-30T18:32:45.344+00:00,3.230000,0.638000,5.047000,power1_input=3230000uW curr1_input=638mA in1_input=5047mV
2026-09-30T18:34:14+00:00,2d280c7862041cee1dd36a2ac164af8b7f9dcec3,False,2023.1,,ZynqMP KV260 revB machine-id:a435d1c5,,all,,hw,,,,kria,not read (sensor only),2d280c7862041cee1dd36a2ac164af8b7f9dcec3,,,,sensor_only,1,True,,performance,1333333,"0,1,2",,no-overlay idle reference (before any bitstream load),SOM-rail power (INA260),VCC_SOM,hwmon,/sys/class/hwmon/hwmon2 name=ina260_u14,"{""update_interval_ms"": ""not exposed""}",10.000,9.984,0.2793,0,0,sample_only,295.562040,31.110257,1790793165.444444,2026-09-30T18:32:45.444+00:00,3.210000,0.636000,5.047000,power1_input=3210000uW curr1_input=636mA in1_input=5047mV
2026-09-30T18:34:14+00:00,2d280c7862041cee1dd36a2ac164af8b7f9dcec3,False,2023.1,,ZynqMP KV260 revB machine-id:a435d1c5,,all,,hw,,,,kria,not read (sensor only),2d280c7862041cee1dd36a2ac164af8b7f9dcec3,,,,sensor_only,1,True,,performance,1333333,"0,1,2",,no-overlay idle reference (before any bitstream load),SOM-rail power (INA260),VCC_SOM,hwmon,/sys/class/hwmon/hwmon2 name=ina260_u14,"{""update_interval_ms"": ""not exposed""}",10.000,9.984,0.2793,0,0,sample_only,295.662090,31.210307,1790793165.544494,2026-09-30T18:32:45.544+00:00,3.200000,0.633000,5.047000,power1_input=3200000uW curr1_input=633mA in1_input=5047mV
2026-09-30T18:34:14+00:00,2d280c7862041cee1dd36a2ac164af8b7f9dcec3,False,2023.1,,ZynqMP KV260 revB machine-id:a435d1c5,,all,,hw,,,,kria,not read (sensor only),2d280c7862041cee1dd36a2ac164af8b7f9dcec3,,,,sensor_only,1,True,,performance,1333333,"0,1,2",,no-overlay idle reference (before any bitstream load),SOM-rail power (INA260),VCC_SOM,hwmon,/sys/class/hwmon/hwmon2 name=ina260_u14,"{""update_interval_ms"": ""not exposed""}",10.000,9.984,0.2793,0,0,sample_only,295.762089,31.310305,1790793165.644492,2026-09-30T18:32:45.644+00:00,3.200000,0.635000,5.047000,power1_input=3200000uW curr1_input=635mA in1_input=5047mV
2026-09-30T18:34:14+00:00,2d280c7862041cee1dd36a2ac164af8b7f9dcec3,False,2023.1,,ZynqMP KV260 revB machine-id:a435d1c5,,all,,hw,,,,kria,not read (sensor only),2d280c7862041cee1dd36a2ac164af8b7f9dcec3,,,,sensor_only,1,True,,performance,1333333,"0,1,2",,no-overlay idle reference (before any bitstream load),SOM-rail power (INA260),VCC_SOM,hwmon,/sys/class/hwmon/hwmon2 name=ina260_u14,"{""update_interval_ms"": ""not exposed""}",10.000,9.984,0.2793,0,0,sample_only,295.862085,31.410301,1790793165.744489,2026-09-30T18:32:45.744+00:00,3.210000,0.636000,5.046000,power1_input=3210000uW curr1_input=636mA in1_input=5046mV
2026-09-30T18:34:14+00:00,2d280c7862041cee1dd36a2ac164af8b7f9dcec3,False,2023.1,,ZynqMP KV260 revB machine-id:a435d1c5,,all,,hw,,,,kria,not read (sensor only),2d280c7862041cee1dd36a2ac164af8b7f9dcec3,,,,sensor_only,1,True,,performance,1333333,"0,1,2",,no-overlay idle reference (before any bitstream load),SOM-rail power (INA260),VCC_SOM,hwmon,/sys/class/hwmon/hwmon2 name=ina260_u14,"{""update_interval_ms"": ""not exposed""}",10.000,9.984,0.2793,0,0,sample_only,295.962055,31.510271,1790793165.844459,2026-09-30T18:32:45.844+00:00,3.200000,0.635000,5.047000,power1_input=3200000uW curr1_input=635mA in1_input=5047mV
2026-09-30T18:34:14+00:00,2d280c7862041cee1dd36a2ac164af8b7f9dcec3,False,2023.1,,ZynqMP KV260 revB machine-id:a435d1c5,,all,,hw,,,,kria,not read (sensor only),2d280c7862041cee1dd36a2ac164af8b7f9dcec3,,,,sensor_only,1,True,,performance,1333333,"0,1,2",,no-overlay idle reference (before any bitstream load),SOM-rail power (INA260),VCC_SOM,hwmon,/sys/class/hwmon/hwmon2 name=ina260_u14,"{""update_interval_ms"": ""not exposed""}",10.000,9.984,0.2793,0,0,sample_only,296.062046,31.610262,1790793165.944449,2026-09-30T18:32:45.944+00:00,3.210000,0.636000,5.046000,power1_input=3210000uW curr1_input=636mA in1_input=5046mV
2026-09-30T18:34:14+00:00,2d280c7862041cee1dd36a2ac164af8b7f9dcec3,False,2023.1,,ZynqMP KV260 revB machine-id:a435d1c5,,all,,hw,,,,kria,not read (sensor only),2d280c7862041cee1dd36a2ac164af8b7f9dcec3,,,,sensor_only,1,True,,performance,1333333,"0,1,2",,no-overlay idle reference (before any bitstream load),SOM-rail power (INA260),VCC_SOM,hwmon,/sys/class/hwmon/hwmon2 name=ina260_u14,"{""update_interval_ms"": ""not exposed""}",10.000,9.984,0.2793,0,0,sample_only,296.162049,31.710265,1790793166.044452,2026-09-30T18:32:46.044+00:00,3.210000,0.635000,5.046000,power1_input=3210000uW curr1_input=635mA in1_input=5046mV
2026-09-30T18:34:14+00:00,2d280c7862041cee1dd36a2ac164af8b7f9dcec3,False,2023.1,,ZynqMP KV260 revB machine-id:a435d1c5,,all,,hw,,,,kria,not read (sensor only),2d280c7862041cee1dd36a2ac164af8b7f9dcec3,,,,sensor_only,1,True,,performance,1333333,"0,1,2",,no-overlay idle reference (before any bitstream load),SOM-rail power (INA260),VCC_SOM,hwmon,/sys/class/hwmon/hwmon2 name=ina260_u14,"{""update_interval_ms"": ""not exposed""}",10.000,9.984,0.2793,0,0,sample_only,296.262043,31.810259,1790793166.144446,2026-09-30T18:32:46.144+00:00,3.210000,0.635000,5.047000,power1_input=3210000uW curr1_input=635mA in1_input=5047mV
2026-09-30T18:34:14+00:00,2d280c7862041cee1dd36a2ac164af8b7f9dcec3,False,2023.1,,ZynqMP KV260 revB machine-id:a435d1c5,,all,,hw,,,,kria,not read (sensor only),2d280c7862041cee1dd36a2ac164af8b7f9dcec3,,,,sensor_only,1,True,,performance,1333333,"0,1,2",,no-overlay idle reference (before any bitstream load),SOM-rail power (INA260),VCC_SOM,hwmon,/sys/class/hwmon/hwmon2 name=ina260_u14,"{""update_interval_ms"": ""not exposed""}",10.000,9.984,0.2793,0,0,sample_only,296.362054,31.910270,1790793166.244457,2026-09-30T18:32:46.244+00:00,3.210000,0.637000,5.047000,power1_input=3210000uW curr1_input=637mA in1_input=5047mV
2026-09-30T18:34:14+00:00,2d280c7862041cee1dd36a2ac164af8b7f9dcec3,False,2023.1,,ZynqMP KV260 revB machine-id:a435d1c5,,all,,hw,,,,kria,not read (sensor only),2d280c7862041cee1dd36a2ac164af8b7f9dcec3,,,,sensor_only,1,True,,performance,1333333,"0,1,2",,no-overlay idle reference (before any bitstream load),SOM-rail power (INA260),VCC_SOM,hwmon,/sys/class/hwmon/hwmon2 name=ina260_u14,"{""update_interval_ms"": ""not exposed""}",10.000,9.984,0.2793,0,0,sample_only,296.462045,32.010261,1790793166.344448,2026-09-30T18:32:46.344+00:00,3.210000,0.636000,5.046000,power1_input=3210000uW curr1_input=636mA in1_input=5046mV
2026-09-30T18:34:14+00:00,2d280c7862041cee1dd36a2ac164af8b7f9dcec3,False,2023.1,,ZynqMP KV260 revB machine-id:a435d1c5,,all,,hw,,,,kria,not read (sensor only),2d280c7862041cee1dd36a2ac164af8b7f9dcec3,,,,sensor_only,1,True,,performance,1333333,"0,1,2",,no-overlay idle reference (before any bitstream load),SOM-rail power (INA260),VCC_SOM,hwmon,/sys/class/hwmon/hwmon2 name=ina260_u14,"{""update_interval_ms"": ""not exposed""}",10.000,9.984,0.2793,0,0,sample_only,296.562040,32.110256,1790793166.444443,2026-09-30T18:32:46.444+00:00,3.220000,0.637000,5.047000,power1_input=3220000uW curr1_input=637mA in1_input=5047mV
2026-09-30T18:34:14+00:00,2d280c7862041cee1dd36a2ac164af8b7f9dcec3,False,2023.1,,ZynqMP KV260 revB machine-id:a435d1c5,,all,,hw,,,,kria,not read (sensor only),2d280c7862041cee1dd36a2ac164af8b7f9dcec3,,,,sensor_only,1,True,,performance,1333333,"0,1,2",,no-overlay idle reference (before any bitstream load),SOM-rail power (INA260),VCC_SOM,hwmon,/sys/class/hwmon/hwmon2 name=ina260_u14,"{""update_interval_ms"": ""not exposed""}",10.000,9.984,0.2793,0,0,sample_only,296.662046,32.210262,1790793166.544449,2026-09-30T18:32:46.544+00:00,3.220000,0.638000,5.047000,power1_input=3220000uW curr1_input=638mA in1_input=5047mV
2026-09-30T18:34:14+00:00,2d280c7862041cee1dd36a2ac164af8b7f9dcec3,False,2023.1,,ZynqMP KV260 revB machine-id:a435d1c5,,all,,hw,,,,kria,not read (sensor only),2d280c7862041cee1dd36a2ac164af8b7f9dcec3,,,,sensor_only,1,True,,performance,1333333,"0,1,2",,no-overlay idle reference (before any bitstream load),SOM-rail power (INA260),VCC_SOM,hwmon,/sys/class/hwmon/hwmon2 name=ina260_u14,"{""update_interval_ms"": ""not exposed""}",10.000,9.984,0.2793,0,0,sample_only,296.762067,32.310283,1790793166.644470,2026-09-30T18:32:46.644+00:00,3.200000,0.635000,5.046000,power1_input=3200000uW curr1_input=635mA in1_input=5046mV
2026-09-30T18:34:14+00:00,2d280c7862041cee1dd36a2ac164af8b7f9dcec3,False,2023.1,,ZynqMP KV260 revB machine-id:a435d1c5,,all,,hw,,,,kria,not read (sensor only),2d280c7862041cee1dd36a2ac164af8b7f9dcec3,,,,sensor_only,1,True,,performance,1333333,"0,1,2",,no-overlay idle reference (before any bitstream load),SOM-rail power (INA260),VCC_SOM,hwmon,/sys/class/hwmon/hwmon2 name=ina260_u14,"{""update_interval_ms"": ""not exposed""}",10.000,9.984,0.2793,0,0,sample_only,296.862073,32.410289,1790793166.744477,2026-09-30T18:32:46.744+00:00,3.220000,0.637000,5.045000,power1_input=3220000uW curr1_input=637mA in1_input=5045mV
2026-09-30T18:34:14+00:00,2d280c7862041cee1dd36a2ac164af8b7f9dcec3,False,2023.1,,ZynqMP KV260 revB machine-id:a435d1c5,,all,,hw,,,,kria,not read (sensor only),2d280c7862041cee1dd36a2ac164af8b7f9dcec3,,,,sensor_only,1,True,,performance,1333333,"0,1,2",,no-overlay idle reference (before any bitstream load),SOM-rail power (INA260),VCC_SOM,hwmon,/sys/class/hwmon/hwmon2 name=ina260_u14,"{""update_interval_ms"": ""not exposed""}",10.000,9.984,0.2793,0,0,sample_only,296.962068,32.510284,1790793166.844471,2026-09-30T18:32:46.844+00:00,3.200000,0.633000,5.047000,power1_input=3200000uW curr1_input=633mA in1_input=5047mV
2026-09-30T18:34:14+00:00,2d280c7862041cee1dd36a2ac164af8b7f9dcec3,False,2023.1,,ZynqMP KV260 revB machine-id:a435d1c5,,all,,hw,,,,kria,not read (sensor only),2d280c7862041cee1dd36a2ac164af8b7f9dcec3,,,,sensor_only,1,True,,performance,1333333,"0,1,2",,no-overlay idle reference (before any bitstream load),SOM-rail power (INA260),VCC_SOM,hwmon,/sys/class/hwmon/hwmon2 name=ina260_u14,"{""update_interval_ms"": ""not exposed""}",10.000,9.984,0.2793,0,0,sample_only,297.062052,32.610269,1790793166.944456,2026-09-30T18:32:46.944+00:00,3.200000,0.635000,5.046000,power1_input=3200000uW curr1_input=635mA in1_input=5046mV
2026-09-30T18:34:14+00:00,2d280c7862041cee1dd36a2ac164af8b7f9dcec3,False,2023.1,,ZynqMP KV260 revB machine-id:a435d1c5,,all,,hw,,,,kria,not read (sensor only),2d280c7862041cee1dd36a2ac164af8b7f9dcec3,,,,sensor_only,1,True,,performance,1333333,"0,1,2",,no-overlay idle reference (before any bitstream load),SOM-rail power (INA260),VCC_SOM,hwmon,/sys/class/hwmon/hwmon2 name=ina260_u14,"{""update_interval_ms"": ""not exposed""}",10.000,9.984,0.2793,0,0,sample_only,297.162095,32.710312,1790793167.044499,2026-09-30T18:32:47.044+00:00,3.200000,0.633000,5.046000,power1_input=3200000uW curr1_input=633mA in1_input=5046mV
2026-09-30T18:34:14+00:00,2d280c7862041cee1dd36a2ac164af8b7f9dcec3,False,2023.1,,ZynqMP KV260 revB machine-id:a435d1c5,,all,,hw,,,,kria,not read (sensor only),2d280c7862041cee1dd36a2ac164af8b7f9dcec3,,,,sensor_only,1,True,,performance,1333333,"0,1,2",,no-overlay idle reference (before any bitstream load),SOM-rail power (INA260),VCC_SOM,hwmon,/sys/class/hwmon/hwmon2 name=ina260_u14,"{""update_interval_ms"": ""not exposed""}",10.000,9.984,0.2793,0,0,sample_only,297.262091,32.810307,1790793167.144494,2026-09-30T18:32:47.144+00:00,3.200000,0.635000,5.046000,power1_input=3200000uW curr1_input=635mA in1_input=5046mV
2026-09-30T18:34:14+00:00,2d280c7862041cee1dd36a2ac164af8b7f9dcec3,False,2023.1,,ZynqMP KV260 revB machine-id:a435d1c5,,all,,hw,,,,kria,not read (sensor only),2d280c7862041cee1dd36a2ac164af8b7f9dcec3,,,,sensor_only,1,True,,performance,1333333,"0,1,2",,no-overlay idle reference (before any bitstream load),SOM-rail power (INA260),VCC_SOM,hwmon,/sys/class/hwmon/hwmon2 name=ina260_u14,"{""update_interval_ms"": ""not exposed""}",10.000,9.984,0.2793,0,0,sample_only,297.362044,32.910261,1790793167.244447,2026-09-30T18:32:47.244+00:00,3.210000,0.636000,5.046000,power1_input=3210000uW curr1_input=636mA in1_input=5046mV
2026-09-30T18:34:14+00:00,2d280c7862041cee1dd36a2ac164af8b7f9dcec3,False,2023.1,,ZynqMP KV260 revB machine-id:a435d1c5,,all,,hw,,,,kria,not read (sensor only),2d280c7862041cee1dd36a2ac164af8b7f9dcec3,,,,sensor_only,1,True,,performance,1333333,"0,1,2",,no-overlay idle reference (before any bitstream load),SOM-rail power (INA260),VCC_SOM,hwmon,/sys/class/hwmon/hwmon2 name=ina260_u14,"{""update_interval_ms"": ""not exposed""}",10.000,9.984,0.2793,0,0,sample_only,297.462046,33.010262,1790793167.344449,2026-09-30T18:32:47.344+00:00,3.200000,0.640000,5.046000,power1_input=3200000uW curr1_input=640mA in1_input=5046mV
2026-09-30T18:34:14+00:00,2d280c7862041cee1dd36a2ac164af8b7f9dcec3,False,2023.1,,ZynqMP KV260 revB machine-id:a435d1c5,,all,,hw,,,,kria,not read (sensor only),2d280c7862041cee1dd36a2ac164af8b7f9dcec3,,,,sensor_only,1,True,,performance,1333333,"0,1,2",,no-overlay idle reference (before any bitstream load),SOM-rail power (INA260),VCC_SOM,hwmon,/sys/class/hwmon/hwmon2 name=ina260_u14,"{""update_interval_ms"": ""not exposed""}",10.000,9.984,0.2793,0,0,sample_only,297.562087,33.110303,1790793167.444490,2026-09-30T18:32:47.444+00:00,3.200000,0.635000,5.047000,power1_input=3200000uW curr1_input=635mA in1_input=5047mV
2026-09-30T18:34:14+00:00,2d280c7862041cee1dd36a2ac164af8b7f9dcec3,False,2023.1,,ZynqMP KV260 revB machine-id:a435d1c5,,all,,hw,,,,kria,not read (sensor only),2d280c7862041cee1dd36a2ac164af8b7f9dcec3,,,,sensor_only,1,True,,performance,1333333,"0,1,2",,no-overlay idle reference (before any bitstream load),SOM-rail power (INA260),VCC_SOM,hwmon,/sys/class/hwmon/hwmon2 name=ina260_u14,"{""update_interval_ms"": ""not exposed""}",10.000,9.984,0.2793,0,0,sample_only,297.662126,33.210343,1790793167.544530,2026-09-30T18:32:47.544+00:00,3.350000,0.663000,5.046000,power1_input=3350000uW curr1_input=663mA in1_input=5046mV
2026-09-30T18:34:14+00:00,2d280c7862041cee1dd36a2ac164af8b7f9dcec3,False,2023.1,,ZynqMP KV260 revB machine-id:a435d1c5,,all,,hw,,,,kria,not read (sensor only),2d280c7862041cee1dd36a2ac164af8b7f9dcec3,,,,sensor_only,1,True,,performance,1333333,"0,1,2",,no-overlay idle reference (before any bitstream load),SOM-rail power (INA260),VCC_SOM,hwmon,/sys/class/hwmon/hwmon2 name=ina260_u14,"{""update_interval_ms"": ""not exposed""}",10.000,9.984,0.2793,0,0,sample_only,297.762059,33.310275,1790793167.644462,2026-09-30T18:32:47.644+00:00,3.200000,0.636000,5.047000,power1_input=3200000uW curr1_input=636mA in1_input=5047mV
2026-09-30T18:34:14+00:00,2d280c7862041cee1dd36a2ac164af8b7f9dcec3,False,2023.1,,ZynqMP KV260 revB machine-id:a435d1c5,,all,,hw,,,,kria,not read (sensor only),2d280c7862041cee1dd36a2ac164af8b7f9dcec3,,,,sensor_only,1,True,,performance,1333333,"0,1,2",,no-overlay idle reference (before any bitstream load),SOM-rail power (INA260),VCC_SOM,hwmon,/sys/class/hwmon/hwmon2 name=ina260_u14,"{""update_interval_ms"": ""not exposed""}",10.000,9.984,0.2793,0,0,sample_only,297.862064,33.410280,1790793167.744467,2026-09-30T18:32:47.744+00:00,3.220000,0.637000,5.046000,power1_input=3220000uW curr1_input=637mA in1_input=5046mV
2026-09-30T18:34:14+00:00,2d280c7862041cee1dd36a2ac164af8b7f9dcec3,False,2023.1,,ZynqMP KV260 revB machine-id:a435d1c5,,all,,hw,,,,kria,not read (sensor only),2d280c7862041cee1dd36a2ac164af8b7f9dcec3,,,,sensor_only,1,True,,performance,1333333,"0,1,2",,no-overlay idle reference (before any bitstream load),SOM-rail power (INA260),VCC_SOM,hwmon,/sys/class/hwmon/hwmon2 name=ina260_u14,"{""update_interval_ms"": ""not exposed""}",10.000,9.984,0.2793,0,0,sample_only,297.962052,33.510268,1790793167.844455,2026-09-30T18:32:47.844+00:00,3.200000,0.635000,5.046000,power1_input=3200000uW curr1_input=635mA in1_input=5046mV
2026-09-30T18:34:14+00:00,2d280c7862041cee1dd36a2ac164af8b7f9dcec3,False,2023.1,,ZynqMP KV260 revB machine-id:a435d1c5,,all,,hw,,,,kria,not read (sensor only),2d280c7862041cee1dd36a2ac164af8b7f9dcec3,,,,sensor_only,1,True,,performance,1333333,"0,1,2",,no-overlay idle reference (before any bitstream load),SOM-rail power (INA260),VCC_SOM,hwmon,/sys/class/hwmon/hwmon2 name=ina260_u14,"{""update_interval_ms"": ""not exposed""}",10.000,9.984,0.2793,0,0,sample_only,298.062045,33.610261,1790793167.944448,2026-09-30T18:32:47.944+00:00,3.210000,0.636000,5.046000,power1_input=3210000uW curr1_input=636mA in1_input=5046mV
2026-09-30T18:34:14+00:00,2d280c7862041cee1dd36a2ac164af8b7f9dcec3,False,2023.1,,ZynqMP KV260 revB machine-id:a435d1c5,,all,,hw,,,,kria,not read (sensor only),2d280c7862041cee1dd36a2ac164af8b7f9dcec3,,,,sensor_only,1,True,,performance,1333333,"0,1,2",,no-overlay idle reference (before any bitstream load),SOM-rail power (INA260),VCC_SOM,hwmon,/sys/class/hwmon/hwmon2 name=ina260_u14,"{""update_interval_ms"": ""not exposed""}",10.000,9.984,0.2793,0,0,sample_only,298.162048,33.710265,1790793168.044451,2026-09-30T18:32:48.044+00:00,3.220000,0.636000,5.047000,power1_input=3220000uW curr1_input=636mA in1_input=5047mV
2026-09-30T18:34:14+00:00,2d280c7862041cee1dd36a2ac164af8b7f9dcec3,False,2023.1,,ZynqMP KV260 revB machine-id:a435d1c5,,all,,hw,,,,kria,not read (sensor only),2d280c7862041cee1dd36a2ac164af8b7f9dcec3,,,,sensor_only,1,True,,performance,1333333,"0,1,2",,no-overlay idle reference (before any bitstream load),SOM-rail power (INA260),VCC_SOM,hwmon,/sys/class/hwmon/hwmon2 name=ina260_u14,"{""update_interval_ms"": ""not exposed""}",10.000,9.984,0.2793,0,0,sample_only,298.262039,33.810256,1790793168.144443,2026-09-30T18:32:48.144+00:00,3.210000,0.636000,5.046000,power1_input=3210000uW curr1_input=636mA in1_input=5046mV
2026-09-30T18:34:14+00:00,2d280c7862041cee1dd36a2ac164af8b7f9dcec3,False,2023.1,,ZynqMP KV260 revB machine-id:a435d1c5,,all,,hw,,,,kria,not read (sensor only),2d280c7862041cee1dd36a2ac164af8b7f9dcec3,,,,sensor_only,1,True,,performance,1333333,"0,1,2",,no-overlay idle reference (before any bitstream load),SOM-rail power (INA260),VCC_SOM,hwmon,/sys/class/hwmon/hwmon2 name=ina260_u14,"{""update_interval_ms"": ""not exposed""}",10.000,9.984,0.2793,0,0,sample_only,298.362045,33.910262,1790793168.244448,2026-09-30T18:32:48.244+00:00,3.220000,0.637000,5.047000,power1_input=3220000uW curr1_input=637mA in1_input=5047mV
2026-09-30T18:34:14+00:00,2d280c7862041cee1dd36a2ac164af8b7f9dcec3,False,2023.1,,ZynqMP KV260 revB machine-id:a435d1c5,,all,,hw,,,,kria,not read (sensor only),2d280c7862041cee1dd36a2ac164af8b7f9dcec3,,,,sensor_only,1,True,,performance,1333333,"0,1,2",,no-overlay idle reference (before any bitstream load),SOM-rail power (INA260),VCC_SOM,hwmon,/sys/class/hwmon/hwmon2 name=ina260_u14,"{""update_interval_ms"": ""not exposed""}",10.000,9.984,0.2793,0,0,sample_only,298.462044,34.010261,1790793168.344448,2026-09-30T18:32:48.344+00:00,3.210000,0.636000,5.046000,power1_input=3210000uW curr1_input=636mA in1_input=5046mV
2026-09-30T18:34:14+00:00,2d280c7862041cee1dd36a2ac164af8b7f9dcec3,False,2023.1,,ZynqMP KV260 revB machine-id:a435d1c5,,all,,hw,,,,kria,not read (sensor only),2d280c7862041cee1dd36a2ac164af8b7f9dcec3,,,,sensor_only,1,True,,performance,1333333,"0,1,2",,no-overlay idle reference (before any bitstream load),SOM-rail power (INA260),VCC_SOM,hwmon,/sys/class/hwmon/hwmon2 name=ina260_u14,"{""update_interval_ms"": ""not exposed""}",10.000,9.984,0.2793,0,0,sample_only,298.562039,34.110255,1790793168.444442,2026-09-30T18:32:48.444+00:00,3.200000,0.633000,5.046000,power1_input=3200000uW curr1_input=633mA in1_input=5046mV
2026-09-30T18:34:14+00:00,2d280c7862041cee1dd36a2ac164af8b7f9dcec3,False,2023.1,,ZynqMP KV260 revB machine-id:a435d1c5,,all,,hw,,,,kria,not read (sensor only),2d280c7862041cee1dd36a2ac164af8b7f9dcec3,,,,sensor_only,1,True,,performance,1333333,"0,1,2",,no-overlay idle reference (before any bitstream load),SOM-rail power (INA260),VCC_SOM,hwmon,/sys/class/hwmon/hwmon2 name=ina260_u14,"{""update_interval_ms"": ""not exposed""}",10.000,9.984,0.2793,0,0,sample_only,298.662123,34.210339,1790793168.544527,2026-09-30T18:32:48.544+00:00,3.200000,0.635000,5.046000,power1_input=3200000uW curr1_input=635mA in1_input=5046mV
2026-09-30T18:34:14+00:00,2d280c7862041cee1dd36a2ac164af8b7f9dcec3,False,2023.1,,ZynqMP KV260 revB machine-id:a435d1c5,,all,,hw,,,,kria,not read (sensor only),2d280c7862041cee1dd36a2ac164af8b7f9dcec3,,,,sensor_only,1,True,,performance,1333333,"0,1,2",,no-overlay idle reference (before any bitstream load),SOM-rail power (INA260),VCC_SOM,hwmon,/sys/class/hwmon/hwmon2 name=ina260_u14,"{""update_interval_ms"": ""not exposed""}",10.000,9.984,0.2793,0,0,sample_only,298.762067,34.310284,1790793168.644471,2026-09-30T18:32:48.644+00:00,3.220000,0.637000,5.047000,power1_input=3220000uW curr1_input=637mA in1_input=5047mV
2026-09-30T18:34:14+00:00,2d280c7862041cee1dd36a2ac164af8b7f9dcec3,False,2023.1,,ZynqMP KV260 revB machine-id:a435d1c5,,all,,hw,,,,kria,not read (sensor only),2d280c7862041cee1dd36a2ac164af8b7f9dcec3,,,,sensor_only,1,True,,performance,1333333,"0,1,2",,no-overlay idle reference (before any bitstream load),SOM-rail power (INA260),VCC_SOM,hwmon,/sys/class/hwmon/hwmon2 name=ina260_u14,"{""update_interval_ms"": ""not exposed""}",10.000,9.984,0.2793,0,0,sample_only,298.862068,34.410285,1790793168.744472,2026-09-30T18:32:48.744+00:00,3.230000,0.640000,5.047000,power1_input=3230000uW curr1_input=640mA in1_input=5047mV
2026-09-30T18:34:14+00:00,2d280c7862041cee1dd36a2ac164af8b7f9dcec3,False,2023.1,,ZynqMP KV260 revB machine-id:a435d1c5,,all,,hw,,,,kria,not read (sensor only),2d280c7862041cee1dd36a2ac164af8b7f9dcec3,,,,sensor_only,1,True,,performance,1333333,"0,1,2",,no-overlay idle reference (before any bitstream load),SOM-rail power (INA260),VCC_SOM,hwmon,/sys/class/hwmon/hwmon2 name=ina260_u14,"{""update_interval_ms"": ""not exposed""}",10.000,9.984,0.2793,0,0,sample_only,298.962048,34.510265,1790793168.844452,2026-09-30T18:32:48.844+00:00,3.220000,0.637000,5.047000,power1_input=3220000uW curr1_input=637mA in1_input=5047mV
2026-09-30T18:34:14+00:00,2d280c7862041cee1dd36a2ac164af8b7f9dcec3,False,2023.1,,ZynqMP KV260 revB machine-id:a435d1c5,,all,,hw,,,,kria,not read (sensor only),2d280c7862041cee1dd36a2ac164af8b7f9dcec3,,,,sensor_only,1,True,,performance,1333333,"0,1,2",,no-overlay idle reference (before any bitstream load),SOM-rail power (INA260),VCC_SOM,hwmon,/sys/class/hwmon/hwmon2 name=ina260_u14,"{""update_interval_ms"": ""not exposed""}",10.000,9.984,0.2793,0,0,sample_only,299.062055,34.610271,1790793168.944458,2026-09-30T18:32:48.944+00:00,3.210000,0.636000,5.047000,power1_input=3210000uW curr1_input=636mA in1_input=5047mV
2026-09-30T18:34:14+00:00,2d280c7862041cee1dd36a2ac164af8b7f9dcec3,False,2023.1,,ZynqMP KV260 revB machine-id:a435d1c5,,all,,hw,,,,kria,not read (sensor only),2d280c7862041cee1dd36a2ac164af8b7f9dcec3,,,,sensor_only,1,True,,performance,1333333,"0,1,2",,no-overlay idle reference (before any bitstream load),SOM-rail power (INA260),VCC_SOM,hwmon,/sys/class/hwmon/hwmon2 name=ina260_u14,"{""update_interval_ms"": ""not exposed""}",10.000,9.984,0.2793,0,0,sample_only,299.162054,34.710271,1790793169.044458,2026-09-30T18:32:49.044+00:00,3.200000,0.636000,5.046000,power1_input=3200000uW curr1_input=636mA in1_input=5046mV
2026-09-30T18:34:14+00:00,2d280c7862041cee1dd36a2ac164af8b7f9dcec3,False,2023.1,,ZynqMP KV260 revB machine-id:a435d1c5,,all,,hw,,,,kria,not read (sensor only),2d280c7862041cee1dd36a2ac164af8b7f9dcec3,,,,sensor_only,1,True,,performance,1333333,"0,1,2",,no-overlay idle reference (before any bitstream load),SOM-rail power (INA260),VCC_SOM,hwmon,/sys/class/hwmon/hwmon2 name=ina260_u14,"{""update_interval_ms"": ""not exposed""}",10.000,9.984,0.2793,0,0,sample_only,299.262135,34.810352,1790793169.144540,2026-09-30T18:32:49.144+00:00,3.220000,0.638000,5.046000,power1_input=3220000uW curr1_input=638mA in1_input=5046mV
2026-09-30T18:34:14+00:00,2d280c7862041cee1dd36a2ac164af8b7f9dcec3,False,2023.1,,ZynqMP KV260 revB machine-id:a435d1c5,,all,,hw,,,,kria,not read (sensor only),2d280c7862041cee1dd36a2ac164af8b7f9dcec3,,,,sensor_only,1,True,,performance,1333333,"0,1,2",,no-overlay idle reference (before any bitstream load),SOM-rail power (INA260),VCC_SOM,hwmon,/sys/class/hwmon/hwmon2 name=ina260_u14,"{""update_interval_ms"": ""not exposed""}",10.000,9.984,0.2793,0,0,sample_only,299.362064,34.910281,1790793169.244468,2026-09-30T18:32:49.244+00:00,3.210000,0.636000,5.046000,power1_input=3210000uW curr1_input=636mA in1_input=5046mV
2026-09-30T18:34:14+00:00,2d280c7862041cee1dd36a2ac164af8b7f9dcec3,False,2023.1,,ZynqMP KV260 revB machine-id:a435d1c5,,all,,hw,,,,kria,not read (sensor only),2d280c7862041cee1dd36a2ac164af8b7f9dcec3,,,,sensor_only,1,True,,performance,1333333,"0,1,2",,no-overlay idle reference (before any bitstream load),SOM-rail power (INA260),VCC_SOM,hwmon,/sys/class/hwmon/hwmon2 name=ina260_u14,"{""update_interval_ms"": ""not exposed""}",10.000,9.984,0.2793,0,0,sample_only,299.462046,35.010262,1790793169.344449,2026-09-30T18:32:49.344+00:00,3.210000,0.635000,5.046000,power1_input=3210000uW curr1_input=635mA in1_input=5046mV
2026-09-30T18:34:14+00:00,2d280c7862041cee1dd36a2ac164af8b7f9dcec3,False,2023.1,,ZynqMP KV260 revB machine-id:a435d1c5,,all,,hw,,,,kria,not read (sensor only),2d280c7862041cee1dd36a2ac164af8b7f9dcec3,,,,sensor_only,1,True,,performance,1333333,"0,1,2",,no-overlay idle reference (before any bitstream load),SOM-rail power (INA260),VCC_SOM,hwmon,/sys/class/hwmon/hwmon2 name=ina260_u14,"{""update_interval_ms"": ""not exposed""}",10.000,9.984,0.2793,0,0,sample_only,299.562042,35.110259,1790793169.444446,2026-09-30T18:32:49.444+00:00,3.210000,0.636000,5.046000,power1_input=3210000uW curr1_input=636mA in1_input=5046mV
2026-09-30T18:34:14+00:00,2d280c7862041cee1dd36a2ac164af8b7f9dcec3,False,2023.1,,ZynqMP KV260 revB machine-id:a435d1c5,,all,,hw,,,,kria,not read (sensor only),2d280c7862041cee1dd36a2ac164af8b7f9dcec3,,,,sensor_only,1,True,,performance,1333333,"0,1,2",,no-overlay idle reference (before any bitstream load),SOM-rail power (INA260),VCC_SOM,hwmon,/sys/class/hwmon/hwmon2 name=ina260_u14,"{""update_interval_ms"": ""not exposed""}",10.000,9.984,0.2793,0,0,sample_only,299.662045,35.210261,1790793169.544448,2026-09-30T18:32:49.544+00:00,3.200000,0.635000,5.046000,power1_input=3200000uW curr1_input=635mA in1_input=5046mV
2026-09-30T18:34:14+00:00,2d280c7862041cee1dd36a2ac164af8b7f9dcec3,False,2023.1,,ZynqMP KV260 revB machine-id:a435d1c5,,all,,hw,,,,kria,not read (sensor only),2d280c7862041cee1dd36a2ac164af8b7f9dcec3,,,,sensor_only,1,True,,performance,1333333,"0,1,2",,no-overlay idle reference (before any bitstream load),SOM-rail power (INA260),VCC_SOM,hwmon,/sys/class/hwmon/hwmon2 name=ina260_u14,"{""update_interval_ms"": ""not exposed""}",10.000,9.984,0.2793,0,0,sample_only,299.762162,35.310378,1790793169.644566,2026-09-30T18:32:49.644+00:00,3.210000,0.636000,5.046000,power1_input=3210000uW curr1_input=636mA in1_input=5046mV
2026-09-30T18:34:14+00:00,2d280c7862041cee1dd36a2ac164af8b7f9dcec3,False,2023.1,,ZynqMP KV260 revB machine-id:a435d1c5,,all,,hw,,,,kria,not read (sensor only),2d280c7862041cee1dd36a2ac164af8b7f9dcec3,,,,sensor_only,1,True,,performance,1333333,"0,1,2",,no-overlay idle reference (before any bitstream load),SOM-rail power (INA260),VCC_SOM,hwmon,/sys/class/hwmon/hwmon2 name=ina260_u14,"{""update_interval_ms"": ""not exposed""}",10.000,9.984,0.2793,0,0,sample_only,299.862123,35.410340,1790793169.744528,2026-09-30T18:32:49.744+00:00,3.230000,0.648000,5.047000,power1_input=3230000uW curr1_input=648mA in1_input=5047mV
2026-09-30T18:34:14+00:00,2d280c7862041cee1dd36a2ac164af8b7f9dcec3,False,2023.1,,ZynqMP KV260 revB machine-id:a435d1c5,,all,,hw,,,,kria,not read (sensor only),2d280c7862041cee1dd36a2ac164af8b7f9dcec3,,,,sensor_only,1,True,,performance,1333333,"0,1,2",,no-overlay idle reference (before any bitstream load),SOM-rail power (INA260),VCC_SOM,hwmon,/sys/class/hwmon/hwmon2 name=ina260_u14,"{""update_interval_ms"": ""not exposed""}",10.000,9.984,0.2793,0,0,sample_only,299.962104,35.510320,1790793169.844507,2026-09-30T18:32:49.844+00:00,3.210000,0.635000,5.046000,power1_input=3210000uW curr1_input=635mA in1_input=5046mV
2026-09-30T18:34:14+00:00,2d280c7862041cee1dd36a2ac164af8b7f9dcec3,False,2023.1,,ZynqMP KV260 revB machine-id:a435d1c5,,all,,hw,,,,kria,not read (sensor only),2d280c7862041cee1dd36a2ac164af8b7f9dcec3,,,,sensor_only,1,True,,performance,1333333,"0,1,2",,no-overlay idle reference (before any bitstream load),SOM-rail power (INA260),VCC_SOM,hwmon,/sys/class/hwmon/hwmon2 name=ina260_u14,"{""update_interval_ms"": ""not exposed""}",10.000,9.984,0.2793,0,0,sample_only,300.062049,35.610266,1790793169.944453,2026-09-30T18:32:49.944+00:00,3.220000,0.637000,5.046000,power1_input=3220000uW curr1_input=637mA in1_input=5046mV
2026-09-30T18:34:14+00:00,2d280c7862041cee1dd36a2ac164af8b7f9dcec3,False,2023.1,,ZynqMP KV260 revB machine-id:a435d1c5,,all,,hw,,,,kria,not read (sensor only),2d280c7862041cee1dd36a2ac164af8b7f9dcec3,,,,sensor_only,1,True,,performance,1333333,"0,1,2",,no-overlay idle reference (before any bitstream load),SOM-rail power (INA260),VCC_SOM,hwmon,/sys/class/hwmon/hwmon2 name=ina260_u14,"{""update_interval_ms"": ""not exposed""}",10.000,9.984,0.2793,0,0,sample_only,300.162094,35.710311,1790793170.044498,2026-09-30T18:32:50.044+00:00,3.220000,0.643000,5.047000,power1_input=3220000uW curr1_input=643mA in1_input=5047mV
2026-09-30T18:34:14+00:00,2d280c7862041cee1dd36a2ac164af8b7f9dcec3,False,2023.1,,ZynqMP KV260 revB machine-id:a435d1c5,,all,,hw,,,,kria,not read (sensor only),2d280c7862041cee1dd36a2ac164af8b7f9dcec3,,,,sensor_only,1,True,,performance,1333333,"0,1,2",,no-overlay idle reference (before any bitstream load),SOM-rail power (INA260),VCC_SOM,hwmon,/sys/class/hwmon/hwmon2 name=ina260_u14,"{""update_interval_ms"": ""not exposed""}",10.000,9.984,0.2793,0,0,sample_only,300.262041,35.810258,1790793170.144445,2026-09-30T18:32:50.144+00:00,3.200000,0.636000,5.046000,power1_input=3200000uW curr1_input=636mA in1_input=5046mV
2026-09-30T18:34:14+00:00,2d280c7862041cee1dd36a2ac164af8b7f9dcec3,False,2023.1,,ZynqMP KV260 revB machine-id:a435d1c5,,all,,hw,,,,kria,not read (sensor only),2d280c7862041cee1dd36a2ac164af8b7f9dcec3,,,,sensor_only,1,True,,performance,1333333,"0,1,2",,no-overlay idle reference (before any bitstream load),SOM-rail power (INA260),VCC_SOM,hwmon,/sys/class/hwmon/hwmon2 name=ina260_u14,"{""update_interval_ms"": ""not exposed""}",10.000,9.984,0.2793,0,0,sample_only,300.362043,35.910260,1790793170.244447,2026-09-30T18:32:50.244+00:00,3.210000,0.636000,5.046000,power1_input=3210000uW curr1_input=636mA in1_input=5046mV
2026-09-30T18:34:14+00:00,2d280c7862041cee1dd36a2ac164af8b7f9dcec3,False,2023.1,,ZynqMP KV260 revB machine-id:a435d1c5,,all,,hw,,,,kria,not read (sensor only),2d280c7862041cee1dd36a2ac164af8b7f9dcec3,,,,sensor_only,1,True,,performance,1333333,"0,1,2",,no-overlay idle reference (before any bitstream load),SOM-rail power (INA260),VCC_SOM,hwmon,/sys/class/hwmon/hwmon2 name=ina260_u14,"{""update_interval_ms"": ""not exposed""}",10.000,9.984,0.2793,0,0,sample_only,300.462042,36.010259,1790793170.344445,2026-09-30T18:32:50.344+00:00,3.200000,0.635000,5.047000,power1_input=3200000uW curr1_input=635mA in1_input=5047mV
2026-09-30T18:34:14+00:00,2d280c7862041cee1dd36a2ac164af8b7f9dcec3,False,2023.1,,ZynqMP KV260 revB machine-id:a435d1c5,,all,,hw,,,,kria,not read (sensor only),2d280c7862041cee1dd36a2ac164af8b7f9dcec3,,,,sensor_only,1,True,,performance,1333333,"0,1,2",,no-overlay idle reference (before any bitstream load),SOM-rail power (INA260),VCC_SOM,hwmon,/sys/class/hwmon/hwmon2 name=ina260_u14,"{""update_interval_ms"": ""not exposed""}",10.000,9.984,0.2793,0,0,sample_only,300.562041,36.110257,1790793170.444444,2026-09-30T18:32:50.444+00:00,3.200000,0.635000,5.046000,power1_input=3200000uW curr1_input=635mA in1_input=5046mV
2026-09-30T18:34:14+00:00,2d280c7862041cee1dd36a2ac164af8b7f9dcec3,False,2023.1,,ZynqMP KV260 revB machine-id:a435d1c5,,all,,hw,,,,kria,not read (sensor only),2d280c7862041cee1dd36a2ac164af8b7f9dcec3,,,,sensor_only,1,True,,performance,1333333,"0,1,2",,no-overlay idle reference (before any bitstream load),SOM-rail power (INA260),VCC_SOM,hwmon,/sys/class/hwmon/hwmon2 name=ina260_u14,"{""update_interval_ms"": ""not exposed""}",10.000,9.984,0.2793,0,0,sample_only,300.662046,36.210262,1790793170.544449,2026-09-30T18:32:50.544+00:00,3.230000,0.638000,5.047000,power1_input=3230000uW curr1_input=638mA in1_input=5047mV
2026-09-30T18:34:14+00:00,2d280c7862041cee1dd36a2ac164af8b7f9dcec3,False,2023.1,,ZynqMP KV260 revB machine-id:a435d1c5,,all,,hw,,,,kria,not read (sensor only),2d280c7862041cee1dd36a2ac164af8b7f9dcec3,,,,sensor_only,1,True,,performance,1333333,"0,1,2",,no-overlay idle reference (before any bitstream load),SOM-rail power (INA260),VCC_SOM,hwmon,/sys/class/hwmon/hwmon2 name=ina260_u14,"{""update_interval_ms"": ""not exposed""}",10.000,9.984,0.2793,0,0,sample_only,300.762089,36.310306,1790793170.644493,2026-09-30T18:32:50.644+00:00,3.200000,0.633000,5.047000,power1_input=3200000uW curr1_input=633mA in1_input=5047mV
2026-09-30T18:34:14+00:00,2d280c7862041cee1dd36a2ac164af8b7f9dcec3,False,2023.1,,ZynqMP KV260 revB machine-id:a435d1c5,,all,,hw,,,,kria,not read (sensor only),2d280c7862041cee1dd36a2ac164af8b7f9dcec3,,,,sensor_only,1,True,,performance,1333333,"0,1,2",,no-overlay idle reference (before any bitstream load),SOM-rail power (INA260),VCC_SOM,hwmon,/sys/class/hwmon/hwmon2 name=ina260_u14,"{""update_interval_ms"": ""not exposed""}",10.000,9.984,0.2793,0,0,sample_only,300.862055,36.410271,1790793170.744458,2026-09-30T18:32:50.744+00:00,3.200000,0.637000,5.047000,power1_input=3200000uW curr1_input=637mA in1_input=5047mV
2026-09-30T18:34:14+00:00,2d280c7862041cee1dd36a2ac164af8b7f9dcec3,False,2023.1,,ZynqMP KV260 revB machine-id:a435d1c5,,all,,hw,,,,kria,not read (sensor only),2d280c7862041cee1dd36a2ac164af8b7f9dcec3,,,,sensor_only,1,True,,performance,1333333,"0,1,2",,no-overlay idle reference (before any bitstream load),SOM-rail power (INA260),VCC_SOM,hwmon,/sys/class/hwmon/hwmon2 name=ina260_u14,"{""update_interval_ms"": ""not exposed""}",10.000,9.984,0.2793,0,0,sample_only,300.962048,36.510264,1790793170.844451,2026-09-30T18:32:50.844+00:00,3.210000,0.636000,5.046000,power1_input=3210000uW curr1_input=636mA in1_input=5046mV
2026-09-30T18:34:14+00:00,2d280c7862041cee1dd36a2ac164af8b7f9dcec3,False,2023.1,,ZynqMP KV260 revB machine-id:a435d1c5,,all,,hw,,,,kria,not read (sensor only),2d280c7862041cee1dd36a2ac164af8b7f9dcec3,,,,sensor_only,1,True,,performance,1333333,"0,1,2",,no-overlay idle reference (before any bitstream load),SOM-rail power (INA260),VCC_SOM,hwmon,/sys/class/hwmon/hwmon2 name=ina260_u14,"{""update_interval_ms"": ""not exposed""}",10.000,9.984,0.2793,0,0,sample_only,301.062040,36.610256,1790793170.944443,2026-09-30T18:32:50.944+00:00,3.220000,0.637000,5.047000,power1_input=3220000uW curr1_input=637mA in1_input=5047mV
2026-09-30T18:34:14+00:00,2d280c7862041cee1dd36a2ac164af8b7f9dcec3,False,2023.1,,ZynqMP KV260 revB machine-id:a435d1c5,,all,,hw,,,,kria,not read (sensor only),2d280c7862041cee1dd36a2ac164af8b7f9dcec3,,,,sensor_only,1,True,,performance,1333333,"0,1,2",,no-overlay idle reference (before any bitstream load),SOM-rail power (INA260),VCC_SOM,hwmon,/sys/class/hwmon/hwmon2 name=ina260_u14,"{""update_interval_ms"": ""not exposed""}",10.000,9.984,0.2793,0,0,sample_only,301.162064,36.710280,1790793171.044467,2026-09-30T18:32:51.044+00:00,3.210000,0.645000,5.047000,power1_input=3210000uW curr1_input=645mA in1_input=5047mV
2026-09-30T18:34:14+00:00,2d280c7862041cee1dd36a2ac164af8b7f9dcec3,False,2023.1,,ZynqMP KV260 revB machine-id:a435d1c5,,all,,hw,,,,kria,not read (sensor only),2d280c7862041cee1dd36a2ac164af8b7f9dcec3,,,,sensor_only,1,True,,performance,1333333,"0,1,2",,no-overlay idle reference (before any bitstream load),SOM-rail power (INA260),VCC_SOM,hwmon,/sys/class/hwmon/hwmon2 name=ina260_u14,"{""update_interval_ms"": ""not exposed""}",10.000,9.984,0.2793,0,0,sample_only,301.262049,36.810265,1790793171.144452,2026-09-30T18:32:51.144+00:00,3.210000,0.636000,5.047000,power1_input=3210000uW curr1_input=636mA in1_input=5047mV
2026-09-30T18:34:14+00:00,2d280c7862041cee1dd36a2ac164af8b7f9dcec3,False,2023.1,,ZynqMP KV260 revB machine-id:a435d1c5,,all,,hw,,,,kria,not read (sensor only),2d280c7862041cee1dd36a2ac164af8b7f9dcec3,,,,sensor_only,1,True,,performance,1333333,"0,1,2",,no-overlay idle reference (before any bitstream load),SOM-rail power (INA260),VCC_SOM,hwmon,/sys/class/hwmon/hwmon2 name=ina260_u14,"{""update_interval_ms"": ""not exposed""}",10.000,9.984,0.2793,0,0,sample_only,301.362043,36.910259,1790793171.244446,2026-09-30T18:32:51.244+00:00,3.230000,0.638000,5.046000,power1_input=3230000uW curr1_input=638mA in1_input=5046mV
2026-09-30T18:34:14+00:00,2d280c7862041cee1dd36a2ac164af8b7f9dcec3,False,2023.1,,ZynqMP KV260 revB machine-id:a435d1c5,,all,,hw,,,,kria,not read (sensor only),2d280c7862041cee1dd36a2ac164af8b7f9dcec3,,,,sensor_only,1,True,,performance,1333333,"0,1,2",,no-overlay idle reference (before any bitstream load),SOM-rail power (INA260),VCC_SOM,hwmon,/sys/class/hwmon/hwmon2 name=ina260_u14,"{""update_interval_ms"": ""not exposed""}",10.000,9.984,0.2793,0,0,sample_only,301.462042,37.010259,1790793171.344446,2026-09-30T18:32:51.344+00:00,3.210000,0.636000,5.047000,power1_input=3210000uW curr1_input=636mA in1_input=5047mV
2026-09-30T18:34:14+00:00,2d280c7862041cee1dd36a2ac164af8b7f9dcec3,False,2023.1,,ZynqMP KV260 revB machine-id:a435d1c5,,all,,hw,,,,kria,not read (sensor only),2d280c7862041cee1dd36a2ac164af8b7f9dcec3,,,,sensor_only,1,True,,performance,1333333,"0,1,2",,no-overlay idle reference (before any bitstream load),SOM-rail power (INA260),VCC_SOM,hwmon,/sys/class/hwmon/hwmon2 name=ina260_u14,"{""update_interval_ms"": ""not exposed""}",10.000,9.984,0.2793,0,0,sample_only,301.562039,37.110255,1790793171.444442,2026-09-30T18:32:51.444+00:00,3.200000,0.633000,5.046000,power1_input=3200000uW curr1_input=633mA in1_input=5046mV
2026-09-30T18:34:14+00:00,2d280c7862041cee1dd36a2ac164af8b7f9dcec3,False,2023.1,,ZynqMP KV260 revB machine-id:a435d1c5,,all,,hw,,,,kria,not read (sensor only),2d280c7862041cee1dd36a2ac164af8b7f9dcec3,,,,sensor_only,1,True,,performance,1333333,"0,1,2",,no-overlay idle reference (before any bitstream load),SOM-rail power (INA260),VCC_SOM,hwmon,/sys/class/hwmon/hwmon2 name=ina260_u14,"{""update_interval_ms"": ""not exposed""}",10.000,9.984,0.2793,0,0,sample_only,301.662062,37.210279,1790793171.544466,2026-09-30T18:32:51.544+00:00,3.220000,0.637000,5.046000,power1_input=3220000uW curr1_input=637mA in1_input=5046mV
2026-09-30T18:34:14+00:00,2d280c7862041cee1dd36a2ac164af8b7f9dcec3,False,2023.1,,ZynqMP KV260 revB machine-id:a435d1c5,,all,,hw,,,,kria,not read (sensor only),2d280c7862041cee1dd36a2ac164af8b7f9dcec3,,,,sensor_only,1,True,,performance,1333333,"0,1,2",,no-overlay idle reference (before any bitstream load),SOM-rail power (INA260),VCC_SOM,hwmon,/sys/class/hwmon/hwmon2 name=ina260_u14,"{""update_interval_ms"": ""not exposed""}",10.000,9.984,0.2793,0,0,sample_only,301.762057,37.310274,1790793171.644461,2026-09-30T18:32:51.644+00:00,3.200000,0.636000,5.046000,power1_input=3200000uW curr1_input=636mA in1_input=5046mV
2026-09-30T18:34:14+00:00,2d280c7862041cee1dd36a2ac164af8b7f9dcec3,False,2023.1,,ZynqMP KV260 revB machine-id:a435d1c5,,all,,hw,,,,kria,not read (sensor only),2d280c7862041cee1dd36a2ac164af8b7f9dcec3,,,,sensor_only,1,True,,performance,1333333,"0,1,2",,no-overlay idle reference (before any bitstream load),SOM-rail power (INA260),VCC_SOM,hwmon,/sys/class/hwmon/hwmon2 name=ina260_u14,"{""update_interval_ms"": ""not exposed""}",10.000,9.984,0.2793,0,0,sample_only,301.862057,37.410273,1790793171.744461,2026-09-30T18:32:51.744+00:00,3.200000,0.637000,5.046000,power1_input=3200000uW curr1_input=637mA in1_input=5046mV
2026-09-30T18:34:14+00:00,2d280c7862041cee1dd36a2ac164af8b7f9dcec3,False,2023.1,,ZynqMP KV260 revB machine-id:a435d1c5,,all,,hw,,,,kria,not read (sensor only),2d280c7862041cee1dd36a2ac164af8b7f9dcec3,,,,sensor_only,1,True,,performance,1333333,"0,1,2",,no-overlay idle reference (before any bitstream load),SOM-rail power (INA260),VCC_SOM,hwmon,/sys/class/hwmon/hwmon2 name=ina260_u14,"{""update_interval_ms"": ""not exposed""}",10.000,9.984,0.2793,0,0,sample_only,301.962046,37.510263,1790793171.844450,2026-09-30T18:32:51.844+00:00,3.210000,0.636000,5.046000,power1_input=3210000uW curr1_input=636mA in1_input=5046mV
2026-09-30T18:34:14+00:00,2d280c7862041cee1dd36a2ac164af8b7f9dcec3,False,2023.1,,ZynqMP KV260 revB machine-id:a435d1c5,,all,,hw,,,,kria,not read (sensor only),2d280c7862041cee1dd36a2ac164af8b7f9dcec3,,,,sensor_only,1,True,,performance,1333333,"0,1,2",,no-overlay idle reference (before any bitstream load),SOM-rail power (INA260),VCC_SOM,hwmon,/sys/class/hwmon/hwmon2 name=ina260_u14,"{""update_interval_ms"": ""not exposed""}",10.000,9.984,0.2793,0,0,sample_only,302.062042,37.610258,1790793171.944445,2026-09-30T18:32:51.944+00:00,3.200000,0.635000,5.046000,power1_input=3200000uW curr1_input=635mA in1_input=5046mV
2026-09-30T18:34:14+00:00,2d280c7862041cee1dd36a2ac164af8b7f9dcec3,False,2023.1,,ZynqMP KV260 revB machine-id:a435d1c5,,all,,hw,,,,kria,not read (sensor only),2d280c7862041cee1dd36a2ac164af8b7f9dcec3,,,,sensor_only,1,True,,performance,1333333,"0,1,2",,no-overlay idle reference (before any bitstream load),SOM-rail power (INA260),VCC_SOM,hwmon,/sys/class/hwmon/hwmon2 name=ina260_u14,"{""update_interval_ms"": ""not exposed""}",10.000,9.984,0.2793,0,0,sample_only,302.162092,37.710309,1790793172.044496,2026-09-30T18:32:52.044+00:00,3.200000,0.635000,5.046000,power1_input=3200000uW curr1_input=635mA in1_input=5046mV
2026-09-30T18:34:14+00:00,2d280c7862041cee1dd36a2ac164af8b7f9dcec3,False,2023.1,,ZynqMP KV260 revB machine-id:a435d1c5,,all,,hw,,,,kria,not read (sensor only),2d280c7862041cee1dd36a2ac164af8b7f9dcec3,,,,sensor_only,1,True,,performance,1333333,"0,1,2",,no-overlay idle reference (before any bitstream load),SOM-rail power (INA260),VCC_SOM,hwmon,/sys/class/hwmon/hwmon2 name=ina260_u14,"{""update_interval_ms"": ""not exposed""}",10.000,9.984,0.2793,0,0,sample_only,302.262042,37.810258,1790793172.144445,2026-09-30T18:32:52.144+00:00,3.230000,0.638000,5.046000,power1_input=3230000uW curr1_input=638mA in1_input=5046mV
2026-09-30T18:34:14+00:00,2d280c7862041cee1dd36a2ac164af8b7f9dcec3,False,2023.1,,ZynqMP KV260 revB machine-id:a435d1c5,,all,,hw,,,,kria,not read (sensor only),2d280c7862041cee1dd36a2ac164af8b7f9dcec3,,,,sensor_only,1,True,,performance,1333333,"0,1,2",,no-overlay idle reference (before any bitstream load),SOM-rail power (INA260),VCC_SOM,hwmon,/sys/class/hwmon/hwmon2 name=ina260_u14,"{""update_interval_ms"": ""not exposed""}",10.000,9.984,0.2793,0,0,sample_only,302.362056,37.910272,1790793172.244459,2026-09-30T18:32:52.244+00:00,3.210000,0.636000,5.046000,power1_input=3210000uW curr1_input=636mA in1_input=5046mV
2026-09-30T18:34:14+00:00,2d280c7862041cee1dd36a2ac164af8b7f9dcec3,False,2023.1,,ZynqMP KV260 revB machine-id:a435d1c5,,all,,hw,,,,kria,not read (sensor only),2d280c7862041cee1dd36a2ac164af8b7f9dcec3,,,,sensor_only,1,True,,performance,1333333,"0,1,2",,no-overlay idle reference (before any bitstream load),SOM-rail power (INA260),VCC_SOM,hwmon,/sys/class/hwmon/hwmon2 name=ina260_u14,"{""update_interval_ms"": ""not exposed""}",10.000,9.984,0.2793,0,0,sample_only,302.462092,38.010308,1790793172.344495,2026-09-30T18:32:52.344+00:00,3.210000,0.636000,5.046000,power1_input=3210000uW curr1_input=636mA in1_input=5046mV
2026-09-30T18:34:14+00:00,2d280c7862041cee1dd36a2ac164af8b7f9dcec3,False,2023.1,,ZynqMP KV260 revB machine-id:a435d1c5,,all,,hw,,,,kria,not read (sensor only),2d280c7862041cee1dd36a2ac164af8b7f9dcec3,,,,sensor_only,1,True,,performance,1333333,"0,1,2",,no-overlay idle reference (before any bitstream load),SOM-rail power (INA260),VCC_SOM,hwmon,/sys/class/hwmon/hwmon2 name=ina260_u14,"{""update_interval_ms"": ""not exposed""}",10.000,9.984,0.2793,0,0,sample_only,302.562044,38.110260,1790793172.444447,2026-09-30T18:32:52.444+00:00,3.230000,0.638000,5.047000,power1_input=3230000uW curr1_input=638mA in1_input=5047mV
2026-09-30T18:34:14+00:00,2d280c7862041cee1dd36a2ac164af8b7f9dcec3,False,2023.1,,ZynqMP KV260 revB machine-id:a435d1c5,,all,,hw,,,,kria,not read (sensor only),2d280c7862041cee1dd36a2ac164af8b7f9dcec3,,,,sensor_only,1,True,,performance,1333333,"0,1,2",,no-overlay idle reference (before any bitstream load),SOM-rail power (INA260),VCC_SOM,hwmon,/sys/class/hwmon/hwmon2 name=ina260_u14,"{""update_interval_ms"": ""not exposed""}",10.000,9.984,0.2793,0,0,sample_only,302.662058,38.210275,1790793172.544462,2026-09-30T18:32:52.544+00:00,3.210000,0.636000,5.047000,power1_input=3210000uW curr1_input=636mA in1_input=5047mV
2026-09-30T18:34:14+00:00,2d280c7862041cee1dd36a2ac164af8b7f9dcec3,False,2023.1,,ZynqMP KV260 revB machine-id:a435d1c5,,all,,hw,,,,kria,not read (sensor only),2d280c7862041cee1dd36a2ac164af8b7f9dcec3,,,,sensor_only,1,True,,performance,1333333,"0,1,2",,no-overlay idle reference (before any bitstream load),SOM-rail power (INA260),VCC_SOM,hwmon,/sys/class/hwmon/hwmon2 name=ina260_u14,"{""update_interval_ms"": ""not exposed""}",10.000,9.984,0.2793,0,0,sample_only,302.762046,38.310262,1790793172.644449,2026-09-30T18:32:52.644+00:00,3.200000,0.635000,5.047000,power1_input=3200000uW curr1_input=635mA in1_input=5047mV
2026-09-30T18:34:14+00:00,2d280c7862041cee1dd36a2ac164af8b7f9dcec3,False,2023.1,,ZynqMP KV260 revB machine-id:a435d1c5,,all,,hw,,,,kria,not read (sensor only),2d280c7862041cee1dd36a2ac164af8b7f9dcec3,,,,sensor_only,1,True,,performance,1333333,"0,1,2",,no-overlay idle reference (before any bitstream load),SOM-rail power (INA260),VCC_SOM,hwmon,/sys/class/hwmon/hwmon2 name=ina260_u14,"{""update_interval_ms"": ""not exposed""}",10.000,9.984,0.2793,0,0,sample_only,302.862152,38.410368,1790793172.744556,2026-09-30T18:32:52.744+00:00,3.200000,0.642000,5.046000,power1_input=3200000uW curr1_input=642mA in1_input=5046mV
2026-09-30T18:34:14+00:00,2d280c7862041cee1dd36a2ac164af8b7f9dcec3,False,2023.1,,ZynqMP KV260 revB machine-id:a435d1c5,,all,,hw,,,,kria,not read (sensor only),2d280c7862041cee1dd36a2ac164af8b7f9dcec3,,,,sensor_only,1,True,,performance,1333333,"0,1,2",,no-overlay idle reference (before any bitstream load),SOM-rail power (INA260),VCC_SOM,hwmon,/sys/class/hwmon/hwmon2 name=ina260_u14,"{""update_interval_ms"": ""not exposed""}",10.000,9.984,0.2793,0,0,sample_only,302.962056,38.510272,1790793172.844460,2026-09-30T18:32:52.844+00:00,3.200000,0.635000,5.047000,power1_input=3200000uW curr1_input=635mA in1_input=5047mV
2026-09-30T18:34:14+00:00,2d280c7862041cee1dd36a2ac164af8b7f9dcec3,False,2023.1,,ZynqMP KV260 revB machine-id:a435d1c5,,all,,hw,,,,kria,not read (sensor only),2d280c7862041cee1dd36a2ac164af8b7f9dcec3,,,,sensor_only,1,True,,performance,1333333,"0,1,2",,no-overlay idle reference (before any bitstream load),SOM-rail power (INA260),VCC_SOM,hwmon,/sys/class/hwmon/hwmon2 name=ina260_u14,"{""update_interval_ms"": ""not exposed""}",10.000,9.984,0.2793,0,0,sample_only,303.062052,38.610269,1790793172.944456,2026-09-30T18:32:52.944+00:00,3.220000,0.637000,5.046000,power1_input=3220000uW curr1_input=637mA in1_input=5046mV
2026-09-30T18:34:14+00:00,2d280c7862041cee1dd36a2ac164af8b7f9dcec3,False,2023.1,,ZynqMP KV260 revB machine-id:a435d1c5,,all,,hw,,,,kria,not read (sensor only),2d280c7862041cee1dd36a2ac164af8b7f9dcec3,,,,sensor_only,1,True,,performance,1333333,"0,1,2",,no-overlay idle reference (before any bitstream load),SOM-rail power (INA260),VCC_SOM,hwmon,/sys/class/hwmon/hwmon2 name=ina260_u14,"{""update_interval_ms"": ""not exposed""}",10.000,9.984,0.2793,0,0,sample_only,303.162172,38.710388,1790793173.044576,2026-09-30T18:32:53.044+00:00,3.220000,0.637000,5.047000,power1_input=3220000uW curr1_input=637mA in1_input=5047mV
2026-09-30T18:34:14+00:00,2d280c7862041cee1dd36a2ac164af8b7f9dcec3,False,2023.1,,ZynqMP KV260 revB machine-id:a435d1c5,,all,,hw,,,,kria,not read (sensor only),2d280c7862041cee1dd36a2ac164af8b7f9dcec3,,,,sensor_only,1,True,,performance,1333333,"0,1,2",,no-overlay idle reference (before any bitstream load),SOM-rail power (INA260),VCC_SOM,hwmon,/sys/class/hwmon/hwmon2 name=ina260_u14,"{""update_interval_ms"": ""not exposed""}",10.000,9.984,0.2793,0,0,sample_only,303.262054,38.810270,1790793173.144457,2026-09-30T18:32:53.144+00:00,3.210000,0.636000,5.046000,power1_input=3210000uW curr1_input=636mA in1_input=5046mV
2026-09-30T18:34:14+00:00,2d280c7862041cee1dd36a2ac164af8b7f9dcec3,False,2023.1,,ZynqMP KV260 revB machine-id:a435d1c5,,all,,hw,,,,kria,not read (sensor only),2d280c7862041cee1dd36a2ac164af8b7f9dcec3,,,,sensor_only,1,True,,performance,1333333,"0,1,2",,no-overlay idle reference (before any bitstream load),SOM-rail power (INA260),VCC_SOM,hwmon,/sys/class/hwmon/hwmon2 name=ina260_u14,"{""update_interval_ms"": ""not exposed""}",10.000,9.984,0.2793,0,0,sample_only,303.362062,38.910278,1790793173.244465,2026-09-30T18:32:53.244+00:00,3.200000,0.633000,5.046000,power1_input=3200000uW curr1_input=633mA in1_input=5046mV
2026-09-30T18:34:14+00:00,2d280c7862041cee1dd36a2ac164af8b7f9dcec3,False,2023.1,,ZynqMP KV260 revB machine-id:a435d1c5,,all,,hw,,,,kria,not read (sensor only),2d280c7862041cee1dd36a2ac164af8b7f9dcec3,,,,sensor_only,1,True,,performance,1333333,"0,1,2",,no-overlay idle reference (before any bitstream load),SOM-rail power (INA260),VCC_SOM,hwmon,/sys/class/hwmon/hwmon2 name=ina260_u14,"{""update_interval_ms"": ""not exposed""}",10.000,9.984,0.2793,0,0,sample_only,303.462115,39.010332,1790793173.344519,2026-09-30T18:32:53.344+00:00,3.230000,0.640000,5.046000,power1_input=3230000uW curr1_input=640mA in1_input=5046mV
2026-09-30T18:34:14+00:00,2d280c7862041cee1dd36a2ac164af8b7f9dcec3,False,2023.1,,ZynqMP KV260 revB machine-id:a435d1c5,,all,,hw,,,,kria,not read (sensor only),2d280c7862041cee1dd36a2ac164af8b7f9dcec3,,,,sensor_only,1,True,,performance,1333333,"0,1,2",,no-overlay idle reference (before any bitstream load),SOM-rail power (INA260),VCC_SOM,hwmon,/sys/class/hwmon/hwmon2 name=ina260_u14,"{""update_interval_ms"": ""not exposed""}",10.000,9.984,0.2793,0,0,sample_only,303.562057,39.110274,1790793173.444461,2026-09-30T18:32:53.444+00:00,3.220000,0.633000,5.046000,power1_input=3220000uW curr1_input=633mA in1_input=5046mV
2026-09-30T18:34:14+00:00,2d280c7862041cee1dd36a2ac164af8b7f9dcec3,False,2023.1,,ZynqMP KV260 revB machine-id:a435d1c5,,all,,hw,,,,kria,not read (sensor only),2d280c7862041cee1dd36a2ac164af8b7f9dcec3,,,,sensor_only,1,True,,performance,1333333,"0,1,2",,no-overlay idle reference (before any bitstream load),SOM-rail power (INA260),VCC_SOM,hwmon,/sys/class/hwmon/hwmon2 name=ina260_u14,"{""update_interval_ms"": ""not exposed""}",10.000,9.984,0.2793,0,0,sample_only,303.662049,39.210265,1790793173.544452,2026-09-30T18:32:53.544+00:00,3.220000,0.637000,5.047000,power1_input=3220000uW curr1_input=637mA in1_input=5047mV
2026-09-30T18:34:14+00:00,2d280c7862041cee1dd36a2ac164af8b7f9dcec3,False,2023.1,,ZynqMP KV260 revB machine-id:a435d1c5,,all,,hw,,,,kria,not read (sensor only),2d280c7862041cee1dd36a2ac164af8b7f9dcec3,,,,sensor_only,1,True,,performance,1333333,"0,1,2",,no-overlay idle reference (before any bitstream load),SOM-rail power (INA260),VCC_SOM,hwmon,/sys/class/hwmon/hwmon2 name=ina260_u14,"{""update_interval_ms"": ""not exposed""}",10.000,9.984,0.2793,0,0,sample_only,303.762041,39.310258,1790793173.644445,2026-09-30T18:32:53.644+00:00,3.220000,0.637000,5.046000,power1_input=3220000uW curr1_input=637mA in1_input=5046mV
2026-09-30T18:34:14+00:00,2d280c7862041cee1dd36a2ac164af8b7f9dcec3,False,2023.1,,ZynqMP KV260 revB machine-id:a435d1c5,,all,,hw,,,,kria,not read (sensor only),2d280c7862041cee1dd36a2ac164af8b7f9dcec3,,,,sensor_only,1,True,,performance,1333333,"0,1,2",,no-overlay idle reference (before any bitstream load),SOM-rail power (INA260),VCC_SOM,hwmon,/sys/class/hwmon/hwmon2 name=ina260_u14,"{""update_interval_ms"": ""not exposed""}",10.000,9.984,0.2793,0,0,sample_only,303.862053,39.410269,1790793173.744457,2026-09-30T18:32:53.744+00:00,3.210000,0.636000,5.047000,power1_input=3210000uW curr1_input=636mA in1_input=5047mV
2026-09-30T18:34:14+00:00,2d280c7862041cee1dd36a2ac164af8b7f9dcec3,False,2023.1,,ZynqMP KV260 revB machine-id:a435d1c5,,all,,hw,,,,kria,not read (sensor only),2d280c7862041cee1dd36a2ac164af8b7f9dcec3,,,,sensor_only,1,True,,performance,1333333,"0,1,2",,no-overlay idle reference (before any bitstream load),SOM-rail power (INA260),VCC_SOM,hwmon,/sys/class/hwmon/hwmon2 name=ina260_u14,"{""update_interval_ms"": ""not exposed""}",10.000,9.984,0.2793,0,0,sample_only,303.962043,39.510259,1790793173.844446,2026-09-30T18:32:53.844+00:00,3.210000,0.635000,5.046000,power1_input=3210000uW curr1_input=635mA in1_input=5046mV
2026-09-30T18:34:14+00:00,2d280c7862041cee1dd36a2ac164af8b7f9dcec3,False,2023.1,,ZynqMP KV260 revB machine-id:a435d1c5,,all,,hw,,,,kria,not read (sensor only),2d280c7862041cee1dd36a2ac164af8b7f9dcec3,,,,sensor_only,1,True,,performance,1333333,"0,1,2",,no-overlay idle reference (before any bitstream load),SOM-rail power (INA260),VCC_SOM,hwmon,/sys/class/hwmon/hwmon2 name=ina260_u14,"{""update_interval_ms"": ""not exposed""}",10.000,9.984,0.2793,0,0,sample_only,304.062039,39.610256,1790793173.944443,2026-09-30T18:32:53.944+00:00,3.200000,0.635000,5.046000,power1_input=3200000uW curr1_input=635mA in1_input=5046mV
2026-09-30T18:34:14+00:00,2d280c7862041cee1dd36a2ac164af8b7f9dcec3,False,2023.1,,ZynqMP KV260 revB machine-id:a435d1c5,,all,,hw,,,,kria,not read (sensor only),2d280c7862041cee1dd36a2ac164af8b7f9dcec3,,,,sensor_only,1,True,,performance,1333333,"0,1,2",,no-overlay idle reference (before any bitstream load),SOM-rail power (INA260),VCC_SOM,hwmon,/sys/class/hwmon/hwmon2 name=ina260_u14,"{""update_interval_ms"": ""not exposed""}",10.000,9.984,0.2793,0,0,sample_only,304.162056,39.710272,1790793174.044460,2026-09-30T18:32:54.044+00:00,3.210000,0.636000,5.046000,power1_input=3210000uW curr1_input=636mA in1_input=5046mV
2026-09-30T18:34:14+00:00,2d280c7862041cee1dd36a2ac164af8b7f9dcec3,False,2023.1,,ZynqMP KV260 revB machine-id:a435d1c5,,all,,hw,,,,kria,not read (sensor only),2d280c7862041cee1dd36a2ac164af8b7f9dcec3,,,,sensor_only,1,True,,performance,1333333,"0,1,2",,no-overlay idle reference (before any bitstream load),SOM-rail power (INA260),VCC_SOM,hwmon,/sys/class/hwmon/hwmon2 name=ina260_u14,"{""update_interval_ms"": ""not exposed""}",10.000,9.984,0.2793,0,0,sample_only,304.262133,39.810350,1790793174.144538,2026-09-30T18:32:54.144+00:00,3.210000,0.636000,5.046000,power1_input=3210000uW curr1_input=636mA in1_input=5046mV
2026-09-30T18:34:14+00:00,2d280c7862041cee1dd36a2ac164af8b7f9dcec3,False,2023.1,,ZynqMP KV260 revB machine-id:a435d1c5,,all,,hw,,,,kria,not read (sensor only),2d280c7862041cee1dd36a2ac164af8b7f9dcec3,,,,sensor_only,1,True,,performance,1333333,"0,1,2",,no-overlay idle reference (before any bitstream load),SOM-rail power (INA260),VCC_SOM,hwmon,/sys/class/hwmon/hwmon2 name=ina260_u14,"{""update_interval_ms"": ""not exposed""}",10.000,9.984,0.2793,0,0,sample_only,304.362069,39.910286,1790793174.244473,2026-09-30T18:32:54.244+00:00,3.210000,0.636000,5.047000,power1_input=3210000uW curr1_input=636mA in1_input=5047mV
2026-09-30T18:34:14+00:00,2d280c7862041cee1dd36a2ac164af8b7f9dcec3,False,2023.1,,ZynqMP KV260 revB machine-id:a435d1c5,,all,,hw,,,,kria,not read (sensor only),2d280c7862041cee1dd36a2ac164af8b7f9dcec3,,,,sensor_only,1,True,,performance,1333333,"0,1,2",,no-overlay idle reference (before any bitstream load),SOM-rail power (INA260),VCC_SOM,hwmon,/sys/class/hwmon/hwmon2 name=ina260_u14,"{""update_interval_ms"": ""not exposed""}",10.000,9.984,0.2793,0,0,sample_only,304.462048,40.010265,1790793174.344452,2026-09-30T18:32:54.344+00:00,3.200000,0.635000,5.046000,power1_input=3200000uW curr1_input=635mA in1_input=5046mV
2026-09-30T18:34:14+00:00,2d280c7862041cee1dd36a2ac164af8b7f9dcec3,False,2023.1,,ZynqMP KV260 revB machine-id:a435d1c5,,all,,hw,,,,kria,not read (sensor only),2d280c7862041cee1dd36a2ac164af8b7f9dcec3,,,,sensor_only,1,True,,performance,1333333,"0,1,2",,no-overlay idle reference (before any bitstream load),SOM-rail power (INA260),VCC_SOM,hwmon,/sys/class/hwmon/hwmon2 name=ina260_u14,"{""update_interval_ms"": ""not exposed""}",10.000,9.984,0.2793,0,0,sample_only,304.562087,40.110304,1790793174.444490,2026-09-30T18:32:54.444+00:00,3.210000,0.636000,5.046000,power1_input=3210000uW curr1_input=636mA in1_input=5046mV
2026-09-30T18:34:14+00:00,2d280c7862041cee1dd36a2ac164af8b7f9dcec3,False,2023.1,,ZynqMP KV260 revB machine-id:a435d1c5,,all,,hw,,,,kria,not read (sensor only),2d280c7862041cee1dd36a2ac164af8b7f9dcec3,,,,sensor_only,1,True,,performance,1333333,"0,1,2",,no-overlay idle reference (before any bitstream load),SOM-rail power (INA260),VCC_SOM,hwmon,/sys/class/hwmon/hwmon2 name=ina260_u14,"{""update_interval_ms"": ""not exposed""}",10.000,9.984,0.2793,0,0,sample_only,304.662065,40.210281,1790793174.544468,2026-09-30T18:32:54.544+00:00,3.220000,0.637000,5.046000,power1_input=3220000uW curr1_input=637mA in1_input=5046mV
2026-09-30T18:34:14+00:00,2d280c7862041cee1dd36a2ac164af8b7f9dcec3,False,2023.1,,ZynqMP KV260 revB machine-id:a435d1c5,,all,,hw,,,,kria,not read (sensor only),2d280c7862041cee1dd36a2ac164af8b7f9dcec3,,,,sensor_only,1,True,,performance,1333333,"0,1,2",,no-overlay idle reference (before any bitstream load),SOM-rail power (INA260),VCC_SOM,hwmon,/sys/class/hwmon/hwmon2 name=ina260_u14,"{""update_interval_ms"": ""not exposed""}",10.000,9.984,0.2793,0,0,sample_only,304.762096,40.310313,1790793174.644500,2026-09-30T18:32:54.644+00:00,3.210000,0.635000,5.046000,power1_input=3210000uW curr1_input=635mA in1_input=5046mV
2026-09-30T18:34:14+00:00,2d280c7862041cee1dd36a2ac164af8b7f9dcec3,False,2023.1,,ZynqMP KV260 revB machine-id:a435d1c5,,all,,hw,,,,kria,not read (sensor only),2d280c7862041cee1dd36a2ac164af8b7f9dcec3,,,,sensor_only,1,True,,performance,1333333,"0,1,2",,no-overlay idle reference (before any bitstream load),SOM-rail power (INA260),VCC_SOM,hwmon,/sys/class/hwmon/hwmon2 name=ina260_u14,"{""update_interval_ms"": ""not exposed""}",10.000,9.984,0.2793,0,0,sample_only,304.862109,40.410325,1790793174.744513,2026-09-30T18:32:54.744+00:00,3.210000,0.636000,5.047000,power1_input=3210000uW curr1_input=636mA in1_input=5047mV
2026-09-30T18:34:14+00:00,2d280c7862041cee1dd36a2ac164af8b7f9dcec3,False,2023.1,,ZynqMP KV260 revB machine-id:a435d1c5,,all,,hw,,,,kria,not read (sensor only),2d280c7862041cee1dd36a2ac164af8b7f9dcec3,,,,sensor_only,1,True,,performance,1333333,"0,1,2",,no-overlay idle reference (before any bitstream load),SOM-rail power (INA260),VCC_SOM,hwmon,/sys/class/hwmon/hwmon2 name=ina260_u14,"{""update_interval_ms"": ""not exposed""}",10.000,9.984,0.2793,0,0,sample_only,304.962052,40.510269,1790793174.844456,2026-09-30T18:32:54.844+00:00,3.210000,0.637000,5.046000,power1_input=3210000uW curr1_input=637mA in1_input=5046mV
2026-09-30T18:34:14+00:00,2d280c7862041cee1dd36a2ac164af8b7f9dcec3,False,2023.1,,ZynqMP KV260 revB machine-id:a435d1c5,,all,,hw,,,,kria,not read (sensor only),2d280c7862041cee1dd36a2ac164af8b7f9dcec3,,,,sensor_only,1,True,,performance,1333333,"0,1,2",,no-overlay idle reference (before any bitstream load),SOM-rail power (INA260),VCC_SOM,hwmon,/sys/class/hwmon/hwmon2 name=ina260_u14,"{""update_interval_ms"": ""not exposed""}",10.000,9.984,0.2793,0,0,sample_only,305.062087,40.610304,1790793174.944490,2026-09-30T18:32:54.944+00:00,3.200000,0.635000,5.046000,power1_input=3200000uW curr1_input=635mA in1_input=5046mV
2026-09-30T18:34:14+00:00,2d280c7862041cee1dd36a2ac164af8b7f9dcec3,False,2023.1,,ZynqMP KV260 revB machine-id:a435d1c5,,all,,hw,,,,kria,not read (sensor only),2d280c7862041cee1dd36a2ac164af8b7f9dcec3,,,,sensor_only,1,True,,performance,1333333,"0,1,2",,no-overlay idle reference (before any bitstream load),SOM-rail power (INA260),VCC_SOM,hwmon,/sys/class/hwmon/hwmon2 name=ina260_u14,"{""update_interval_ms"": ""not exposed""}",10.000,9.984,0.2793,0,0,sample_only,305.162047,40.710263,1790793175.044450,2026-09-30T18:32:55.044+00:00,3.210000,0.637000,5.047000,power1_input=3210000uW curr1_input=637mA in1_input=5047mV
2026-09-30T18:34:14+00:00,2d280c7862041cee1dd36a2ac164af8b7f9dcec3,False,2023.1,,ZynqMP KV260 revB machine-id:a435d1c5,,all,,hw,,,,kria,not read (sensor only),2d280c7862041cee1dd36a2ac164af8b7f9dcec3,,,,sensor_only,1,True,,performance,1333333,"0,1,2",,no-overlay idle reference (before any bitstream load),SOM-rail power (INA260),VCC_SOM,hwmon,/sys/class/hwmon/hwmon2 name=ina260_u14,"{""update_interval_ms"": ""not exposed""}",10.000,9.984,0.2793,0,0,sample_only,305.262041,40.810257,1790793175.144444,2026-09-30T18:32:55.144+00:00,3.220000,0.636000,5.046000,power1_input=3220000uW curr1_input=636mA in1_input=5046mV
2026-09-30T18:34:14+00:00,2d280c7862041cee1dd36a2ac164af8b7f9dcec3,False,2023.1,,ZynqMP KV260 revB machine-id:a435d1c5,,all,,hw,,,,kria,not read (sensor only),2d280c7862041cee1dd36a2ac164af8b7f9dcec3,,,,sensor_only,1,True,,performance,1333333,"0,1,2",,no-overlay idle reference (before any bitstream load),SOM-rail power (INA260),VCC_SOM,hwmon,/sys/class/hwmon/hwmon2 name=ina260_u14,"{""update_interval_ms"": ""not exposed""}",10.000,9.984,0.2793,0,0,sample_only,305.362042,40.910258,1790793175.244445,2026-09-30T18:32:55.244+00:00,3.220000,0.638000,5.047000,power1_input=3220000uW curr1_input=638mA in1_input=5047mV
2026-09-30T18:34:14+00:00,2d280c7862041cee1dd36a2ac164af8b7f9dcec3,False,2023.1,,ZynqMP KV260 revB machine-id:a435d1c5,,all,,hw,,,,kria,not read (sensor only),2d280c7862041cee1dd36a2ac164af8b7f9dcec3,,,,sensor_only,1,True,,performance,1333333,"0,1,2",,no-overlay idle reference (before any bitstream load),SOM-rail power (INA260),VCC_SOM,hwmon,/sys/class/hwmon/hwmon2 name=ina260_u14,"{""update_interval_ms"": ""not exposed""}",10.000,9.984,0.2793,0,0,sample_only,305.462043,41.010259,1790793175.344446,2026-09-30T18:32:55.344+00:00,3.210000,0.636000,5.047000,power1_input=3210000uW curr1_input=636mA in1_input=5047mV
2026-09-30T18:34:14+00:00,2d280c7862041cee1dd36a2ac164af8b7f9dcec3,False,2023.1,,ZynqMP KV260 revB machine-id:a435d1c5,,all,,hw,,,,kria,not read (sensor only),2d280c7862041cee1dd36a2ac164af8b7f9dcec3,,,,sensor_only,1,True,,performance,1333333,"0,1,2",,no-overlay idle reference (before any bitstream load),SOM-rail power (INA260),VCC_SOM,hwmon,/sys/class/hwmon/hwmon2 name=ina260_u14,"{""update_interval_ms"": ""not exposed""}",10.000,9.984,0.2793,0,0,sample_only,305.562037,41.110254,1790793175.444441,2026-09-30T18:32:55.444+00:00,3.210000,0.640000,5.047000,power1_input=3210000uW curr1_input=640mA in1_input=5047mV
2026-09-30T18:34:14+00:00,2d280c7862041cee1dd36a2ac164af8b7f9dcec3,False,2023.1,,ZynqMP KV260 revB machine-id:a435d1c5,,all,,hw,,,,kria,not read (sensor only),2d280c7862041cee1dd36a2ac164af8b7f9dcec3,,,,sensor_only,1,True,,performance,1333333,"0,1,2",,no-overlay idle reference (before any bitstream load),SOM-rail power (INA260),VCC_SOM,hwmon,/sys/class/hwmon/hwmon2 name=ina260_u14,"{""update_interval_ms"": ""not exposed""}",10.000,9.984,0.2793,0,0,sample_only,305.662091,41.210307,1790793175.544494,2026-09-30T18:32:55.544+00:00,3.200000,0.635000,5.047000,power1_input=3200000uW curr1_input=635mA in1_input=5047mV
2026-09-30T18:34:14+00:00,2d280c7862041cee1dd36a2ac164af8b7f9dcec3,False,2023.1,,ZynqMP KV260 revB machine-id:a435d1c5,,all,,hw,,,,kria,not read (sensor only),2d280c7862041cee1dd36a2ac164af8b7f9dcec3,,,,sensor_only,1,True,,performance,1333333,"0,1,2",,no-overlay idle reference (before any bitstream load),SOM-rail power (INA260),VCC_SOM,hwmon,/sys/class/hwmon/hwmon2 name=ina260_u14,"{""update_interval_ms"": ""not exposed""}",10.000,9.984,0.2793,0,0,sample_only,305.762045,41.310261,1790793175.644448,2026-09-30T18:32:55.644+00:00,3.210000,0.636000,5.047000,power1_input=3210000uW curr1_input=636mA in1_input=5047mV
2026-09-30T18:34:14+00:00,2d280c7862041cee1dd36a2ac164af8b7f9dcec3,False,2023.1,,ZynqMP KV260 revB machine-id:a435d1c5,,all,,hw,,,,kria,not read (sensor only),2d280c7862041cee1dd36a2ac164af8b7f9dcec3,,,,sensor_only,1,True,,performance,1333333,"0,1,2",,no-overlay idle reference (before any bitstream load),SOM-rail power (INA260),VCC_SOM,hwmon,/sys/class/hwmon/hwmon2 name=ina260_u14,"{""update_interval_ms"": ""not exposed""}",10.000,9.984,0.2793,0,0,sample_only,305.862115,41.410331,1790793175.744519,2026-09-30T18:32:55.744+00:00,3.220000,0.637000,5.047000,power1_input=3220000uW curr1_input=637mA in1_input=5047mV
2026-09-30T18:34:14+00:00,2d280c7862041cee1dd36a2ac164af8b7f9dcec3,False,2023.1,,ZynqMP KV260 revB machine-id:a435d1c5,,all,,hw,,,,kria,not read (sensor only),2d280c7862041cee1dd36a2ac164af8b7f9dcec3,,,,sensor_only,1,True,,performance,1333333,"0,1,2",,no-overlay idle reference (before any bitstream load),SOM-rail power (INA260),VCC_SOM,hwmon,/sys/class/hwmon/hwmon2 name=ina260_u14,"{""update_interval_ms"": ""not exposed""}",10.000,9.984,0.2793,0,0,sample_only,305.962065,41.510281,1790793175.844468,2026-09-30T18:32:55.844+00:00,3.200000,0.635000,5.046000,power1_input=3200000uW curr1_input=635mA in1_input=5046mV
2026-09-30T18:34:14+00:00,2d280c7862041cee1dd36a2ac164af8b7f9dcec3,False,2023.1,,ZynqMP KV260 revB machine-id:a435d1c5,,all,,hw,,,,kria,not read (sensor only),2d280c7862041cee1dd36a2ac164af8b7f9dcec3,,,,sensor_only,1,True,,performance,1333333,"0,1,2",,no-overlay idle reference (before any bitstream load),SOM-rail power (INA260),VCC_SOM,hwmon,/sys/class/hwmon/hwmon2 name=ina260_u14,"{""update_interval_ms"": ""not exposed""}",10.000,9.984,0.2793,0,0,sample_only,306.062048,41.610265,1790793175.944452,2026-09-30T18:32:55.944+00:00,3.230000,0.638000,5.046000,power1_input=3230000uW curr1_input=638mA in1_input=5046mV
2026-09-30T18:34:14+00:00,2d280c7862041cee1dd36a2ac164af8b7f9dcec3,False,2023.1,,ZynqMP KV260 revB machine-id:a435d1c5,,all,,hw,,,,kria,not read (sensor only),2d280c7862041cee1dd36a2ac164af8b7f9dcec3,,,,sensor_only,1,True,,performance,1333333,"0,1,2",,no-overlay idle reference (before any bitstream load),SOM-rail power (INA260),VCC_SOM,hwmon,/sys/class/hwmon/hwmon2 name=ina260_u14,"{""update_interval_ms"": ""not exposed""}",10.000,9.984,0.2793,0,0,sample_only,306.162049,41.710265,1790793176.044452,2026-09-30T18:32:56.044+00:00,3.210000,0.636000,5.047000,power1_input=3210000uW curr1_input=636mA in1_input=5047mV
2026-09-30T18:34:14+00:00,2d280c7862041cee1dd36a2ac164af8b7f9dcec3,False,2023.1,,ZynqMP KV260 revB machine-id:a435d1c5,,all,,hw,,,,kria,not read (sensor only),2d280c7862041cee1dd36a2ac164af8b7f9dcec3,,,,sensor_only,1,True,,performance,1333333,"0,1,2",,no-overlay idle reference (before any bitstream load),SOM-rail power (INA260),VCC_SOM,hwmon,/sys/class/hwmon/hwmon2 name=ina260_u14,"{""update_interval_ms"": ""not exposed""}",10.000,9.984,0.2793,0,0,sample_only,306.262041,41.810258,1790793176.144445,2026-09-30T18:32:56.144+00:00,3.200000,0.633000,5.046000,power1_input=3200000uW curr1_input=633mA in1_input=5046mV
2026-09-30T18:34:14+00:00,2d280c7862041cee1dd36a2ac164af8b7f9dcec3,False,2023.1,,ZynqMP KV260 revB machine-id:a435d1c5,,all,,hw,,,,kria,not read (sensor only),2d280c7862041cee1dd36a2ac164af8b7f9dcec3,,,,sensor_only,1,True,,performance,1333333,"0,1,2",,no-overlay idle reference (before any bitstream load),SOM-rail power (INA260),VCC_SOM,hwmon,/sys/class/hwmon/hwmon2 name=ina260_u14,"{""update_interval_ms"": ""not exposed""}",10.000,9.984,0.2793,0,0,sample_only,306.362042,41.910259,1790793176.244445,2026-09-30T18:32:56.244+00:00,3.220000,0.638000,5.046000,power1_input=3220000uW curr1_input=638mA in1_input=5046mV
2026-09-30T18:34:14+00:00,2d280c7862041cee1dd36a2ac164af8b7f9dcec3,False,2023.1,,ZynqMP KV260 revB machine-id:a435d1c5,,all,,hw,,,,kria,not read (sensor only),2d280c7862041cee1dd36a2ac164af8b7f9dcec3,,,,sensor_only,1,True,,performance,1333333,"0,1,2",,no-overlay idle reference (before any bitstream load),SOM-rail power (INA260),VCC_SOM,hwmon,/sys/class/hwmon/hwmon2 name=ina260_u14,"{""update_interval_ms"": ""not exposed""}",10.000,9.984,0.2793,0,0,sample_only,306.462044,42.010260,1790793176.344447,2026-09-30T18:32:56.344+00:00,3.200000,0.635000,5.047000,power1_input=3200000uW curr1_input=635mA in1_input=5047mV
2026-09-30T18:34:14+00:00,2d280c7862041cee1dd36a2ac164af8b7f9dcec3,False,2023.1,,ZynqMP KV260 revB machine-id:a435d1c5,,all,,hw,,,,kria,not read (sensor only),2d280c7862041cee1dd36a2ac164af8b7f9dcec3,,,,sensor_only,1,True,,performance,1333333,"0,1,2",,no-overlay idle reference (before any bitstream load),SOM-rail power (INA260),VCC_SOM,hwmon,/sys/class/hwmon/hwmon2 name=ina260_u14,"{""update_interval_ms"": ""not exposed""}",10.000,9.984,0.2793,0,0,sample_only,306.562040,42.110257,1790793176.444444,2026-09-30T18:32:56.444+00:00,3.210000,0.636000,5.046000,power1_input=3210000uW curr1_input=636mA in1_input=5046mV
2026-09-30T18:34:14+00:00,2d280c7862041cee1dd36a2ac164af8b7f9dcec3,False,2023.1,,ZynqMP KV260 revB machine-id:a435d1c5,,all,,hw,,,,kria,not read (sensor only),2d280c7862041cee1dd36a2ac164af8b7f9dcec3,,,,sensor_only,1,True,,performance,1333333,"0,1,2",,no-overlay idle reference (before any bitstream load),SOM-rail power (INA260),VCC_SOM,hwmon,/sys/class/hwmon/hwmon2 name=ina260_u14,"{""update_interval_ms"": ""not exposed""}",10.000,9.984,0.2793,0,0,sample_only,306.662045,42.210261,1790793176.544448,2026-09-30T18:32:56.544+00:00,3.220000,0.637000,5.046000,power1_input=3220000uW curr1_input=637mA in1_input=5046mV
2026-09-30T18:34:14+00:00,2d280c7862041cee1dd36a2ac164af8b7f9dcec3,False,2023.1,,ZynqMP KV260 revB machine-id:a435d1c5,,all,,hw,,,,kria,not read (sensor only),2d280c7862041cee1dd36a2ac164af8b7f9dcec3,,,,sensor_only,1,True,,performance,1333333,"0,1,2",,no-overlay idle reference (before any bitstream load),SOM-rail power (INA260),VCC_SOM,hwmon,/sys/class/hwmon/hwmon2 name=ina260_u14,"{""update_interval_ms"": ""not exposed""}",10.000,9.984,0.2793,0,0,sample_only,306.762042,42.310259,1790793176.644445,2026-09-30T18:32:56.644+00:00,3.210000,0.636000,5.046000,power1_input=3210000uW curr1_input=636mA in1_input=5046mV
2026-09-30T18:34:14+00:00,2d280c7862041cee1dd36a2ac164af8b7f9dcec3,False,2023.1,,ZynqMP KV260 revB machine-id:a435d1c5,,all,,hw,,,,kria,not read (sensor only),2d280c7862041cee1dd36a2ac164af8b7f9dcec3,,,,sensor_only,1,True,,performance,1333333,"0,1,2",,no-overlay idle reference (before any bitstream load),SOM-rail power (INA260),VCC_SOM,hwmon,/sys/class/hwmon/hwmon2 name=ina260_u14,"{""update_interval_ms"": ""not exposed""}",10.000,9.984,0.2793,0,0,sample_only,306.862064,42.410280,1790793176.744467,2026-09-30T18:32:56.744+00:00,3.210000,0.636000,5.046000,power1_input=3210000uW curr1_input=636mA in1_input=5046mV
2026-09-30T18:34:14+00:00,2d280c7862041cee1dd36a2ac164af8b7f9dcec3,False,2023.1,,ZynqMP KV260 revB machine-id:a435d1c5,,all,,hw,,,,kria,not read (sensor only),2d280c7862041cee1dd36a2ac164af8b7f9dcec3,,,,sensor_only,1,True,,performance,1333333,"0,1,2",,no-overlay idle reference (before any bitstream load),SOM-rail power (INA260),VCC_SOM,hwmon,/sys/class/hwmon/hwmon2 name=ina260_u14,"{""update_interval_ms"": ""not exposed""}",10.000,9.984,0.2793,0,0,sample_only,306.962047,42.510263,1790793176.844450,2026-09-30T18:32:56.844+00:00,3.220000,0.638000,5.047000,power1_input=3220000uW curr1_input=638mA in1_input=5047mV
2026-09-30T18:34:14+00:00,2d280c7862041cee1dd36a2ac164af8b7f9dcec3,False,2023.1,,ZynqMP KV260 revB machine-id:a435d1c5,,all,,hw,,,,kria,not read (sensor only),2d280c7862041cee1dd36a2ac164af8b7f9dcec3,,,,sensor_only,1,True,,performance,1333333,"0,1,2",,no-overlay idle reference (before any bitstream load),SOM-rail power (INA260),VCC_SOM,hwmon,/sys/class/hwmon/hwmon2 name=ina260_u14,"{""update_interval_ms"": ""not exposed""}",10.000,9.984,0.2793,0,0,sample_only,307.062041,42.610257,1790793176.944444,2026-09-30T18:32:56.944+00:00,3.210000,0.635000,5.046000,power1_input=3210000uW curr1_input=635mA in1_input=5046mV
2026-09-30T18:34:14+00:00,2d280c7862041cee1dd36a2ac164af8b7f9dcec3,False,2023.1,,ZynqMP KV260 revB machine-id:a435d1c5,,all,,hw,,,,kria,not read (sensor only),2d280c7862041cee1dd36a2ac164af8b7f9dcec3,,,,sensor_only,1,True,,performance,1333333,"0,1,2",,no-overlay idle reference (before any bitstream load),SOM-rail power (INA260),VCC_SOM,hwmon,/sys/class/hwmon/hwmon2 name=ina260_u14,"{""update_interval_ms"": ""not exposed""}",10.000,9.984,0.2793,0,0,sample_only,307.162107,42.710323,1790793177.044510,2026-09-30T18:32:57.044+00:00,3.200000,0.635000,5.046000,power1_input=3200000uW curr1_input=635mA in1_input=5046mV
2026-09-30T18:34:14+00:00,2d280c7862041cee1dd36a2ac164af8b7f9dcec3,False,2023.1,,ZynqMP KV260 revB machine-id:a435d1c5,,all,,hw,,,,kria,not read (sensor only),2d280c7862041cee1dd36a2ac164af8b7f9dcec3,,,,sensor_only,1,True,,performance,1333333,"0,1,2",,no-overlay idle reference (before any bitstream load),SOM-rail power (INA260),VCC_SOM,hwmon,/sys/class/hwmon/hwmon2 name=ina260_u14,"{""update_interval_ms"": ""not exposed""}",10.000,9.984,0.2793,0,0,sample_only,307.262045,42.810262,1790793177.144449,2026-09-30T18:32:57.144+00:00,3.220000,0.640000,5.046000,power1_input=3220000uW curr1_input=640mA in1_input=5046mV
2026-09-30T18:34:14+00:00,2d280c7862041cee1dd36a2ac164af8b7f9dcec3,False,2023.1,,ZynqMP KV260 revB machine-id:a435d1c5,,all,,hw,,,,kria,not read (sensor only),2d280c7862041cee1dd36a2ac164af8b7f9dcec3,,,,sensor_only,1,True,,performance,1333333,"0,1,2",,no-overlay idle reference (before any bitstream load),SOM-rail power (INA260),VCC_SOM,hwmon,/sys/class/hwmon/hwmon2 name=ina260_u14,"{""update_interval_ms"": ""not exposed""}",10.000,9.984,0.2793,0,0,sample_only,307.362049,42.910266,1790793177.244453,2026-09-30T18:32:57.244+00:00,3.220000,0.638000,5.047000,power1_input=3220000uW curr1_input=638mA in1_input=5047mV
2026-09-30T18:34:14+00:00,2d280c7862041cee1dd36a2ac164af8b7f9dcec3,False,2023.1,,ZynqMP KV260 revB machine-id:a435d1c5,,all,,hw,,,,kria,not read (sensor only),2d280c7862041cee1dd36a2ac164af8b7f9dcec3,,,,sensor_only,1,True,,performance,1333333,"0,1,2",,no-overlay idle reference (before any bitstream load),SOM-rail power (INA260),VCC_SOM,hwmon,/sys/class/hwmon/hwmon2 name=ina260_u14,"{""update_interval_ms"": ""not exposed""}",10.000,9.984,0.2793,0,0,sample_only,307.462045,43.010261,1790793177.344448,2026-09-30T18:32:57.344+00:00,3.210000,0.636000,5.047000,power1_input=3210000uW curr1_input=636mA in1_input=5047mV
2026-09-30T18:34:14+00:00,2d280c7862041cee1dd36a2ac164af8b7f9dcec3,False,2023.1,,ZynqMP KV260 revB machine-id:a435d1c5,,all,,hw,,,,kria,not read (sensor only),2d280c7862041cee1dd36a2ac164af8b7f9dcec3,,,,sensor_only,1,True,,performance,1333333,"0,1,2",,no-overlay idle reference (before any bitstream load),SOM-rail power (INA260),VCC_SOM,hwmon,/sys/class/hwmon/hwmon2 name=ina260_u14,"{""update_interval_ms"": ""not exposed""}",10.000,9.984,0.2793,0,0,sample_only,307.562052,43.110268,1790793177.444455,2026-09-30T18:32:57.444+00:00,3.210000,0.635000,5.046000,power1_input=3210000uW curr1_input=635mA in1_input=5046mV
2026-09-30T18:34:14+00:00,2d280c7862041cee1dd36a2ac164af8b7f9dcec3,False,2023.1,,ZynqMP KV260 revB machine-id:a435d1c5,,all,,hw,,,,kria,not read (sensor only),2d280c7862041cee1dd36a2ac164af8b7f9dcec3,,,,sensor_only,1,True,,performance,1333333,"0,1,2",,no-overlay idle reference (before any bitstream load),SOM-rail power (INA260),VCC_SOM,hwmon,/sys/class/hwmon/hwmon2 name=ina260_u14,"{""update_interval_ms"": ""not exposed""}",10.000,9.984,0.2793,0,0,sample_only,307.662046,43.210263,1790793177.544450,2026-09-30T18:32:57.544+00:00,3.200000,0.635000,5.046000,power1_input=3200000uW curr1_input=635mA in1_input=5046mV
2026-09-30T18:34:14+00:00,2d280c7862041cee1dd36a2ac164af8b7f9dcec3,False,2023.1,,ZynqMP KV260 revB machine-id:a435d1c5,,all,,hw,,,,kria,not read (sensor only),2d280c7862041cee1dd36a2ac164af8b7f9dcec3,,,,sensor_only,1,True,,performance,1333333,"0,1,2",,no-overlay idle reference (before any bitstream load),SOM-rail power (INA260),VCC_SOM,hwmon,/sys/class/hwmon/hwmon2 name=ina260_u14,"{""update_interval_ms"": ""not exposed""}",10.000,9.984,0.2793,0,0,sample_only,307.762041,43.310257,1790793177.644444,2026-09-30T18:32:57.644+00:00,3.210000,0.636000,5.047000,power1_input=3210000uW curr1_input=636mA in1_input=5047mV
2026-09-30T18:34:14+00:00,2d280c7862041cee1dd36a2ac164af8b7f9dcec3,False,2023.1,,ZynqMP KV260 revB machine-id:a435d1c5,,all,,hw,,,,kria,not read (sensor only),2d280c7862041cee1dd36a2ac164af8b7f9dcec3,,,,sensor_only,1,True,,performance,1333333,"0,1,2",,no-overlay idle reference (before any bitstream load),SOM-rail power (INA260),VCC_SOM,hwmon,/sys/class/hwmon/hwmon2 name=ina260_u14,"{""update_interval_ms"": ""not exposed""}",10.000,9.984,0.2793,0,0,sample_only,307.862062,43.410279,1790793177.744466,2026-09-30T18:32:57.744+00:00,3.210000,0.636000,5.046000,power1_input=3210000uW curr1_input=636mA in1_input=5046mV
2026-09-30T18:34:14+00:00,2d280c7862041cee1dd36a2ac164af8b7f9dcec3,False,2023.1,,ZynqMP KV260 revB machine-id:a435d1c5,,all,,hw,,,,kria,not read (sensor only),2d280c7862041cee1dd36a2ac164af8b7f9dcec3,,,,sensor_only,1,True,,performance,1333333,"0,1,2",,no-overlay idle reference (before any bitstream load),SOM-rail power (INA260),VCC_SOM,hwmon,/sys/class/hwmon/hwmon2 name=ina260_u14,"{""update_interval_ms"": ""not exposed""}",10.000,9.984,0.2793,0,0,sample_only,307.962099,43.510315,1790793177.844502,2026-09-30T18:32:57.844+00:00,3.200000,0.633000,5.047000,power1_input=3200000uW curr1_input=633mA in1_input=5047mV
2026-09-30T18:34:14+00:00,2d280c7862041cee1dd36a2ac164af8b7f9dcec3,False,2023.1,,ZynqMP KV260 revB machine-id:a435d1c5,,all,,hw,,,,kria,not read (sensor only),2d280c7862041cee1dd36a2ac164af8b7f9dcec3,,,,sensor_only,1,True,,performance,1333333,"0,1,2",,no-overlay idle reference (before any bitstream load),SOM-rail power (INA260),VCC_SOM,hwmon,/sys/class/hwmon/hwmon2 name=ina260_u14,"{""update_interval_ms"": ""not exposed""}",10.000,9.984,0.2793,0,0,sample_only,308.062044,43.610261,1790793177.944448,2026-09-30T18:32:57.944+00:00,3.210000,0.636000,5.047000,power1_input=3210000uW curr1_input=636mA in1_input=5047mV
2026-09-30T18:34:14+00:00,2d280c7862041cee1dd36a2ac164af8b7f9dcec3,False,2023.1,,ZynqMP KV260 revB machine-id:a435d1c5,,all,,hw,,,,kria,not read (sensor only),2d280c7862041cee1dd36a2ac164af8b7f9dcec3,,,,sensor_only,1,True,,performance,1333333,"0,1,2",,no-overlay idle reference (before any bitstream load),SOM-rail power (INA260),VCC_SOM,hwmon,/sys/class/hwmon/hwmon2 name=ina260_u14,"{""update_interval_ms"": ""not exposed""}",10.000,9.984,0.2793,0,0,sample_only,308.162057,43.710273,1790793178.044460,2026-09-30T18:32:58.044+00:00,3.220000,0.637000,5.046000,power1_input=3220000uW curr1_input=637mA in1_input=5046mV
2026-09-30T18:34:14+00:00,2d280c7862041cee1dd36a2ac164af8b7f9dcec3,False,2023.1,,ZynqMP KV260 revB machine-id:a435d1c5,,all,,hw,,,,kria,not read (sensor only),2d280c7862041cee1dd36a2ac164af8b7f9dcec3,,,,sensor_only,1,True,,performance,1333333,"0,1,2",,no-overlay idle reference (before any bitstream load),SOM-rail power (INA260),VCC_SOM,hwmon,/sys/class/hwmon/hwmon2 name=ina260_u14,"{""update_interval_ms"": ""not exposed""}",10.000,9.984,0.2793,0,0,sample_only,308.262045,43.810262,1790793178.144449,2026-09-30T18:32:58.144+00:00,3.200000,0.638000,5.047000,power1_input=3200000uW curr1_input=638mA in1_input=5047mV
2026-09-30T18:34:14+00:00,2d280c7862041cee1dd36a2ac164af8b7f9dcec3,False,2023.1,,ZynqMP KV260 revB machine-id:a435d1c5,,all,,hw,,,,kria,not read (sensor only),2d280c7862041cee1dd36a2ac164af8b7f9dcec3,,,,sensor_only,1,True,,performance,1333333,"0,1,2",,no-overlay idle reference (before any bitstream load),SOM-rail power (INA260),VCC_SOM,hwmon,/sys/class/hwmon/hwmon2 name=ina260_u14,"{""update_interval_ms"": ""not exposed""}",10.000,9.984,0.2793,0,0,sample_only,308.362046,43.910262,1790793178.244449,2026-09-30T18:32:58.244+00:00,3.240000,0.641000,5.046000,power1_input=3240000uW curr1_input=641mA in1_input=5046mV
2026-09-30T18:34:14+00:00,2d280c7862041cee1dd36a2ac164af8b7f9dcec3,False,2023.1,,ZynqMP KV260 revB machine-id:a435d1c5,,all,,hw,,,,kria,not read (sensor only),2d280c7862041cee1dd36a2ac164af8b7f9dcec3,,,,sensor_only,1,True,,performance,1333333,"0,1,2",,no-overlay idle reference (before any bitstream load),SOM-rail power (INA260),VCC_SOM,hwmon,/sys/class/hwmon/hwmon2 name=ina260_u14,"{""update_interval_ms"": ""not exposed""}",10.000,9.984,0.2793,0,0,sample_only,308.462042,44.010258,1790793178.344445,2026-09-30T18:32:58.344+00:00,3.190000,0.632000,5.046000,power1_input=3190000uW curr1_input=632mA in1_input=5046mV
2026-09-30T18:34:14+00:00,2d280c7862041cee1dd36a2ac164af8b7f9dcec3,False,2023.1,,ZynqMP KV260 revB machine-id:a435d1c5,,all,,hw,,,,kria,not read (sensor only),2d280c7862041cee1dd36a2ac164af8b7f9dcec3,,,,sensor_only,1,True,,performance,1333333,"0,1,2",,no-overlay idle reference (before any bitstream load),SOM-rail power (INA260),VCC_SOM,hwmon,/sys/class/hwmon/hwmon2 name=ina260_u14,"{""update_interval_ms"": ""not exposed""}",10.000,9.984,0.2793,0,0,sample_only,308.562048,44.110264,1790793178.444451,2026-09-30T18:32:58.444+00:00,3.200000,0.635000,5.047000,power1_input=3200000uW curr1_input=635mA in1_input=5047mV
2026-09-30T18:34:14+00:00,2d280c7862041cee1dd36a2ac164af8b7f9dcec3,False,2023.1,,ZynqMP KV260 revB machine-id:a435d1c5,,all,,hw,,,,kria,not read (sensor only),2d280c7862041cee1dd36a2ac164af8b7f9dcec3,,,,sensor_only,1,True,,performance,1333333,"0,1,2",,no-overlay idle reference (before any bitstream load),SOM-rail power (INA260),VCC_SOM,hwmon,/sys/class/hwmon/hwmon2 name=ina260_u14,"{""update_interval_ms"": ""not exposed""}",10.000,9.984,0.2793,0,0,sample_only,308.662049,44.210265,1790793178.544452,2026-09-30T18:32:58.544+00:00,3.200000,0.633000,5.046000,power1_input=3200000uW curr1_input=633mA in1_input=5046mV
2026-09-30T18:34:14+00:00,2d280c7862041cee1dd36a2ac164af8b7f9dcec3,False,2023.1,,ZynqMP KV260 revB machine-id:a435d1c5,,all,,hw,,,,kria,not read (sensor only),2d280c7862041cee1dd36a2ac164af8b7f9dcec3,,,,sensor_only,1,True,,performance,1333333,"0,1,2",,no-overlay idle reference (before any bitstream load),SOM-rail power (INA260),VCC_SOM,hwmon,/sys/class/hwmon/hwmon2 name=ina260_u14,"{""update_interval_ms"": ""not exposed""}",10.000,9.984,0.2793,0,0,sample_only,308.762042,44.310258,1790793178.644445,2026-09-30T18:32:58.644+00:00,3.200000,0.635000,5.046000,power1_input=3200000uW curr1_input=635mA in1_input=5046mV
2026-09-30T18:34:14+00:00,2d280c7862041cee1dd36a2ac164af8b7f9dcec3,False,2023.1,,ZynqMP KV260 revB machine-id:a435d1c5,,all,,hw,,,,kria,not read (sensor only),2d280c7862041cee1dd36a2ac164af8b7f9dcec3,,,,sensor_only,1,True,,performance,1333333,"0,1,2",,no-overlay idle reference (before any bitstream load),SOM-rail power (INA260),VCC_SOM,hwmon,/sys/class/hwmon/hwmon2 name=ina260_u14,"{""update_interval_ms"": ""not exposed""}",10.000,9.984,0.2793,0,0,sample_only,308.862085,44.410301,1790793178.744489,2026-09-30T18:32:58.744+00:00,3.210000,0.636000,5.047000,power1_input=3210000uW curr1_input=636mA in1_input=5047mV
2026-09-30T18:34:14+00:00,2d280c7862041cee1dd36a2ac164af8b7f9dcec3,False,2023.1,,ZynqMP KV260 revB machine-id:a435d1c5,,all,,hw,,,,kria,not read (sensor only),2d280c7862041cee1dd36a2ac164af8b7f9dcec3,,,,sensor_only,1,True,,performance,1333333,"0,1,2",,no-overlay idle reference (before any bitstream load),SOM-rail power (INA260),VCC_SOM,hwmon,/sys/class/hwmon/hwmon2 name=ina260_u14,"{""update_interval_ms"": ""not exposed""}",10.000,9.984,0.2793,0,0,sample_only,308.962050,44.510266,1790793178.844453,2026-09-30T18:32:58.844+00:00,3.200000,0.635000,5.046000,power1_input=3200000uW curr1_input=635mA in1_input=5046mV
2026-09-30T18:34:14+00:00,2d280c7862041cee1dd36a2ac164af8b7f9dcec3,False,2023.1,,ZynqMP KV260 revB machine-id:a435d1c5,,all,,hw,,,,kria,not read (sensor only),2d280c7862041cee1dd36a2ac164af8b7f9dcec3,,,,sensor_only,1,True,,performance,1333333,"0,1,2",,no-overlay idle reference (before any bitstream load),SOM-rail power (INA260),VCC_SOM,hwmon,/sys/class/hwmon/hwmon2 name=ina260_u14,"{""update_interval_ms"": ""not exposed""}",10.000,9.984,0.2793,0,0,sample_only,309.062041,44.610257,1790793178.944444,2026-09-30T18:32:58.944+00:00,3.210000,0.637000,5.047000,power1_input=3210000uW curr1_input=637mA in1_input=5047mV
2026-09-30T18:34:14+00:00,2d280c7862041cee1dd36a2ac164af8b7f9dcec3,False,2023.1,,ZynqMP KV260 revB machine-id:a435d1c5,,all,,hw,,,,kria,not read (sensor only),2d280c7862041cee1dd36a2ac164af8b7f9dcec3,,,,sensor_only,1,True,,performance,1333333,"0,1,2",,no-overlay idle reference (before any bitstream load),SOM-rail power (INA260),VCC_SOM,hwmon,/sys/class/hwmon/hwmon2 name=ina260_u14,"{""update_interval_ms"": ""not exposed""}",10.000,9.984,0.2793,0,0,sample_only,309.162045,44.710262,1790793179.044449,2026-09-30T18:32:59.044+00:00,3.210000,0.635000,5.046000,power1_input=3210000uW curr1_input=635mA in1_input=5046mV
2026-09-30T18:34:14+00:00,2d280c7862041cee1dd36a2ac164af8b7f9dcec3,False,2023.1,,ZynqMP KV260 revB machine-id:a435d1c5,,all,,hw,,,,kria,not read (sensor only),2d280c7862041cee1dd36a2ac164af8b7f9dcec3,,,,sensor_only,1,True,,performance,1333333,"0,1,2",,no-overlay idle reference (before any bitstream load),SOM-rail power (INA260),VCC_SOM,hwmon,/sys/class/hwmon/hwmon2 name=ina260_u14,"{""update_interval_ms"": ""not exposed""}",10.000,9.984,0.2793,0,0,sample_only,309.262131,44.810348,1790793179.144536,2026-09-30T18:32:59.144+00:00,3.240000,0.651000,5.046000,power1_input=3240000uW curr1_input=651mA in1_input=5046mV
2026-09-30T18:34:14+00:00,2d280c7862041cee1dd36a2ac164af8b7f9dcec3,False,2023.1,,ZynqMP KV260 revB machine-id:a435d1c5,,all,,hw,,,,kria,not read (sensor only),2d280c7862041cee1dd36a2ac164af8b7f9dcec3,,,,sensor_only,1,True,,performance,1333333,"0,1,2",,no-overlay idle reference (before any bitstream load),SOM-rail power (INA260),VCC_SOM,hwmon,/sys/class/hwmon/hwmon2 name=ina260_u14,"{""update_interval_ms"": ""not exposed""}",10.000,9.984,0.2793,0,0,sample_only,309.362076,44.910293,1790793179.244480,2026-09-30T18:32:59.244+00:00,3.250000,0.645000,5.047000,power1_input=3250000uW curr1_input=645mA in1_input=5047mV
2026-09-30T18:34:14+00:00,2d280c7862041cee1dd36a2ac164af8b7f9dcec3,False,2023.1,,ZynqMP KV260 revB machine-id:a435d1c5,,all,,hw,,,,kria,not read (sensor only),2d280c7862041cee1dd36a2ac164af8b7f9dcec3,,,,sensor_only,1,True,,performance,1333333,"0,1,2",,no-overlay idle reference (before any bitstream load),SOM-rail power (INA260),VCC_SOM,hwmon,/sys/class/hwmon/hwmon2 name=ina260_u14,"{""update_interval_ms"": ""not exposed""}",10.000,9.984,0.2793,0,0,sample_only,309.462050,45.010266,1790793179.344453,2026-09-30T18:32:59.344+00:00,3.200000,0.635000,5.047000,power1_input=3200000uW curr1_input=635mA in1_input=5047mV
2026-09-30T18:34:14+00:00,2d280c7862041cee1dd36a2ac164af8b7f9dcec3,False,2023.1,,ZynqMP KV260 revB machine-id:a435d1c5,,all,,hw,,,,kria,not read (sensor only),2d280c7862041cee1dd36a2ac164af8b7f9dcec3,,,,sensor_only,1,True,,performance,1333333,"0,1,2",,no-overlay idle reference (before any bitstream load),SOM-rail power (INA260),VCC_SOM,hwmon,/sys/class/hwmon/hwmon2 name=ina260_u14,"{""update_interval_ms"": ""not exposed""}",10.000,9.984,0.2793,0,0,sample_only,309.562040,45.110256,1790793179.444443,2026-09-30T18:32:59.444+00:00,3.220000,0.637000,5.047000,power1_input=3220000uW curr1_input=637mA in1_input=5047mV
2026-09-30T18:34:14+00:00,2d280c7862041cee1dd36a2ac164af8b7f9dcec3,False,2023.1,,ZynqMP KV260 revB machine-id:a435d1c5,,all,,hw,,,,kria,not read (sensor only),2d280c7862041cee1dd36a2ac164af8b7f9dcec3,,,,sensor_only,1,True,,performance,1333333,"0,1,2",,no-overlay idle reference (before any bitstream load),SOM-rail power (INA260),VCC_SOM,hwmon,/sys/class/hwmon/hwmon2 name=ina260_u14,"{""update_interval_ms"": ""not exposed""}",10.000,9.984,0.2793,0,0,sample_only,309.662044,45.210260,1790793179.544447,2026-09-30T18:32:59.544+00:00,3.210000,0.633000,5.046000,power1_input=3210000uW curr1_input=633mA in1_input=5046mV
2026-09-30T18:34:14+00:00,2d280c7862041cee1dd36a2ac164af8b7f9dcec3,False,2023.1,,ZynqMP KV260 revB machine-id:a435d1c5,,all,,hw,,,,kria,not read (sensor only),2d280c7862041cee1dd36a2ac164af8b7f9dcec3,,,,sensor_only,1,True,,performance,1333333,"0,1,2",,no-overlay idle reference (before any bitstream load),SOM-rail power (INA260),VCC_SOM,hwmon,/sys/class/hwmon/hwmon2 name=ina260_u14,"{""update_interval_ms"": ""not exposed""}",10.000,9.984,0.2793,0,0,sample_only,309.762088,45.310304,1790793179.644491,2026-09-30T18:32:59.644+00:00,3.200000,0.635000,5.046000,power1_input=3200000uW curr1_input=635mA in1_input=5046mV
2026-09-30T18:34:14+00:00,2d280c7862041cee1dd36a2ac164af8b7f9dcec3,False,2023.1,,ZynqMP KV260 revB machine-id:a435d1c5,,all,,hw,,,,kria,not read (sensor only),2d280c7862041cee1dd36a2ac164af8b7f9dcec3,,,,sensor_only,1,True,,performance,1333333,"0,1,2",,no-overlay idle reference (before any bitstream load),SOM-rail power (INA260),VCC_SOM,hwmon,/sys/class/hwmon/hwmon2 name=ina260_u14,"{""update_interval_ms"": ""not exposed""}",10.000,9.984,0.2793,0,0,sample_only,309.862099,45.410316,1790793179.744503,2026-09-30T18:32:59.744+00:00,3.220000,0.637000,5.046000,power1_input=3220000uW curr1_input=637mA in1_input=5046mV
2026-09-30T18:34:14+00:00,2d280c7862041cee1dd36a2ac164af8b7f9dcec3,False,2023.1,,ZynqMP KV260 revB machine-id:a435d1c5,,all,,hw,,,,kria,not read (sensor only),2d280c7862041cee1dd36a2ac164af8b7f9dcec3,,,,sensor_only,1,True,,performance,1333333,"0,1,2",,no-overlay idle reference (before any bitstream load),SOM-rail power (INA260),VCC_SOM,hwmon,/sys/class/hwmon/hwmon2 name=ina260_u14,"{""update_interval_ms"": ""not exposed""}",10.000,9.984,0.2793,0,0,sample_only,309.962049,45.510265,1790793179.844452,2026-09-30T18:32:59.844+00:00,3.200000,0.638000,5.046000,power1_input=3200000uW curr1_input=638mA in1_input=5046mV
2026-09-30T18:34:14+00:00,2d280c7862041cee1dd36a2ac164af8b7f9dcec3,False,2023.1,,ZynqMP KV260 revB machine-id:a435d1c5,,all,,hw,,,,kria,not read (sensor only),2d280c7862041cee1dd36a2ac164af8b7f9dcec3,,,,sensor_only,1,True,,performance,1333333,"0,1,2",,no-overlay idle reference (before any bitstream load),SOM-rail power (INA260),VCC_SOM,hwmon,/sys/class/hwmon/hwmon2 name=ina260_u14,"{""update_interval_ms"": ""not exposed""}",10.000,9.984,0.2793,0,0,sample_only,310.062042,45.610258,1790793179.944445,2026-09-30T18:32:59.944+00:00,3.220000,0.637000,5.047000,power1_input=3220000uW curr1_input=637mA in1_input=5047mV
2026-09-30T18:34:14+00:00,2d280c7862041cee1dd36a2ac164af8b7f9dcec3,False,2023.1,,ZynqMP KV260 revB machine-id:a435d1c5,,all,,hw,,,,kria,not read (sensor only),2d280c7862041cee1dd36a2ac164af8b7f9dcec3,,,,sensor_only,1,True,,performance,1333333,"0,1,2",,no-overlay idle reference (before any bitstream load),SOM-rail power (INA260),VCC_SOM,hwmon,/sys/class/hwmon/hwmon2 name=ina260_u14,"{""update_interval_ms"": ""not exposed""}",10.000,9.984,0.2793,0,0,sample_only,310.162166,45.710383,1790793180.044571,2026-09-30T18:33:00.044+00:00,3.210000,0.636000,5.047000,power1_input=3210000uW curr1_input=636mA in1_input=5047mV
2026-09-30T18:34:14+00:00,2d280c7862041cee1dd36a2ac164af8b7f9dcec3,False,2023.1,,ZynqMP KV260 revB machine-id:a435d1c5,,all,,hw,,,,kria,not read (sensor only),2d280c7862041cee1dd36a2ac164af8b7f9dcec3,,,,sensor_only,1,True,,performance,1333333,"0,1,2",,no-overlay idle reference (before any bitstream load),SOM-rail power (INA260),VCC_SOM,hwmon,/sys/class/hwmon/hwmon2 name=ina260_u14,"{""update_interval_ms"": ""not exposed""}",10.000,9.984,0.2793,0,0,sample_only,310.262062,45.810278,1790793180.144465,2026-09-30T18:33:00.144+00:00,3.210000,0.635000,5.047000,power1_input=3210000uW curr1_input=635mA in1_input=5047mV
2026-09-30T18:34:14+00:00,2d280c7862041cee1dd36a2ac164af8b7f9dcec3,False,2023.1,,ZynqMP KV260 revB machine-id:a435d1c5,,all,,hw,,,,kria,not read (sensor only),2d280c7862041cee1dd36a2ac164af8b7f9dcec3,,,,sensor_only,1,True,,performance,1333333,"0,1,2",,no-overlay idle reference (before any bitstream load),SOM-rail power (INA260),VCC_SOM,hwmon,/sys/class/hwmon/hwmon2 name=ina260_u14,"{""update_interval_ms"": ""not exposed""}",10.000,9.984,0.2793,0,0,sample_only,310.362053,45.910269,1790793180.244456,2026-09-30T18:33:00.244+00:00,3.230000,0.638000,5.047000,power1_input=3230000uW curr1_input=638mA in1_input=5047mV
2026-09-30T18:34:14+00:00,2d280c7862041cee1dd36a2ac164af8b7f9dcec3,False,2023.1,,ZynqMP KV260 revB machine-id:a435d1c5,,all,,hw,,,,kria,not read (sensor only),2d280c7862041cee1dd36a2ac164af8b7f9dcec3,,,,sensor_only,1,True,,performance,1333333,"0,1,2",,no-overlay idle reference (before any bitstream load),SOM-rail power (INA260),VCC_SOM,hwmon,/sys/class/hwmon/hwmon2 name=ina260_u14,"{""update_interval_ms"": ""not exposed""}",10.000,9.984,0.2793,0,0,sample_only,310.462092,46.010308,1790793180.344495,2026-09-30T18:33:00.344+00:00,3.210000,0.636000,5.046000,power1_input=3210000uW curr1_input=636mA in1_input=5046mV
2026-09-30T18:34:14+00:00,2d280c7862041cee1dd36a2ac164af8b7f9dcec3,False,2023.1,,ZynqMP KV260 revB machine-id:a435d1c5,,all,,hw,,,,kria,not read (sensor only),2d280c7862041cee1dd36a2ac164af8b7f9dcec3,,,,sensor_only,1,True,,performance,1333333,"0,1,2",,no-overlay idle reference (before any bitstream load),SOM-rail power (INA260),VCC_SOM,hwmon,/sys/class/hwmon/hwmon2 name=ina260_u14,"{""update_interval_ms"": ""not exposed""}",10.000,9.984,0.2793,0,0,sample_only,310.562040,46.110256,1790793180.444443,2026-09-30T18:33:00.444+00:00,3.200000,0.635000,5.047000,power1_input=3200000uW curr1_input=635mA in1_input=5047mV
2026-09-30T18:34:14+00:00,2d280c7862041cee1dd36a2ac164af8b7f9dcec3,False,2023.1,,ZynqMP KV260 revB machine-id:a435d1c5,,all,,hw,,,,kria,not read (sensor only),2d280c7862041cee1dd36a2ac164af8b7f9dcec3,,,,sensor_only,1,True,,performance,1333333,"0,1,2",,no-overlay idle reference (before any bitstream load),SOM-rail power (INA260),VCC_SOM,hwmon,/sys/class/hwmon/hwmon2 name=ina260_u14,"{""update_interval_ms"": ""not exposed""}",10.000,9.984,0.2793,0,0,sample_only,310.662059,46.210276,1790793180.544463,2026-09-30T18:33:00.544+00:00,3.220000,0.635000,5.047000,power1_input=3220000uW curr1_input=635mA in1_input=5047mV
2026-09-30T18:34:14+00:00,2d280c7862041cee1dd36a2ac164af8b7f9dcec3,False,2023.1,,ZynqMP KV260 revB machine-id:a435d1c5,,all,,hw,,,,kria,not read (sensor only),2d280c7862041cee1dd36a2ac164af8b7f9dcec3,,,,sensor_only,1,True,,performance,1333333,"0,1,2",,no-overlay idle reference (before any bitstream load),SOM-rail power (INA260),VCC_SOM,hwmon,/sys/class/hwmon/hwmon2 name=ina260_u14,"{""update_interval_ms"": ""not exposed""}",10.000,9.984,0.2793,0,0,sample_only,310.762043,46.310259,1790793180.644446,2026-09-30T18:33:00.644+00:00,3.200000,0.635000,5.046000,power1_input=3200000uW curr1_input=635mA in1_input=5046mV
2026-09-30T18:34:14+00:00,2d280c7862041cee1dd36a2ac164af8b7f9dcec3,False,2023.1,,ZynqMP KV260 revB machine-id:a435d1c5,,all,,hw,,,,kria,not read (sensor only),2d280c7862041cee1dd36a2ac164af8b7f9dcec3,,,,sensor_only,1,True,,performance,1333333,"0,1,2",,no-overlay idle reference (before any bitstream load),SOM-rail power (INA260),VCC_SOM,hwmon,/sys/class/hwmon/hwmon2 name=ina260_u14,"{""update_interval_ms"": ""not exposed""}",10.000,9.984,0.2793,0,0,sample_only,310.862051,46.410267,1790793180.744454,2026-09-30T18:33:00.744+00:00,3.210000,0.635000,5.047000,power1_input=3210000uW curr1_input=635mA in1_input=5047mV
2026-09-30T18:34:14+00:00,2d280c7862041cee1dd36a2ac164af8b7f9dcec3,False,2023.1,,ZynqMP KV260 revB machine-id:a435d1c5,,all,,hw,,,,kria,not read (sensor only),2d280c7862041cee1dd36a2ac164af8b7f9dcec3,,,,sensor_only,1,True,,performance,1333333,"0,1,2",,no-overlay idle reference (before any bitstream load),SOM-rail power (INA260),VCC_SOM,hwmon,/sys/class/hwmon/hwmon2 name=ina260_u14,"{""update_interval_ms"": ""not exposed""}",10.000,9.984,0.2793,0,0,sample_only,310.962043,46.510259,1790793180.844446,2026-09-30T18:33:00.844+00:00,3.200000,0.640000,5.046000,power1_input=3200000uW curr1_input=640mA in1_input=5046mV
2026-09-30T18:34:14+00:00,2d280c7862041cee1dd36a2ac164af8b7f9dcec3,False,2023.1,,ZynqMP KV260 revB machine-id:a435d1c5,,all,,hw,,,,kria,not read (sensor only),2d280c7862041cee1dd36a2ac164af8b7f9dcec3,,,,sensor_only,1,True,,performance,1333333,"0,1,2",,no-overlay idle reference (before any bitstream load),SOM-rail power (INA260),VCC_SOM,hwmon,/sys/class/hwmon/hwmon2 name=ina260_u14,"{""update_interval_ms"": ""not exposed""}",10.000,9.984,0.2793,0,0,sample_only,311.062055,46.610272,1790793180.944458,2026-09-30T18:33:00.944+00:00,3.200000,0.635000,5.046000,power1_input=3200000uW curr1_input=635mA in1_input=5046mV
2026-09-30T18:34:14+00:00,2d280c7862041cee1dd36a2ac164af8b7f9dcec3,False,2023.1,,ZynqMP KV260 revB machine-id:a435d1c5,,all,,hw,,,,kria,not read (sensor only),2d280c7862041cee1dd36a2ac164af8b7f9dcec3,,,,sensor_only,1,True,,performance,1333333,"0,1,2",,no-overlay idle reference (before any bitstream load),SOM-rail power (INA260),VCC_SOM,hwmon,/sys/class/hwmon/hwmon2 name=ina260_u14,"{""update_interval_ms"": ""not exposed""}",10.000,9.984,0.2793,0,0,sample_only,311.162046,46.710263,1790793181.044450,2026-09-30T18:33:01.044+00:00,3.220000,0.638000,5.046000,power1_input=3220000uW curr1_input=638mA in1_input=5046mV
2026-09-30T18:34:14+00:00,2d280c7862041cee1dd36a2ac164af8b7f9dcec3,False,2023.1,,ZynqMP KV260 revB machine-id:a435d1c5,,all,,hw,,,,kria,not read (sensor only),2d280c7862041cee1dd36a2ac164af8b7f9dcec3,,,,sensor_only,1,True,,performance,1333333,"0,1,2",,no-overlay idle reference (before any bitstream load),SOM-rail power (INA260),VCC_SOM,hwmon,/sys/class/hwmon/hwmon2 name=ina260_u14,"{""update_interval_ms"": ""not exposed""}",10.000,9.984,0.2793,0,0,sample_only,311.262054,46.810271,1790793181.144458,2026-09-30T18:33:01.144+00:00,3.210000,0.636000,5.046000,power1_input=3210000uW curr1_input=636mA in1_input=5046mV
2026-09-30T18:34:14+00:00,2d280c7862041cee1dd36a2ac164af8b7f9dcec3,False,2023.1,,ZynqMP KV260 revB machine-id:a435d1c5,,all,,hw,,,,kria,not read (sensor only),2d280c7862041cee1dd36a2ac164af8b7f9dcec3,,,,sensor_only,1,True,,performance,1333333,"0,1,2",,no-overlay idle reference (before any bitstream load),SOM-rail power (INA260),VCC_SOM,hwmon,/sys/class/hwmon/hwmon2 name=ina260_u14,"{""update_interval_ms"": ""not exposed""}",10.000,9.984,0.2793,0,0,sample_only,311.362045,46.910261,1790793181.244448,2026-09-30T18:33:01.244+00:00,3.210000,0.636000,5.047000,power1_input=3210000uW curr1_input=636mA in1_input=5047mV
2026-09-30T18:34:14+00:00,2d280c7862041cee1dd36a2ac164af8b7f9dcec3,False,2023.1,,ZynqMP KV260 revB machine-id:a435d1c5,,all,,hw,,,,kria,not read (sensor only),2d280c7862041cee1dd36a2ac164af8b7f9dcec3,,,,sensor_only,1,True,,performance,1333333,"0,1,2",,no-overlay idle reference (before any bitstream load),SOM-rail power (INA260),VCC_SOM,hwmon,/sys/class/hwmon/hwmon2 name=ina260_u14,"{""update_interval_ms"": ""not exposed""}",10.000,9.984,0.2793,0,0,sample_only,311.462047,47.010263,1790793181.344450,2026-09-30T18:33:01.344+00:00,3.200000,0.635000,5.046000,power1_input=3200000uW curr1_input=635mA in1_input=5046mV
2026-09-30T18:34:14+00:00,2d280c7862041cee1dd36a2ac164af8b7f9dcec3,False,2023.1,,ZynqMP KV260 revB machine-id:a435d1c5,,all,,hw,,,,kria,not read (sensor only),2d280c7862041cee1dd36a2ac164af8b7f9dcec3,,,,sensor_only,1,True,,performance,1333333,"0,1,2",,no-overlay idle reference (before any bitstream load),SOM-rail power (INA260),VCC_SOM,hwmon,/sys/class/hwmon/hwmon2 name=ina260_u14,"{""update_interval_ms"": ""not exposed""}",10.000,9.984,0.2793,0,0,sample_only,311.562049,47.110266,1790793181.444453,2026-09-30T18:33:01.444+00:00,3.210000,0.636000,5.047000,power1_input=3210000uW curr1_input=636mA in1_input=5047mV
2026-09-30T18:34:14+00:00,2d280c7862041cee1dd36a2ac164af8b7f9dcec3,False,2023.1,,ZynqMP KV260 revB machine-id:a435d1c5,,all,,hw,,,,kria,not read (sensor only),2d280c7862041cee1dd36a2ac164af8b7f9dcec3,,,,sensor_only,1,True,,performance,1333333,"0,1,2",,no-overlay idle reference (before any bitstream load),SOM-rail power (INA260),VCC_SOM,hwmon,/sys/class/hwmon/hwmon2 name=ina260_u14,"{""update_interval_ms"": ""not exposed""}",10.000,9.984,0.2793,0,0,sample_only,311.662062,47.210278,1790793181.544465,2026-09-30T18:33:01.544+00:00,3.210000,0.637000,5.046000,power1_input=3210000uW curr1_input=637mA in1_input=5046mV
2026-09-30T18:34:14+00:00,2d280c7862041cee1dd36a2ac164af8b7f9dcec3,False,2023.1,,ZynqMP KV260 revB machine-id:a435d1c5,,all,,hw,,,,kria,not read (sensor only),2d280c7862041cee1dd36a2ac164af8b7f9dcec3,,,,sensor_only,1,True,,performance,1333333,"0,1,2",,no-overlay idle reference (before any bitstream load),SOM-rail power (INA260),VCC_SOM,hwmon,/sys/class/hwmon/hwmon2 name=ina260_u14,"{""update_interval_ms"": ""not exposed""}",10.000,9.984,0.2793,0,0,sample_only,311.762058,47.310275,1790793181.644462,2026-09-30T18:33:01.644+00:00,3.210000,0.635000,5.046000,power1_input=3210000uW curr1_input=635mA in1_input=5046mV
2026-09-30T18:34:14+00:00,2d280c7862041cee1dd36a2ac164af8b7f9dcec3,False,2023.1,,ZynqMP KV260 revB machine-id:a435d1c5,,all,,hw,,,,kria,not read (sensor only),2d280c7862041cee1dd36a2ac164af8b7f9dcec3,,,,sensor_only,1,True,,performance,1333333,"0,1,2",,no-overlay idle reference (before any bitstream load),SOM-rail power (INA260),VCC_SOM,hwmon,/sys/class/hwmon/hwmon2 name=ina260_u14,"{""update_interval_ms"": ""not exposed""}",10.000,9.984,0.2793,0,0,sample_only,311.862057,47.410273,1790793181.744461,2026-09-30T18:33:01.744+00:00,3.240000,0.641000,5.046000,power1_input=3240000uW curr1_input=641mA in1_input=5046mV
2026-09-30T18:34:14+00:00,2d280c7862041cee1dd36a2ac164af8b7f9dcec3,False,2023.1,,ZynqMP KV260 revB machine-id:a435d1c5,,all,,hw,,,,kria,not read (sensor only),2d280c7862041cee1dd36a2ac164af8b7f9dcec3,,,,sensor_only,1,True,,performance,1333333,"0,1,2",,no-overlay idle reference (before any bitstream load),SOM-rail power (INA260),VCC_SOM,hwmon,/sys/class/hwmon/hwmon2 name=ina260_u14,"{""update_interval_ms"": ""not exposed""}",10.000,9.984,0.2793,0,0,sample_only,311.962068,47.510284,1790793181.844471,2026-09-30T18:33:01.844+00:00,3.200000,0.643000,5.046000,power1_input=3200000uW curr1_input=643mA in1_input=5046mV
2026-09-30T18:34:14+00:00,2d280c7862041cee1dd36a2ac164af8b7f9dcec3,False,2023.1,,ZynqMP KV260 revB machine-id:a435d1c5,,all,,hw,,,,kria,not read (sensor only),2d280c7862041cee1dd36a2ac164af8b7f9dcec3,,,,sensor_only,1,True,,performance,1333333,"0,1,2",,no-overlay idle reference (before any bitstream load),SOM-rail power (INA260),VCC_SOM,hwmon,/sys/class/hwmon/hwmon2 name=ina260_u14,"{""update_interval_ms"": ""not exposed""}",10.000,9.984,0.2793,0,0,sample_only,312.062050,47.610266,1790793181.944453,2026-09-30T18:33:01.944+00:00,3.200000,0.635000,5.046000,power1_input=3200000uW curr1_input=635mA in1_input=5046mV
2026-09-30T18:34:14+00:00,2d280c7862041cee1dd36a2ac164af8b7f9dcec3,False,2023.1,,ZynqMP KV260 revB machine-id:a435d1c5,,all,,hw,,,,kria,not read (sensor only),2d280c7862041cee1dd36a2ac164af8b7f9dcec3,,,,sensor_only,1,True,,performance,1333333,"0,1,2",,no-overlay idle reference (before any bitstream load),SOM-rail power (INA260),VCC_SOM,hwmon,/sys/class/hwmon/hwmon2 name=ina260_u14,"{""update_interval_ms"": ""not exposed""}",10.000,9.984,0.2793,0,0,sample_only,312.162095,47.710311,1790793182.044498,2026-09-30T18:33:02.044+00:00,3.210000,0.635000,5.047000,power1_input=3210000uW curr1_input=635mA in1_input=5047mV
2026-09-30T18:34:14+00:00,2d280c7862041cee1dd36a2ac164af8b7f9dcec3,False,2023.1,,ZynqMP KV260 revB machine-id:a435d1c5,,all,,hw,,,,kria,not read (sensor only),2d280c7862041cee1dd36a2ac164af8b7f9dcec3,,,,sensor_only,1,True,,performance,1333333,"0,1,2",,no-overlay idle reference (before any bitstream load),SOM-rail power (INA260),VCC_SOM,hwmon,/sys/class/hwmon/hwmon2 name=ina260_u14,"{""update_interval_ms"": ""not exposed""}",10.000,9.984,0.2793,0,0,sample_only,312.262047,47.810263,1790793182.144450,2026-09-30T18:33:02.144+00:00,3.200000,0.635000,5.046000,power1_input=3200000uW curr1_input=635mA in1_input=5046mV
2026-09-30T18:34:14+00:00,2d280c7862041cee1dd36a2ac164af8b7f9dcec3,False,2023.1,,ZynqMP KV260 revB machine-id:a435d1c5,,all,,hw,,,,kria,not read (sensor only),2d280c7862041cee1dd36a2ac164af8b7f9dcec3,,,,sensor_only,1,True,,performance,1333333,"0,1,2",,no-overlay idle reference (before any bitstream load),SOM-rail power (INA260),VCC_SOM,hwmon,/sys/class/hwmon/hwmon2 name=ina260_u14,"{""update_interval_ms"": ""not exposed""}",10.000,9.984,0.2793,0,0,sample_only,312.362044,47.910260,1790793182.244447,2026-09-30T18:33:02.244+00:00,3.210000,0.638000,5.046000,power1_input=3210000uW curr1_input=638mA in1_input=5046mV
2026-09-30T18:34:14+00:00,2d280c7862041cee1dd36a2ac164af8b7f9dcec3,False,2023.1,,ZynqMP KV260 revB machine-id:a435d1c5,,all,,hw,,,,kria,not read (sensor only),2d280c7862041cee1dd36a2ac164af8b7f9dcec3,,,,sensor_only,1,True,,performance,1333333,"0,1,2",,no-overlay idle reference (before any bitstream load),SOM-rail power (INA260),VCC_SOM,hwmon,/sys/class/hwmon/hwmon2 name=ina260_u14,"{""update_interval_ms"": ""not exposed""}",10.000,9.984,0.2793,0,0,sample_only,312.462042,48.010258,1790793182.344445,2026-09-30T18:33:02.344+00:00,3.210000,0.635000,5.046000,power1_input=3210000uW curr1_input=635mA in1_input=5046mV
2026-09-30T18:34:14+00:00,2d280c7862041cee1dd36a2ac164af8b7f9dcec3,False,2023.1,,ZynqMP KV260 revB machine-id:a435d1c5,,all,,hw,,,,kria,not read (sensor only),2d280c7862041cee1dd36a2ac164af8b7f9dcec3,,,,sensor_only,1,True,,performance,1333333,"0,1,2",,no-overlay idle reference (before any bitstream load),SOM-rail power (INA260),VCC_SOM,hwmon,/sys/class/hwmon/hwmon2 name=ina260_u14,"{""update_interval_ms"": ""not exposed""}",10.000,9.984,0.2793,0,0,sample_only,312.562039,48.110256,1790793182.444442,2026-09-30T18:33:02.444+00:00,3.200000,0.633000,5.046000,power1_input=3200000uW curr1_input=633mA in1_input=5046mV
2026-09-30T18:34:14+00:00,2d280c7862041cee1dd36a2ac164af8b7f9dcec3,False,2023.1,,ZynqMP KV260 revB machine-id:a435d1c5,,all,,hw,,,,kria,not read (sensor only),2d280c7862041cee1dd36a2ac164af8b7f9dcec3,,,,sensor_only,1,True,,performance,1333333,"0,1,2",,no-overlay idle reference (before any bitstream load),SOM-rail power (INA260),VCC_SOM,hwmon,/sys/class/hwmon/hwmon2 name=ina260_u14,"{""update_interval_ms"": ""not exposed""}",10.000,9.984,0.2793,0,0,sample_only,312.662043,48.210259,1790793182.544446,2026-09-30T18:33:02.544+00:00,3.200000,0.636000,5.046000,power1_input=3200000uW curr1_input=636mA in1_input=5046mV
2026-09-30T18:34:14+00:00,2d280c7862041cee1dd36a2ac164af8b7f9dcec3,False,2023.1,,ZynqMP KV260 revB machine-id:a435d1c5,,all,,hw,,,,kria,not read (sensor only),2d280c7862041cee1dd36a2ac164af8b7f9dcec3,,,,sensor_only,1,True,,performance,1333333,"0,1,2",,no-overlay idle reference (before any bitstream load),SOM-rail power (INA260),VCC_SOM,hwmon,/sys/class/hwmon/hwmon2 name=ina260_u14,"{""update_interval_ms"": ""not exposed""}",10.000,9.984,0.2793,0,0,sample_only,312.762040,48.310257,1790793182.644444,2026-09-30T18:33:02.644+00:00,3.220000,0.638000,5.046000,power1_input=3220000uW curr1_input=638mA in1_input=5046mV
2026-09-30T18:34:14+00:00,2d280c7862041cee1dd36a2ac164af8b7f9dcec3,False,2023.1,,ZynqMP KV260 revB machine-id:a435d1c5,,all,,hw,,,,kria,not read (sensor only),2d280c7862041cee1dd36a2ac164af8b7f9dcec3,,,,sensor_only,1,True,,performance,1333333,"0,1,2",,no-overlay idle reference (before any bitstream load),SOM-rail power (INA260),VCC_SOM,hwmon,/sys/class/hwmon/hwmon2 name=ina260_u14,"{""update_interval_ms"": ""not exposed""}",10.000,9.984,0.2793,0,0,sample_only,312.862075,48.410292,1790793182.744479,2026-09-30T18:33:02.744+00:00,3.200000,0.633000,5.046000,power1_input=3200000uW curr1_input=633mA in1_input=5046mV
2026-09-30T18:34:14+00:00,2d280c7862041cee1dd36a2ac164af8b7f9dcec3,False,2023.1,,ZynqMP KV260 revB machine-id:a435d1c5,,all,,hw,,,,kria,not read (sensor only),2d280c7862041cee1dd36a2ac164af8b7f9dcec3,,,,sensor_only,1,True,,performance,1333333,"0,1,2",,no-overlay idle reference (before any bitstream load),SOM-rail power (INA260),VCC_SOM,hwmon,/sys/class/hwmon/hwmon2 name=ina260_u14,"{""update_interval_ms"": ""not exposed""}",10.000,9.984,0.2793,0,0,sample_only,312.962049,48.510265,1790793182.844452,2026-09-30T18:33:02.844+00:00,3.210000,0.636000,5.046000,power1_input=3210000uW curr1_input=636mA in1_input=5046mV
2026-09-30T18:34:14+00:00,2d280c7862041cee1dd36a2ac164af8b7f9dcec3,False,2023.1,,ZynqMP KV260 revB machine-id:a435d1c5,,all,,hw,,,,kria,not read (sensor only),2d280c7862041cee1dd36a2ac164af8b7f9dcec3,,,,sensor_only,1,True,,performance,1333333,"0,1,2",,no-overlay idle reference (before any bitstream load),SOM-rail power (INA260),VCC_SOM,hwmon,/sys/class/hwmon/hwmon2 name=ina260_u14,"{""update_interval_ms"": ""not exposed""}",10.000,9.984,0.2793,0,0,sample_only,313.062058,48.610274,1790793182.944461,2026-09-30T18:33:02.944+00:00,3.230000,0.640000,5.047000,power1_input=3230000uW curr1_input=640mA in1_input=5047mV
2026-09-30T18:34:14+00:00,2d280c7862041cee1dd36a2ac164af8b7f9dcec3,False,2023.1,,ZynqMP KV260 revB machine-id:a435d1c5,,all,,hw,,,,kria,not read (sensor only),2d280c7862041cee1dd36a2ac164af8b7f9dcec3,,,,sensor_only,1,True,,performance,1333333,"0,1,2",,no-overlay idle reference (before any bitstream load),SOM-rail power (INA260),VCC_SOM,hwmon,/sys/class/hwmon/hwmon2 name=ina260_u14,"{""update_interval_ms"": ""not exposed""}",10.000,9.984,0.2793,0,0,sample_only,313.162050,48.710267,1790793183.044453,2026-09-30T18:33:03.044+00:00,3.200000,0.635000,5.047000,power1_input=3200000uW curr1_input=635mA in1_input=5047mV
2026-09-30T18:34:14+00:00,2d280c7862041cee1dd36a2ac164af8b7f9dcec3,False,2023.1,,ZynqMP KV260 revB machine-id:a435d1c5,,all,,hw,,,,kria,not read (sensor only),2d280c7862041cee1dd36a2ac164af8b7f9dcec3,,,,sensor_only,1,True,,performance,1333333,"0,1,2",,no-overlay idle reference (before any bitstream load),SOM-rail power (INA260),VCC_SOM,hwmon,/sys/class/hwmon/hwmon2 name=ina260_u14,"{""update_interval_ms"": ""not exposed""}",10.000,9.984,0.2793,0,0,sample_only,313.262041,48.810258,1790793183.144445,2026-09-30T18:33:03.144+00:00,3.210000,0.636000,5.047000,power1_input=3210000uW curr1_input=636mA in1_input=5047mV
2026-09-30T18:34:14+00:00,2d280c7862041cee1dd36a2ac164af8b7f9dcec3,False,2023.1,,ZynqMP KV260 revB machine-id:a435d1c5,,all,,hw,,,,kria,not read (sensor only),2d280c7862041cee1dd36a2ac164af8b7f9dcec3,,,,sensor_only,1,True,,performance,1333333,"0,1,2",,no-overlay idle reference (before any bitstream load),SOM-rail power (INA260),VCC_SOM,hwmon,/sys/class/hwmon/hwmon2 name=ina260_u14,"{""update_interval_ms"": ""not exposed""}",10.000,9.984,0.2793,0,0,sample_only,313.362046,48.910263,1790793183.244449,2026-09-30T18:33:03.244+00:00,3.210000,0.638000,5.047000,power1_input=3210000uW curr1_input=638mA in1_input=5047mV
2026-09-30T18:34:14+00:00,2d280c7862041cee1dd36a2ac164af8b7f9dcec3,False,2023.1,,ZynqMP KV260 revB machine-id:a435d1c5,,all,,hw,,,,kria,not read (sensor only),2d280c7862041cee1dd36a2ac164af8b7f9dcec3,,,,sensor_only,1,True,,performance,1333333,"0,1,2",,no-overlay idle reference (before any bitstream load),SOM-rail power (INA260),VCC_SOM,hwmon,/sys/class/hwmon/hwmon2 name=ina260_u14,"{""update_interval_ms"": ""not exposed""}",10.000,9.984,0.2793,0,0,sample_only,313.462168,49.010384,1790793183.344572,2026-09-30T18:33:03.344+00:00,3.210000,0.636000,5.046000,power1_input=3210000uW curr1_input=636mA in1_input=5046mV
2026-09-30T18:34:14+00:00,2d280c7862041cee1dd36a2ac164af8b7f9dcec3,False,2023.1,,ZynqMP KV260 revB machine-id:a435d1c5,,all,,hw,,,,kria,not read (sensor only),2d280c7862041cee1dd36a2ac164af8b7f9dcec3,,,,sensor_only,1,True,,performance,1333333,"0,1,2",,no-overlay idle reference (before any bitstream load),SOM-rail power (INA260),VCC_SOM,hwmon,/sys/class/hwmon/hwmon2 name=ina260_u14,"{""update_interval_ms"": ""not exposed""}",10.000,9.984,0.2793,0,0,sample_only,313.562102,49.110319,1790793183.444506,2026-09-30T18:33:03.444+00:00,3.200000,0.635000,5.047000,power1_input=3200000uW curr1_input=635mA in1_input=5047mV
2026-09-30T18:34:14+00:00,2d280c7862041cee1dd36a2ac164af8b7f9dcec3,False,2023.1,,ZynqMP KV260 revB machine-id:a435d1c5,,all,,hw,,,,kria,not read (sensor only),2d280c7862041cee1dd36a2ac164af8b7f9dcec3,,,,sensor_only,1,True,,performance,1333333,"0,1,2",,no-overlay idle reference (before any bitstream load),SOM-rail power (INA260),VCC_SOM,hwmon,/sys/class/hwmon/hwmon2 name=ina260_u14,"{""update_interval_ms"": ""not exposed""}",10.000,9.984,0.2793,0,0,sample_only,313.662091,49.210308,1790793183.544495,2026-09-30T18:33:03.544+00:00,3.200000,0.638000,5.046000,power1_input=3200000uW curr1_input=638mA in1_input=5046mV
2026-09-30T18:34:14+00:00,2d280c7862041cee1dd36a2ac164af8b7f9dcec3,False,2023.1,,ZynqMP KV260 revB machine-id:a435d1c5,,all,,hw,,,,kria,not read (sensor only),2d280c7862041cee1dd36a2ac164af8b7f9dcec3,,,,sensor_only,1,True,,performance,1333333,"0,1,2",,no-overlay idle reference (before any bitstream load),SOM-rail power (INA260),VCC_SOM,hwmon,/sys/class/hwmon/hwmon2 name=ina260_u14,"{""update_interval_ms"": ""not exposed""}",10.000,9.984,0.2793,0,0,sample_only,313.762045,49.310262,1790793183.644449,2026-09-30T18:33:03.644+00:00,3.210000,0.636000,5.047000,power1_input=3210000uW curr1_input=636mA in1_input=5047mV
2026-09-30T18:34:14+00:00,2d280c7862041cee1dd36a2ac164af8b7f9dcec3,False,2023.1,,ZynqMP KV260 revB machine-id:a435d1c5,,all,,hw,,,,kria,not read (sensor only),2d280c7862041cee1dd36a2ac164af8b7f9dcec3,,,,sensor_only,1,True,,performance,1333333,"0,1,2",,no-overlay idle reference (before any bitstream load),SOM-rail power (INA260),VCC_SOM,hwmon,/sys/class/hwmon/hwmon2 name=ina260_u14,"{""update_interval_ms"": ""not exposed""}",10.000,9.984,0.2793,0,0,sample_only,313.862080,49.410296,1790793183.744483,2026-09-30T18:33:03.744+00:00,3.200000,0.635000,5.047000,power1_input=3200000uW curr1_input=635mA in1_input=5047mV
2026-09-30T18:34:14+00:00,2d280c7862041cee1dd36a2ac164af8b7f9dcec3,False,2023.1,,ZynqMP KV260 revB machine-id:a435d1c5,,all,,hw,,,,kria,not read (sensor only),2d280c7862041cee1dd36a2ac164af8b7f9dcec3,,,,sensor_only,1,True,,performance,1333333,"0,1,2",,no-overlay idle reference (before any bitstream load),SOM-rail power (INA260),VCC_SOM,hwmon,/sys/class/hwmon/hwmon2 name=ina260_u14,"{""update_interval_ms"": ""not exposed""}",10.000,9.984,0.2793,0,0,sample_only,313.962054,49.510271,1790793183.844458,2026-09-30T18:33:03.844+00:00,3.230000,0.640000,5.047000,power1_input=3230000uW curr1_input=640mA in1_input=5047mV
2026-09-30T18:34:14+00:00,2d280c7862041cee1dd36a2ac164af8b7f9dcec3,False,2023.1,,ZynqMP KV260 revB machine-id:a435d1c5,,all,,hw,,,,kria,not read (sensor only),2d280c7862041cee1dd36a2ac164af8b7f9dcec3,,,,sensor_only,1,True,,performance,1333333,"0,1,2",,no-overlay idle reference (before any bitstream load),SOM-rail power (INA260),VCC_SOM,hwmon,/sys/class/hwmon/hwmon2 name=ina260_u14,"{""update_interval_ms"": ""not exposed""}",10.000,9.984,0.2793,0,0,sample_only,314.062043,49.610259,1790793183.944446,2026-09-30T18:33:03.944+00:00,3.210000,0.636000,5.046000,power1_input=3210000uW curr1_input=636mA in1_input=5046mV
2026-09-30T18:34:14+00:00,2d280c7862041cee1dd36a2ac164af8b7f9dcec3,False,2023.1,,ZynqMP KV260 revB machine-id:a435d1c5,,all,,hw,,,,kria,not read (sensor only),2d280c7862041cee1dd36a2ac164af8b7f9dcec3,,,,sensor_only,1,True,,performance,1333333,"0,1,2",,no-overlay idle reference (before any bitstream load),SOM-rail power (INA260),VCC_SOM,hwmon,/sys/class/hwmon/hwmon2 name=ina260_u14,"{""update_interval_ms"": ""not exposed""}",10.000,9.984,0.2793,0,0,sample_only,314.162061,49.710277,1790793184.044464,2026-09-30T18:33:04.044+00:00,3.210000,0.636000,5.047000,power1_input=3210000uW curr1_input=636mA in1_input=5047mV
2026-09-30T18:34:14+00:00,2d280c7862041cee1dd36a2ac164af8b7f9dcec3,False,2023.1,,ZynqMP KV260 revB machine-id:a435d1c5,,all,,hw,,,,kria,not read (sensor only),2d280c7862041cee1dd36a2ac164af8b7f9dcec3,,,,sensor_only,1,True,,performance,1333333,"0,1,2",,no-overlay idle reference (before any bitstream load),SOM-rail power (INA260),VCC_SOM,hwmon,/sys/class/hwmon/hwmon2 name=ina260_u14,"{""update_interval_ms"": ""not exposed""}",10.000,9.984,0.2793,0,0,sample_only,314.262132,49.810348,1790793184.144536,2026-09-30T18:33:04.144+00:00,3.440000,0.682000,5.047000,power1_input=3440000uW curr1_input=682mA in1_input=5047mV
2026-09-30T18:34:14+00:00,2d280c7862041cee1dd36a2ac164af8b7f9dcec3,False,2023.1,,ZynqMP KV260 revB machine-id:a435d1c5,,all,,hw,,,,kria,not read (sensor only),2d280c7862041cee1dd36a2ac164af8b7f9dcec3,,,,sensor_only,1,True,,performance,1333333,"0,1,2",,no-overlay idle reference (before any bitstream load),SOM-rail power (INA260),VCC_SOM,hwmon,/sys/class/hwmon/hwmon2 name=ina260_u14,"{""update_interval_ms"": ""not exposed""}",10.000,9.984,0.2793,0,0,sample_only,314.362100,49.910316,1790793184.244504,2026-09-30T18:33:04.244+00:00,3.200000,0.655000,5.046000,power1_input=3200000uW curr1_input=655mA in1_input=5046mV
2026-09-30T18:34:14+00:00,2d280c7862041cee1dd36a2ac164af8b7f9dcec3,False,2023.1,,ZynqMP KV260 revB machine-id:a435d1c5,,all,,hw,,,,kria,not read (sensor only),2d280c7862041cee1dd36a2ac164af8b7f9dcec3,,,,sensor_only,1,True,,performance,1333333,"0,1,2",,no-overlay idle reference (before any bitstream load),SOM-rail power (INA260),VCC_SOM,hwmon,/sys/class/hwmon/hwmon2 name=ina260_u14,"{""update_interval_ms"": ""not exposed""}",10.000,9.984,0.2793,0,0,sample_only,314.462061,50.010277,1790793184.344465,2026-09-30T18:33:04.344+00:00,3.200000,0.633000,5.046000,power1_input=3200000uW curr1_input=633mA in1_input=5046mV
2026-09-30T18:34:14+00:00,2d280c7862041cee1dd36a2ac164af8b7f9dcec3,False,2023.1,,ZynqMP KV260 revB machine-id:a435d1c5,,all,,hw,,,,kria,not read (sensor only),2d280c7862041cee1dd36a2ac164af8b7f9dcec3,,,,sensor_only,1,True,,performance,1333333,"0,1,2",,no-overlay idle reference (before any bitstream load),SOM-rail power (INA260),VCC_SOM,hwmon,/sys/class/hwmon/hwmon2 name=ina260_u14,"{""update_interval_ms"": ""not exposed""}",10.000,9.984,0.2793,0,0,sample_only,314.562092,50.110308,1790793184.444495,2026-09-30T18:33:04.444+00:00,3.210000,0.635000,5.046000,power1_input=3210000uW curr1_input=635mA in1_input=5046mV
2026-09-30T18:34:14+00:00,2d280c7862041cee1dd36a2ac164af8b7f9dcec3,False,2023.1,,ZynqMP KV260 revB machine-id:a435d1c5,,all,,hw,,,,kria,not read (sensor only),2d280c7862041cee1dd36a2ac164af8b7f9dcec3,,,,sensor_only,1,True,,performance,1333333,"0,1,2",,no-overlay idle reference (before any bitstream load),SOM-rail power (INA260),VCC_SOM,hwmon,/sys/class/hwmon/hwmon2 name=ina260_u14,"{""update_interval_ms"": ""not exposed""}",10.000,9.984,0.2793,0,0,sample_only,314.662093,50.210309,1790793184.544496,2026-09-30T18:33:04.544+00:00,3.210000,0.635000,5.047000,power1_input=3210000uW curr1_input=635mA in1_input=5047mV
2026-09-30T18:34:14+00:00,2d280c7862041cee1dd36a2ac164af8b7f9dcec3,False,2023.1,,ZynqMP KV260 revB machine-id:a435d1c5,,all,,hw,,,,kria,not read (sensor only),2d280c7862041cee1dd36a2ac164af8b7f9dcec3,,,,sensor_only,1,True,,performance,1333333,"0,1,2",,no-overlay idle reference (before any bitstream load),SOM-rail power (INA260),VCC_SOM,hwmon,/sys/class/hwmon/hwmon2 name=ina260_u14,"{""update_interval_ms"": ""not exposed""}",10.000,9.984,0.2793,0,0,sample_only,314.762089,50.310306,1790793184.644493,2026-09-30T18:33:04.644+00:00,3.200000,0.635000,5.046000,power1_input=3200000uW curr1_input=635mA in1_input=5046mV
2026-09-30T18:34:14+00:00,2d280c7862041cee1dd36a2ac164af8b7f9dcec3,False,2023.1,,ZynqMP KV260 revB machine-id:a435d1c5,,all,,hw,,,,kria,not read (sensor only),2d280c7862041cee1dd36a2ac164af8b7f9dcec3,,,,sensor_only,1,True,,performance,1333333,"0,1,2",,no-overlay idle reference (before any bitstream load),SOM-rail power (INA260),VCC_SOM,hwmon,/sys/class/hwmon/hwmon2 name=ina260_u14,"{""update_interval_ms"": ""not exposed""}",10.000,9.984,0.2793,0,0,sample_only,314.862140,50.410356,1790793184.744544,2026-09-30T18:33:04.744+00:00,3.200000,0.635000,5.046000,power1_input=3200000uW curr1_input=635mA in1_input=5046mV
2026-09-30T18:34:14+00:00,2d280c7862041cee1dd36a2ac164af8b7f9dcec3,False,2023.1,,ZynqMP KV260 revB machine-id:a435d1c5,,all,,hw,,,,kria,not read (sensor only),2d280c7862041cee1dd36a2ac164af8b7f9dcec3,,,,sensor_only,1,True,,performance,1333333,"0,1,2",,no-overlay idle reference (before any bitstream load),SOM-rail power (INA260),VCC_SOM,hwmon,/sys/class/hwmon/hwmon2 name=ina260_u14,"{""update_interval_ms"": ""not exposed""}",10.000,9.984,0.2793,0,0,sample_only,314.962102,50.510318,1790793184.844505,2026-09-30T18:33:04.844+00:00,3.200000,0.635000,5.047000,power1_input=3200000uW curr1_input=635mA in1_input=5047mV
2026-09-30T18:34:14+00:00,2d280c7862041cee1dd36a2ac164af8b7f9dcec3,False,2023.1,,ZynqMP KV260 revB machine-id:a435d1c5,,all,,hw,,,,kria,not read (sensor only),2d280c7862041cee1dd36a2ac164af8b7f9dcec3,,,,sensor_only,1,True,,performance,1333333,"0,1,2",,no-overlay idle reference (before any bitstream load),SOM-rail power (INA260),VCC_SOM,hwmon,/sys/class/hwmon/hwmon2 name=ina260_u14,"{""update_interval_ms"": ""not exposed""}",10.000,9.984,0.2793,0,0,sample_only,315.062096,50.610312,1790793184.944499,2026-09-30T18:33:04.944+00:00,3.200000,0.633000,5.046000,power1_input=3200000uW curr1_input=633mA in1_input=5046mV
2026-09-30T18:34:14+00:00,2d280c7862041cee1dd36a2ac164af8b7f9dcec3,False,2023.1,,ZynqMP KV260 revB machine-id:a435d1c5,,all,,hw,,,,kria,not read (sensor only),2d280c7862041cee1dd36a2ac164af8b7f9dcec3,,,,sensor_only,1,True,,performance,1333333,"0,1,2",,no-overlay idle reference (before any bitstream load),SOM-rail power (INA260),VCC_SOM,hwmon,/sys/class/hwmon/hwmon2 name=ina260_u14,"{""update_interval_ms"": ""not exposed""}",10.000,9.984,0.2793,0,0,sample_only,315.162115,50.710332,1790793185.044519,2026-09-30T18:33:05.044+00:00,3.230000,0.640000,5.046000,power1_input=3230000uW curr1_input=640mA in1_input=5046mV
2026-09-30T18:34:14+00:00,2d280c7862041cee1dd36a2ac164af8b7f9dcec3,False,2023.1,,ZynqMP KV260 revB machine-id:a435d1c5,,all,,hw,,,,kria,not read (sensor only),2d280c7862041cee1dd36a2ac164af8b7f9dcec3,,,,sensor_only,1,True,,performance,1333333,"0,1,2",,no-overlay idle reference (before any bitstream load),SOM-rail power (INA260),VCC_SOM,hwmon,/sys/class/hwmon/hwmon2 name=ina260_u14,"{""update_interval_ms"": ""not exposed""}",10.000,9.984,0.2793,0,0,sample_only,315.262103,50.810319,1790793185.144507,2026-09-30T18:33:05.144+00:00,3.200000,0.633000,5.047000,power1_input=3200000uW curr1_input=633mA in1_input=5047mV
2026-09-30T18:34:14+00:00,2d280c7862041cee1dd36a2ac164af8b7f9dcec3,False,2023.1,,ZynqMP KV260 revB machine-id:a435d1c5,,all,,hw,,,,kria,not read (sensor only),2d280c7862041cee1dd36a2ac164af8b7f9dcec3,,,,sensor_only,1,True,,performance,1333333,"0,1,2",,no-overlay idle reference (before any bitstream load),SOM-rail power (INA260),VCC_SOM,hwmon,/sys/class/hwmon/hwmon2 name=ina260_u14,"{""update_interval_ms"": ""not exposed""}",10.000,9.984,0.2793,0,0,sample_only,315.362044,50.910261,1790793185.244447,2026-09-30T18:33:05.244+00:00,3.210000,0.637000,5.047000,power1_input=3210000uW curr1_input=637mA in1_input=5047mV
2026-09-30T18:34:14+00:00,2d280c7862041cee1dd36a2ac164af8b7f9dcec3,False,2023.1,,ZynqMP KV260 revB machine-id:a435d1c5,,all,,hw,,,,kria,not read (sensor only),2d280c7862041cee1dd36a2ac164af8b7f9dcec3,,,,sensor_only,1,True,,performance,1333333,"0,1,2",,no-overlay idle reference (before any bitstream load),SOM-rail power (INA260),VCC_SOM,hwmon,/sys/class/hwmon/hwmon2 name=ina260_u14,"{""update_interval_ms"": ""not exposed""}",10.000,9.984,0.2793,0,0,sample_only,315.462042,51.010259,1790793185.344446,2026-09-30T18:33:05.344+00:00,3.220000,0.638000,5.047000,power1_input=3220000uW curr1_input=638mA in1_input=5047mV
2026-09-30T18:34:14+00:00,2d280c7862041cee1dd36a2ac164af8b7f9dcec3,False,2023.1,,ZynqMP KV260 revB machine-id:a435d1c5,,all,,hw,,,,kria,not read (sensor only),2d280c7862041cee1dd36a2ac164af8b7f9dcec3,,,,sensor_only,1,True,,performance,1333333,"0,1,2",,no-overlay idle reference (before any bitstream load),SOM-rail power (INA260),VCC_SOM,hwmon,/sys/class/hwmon/hwmon2 name=ina260_u14,"{""update_interval_ms"": ""not exposed""}",10.000,9.984,0.2793,0,0,sample_only,315.562042,51.110258,1790793185.444445,2026-09-30T18:33:05.444+00:00,3.200000,0.635000,5.046000,power1_input=3200000uW curr1_input=635mA in1_input=5046mV
2026-09-30T18:34:14+00:00,2d280c7862041cee1dd36a2ac164af8b7f9dcec3,False,2023.1,,ZynqMP KV260 revB machine-id:a435d1c5,,all,,hw,,,,kria,not read (sensor only),2d280c7862041cee1dd36a2ac164af8b7f9dcec3,,,,sensor_only,1,True,,performance,1333333,"0,1,2",,no-overlay idle reference (before any bitstream load),SOM-rail power (INA260),VCC_SOM,hwmon,/sys/class/hwmon/hwmon2 name=ina260_u14,"{""update_interval_ms"": ""not exposed""}",10.000,9.984,0.2793,0,0,sample_only,315.662046,51.210262,1790793185.544449,2026-09-30T18:33:05.544+00:00,3.200000,0.635000,5.046000,power1_input=3200000uW curr1_input=635mA in1_input=5046mV
2026-09-30T18:34:14+00:00,2d280c7862041cee1dd36a2ac164af8b7f9dcec3,False,2023.1,,ZynqMP KV260 revB machine-id:a435d1c5,,all,,hw,,,,kria,not read (sensor only),2d280c7862041cee1dd36a2ac164af8b7f9dcec3,,,,sensor_only,1,True,,performance,1333333,"0,1,2",,no-overlay idle reference (before any bitstream load),SOM-rail power (INA260),VCC_SOM,hwmon,/sys/class/hwmon/hwmon2 name=ina260_u14,"{""update_interval_ms"": ""not exposed""}",10.000,9.984,0.2793,0,0,sample_only,315.762040,51.310256,1790793185.644443,2026-09-30T18:33:05.644+00:00,3.200000,0.635000,5.046000,power1_input=3200000uW curr1_input=635mA in1_input=5046mV
2026-09-30T18:34:14+00:00,2d280c7862041cee1dd36a2ac164af8b7f9dcec3,False,2023.1,,ZynqMP KV260 revB machine-id:a435d1c5,,all,,hw,,,,kria,not read (sensor only),2d280c7862041cee1dd36a2ac164af8b7f9dcec3,,,,sensor_only,1,True,,performance,1333333,"0,1,2",,no-overlay idle reference (before any bitstream load),SOM-rail power (INA260),VCC_SOM,hwmon,/sys/class/hwmon/hwmon2 name=ina260_u14,"{""update_interval_ms"": ""not exposed""}",10.000,9.984,0.2793,0,0,sample_only,315.862054,51.410270,1790793185.744457,2026-09-30T18:33:05.744+00:00,3.200000,0.633000,5.047000,power1_input=3200000uW curr1_input=633mA in1_input=5047mV
2026-09-30T18:34:14+00:00,2d280c7862041cee1dd36a2ac164af8b7f9dcec3,False,2023.1,,ZynqMP KV260 revB machine-id:a435d1c5,,all,,hw,,,,kria,not read (sensor only),2d280c7862041cee1dd36a2ac164af8b7f9dcec3,,,,sensor_only,1,True,,performance,1333333,"0,1,2",,no-overlay idle reference (before any bitstream load),SOM-rail power (INA260),VCC_SOM,hwmon,/sys/class/hwmon/hwmon2 name=ina260_u14,"{""update_interval_ms"": ""not exposed""}",10.000,9.984,0.2793,0,0,sample_only,315.962048,51.510265,1790793185.844452,2026-09-30T18:33:05.844+00:00,3.210000,0.636000,5.046000,power1_input=3210000uW curr1_input=636mA in1_input=5046mV
2026-09-30T18:34:14+00:00,2d280c7862041cee1dd36a2ac164af8b7f9dcec3,False,2023.1,,ZynqMP KV260 revB machine-id:a435d1c5,,all,,hw,,,,kria,not read (sensor only),2d280c7862041cee1dd36a2ac164af8b7f9dcec3,,,,sensor_only,1,True,,performance,1333333,"0,1,2",,no-overlay idle reference (before any bitstream load),SOM-rail power (INA260),VCC_SOM,hwmon,/sys/class/hwmon/hwmon2 name=ina260_u14,"{""update_interval_ms"": ""not exposed""}",10.000,9.984,0.2793,0,0,sample_only,316.062095,51.610312,1790793185.944499,2026-09-30T18:33:05.944+00:00,3.210000,0.633000,5.046000,power1_input=3210000uW curr1_input=633mA in1_input=5046mV
2026-09-30T18:34:14+00:00,2d280c7862041cee1dd36a2ac164af8b7f9dcec3,False,2023.1,,ZynqMP KV260 revB machine-id:a435d1c5,,all,,hw,,,,kria,not read (sensor only),2d280c7862041cee1dd36a2ac164af8b7f9dcec3,,,,sensor_only,1,True,,performance,1333333,"0,1,2",,no-overlay idle reference (before any bitstream load),SOM-rail power (INA260),VCC_SOM,hwmon,/sys/class/hwmon/hwmon2 name=ina260_u14,"{""update_interval_ms"": ""not exposed""}",10.000,9.984,0.2793,0,0,sample_only,316.162056,51.710273,1790793186.044460,2026-09-30T18:33:06.044+00:00,3.210000,0.636000,5.047000,power1_input=3210000uW curr1_input=636mA in1_input=5047mV
2026-09-30T18:34:14+00:00,2d280c7862041cee1dd36a2ac164af8b7f9dcec3,False,2023.1,,ZynqMP KV260 revB machine-id:a435d1c5,,all,,hw,,,,kria,not read (sensor only),2d280c7862041cee1dd36a2ac164af8b7f9dcec3,,,,sensor_only,1,True,,performance,1333333,"0,1,2",,no-overlay idle reference (before any bitstream load),SOM-rail power (INA260),VCC_SOM,hwmon,/sys/class/hwmon/hwmon2 name=ina260_u14,"{""update_interval_ms"": ""not exposed""}",10.000,9.984,0.2793,0,0,sample_only,316.262091,51.810308,1790793186.144494,2026-09-30T18:33:06.144+00:00,3.210000,0.636000,5.047000,power1_input=3210000uW curr1_input=636mA in1_input=5047mV
2026-09-30T18:34:14+00:00,2d280c7862041cee1dd36a2ac164af8b7f9dcec3,False,2023.1,,ZynqMP KV260 revB machine-id:a435d1c5,,all,,hw,,,,kria,not read (sensor only),2d280c7862041cee1dd36a2ac164af8b7f9dcec3,,,,sensor_only,1,True,,performance,1333333,"0,1,2",,no-overlay idle reference (before any bitstream load),SOM-rail power (INA260),VCC_SOM,hwmon,/sys/class/hwmon/hwmon2 name=ina260_u14,"{""update_interval_ms"": ""not exposed""}",10.000,9.984,0.2793,0,0,sample_only,316.362059,51.910275,1790793186.244462,2026-09-30T18:33:06.244+00:00,3.230000,0.648000,5.046000,power1_input=3230000uW curr1_input=648mA in1_input=5046mV
2026-09-30T18:34:14+00:00,2d280c7862041cee1dd36a2ac164af8b7f9dcec3,False,2023.1,,ZynqMP KV260 revB machine-id:a435d1c5,,all,,hw,,,,kria,not read (sensor only),2d280c7862041cee1dd36a2ac164af8b7f9dcec3,,,,sensor_only,1,True,,performance,1333333,"0,1,2",,no-overlay idle reference (before any bitstream load),SOM-rail power (INA260),VCC_SOM,hwmon,/sys/class/hwmon/hwmon2 name=ina260_u14,"{""update_interval_ms"": ""not exposed""}",10.000,9.984,0.2793,0,0,sample_only,316.462069,52.010286,1790793186.344473,2026-09-30T18:33:06.344+00:00,3.220000,0.637000,5.047000,power1_input=3220000uW curr1_input=637mA in1_input=5047mV
2026-09-30T18:34:14+00:00,2d280c7862041cee1dd36a2ac164af8b7f9dcec3,False,2023.1,,ZynqMP KV260 revB machine-id:a435d1c5,,all,,hw,,,,kria,not read (sensor only),2d280c7862041cee1dd36a2ac164af8b7f9dcec3,,,,sensor_only,1,True,,performance,1333333,"0,1,2",,no-overlay idle reference (before any bitstream load),SOM-rail power (INA260),VCC_SOM,hwmon,/sys/class/hwmon/hwmon2 name=ina260_u14,"{""update_interval_ms"": ""not exposed""}",10.000,9.984,0.2793,0,0,sample_only,316.562055,52.110271,1790793186.444458,2026-09-30T18:33:06.444+00:00,3.210000,0.637000,5.046000,power1_input=3210000uW curr1_input=637mA in1_input=5046mV
2026-09-30T18:34:14+00:00,2d280c7862041cee1dd36a2ac164af8b7f9dcec3,False,2023.1,,ZynqMP KV260 revB machine-id:a435d1c5,,all,,hw,,,,kria,not read (sensor only),2d280c7862041cee1dd36a2ac164af8b7f9dcec3,,,,sensor_only,1,True,,performance,1333333,"0,1,2",,no-overlay idle reference (before any bitstream load),SOM-rail power (INA260),VCC_SOM,hwmon,/sys/class/hwmon/hwmon2 name=ina260_u14,"{""update_interval_ms"": ""not exposed""}",10.000,9.984,0.2793,0,0,sample_only,316.662045,52.210261,1790793186.544448,2026-09-30T18:33:06.544+00:00,3.230000,0.640000,5.046000,power1_input=3230000uW curr1_input=640mA in1_input=5046mV
2026-09-30T18:34:14+00:00,2d280c7862041cee1dd36a2ac164af8b7f9dcec3,False,2023.1,,ZynqMP KV260 revB machine-id:a435d1c5,,all,,hw,,,,kria,not read (sensor only),2d280c7862041cee1dd36a2ac164af8b7f9dcec3,,,,sensor_only,1,True,,performance,1333333,"0,1,2",,no-overlay idle reference (before any bitstream load),SOM-rail power (INA260),VCC_SOM,hwmon,/sys/class/hwmon/hwmon2 name=ina260_u14,"{""update_interval_ms"": ""not exposed""}",10.000,9.984,0.2793,0,0,sample_only,316.762047,52.310263,1790793186.644450,2026-09-30T18:33:06.644+00:00,3.210000,0.635000,5.047000,power1_input=3210000uW curr1_input=635mA in1_input=5047mV
2026-09-30T18:34:14+00:00,2d280c7862041cee1dd36a2ac164af8b7f9dcec3,False,2023.1,,ZynqMP KV260 revB machine-id:a435d1c5,,all,,hw,,,,kria,not read (sensor only),2d280c7862041cee1dd36a2ac164af8b7f9dcec3,,,,sensor_only,1,True,,performance,1333333,"0,1,2",,no-overlay idle reference (before any bitstream load),SOM-rail power (INA260),VCC_SOM,hwmon,/sys/class/hwmon/hwmon2 name=ina260_u14,"{""update_interval_ms"": ""not exposed""}",10.000,9.984,0.2793,0,0,sample_only,316.862061,52.410278,1790793186.744465,2026-09-30T18:33:06.744+00:00,3.200000,0.635000,5.046000,power1_input=3200000uW curr1_input=635mA in1_input=5046mV
2026-09-30T18:34:14+00:00,2d280c7862041cee1dd36a2ac164af8b7f9dcec3,False,2023.1,,ZynqMP KV260 revB machine-id:a435d1c5,,all,,hw,,,,kria,not read (sensor only),2d280c7862041cee1dd36a2ac164af8b7f9dcec3,,,,sensor_only,1,True,,performance,1333333,"0,1,2",,no-overlay idle reference (before any bitstream load),SOM-rail power (INA260),VCC_SOM,hwmon,/sys/class/hwmon/hwmon2 name=ina260_u14,"{""update_interval_ms"": ""not exposed""}",10.000,9.984,0.2793,0,0,sample_only,316.962044,52.510260,1790793186.844447,2026-09-30T18:33:06.844+00:00,3.200000,0.635000,5.047000,power1_input=3200000uW curr1_input=635mA in1_input=5047mV
2026-09-30T18:34:14+00:00,2d280c7862041cee1dd36a2ac164af8b7f9dcec3,False,2023.1,,ZynqMP KV260 revB machine-id:a435d1c5,,all,,hw,,,,kria,not read (sensor only),2d280c7862041cee1dd36a2ac164af8b7f9dcec3,,,,sensor_only,1,True,,performance,1333333,"0,1,2",,no-overlay idle reference (before any bitstream load),SOM-rail power (INA260),VCC_SOM,hwmon,/sys/class/hwmon/hwmon2 name=ina260_u14,"{""update_interval_ms"": ""not exposed""}",10.000,9.984,0.2793,0,0,sample_only,317.062041,52.610258,1790793186.944445,2026-09-30T18:33:06.944+00:00,3.210000,0.635000,5.046000,power1_input=3210000uW curr1_input=635mA in1_input=5046mV
2026-09-30T18:34:14+00:00,2d280c7862041cee1dd36a2ac164af8b7f9dcec3,False,2023.1,,ZynqMP KV260 revB machine-id:a435d1c5,,all,,hw,,,,kria,not read (sensor only),2d280c7862041cee1dd36a2ac164af8b7f9dcec3,,,,sensor_only,1,True,,performance,1333333,"0,1,2",,no-overlay idle reference (before any bitstream load),SOM-rail power (INA260),VCC_SOM,hwmon,/sys/class/hwmon/hwmon2 name=ina260_u14,"{""update_interval_ms"": ""not exposed""}",10.000,9.984,0.2793,0,0,sample_only,317.162074,52.710290,1790793187.044477,2026-09-30T18:33:07.044+00:00,3.230000,0.641000,5.046000,power1_input=3230000uW curr1_input=641mA in1_input=5046mV
2026-09-30T18:34:14+00:00,2d280c7862041cee1dd36a2ac164af8b7f9dcec3,False,2023.1,,ZynqMP KV260 revB machine-id:a435d1c5,,all,,hw,,,,kria,not read (sensor only),2d280c7862041cee1dd36a2ac164af8b7f9dcec3,,,,sensor_only,1,True,,performance,1333333,"0,1,2",,no-overlay idle reference (before any bitstream load),SOM-rail power (INA260),VCC_SOM,hwmon,/sys/class/hwmon/hwmon2 name=ina260_u14,"{""update_interval_ms"": ""not exposed""}",10.000,9.984,0.2793,0,0,sample_only,317.262100,52.810317,1790793187.144504,2026-09-30T18:33:07.144+00:00,3.210000,0.636000,5.046000,power1_input=3210000uW curr1_input=636mA in1_input=5046mV
2026-09-30T18:34:14+00:00,2d280c7862041cee1dd36a2ac164af8b7f9dcec3,False,2023.1,,ZynqMP KV260 revB machine-id:a435d1c5,,all,,hw,,,,kria,not read (sensor only),2d280c7862041cee1dd36a2ac164af8b7f9dcec3,,,,sensor_only,1,True,,performance,1333333,"0,1,2",,no-overlay idle reference (before any bitstream load),SOM-rail power (INA260),VCC_SOM,hwmon,/sys/class/hwmon/hwmon2 name=ina260_u14,"{""update_interval_ms"": ""not exposed""}",10.000,9.984,0.2793,0,0,sample_only,317.362133,52.910350,1790793187.244537,2026-09-30T18:33:07.244+00:00,3.200000,0.647000,5.046000,power1_input=3200000uW curr1_input=647mA in1_input=5046mV
2026-09-30T18:34:14+00:00,2d280c7862041cee1dd36a2ac164af8b7f9dcec3,False,2023.1,,ZynqMP KV260 revB machine-id:a435d1c5,,all,,hw,,,,kria,not read (sensor only),2d280c7862041cee1dd36a2ac164af8b7f9dcec3,,,,sensor_only,1,True,,performance,1333333,"0,1,2",,no-overlay idle reference (before any bitstream load),SOM-rail power (INA260),VCC_SOM,hwmon,/sys/class/hwmon/hwmon2 name=ina260_u14,"{""update_interval_ms"": ""not exposed""}",10.000,9.984,0.2793,0,0,sample_only,317.462106,53.010323,1790793187.344510,2026-09-30T18:33:07.344+00:00,3.200000,0.633000,5.046000,power1_input=3200000uW curr1_input=633mA in1_input=5046mV
2026-09-30T18:34:14+00:00,2d280c7862041cee1dd36a2ac164af8b7f9dcec3,False,2023.1,,ZynqMP KV260 revB machine-id:a435d1c5,,all,,hw,,,,kria,not read (sensor only),2d280c7862041cee1dd36a2ac164af8b7f9dcec3,,,,sensor_only,1,True,,performance,1333333,"0,1,2",,no-overlay idle reference (before any bitstream load),SOM-rail power (INA260),VCC_SOM,hwmon,/sys/class/hwmon/hwmon2 name=ina260_u14,"{""update_interval_ms"": ""not exposed""}",10.000,9.984,0.2793,0,0,sample_only,317.562054,53.110270,1790793187.444458,2026-09-30T18:33:07.444+00:00,3.200000,0.635000,5.047000,power1_input=3200000uW curr1_input=635mA in1_input=5047mV
2026-09-30T18:34:14+00:00,2d280c7862041cee1dd36a2ac164af8b7f9dcec3,False,2023.1,,ZynqMP KV260 revB machine-id:a435d1c5,,all,,hw,,,,kria,not read (sensor only),2d280c7862041cee1dd36a2ac164af8b7f9dcec3,,,,sensor_only,1,True,,performance,1333333,"0,1,2",,no-overlay idle reference (before any bitstream load),SOM-rail power (INA260),VCC_SOM,hwmon,/sys/class/hwmon/hwmon2 name=ina260_u14,"{""update_interval_ms"": ""not exposed""}",10.000,9.984,0.2793,0,0,sample_only,317.662054,53.210270,1790793187.544457,2026-09-30T18:33:07.544+00:00,3.220000,0.637000,5.046000,power1_input=3220000uW curr1_input=637mA in1_input=5046mV
2026-09-30T18:34:14+00:00,2d280c7862041cee1dd36a2ac164af8b7f9dcec3,False,2023.1,,ZynqMP KV260 revB machine-id:a435d1c5,,all,,hw,,,,kria,not read (sensor only),2d280c7862041cee1dd36a2ac164af8b7f9dcec3,,,,sensor_only,1,True,,performance,1333333,"0,1,2",,no-overlay idle reference (before any bitstream load),SOM-rail power (INA260),VCC_SOM,hwmon,/sys/class/hwmon/hwmon2 name=ina260_u14,"{""update_interval_ms"": ""not exposed""}",10.000,9.984,0.2793,0,0,sample_only,317.762044,53.310260,1790793187.644447,2026-09-30T18:33:07.644+00:00,3.200000,0.635000,5.047000,power1_input=3200000uW curr1_input=635mA in1_input=5047mV
2026-09-30T18:34:14+00:00,2d280c7862041cee1dd36a2ac164af8b7f9dcec3,False,2023.1,,ZynqMP KV260 revB machine-id:a435d1c5,,all,,hw,,,,kria,not read (sensor only),2d280c7862041cee1dd36a2ac164af8b7f9dcec3,,,,sensor_only,1,True,,performance,1333333,"0,1,2",,no-overlay idle reference (before any bitstream load),SOM-rail power (INA260),VCC_SOM,hwmon,/sys/class/hwmon/hwmon2 name=ina260_u14,"{""update_interval_ms"": ""not exposed""}",10.000,9.984,0.2793,0,0,sample_only,317.862115,53.410331,1790793187.744519,2026-09-30T18:33:07.744+00:00,3.210000,0.637000,5.046000,power1_input=3210000uW curr1_input=637mA in1_input=5046mV
2026-09-30T18:34:14+00:00,2d280c7862041cee1dd36a2ac164af8b7f9dcec3,False,2023.1,,ZynqMP KV260 revB machine-id:a435d1c5,,all,,hw,,,,kria,not read (sensor only),2d280c7862041cee1dd36a2ac164af8b7f9dcec3,,,,sensor_only,1,True,,performance,1333333,"0,1,2",,no-overlay idle reference (before any bitstream load),SOM-rail power (INA260),VCC_SOM,hwmon,/sys/class/hwmon/hwmon2 name=ina260_u14,"{""update_interval_ms"": ""not exposed""}",10.000,9.984,0.2793,0,0,sample_only,317.962116,53.510332,1790793187.844520,2026-09-30T18:33:07.844+00:00,3.210000,0.636000,5.046000,power1_input=3210000uW curr1_input=636mA in1_input=5046mV
2026-09-30T18:34:14+00:00,2d280c7862041cee1dd36a2ac164af8b7f9dcec3,False,2023.1,,ZynqMP KV260 revB machine-id:a435d1c5,,all,,hw,,,,kria,not read (sensor only),2d280c7862041cee1dd36a2ac164af8b7f9dcec3,,,,sensor_only,1,True,,performance,1333333,"0,1,2",,no-overlay idle reference (before any bitstream load),SOM-rail power (INA260),VCC_SOM,hwmon,/sys/class/hwmon/hwmon2 name=ina260_u14,"{""update_interval_ms"": ""not exposed""}",10.000,9.984,0.2793,0,0,sample_only,318.062140,53.610357,1790793187.944545,2026-09-30T18:33:07.944+00:00,3.210000,0.636000,5.046000,power1_input=3210000uW curr1_input=636mA in1_input=5046mV
2026-09-30T18:34:14+00:00,2d280c7862041cee1dd36a2ac164af8b7f9dcec3,False,2023.1,,ZynqMP KV260 revB machine-id:a435d1c5,,all,,hw,,,,kria,not read (sensor only),2d280c7862041cee1dd36a2ac164af8b7f9dcec3,,,,sensor_only,1,True,,performance,1333333,"0,1,2",,no-overlay idle reference (before any bitstream load),SOM-rail power (INA260),VCC_SOM,hwmon,/sys/class/hwmon/hwmon2 name=ina260_u14,"{""update_interval_ms"": ""not exposed""}",10.000,9.984,0.2793,0,0,sample_only,318.162063,53.710279,1790793188.044466,2026-09-30T18:33:08.044+00:00,3.210000,0.636000,5.046000,power1_input=3210000uW curr1_input=636mA in1_input=5046mV
2026-09-30T18:34:14+00:00,2d280c7862041cee1dd36a2ac164af8b7f9dcec3,False,2023.1,,ZynqMP KV260 revB machine-id:a435d1c5,,all,,hw,,,,kria,not read (sensor only),2d280c7862041cee1dd36a2ac164af8b7f9dcec3,,,,sensor_only,1,True,,performance,1333333,"0,1,2",,no-overlay idle reference (before any bitstream load),SOM-rail power (INA260),VCC_SOM,hwmon,/sys/class/hwmon/hwmon2 name=ina260_u14,"{""update_interval_ms"": ""not exposed""}",10.000,9.984,0.2793,0,0,sample_only,318.262045,53.810261,1790793188.144448,2026-09-30T18:33:08.144+00:00,3.200000,0.635000,5.047000,power1_input=3200000uW curr1_input=635mA in1_input=5047mV
2026-09-30T18:34:14+00:00,2d280c7862041cee1dd36a2ac164af8b7f9dcec3,False,2023.1,,ZynqMP KV260 revB machine-id:a435d1c5,,all,,hw,,,,kria,not read (sensor only),2d280c7862041cee1dd36a2ac164af8b7f9dcec3,,,,sensor_only,1,True,,performance,1333333,"0,1,2",,no-overlay idle reference (before any bitstream load),SOM-rail power (INA260),VCC_SOM,hwmon,/sys/class/hwmon/hwmon2 name=ina260_u14,"{""update_interval_ms"": ""not exposed""}",10.000,9.984,0.2793,0,0,sample_only,318.362055,53.910272,1790793188.244459,2026-09-30T18:33:08.244+00:00,3.210000,0.635000,5.046000,power1_input=3210000uW curr1_input=635mA in1_input=5046mV
2026-09-30T18:34:14+00:00,2d280c7862041cee1dd36a2ac164af8b7f9dcec3,False,2023.1,,ZynqMP KV260 revB machine-id:a435d1c5,,all,,hw,,,,kria,not read (sensor only),2d280c7862041cee1dd36a2ac164af8b7f9dcec3,,,,sensor_only,1,True,,performance,1333333,"0,1,2",,no-overlay idle reference (before any bitstream load),SOM-rail power (INA260),VCC_SOM,hwmon,/sys/class/hwmon/hwmon2 name=ina260_u14,"{""update_interval_ms"": ""not exposed""}",10.000,9.984,0.2793,0,0,sample_only,318.462093,54.010310,1790793188.344496,2026-09-30T18:33:08.344+00:00,3.200000,0.633000,5.046000,power1_input=3200000uW curr1_input=633mA in1_input=5046mV
2026-09-30T18:34:14+00:00,2d280c7862041cee1dd36a2ac164af8b7f9dcec3,False,2023.1,,ZynqMP KV260 revB machine-id:a435d1c5,,all,,hw,,,,kria,not read (sensor only),2d280c7862041cee1dd36a2ac164af8b7f9dcec3,,,,sensor_only,1,True,,performance,1333333,"0,1,2",,no-overlay idle reference (before any bitstream load),SOM-rail power (INA260),VCC_SOM,hwmon,/sys/class/hwmon/hwmon2 name=ina260_u14,"{""update_interval_ms"": ""not exposed""}",10.000,9.984,0.2793,0,0,sample_only,318.562052,54.110268,1790793188.444455,2026-09-30T18:33:08.444+00:00,3.200000,0.635000,5.046000,power1_input=3200000uW curr1_input=635mA in1_input=5046mV
2026-09-30T18:34:14+00:00,2d280c7862041cee1dd36a2ac164af8b7f9dcec3,False,2023.1,,ZynqMP KV260 revB machine-id:a435d1c5,,all,,hw,,,,kria,not read (sensor only),2d280c7862041cee1dd36a2ac164af8b7f9dcec3,,,,sensor_only,1,True,,performance,1333333,"0,1,2",,no-overlay idle reference (before any bitstream load),SOM-rail power (INA260),VCC_SOM,hwmon,/sys/class/hwmon/hwmon2 name=ina260_u14,"{""update_interval_ms"": ""not exposed""}",10.000,9.984,0.2793,0,0,sample_only,318.662129,54.210345,1790793188.544533,2026-09-30T18:33:08.544+00:00,3.200000,0.635000,5.046000,power1_input=3200000uW curr1_input=635mA in1_input=5046mV
2026-09-30T18:34:14+00:00,2d280c7862041cee1dd36a2ac164af8b7f9dcec3,False,2023.1,,ZynqMP KV260 revB machine-id:a435d1c5,,all,,hw,,,,kria,not read (sensor only),2d280c7862041cee1dd36a2ac164af8b7f9dcec3,,,,sensor_only,1,True,,performance,1333333,"0,1,2",,no-overlay idle reference (before any bitstream load),SOM-rail power (INA260),VCC_SOM,hwmon,/sys/class/hwmon/hwmon2 name=ina260_u14,"{""update_interval_ms"": ""not exposed""}",10.000,9.984,0.2793,0,0,sample_only,318.762057,54.310273,1790793188.644460,2026-09-30T18:33:08.644+00:00,3.210000,0.636000,5.046000,power1_input=3210000uW curr1_input=636mA in1_input=5046mV
2026-09-30T18:34:14+00:00,2d280c7862041cee1dd36a2ac164af8b7f9dcec3,False,2023.1,,ZynqMP KV260 revB machine-id:a435d1c5,,all,,hw,,,,kria,not read (sensor only),2d280c7862041cee1dd36a2ac164af8b7f9dcec3,,,,sensor_only,1,True,,performance,1333333,"0,1,2",,no-overlay idle reference (before any bitstream load),SOM-rail power (INA260),VCC_SOM,hwmon,/sys/class/hwmon/hwmon2 name=ina260_u14,"{""update_interval_ms"": ""not exposed""}",10.000,9.984,0.2793,0,0,sample_only,318.862060,54.410277,1790793188.744464,2026-09-30T18:33:08.744+00:00,3.230000,0.641000,5.046000,power1_input=3230000uW curr1_input=641mA in1_input=5046mV
2026-09-30T18:34:14+00:00,2d280c7862041cee1dd36a2ac164af8b7f9dcec3,False,2023.1,,ZynqMP KV260 revB machine-id:a435d1c5,,all,,hw,,,,kria,not read (sensor only),2d280c7862041cee1dd36a2ac164af8b7f9dcec3,,,,sensor_only,1,True,,performance,1333333,"0,1,2",,no-overlay idle reference (before any bitstream load),SOM-rail power (INA260),VCC_SOM,hwmon,/sys/class/hwmon/hwmon2 name=ina260_u14,"{""update_interval_ms"": ""not exposed""}",10.000,9.984,0.2793,0,0,sample_only,318.962048,54.510265,1790793188.844452,2026-09-30T18:33:08.844+00:00,3.230000,0.640000,5.046000,power1_input=3230000uW curr1_input=640mA in1_input=5046mV
2026-09-30T18:34:14+00:00,2d280c7862041cee1dd36a2ac164af8b7f9dcec3,False,2023.1,,ZynqMP KV260 revB machine-id:a435d1c5,,all,,hw,,,,kria,not read (sensor only),2d280c7862041cee1dd36a2ac164af8b7f9dcec3,,,,sensor_only,1,True,,performance,1333333,"0,1,2",,no-overlay idle reference (before any bitstream load),SOM-rail power (INA260),VCC_SOM,hwmon,/sys/class/hwmon/hwmon2 name=ina260_u14,"{""update_interval_ms"": ""not exposed""}",10.000,9.984,0.2793,0,0,sample_only,319.062053,54.610269,1790793188.944456,2026-09-30T18:33:08.944+00:00,3.210000,0.641000,5.046000,power1_input=3210000uW curr1_input=641mA in1_input=5046mV
2026-09-30T18:34:14+00:00,2d280c7862041cee1dd36a2ac164af8b7f9dcec3,False,2023.1,,ZynqMP KV260 revB machine-id:a435d1c5,,all,,hw,,,,kria,not read (sensor only),2d280c7862041cee1dd36a2ac164af8b7f9dcec3,,,,sensor_only,1,True,,performance,1333333,"0,1,2",,no-overlay idle reference (before any bitstream load),SOM-rail power (INA260),VCC_SOM,hwmon,/sys/class/hwmon/hwmon2 name=ina260_u14,"{""update_interval_ms"": ""not exposed""}",10.000,9.984,0.2793,0,0,sample_only,319.162058,54.710274,1790793189.044461,2026-09-30T18:33:09.044+00:00,3.210000,0.636000,5.046000,power1_input=3210000uW curr1_input=636mA in1_input=5046mV
2026-09-30T18:34:14+00:00,2d280c7862041cee1dd36a2ac164af8b7f9dcec3,False,2023.1,,ZynqMP KV260 revB machine-id:a435d1c5,,all,,hw,,,,kria,not read (sensor only),2d280c7862041cee1dd36a2ac164af8b7f9dcec3,,,,sensor_only,1,True,,performance,1333333,"0,1,2",,no-overlay idle reference (before any bitstream load),SOM-rail power (INA260),VCC_SOM,hwmon,/sys/class/hwmon/hwmon2 name=ina260_u14,"{""update_interval_ms"": ""not exposed""}",10.000,9.984,0.2793,0,0,sample_only,319.262166,54.810383,1790793189.144571,2026-09-30T18:33:09.144+00:00,3.390000,0.671000,5.045000,power1_input=3390000uW curr1_input=671mA in1_input=5045mV
2026-09-30T18:34:14+00:00,2d280c7862041cee1dd36a2ac164af8b7f9dcec3,False,2023.1,,ZynqMP KV260 revB machine-id:a435d1c5,,all,,hw,,,,kria,not read (sensor only),2d280c7862041cee1dd36a2ac164af8b7f9dcec3,,,,sensor_only,1,True,,performance,1333333,"0,1,2",,no-overlay idle reference (before any bitstream load),SOM-rail power (INA260),VCC_SOM,hwmon,/sys/class/hwmon/hwmon2 name=ina260_u14,"{""update_interval_ms"": ""not exposed""}",10.000,9.984,0.2793,0,0,sample_only,319.362134,54.910351,1790793189.244538,2026-09-30T18:33:09.244+00:00,3.200000,0.633000,5.047000,power1_input=3200000uW curr1_input=633mA in1_input=5047mV
2026-09-30T18:34:14+00:00,2d280c7862041cee1dd36a2ac164af8b7f9dcec3,False,2023.1,,ZynqMP KV260 revB machine-id:a435d1c5,,all,,hw,,,,kria,not read (sensor only),2d280c7862041cee1dd36a2ac164af8b7f9dcec3,,,,sensor_only,1,True,,performance,1333333,"0,1,2",,no-overlay idle reference (before any bitstream load),SOM-rail power (INA260),VCC_SOM,hwmon,/sys/class/hwmon/hwmon2 name=ina260_u14,"{""update_interval_ms"": ""not exposed""}",10.000,9.984,0.2793,0,0,sample_only,319.462065,55.010281,1790793189.344468,2026-09-30T18:33:09.344+00:00,3.240000,0.642000,5.046000,power1_input=3240000uW curr1_input=642mA in1_input=5046mV
2026-09-30T18:34:14+00:00,2d280c7862041cee1dd36a2ac164af8b7f9dcec3,False,2023.1,,ZynqMP KV260 revB machine-id:a435d1c5,,all,,hw,,,,kria,not read (sensor only),2d280c7862041cee1dd36a2ac164af8b7f9dcec3,,,,sensor_only,1,True,,performance,1333333,"0,1,2",,no-overlay idle reference (before any bitstream load),SOM-rail power (INA260),VCC_SOM,hwmon,/sys/class/hwmon/hwmon2 name=ina260_u14,"{""update_interval_ms"": ""not exposed""}",10.000,9.984,0.2793,0,0,sample_only,319.562093,55.110309,1790793189.444496,2026-09-30T18:33:09.444+00:00,3.200000,0.635000,5.047000,power1_input=3200000uW curr1_input=635mA in1_input=5047mV
2026-09-30T18:34:14+00:00,2d280c7862041cee1dd36a2ac164af8b7f9dcec3,False,2023.1,,ZynqMP KV260 revB machine-id:a435d1c5,,all,,hw,,,,kria,not read (sensor only),2d280c7862041cee1dd36a2ac164af8b7f9dcec3,,,,sensor_only,1,True,,performance,1333333,"0,1,2",,no-overlay idle reference (before any bitstream load),SOM-rail power (INA260),VCC_SOM,hwmon,/sys/class/hwmon/hwmon2 name=ina260_u14,"{""update_interval_ms"": ""not exposed""}",10.000,9.984,0.2793,0,0,sample_only,319.662093,55.210310,1790793189.544496,2026-09-30T18:33:09.544+00:00,3.210000,0.636000,5.046000,power1_input=3210000uW curr1_input=636mA in1_input=5046mV
2026-09-30T18:34:14+00:00,2d280c7862041cee1dd36a2ac164af8b7f9dcec3,False,2023.1,,ZynqMP KV260 revB machine-id:a435d1c5,,all,,hw,,,,kria,not read (sensor only),2d280c7862041cee1dd36a2ac164af8b7f9dcec3,,,,sensor_only,1,True,,performance,1333333,"0,1,2",,no-overlay idle reference (before any bitstream load),SOM-rail power (INA260),VCC_SOM,hwmon,/sys/class/hwmon/hwmon2 name=ina260_u14,"{""update_interval_ms"": ""not exposed""}",10.000,9.984,0.2793,0,0,sample_only,319.762090,55.310307,1790793189.644494,2026-09-30T18:33:09.644+00:00,3.200000,0.635000,5.047000,power1_input=3200000uW curr1_input=635mA in1_input=5047mV
2026-09-30T18:34:14+00:00,2d280c7862041cee1dd36a2ac164af8b7f9dcec3,False,2023.1,,ZynqMP KV260 revB machine-id:a435d1c5,,all,,hw,,,,kria,not read (sensor only),2d280c7862041cee1dd36a2ac164af8b7f9dcec3,,,,sensor_only,1,True,,performance,1333333,"0,1,2",,no-overlay idle reference (before any bitstream load),SOM-rail power (INA260),VCC_SOM,hwmon,/sys/class/hwmon/hwmon2 name=ina260_u14,"{""update_interval_ms"": ""not exposed""}",10.000,9.984,0.2793,0,0,sample_only,319.862125,55.410341,1790793189.744528,2026-09-30T18:33:09.744+00:00,3.270000,0.646000,5.046000,power1_input=3270000uW curr1_input=646mA in1_input=5046mV
2026-09-30T18:34:14+00:00,2d280c7862041cee1dd36a2ac164af8b7f9dcec3,False,2023.1,,ZynqMP KV260 revB machine-id:a435d1c5,,all,,hw,,,,kria,not read (sensor only),2d280c7862041cee1dd36a2ac164af8b7f9dcec3,,,,sensor_only,1,True,,performance,1333333,"0,1,2",,no-overlay idle reference (before any bitstream load),SOM-rail power (INA260),VCC_SOM,hwmon,/sys/class/hwmon/hwmon2 name=ina260_u14,"{""update_interval_ms"": ""not exposed""}",10.000,9.984,0.2793,0,0,sample_only,319.962096,55.510312,1790793189.844500,2026-09-30T18:33:09.844+00:00,3.200000,0.633000,5.046000,power1_input=3200000uW curr1_input=633mA in1_input=5046mV
2026-09-30T18:34:14+00:00,2d280c7862041cee1dd36a2ac164af8b7f9dcec3,False,2023.1,,ZynqMP KV260 revB machine-id:a435d1c5,,all,,hw,,,,kria,not read (sensor only),2d280c7862041cee1dd36a2ac164af8b7f9dcec3,,,,sensor_only,1,True,,performance,1333333,"0,1,2",,no-overlay idle reference (before any bitstream load),SOM-rail power (INA260),VCC_SOM,hwmon,/sys/class/hwmon/hwmon2 name=ina260_u14,"{""update_interval_ms"": ""not exposed""}",10.000,9.984,0.2793,0,0,sample_only,320.062103,55.610320,1790793189.944507,2026-09-30T18:33:09.944+00:00,3.200000,0.641000,5.046000,power1_input=3200000uW curr1_input=641mA in1_input=5046mV
2026-09-30T18:34:14+00:00,2d280c7862041cee1dd36a2ac164af8b7f9dcec3,False,2023.1,,ZynqMP KV260 revB machine-id:a435d1c5,,all,,hw,,,,kria,not read (sensor only),2d280c7862041cee1dd36a2ac164af8b7f9dcec3,,,,sensor_only,1,True,,performance,1333333,"0,1,2",,no-overlay idle reference (before any bitstream load),SOM-rail power (INA260),VCC_SOM,hwmon,/sys/class/hwmon/hwmon2 name=ina260_u14,"{""update_interval_ms"": ""not exposed""}",10.000,9.984,0.2793,0,0,sample_only,320.162070,55.710287,1790793190.044474,2026-09-30T18:33:10.044+00:00,3.230000,0.638000,5.047000,power1_input=3230000uW curr1_input=638mA in1_input=5047mV
2026-09-30T18:34:14+00:00,2d280c7862041cee1dd36a2ac164af8b7f9dcec3,False,2023.1,,ZynqMP KV260 revB machine-id:a435d1c5,,all,,hw,,,,kria,not read (sensor only),2d280c7862041cee1dd36a2ac164af8b7f9dcec3,,,,sensor_only,1,True,,performance,1333333,"0,1,2",,no-overlay idle reference (before any bitstream load),SOM-rail power (INA260),VCC_SOM,hwmon,/sys/class/hwmon/hwmon2 name=ina260_u14,"{""update_interval_ms"": ""not exposed""}",10.000,9.984,0.2793,0,0,sample_only,320.262099,55.810316,1790793190.144503,2026-09-30T18:33:10.144+00:00,3.210000,0.635000,5.046000,power1_input=3210000uW curr1_input=635mA in1_input=5046mV
2026-09-30T18:34:14+00:00,2d280c7862041cee1dd36a2ac164af8b7f9dcec3,False,2023.1,,ZynqMP KV260 revB machine-id:a435d1c5,,all,,hw,,,,kria,not read (sensor only),2d280c7862041cee1dd36a2ac164af8b7f9dcec3,,,,sensor_only,1,True,,performance,1333333,"0,1,2",,no-overlay idle reference (before any bitstream load),SOM-rail power (INA260),VCC_SOM,hwmon,/sys/class/hwmon/hwmon2 name=ina260_u14,"{""update_interval_ms"": ""not exposed""}",10.000,9.984,0.2793,0,0,sample_only,320.366834,55.915050,1790793190.249238,2026-09-30T18:33:10.249+00:00,3.540000,0.700000,5.046000,power1_input=3540000uW curr1_input=700mA in1_input=5046mV
2026-09-30T18:34:14+00:00,2d280c7862041cee1dd36a2ac164af8b7f9dcec3,False,2023.1,,ZynqMP KV260 revB machine-id:a435d1c5,,all,,hw,,,,kria,not read (sensor only),2d280c7862041cee1dd36a2ac164af8b7f9dcec3,,,,sensor_only,1,True,,performance,1333333,"0,1,2",,no-overlay idle reference (before any bitstream load),SOM-rail power (INA260),VCC_SOM,hwmon,/sys/class/hwmon/hwmon2 name=ina260_u14,"{""update_interval_ms"": ""not exposed""}",10.000,9.984,0.2793,0,0,sample_only,320.462161,56.010377,1790793190.344565,2026-09-30T18:33:10.344+00:00,3.520000,0.696000,5.046000,power1_input=3520000uW curr1_input=696mA in1_input=5046mV
2026-09-30T18:34:14+00:00,2d280c7862041cee1dd36a2ac164af8b7f9dcec3,False,2023.1,,ZynqMP KV260 revB machine-id:a435d1c5,,all,,hw,,,,kria,not read (sensor only),2d280c7862041cee1dd36a2ac164af8b7f9dcec3,,,,sensor_only,1,True,,performance,1333333,"0,1,2",,no-overlay idle reference (before any bitstream load),SOM-rail power (INA260),VCC_SOM,hwmon,/sys/class/hwmon/hwmon2 name=ina260_u14,"{""update_interval_ms"": ""not exposed""}",10.000,9.984,0.2793,0,0,sample_only,320.562154,56.110370,1790793190.444559,2026-09-30T18:33:10.444+00:00,3.530000,0.698000,5.047000,power1_input=3530000uW curr1_input=698mA in1_input=5047mV
2026-09-30T18:34:14+00:00,2d280c7862041cee1dd36a2ac164af8b7f9dcec3,False,2023.1,,ZynqMP KV260 revB machine-id:a435d1c5,,all,,hw,,,,kria,not read (sensor only),2d280c7862041cee1dd36a2ac164af8b7f9dcec3,,,,sensor_only,1,True,,performance,1333333,"0,1,2",,no-overlay idle reference (before any bitstream load),SOM-rail power (INA260),VCC_SOM,hwmon,/sys/class/hwmon/hwmon2 name=ina260_u14,"{""update_interval_ms"": ""not exposed""}",10.000,9.984,0.2793,0,0,sample_only,320.662147,56.210363,1790793190.544551,2026-09-30T18:33:10.544+00:00,3.470000,0.687000,5.046000,power1_input=3470000uW curr1_input=687mA in1_input=5046mV
2026-09-30T18:34:14+00:00,2d280c7862041cee1dd36a2ac164af8b7f9dcec3,False,2023.1,,ZynqMP KV260 revB machine-id:a435d1c5,,all,,hw,,,,kria,not read (sensor only),2d280c7862041cee1dd36a2ac164af8b7f9dcec3,,,,sensor_only,1,True,,performance,1333333,"0,1,2",,no-overlay idle reference (before any bitstream load),SOM-rail power (INA260),VCC_SOM,hwmon,/sys/class/hwmon/hwmon2 name=ina260_u14,"{""update_interval_ms"": ""not exposed""}",10.000,9.984,0.2793,0,0,sample_only,320.762133,56.310350,1790793190.644537,2026-09-30T18:33:10.644+00:00,3.220000,0.638000,5.046000,power1_input=3220000uW curr1_input=638mA in1_input=5046mV
2026-09-30T18:34:14+00:00,2d280c7862041cee1dd36a2ac164af8b7f9dcec3,False,2023.1,,ZynqMP KV260 revB machine-id:a435d1c5,,all,,hw,,,,kria,not read (sensor only),2d280c7862041cee1dd36a2ac164af8b7f9dcec3,,,,sensor_only,1,True,,performance,1333333,"0,1,2",,no-overlay idle reference (before any bitstream load),SOM-rail power (INA260),VCC_SOM,hwmon,/sys/class/hwmon/hwmon2 name=ina260_u14,"{""update_interval_ms"": ""not exposed""}",10.000,9.984,0.2793,0,0,sample_only,320.862131,56.410347,1790793190.744535,2026-09-30T18:33:10.744+00:00,3.490000,0.691000,5.046000,power1_input=3490000uW curr1_input=691mA in1_input=5046mV
2026-09-30T18:34:14+00:00,2d280c7862041cee1dd36a2ac164af8b7f9dcec3,False,2023.1,,ZynqMP KV260 revB machine-id:a435d1c5,,all,,hw,,,,kria,not read (sensor only),2d280c7862041cee1dd36a2ac164af8b7f9dcec3,,,,sensor_only,1,True,,performance,1333333,"0,1,2",,no-overlay idle reference (before any bitstream load),SOM-rail power (INA260),VCC_SOM,hwmon,/sys/class/hwmon/hwmon2 name=ina260_u14,"{""update_interval_ms"": ""not exposed""}",10.000,9.984,0.2793,0,0,sample_only,320.962181,56.510398,1790793190.844586,2026-09-30T18:33:10.844+00:00,3.610000,0.716000,5.046000,power1_input=3610000uW curr1_input=716mA in1_input=5046mV
2026-09-30T18:34:14+00:00,2d280c7862041cee1dd36a2ac164af8b7f9dcec3,False,2023.1,,ZynqMP KV260 revB machine-id:a435d1c5,,all,,hw,,,,kria,not read (sensor only),2d280c7862041cee1dd36a2ac164af8b7f9dcec3,,,,sensor_only,1,True,,performance,1333333,"0,1,2",,no-overlay idle reference (before any bitstream load),SOM-rail power (INA260),VCC_SOM,hwmon,/sys/class/hwmon/hwmon2 name=ina260_u14,"{""update_interval_ms"": ""not exposed""}",10.000,9.984,0.2793,0,0,sample_only,321.062145,56.610361,1790793190.944549,2026-09-30T18:33:10.944+00:00,3.230000,0.640000,5.047000,power1_input=3230000uW curr1_input=640mA in1_input=5047mV
2026-09-30T18:34:14+00:00,2d280c7862041cee1dd36a2ac164af8b7f9dcec3,False,2023.1,,ZynqMP KV260 revB machine-id:a435d1c5,,all,,hw,,,,kria,not read (sensor only),2d280c7862041cee1dd36a2ac164af8b7f9dcec3,,,,sensor_only,1,True,,performance,1333333,"0,1,2",,no-overlay idle reference (before any bitstream load),SOM-rail power (INA260),VCC_SOM,hwmon,/sys/class/hwmon/hwmon2 name=ina260_u14,"{""update_interval_ms"": ""not exposed""}",10.000,9.984,0.2793,0,0,sample_only,321.162066,56.710282,1790793191.044470,2026-09-30T18:33:11.044+00:00,3.200000,0.635000,5.047000,power1_input=3200000uW curr1_input=635mA in1_input=5047mV
2026-09-30T18:34:14+00:00,2d280c7862041cee1dd36a2ac164af8b7f9dcec3,False,2023.1,,ZynqMP KV260 revB machine-id:a435d1c5,,all,,hw,,,,kria,not read (sensor only),2d280c7862041cee1dd36a2ac164af8b7f9dcec3,,,,sensor_only,1,True,,performance,1333333,"0,1,2",,no-overlay idle reference (before any bitstream load),SOM-rail power (INA260),VCC_SOM,hwmon,/sys/class/hwmon/hwmon2 name=ina260_u14,"{""update_interval_ms"": ""not exposed""}",10.000,9.984,0.2793,0,0,sample_only,321.262049,56.810265,1790793191.144452,2026-09-30T18:33:11.144+00:00,3.200000,0.633000,5.046000,power1_input=3200000uW curr1_input=633mA in1_input=5046mV
2026-09-30T18:34:14+00:00,2d280c7862041cee1dd36a2ac164af8b7f9dcec3,False,2023.1,,ZynqMP KV260 revB machine-id:a435d1c5,,all,,hw,,,,kria,not read (sensor only),2d280c7862041cee1dd36a2ac164af8b7f9dcec3,,,,sensor_only,1,True,,performance,1333333,"0,1,2",,no-overlay idle reference (before any bitstream load),SOM-rail power (INA260),VCC_SOM,hwmon,/sys/class/hwmon/hwmon2 name=ina260_u14,"{""update_interval_ms"": ""not exposed""}",10.000,9.984,0.2793,0,0,sample_only,321.362051,56.910268,1790793191.244455,2026-09-30T18:33:11.244+00:00,3.230000,0.640000,5.046000,power1_input=3230000uW curr1_input=640mA in1_input=5046mV
2026-09-30T18:34:14+00:00,2d280c7862041cee1dd36a2ac164af8b7f9dcec3,False,2023.1,,ZynqMP KV260 revB machine-id:a435d1c5,,all,,hw,,,,kria,not read (sensor only),2d280c7862041cee1dd36a2ac164af8b7f9dcec3,,,,sensor_only,1,True,,performance,1333333,"0,1,2",,no-overlay idle reference (before any bitstream load),SOM-rail power (INA260),VCC_SOM,hwmon,/sys/class/hwmon/hwmon2 name=ina260_u14,"{""update_interval_ms"": ""not exposed""}",10.000,9.984,0.2793,0,0,sample_only,321.462046,57.010262,1790793191.344449,2026-09-30T18:33:11.344+00:00,3.200000,0.633000,5.047000,power1_input=3200000uW curr1_input=633mA in1_input=5047mV
2026-09-30T18:34:14+00:00,2d280c7862041cee1dd36a2ac164af8b7f9dcec3,False,2023.1,,ZynqMP KV260 revB machine-id:a435d1c5,,all,,hw,,,,kria,not read (sensor only),2d280c7862041cee1dd36a2ac164af8b7f9dcec3,,,,sensor_only,1,True,,performance,1333333,"0,1,2",,no-overlay idle reference (before any bitstream load),SOM-rail power (INA260),VCC_SOM,hwmon,/sys/class/hwmon/hwmon2 name=ina260_u14,"{""update_interval_ms"": ""not exposed""}",10.000,9.984,0.2793,0,0,sample_only,321.562043,57.110260,1790793191.444447,2026-09-30T18:33:11.444+00:00,3.200000,0.635000,5.047000,power1_input=3200000uW curr1_input=635mA in1_input=5047mV
2026-09-30T18:34:14+00:00,2d280c7862041cee1dd36a2ac164af8b7f9dcec3,False,2023.1,,ZynqMP KV260 revB machine-id:a435d1c5,,all,,hw,,,,kria,not read (sensor only),2d280c7862041cee1dd36a2ac164af8b7f9dcec3,,,,sensor_only,1,True,,performance,1333333,"0,1,2",,no-overlay idle reference (before any bitstream load),SOM-rail power (INA260),VCC_SOM,hwmon,/sys/class/hwmon/hwmon2 name=ina260_u14,"{""update_interval_ms"": ""not exposed""}",10.000,9.984,0.2793,0,0,sample_only,321.662049,57.210265,1790793191.544452,2026-09-30T18:33:11.544+00:00,3.210000,0.637000,5.046000,power1_input=3210000uW curr1_input=637mA in1_input=5046mV
2026-09-30T18:34:14+00:00,2d280c7862041cee1dd36a2ac164af8b7f9dcec3,False,2023.1,,ZynqMP KV260 revB machine-id:a435d1c5,,all,,hw,,,,kria,not read (sensor only),2d280c7862041cee1dd36a2ac164af8b7f9dcec3,,,,sensor_only,1,True,,performance,1333333,"0,1,2",,no-overlay idle reference (before any bitstream load),SOM-rail power (INA260),VCC_SOM,hwmon,/sys/class/hwmon/hwmon2 name=ina260_u14,"{""update_interval_ms"": ""not exposed""}",10.000,9.984,0.2793,0,0,sample_only,321.762116,57.310332,1790793191.644520,2026-09-30T18:33:11.644+00:00,3.210000,0.642000,5.046000,power1_input=3210000uW curr1_input=642mA in1_input=5046mV
2026-09-30T18:34:14+00:00,2d280c7862041cee1dd36a2ac164af8b7f9dcec3,False,2023.1,,ZynqMP KV260 revB machine-id:a435d1c5,,all,,hw,,,,kria,not read (sensor only),2d280c7862041cee1dd36a2ac164af8b7f9dcec3,,,,sensor_only,1,True,,performance,1333333,"0,1,2",,no-overlay idle reference (before any bitstream load),SOM-rail power (INA260),VCC_SOM,hwmon,/sys/class/hwmon/hwmon2 name=ina260_u14,"{""update_interval_ms"": ""not exposed""}",10.000,9.984,0.2793,0,0,sample_only,321.862071,57.410287,1790793191.744475,2026-09-30T18:33:11.744+00:00,3.230000,0.640000,5.046000,power1_input=3230000uW curr1_input=640mA in1_input=5046mV
2026-09-30T18:34:14+00:00,2d280c7862041cee1dd36a2ac164af8b7f9dcec3,False,2023.1,,ZynqMP KV260 revB machine-id:a435d1c5,,all,,hw,,,,kria,not read (sensor only),2d280c7862041cee1dd36a2ac164af8b7f9dcec3,,,,sensor_only,1,True,,performance,1333333,"0,1,2",,no-overlay idle reference (before any bitstream load),SOM-rail power (INA260),VCC_SOM,hwmon,/sys/class/hwmon/hwmon2 name=ina260_u14,"{""update_interval_ms"": ""not exposed""}",10.000,9.984,0.2793,0,0,sample_only,321.962049,57.510266,1790793191.844453,2026-09-30T18:33:11.844+00:00,3.210000,0.636000,5.046000,power1_input=3210000uW curr1_input=636mA in1_input=5046mV
2026-09-30T18:34:14+00:00,2d280c7862041cee1dd36a2ac164af8b7f9dcec3,False,2023.1,,ZynqMP KV260 revB machine-id:a435d1c5,,all,,hw,,,,kria,not read (sensor only),2d280c7862041cee1dd36a2ac164af8b7f9dcec3,,,,sensor_only,1,True,,performance,1333333,"0,1,2",,no-overlay idle reference (before any bitstream load),SOM-rail power (INA260),VCC_SOM,hwmon,/sys/class/hwmon/hwmon2 name=ina260_u14,"{""update_interval_ms"": ""not exposed""}",10.000,9.984,0.2793,0,0,sample_only,322.062048,57.610265,1790793191.944452,2026-09-30T18:33:11.944+00:00,3.200000,0.636000,5.047000,power1_input=3200000uW curr1_input=636mA in1_input=5047mV
2026-09-30T18:34:14+00:00,2d280c7862041cee1dd36a2ac164af8b7f9dcec3,False,2023.1,,ZynqMP KV260 revB machine-id:a435d1c5,,all,,hw,,,,kria,not read (sensor only),2d280c7862041cee1dd36a2ac164af8b7f9dcec3,,,,sensor_only,1,True,,performance,1333333,"0,1,2",,no-overlay idle reference (before any bitstream load),SOM-rail power (INA260),VCC_SOM,hwmon,/sys/class/hwmon/hwmon2 name=ina260_u14,"{""update_interval_ms"": ""not exposed""}",10.000,9.984,0.2793,0,0,sample_only,322.162076,57.710293,1790793192.044480,2026-09-30T18:33:12.044+00:00,3.210000,0.636000,5.046000,power1_input=3210000uW curr1_input=636mA in1_input=5046mV
2026-09-30T18:34:14+00:00,2d280c7862041cee1dd36a2ac164af8b7f9dcec3,False,2023.1,,ZynqMP KV260 revB machine-id:a435d1c5,,all,,hw,,,,kria,not read (sensor only),2d280c7862041cee1dd36a2ac164af8b7f9dcec3,,,,sensor_only,1,True,,performance,1333333,"0,1,2",,no-overlay idle reference (before any bitstream load),SOM-rail power (INA260),VCC_SOM,hwmon,/sys/class/hwmon/hwmon2 name=ina260_u14,"{""update_interval_ms"": ""not exposed""}",10.000,9.984,0.2793,0,0,sample_only,322.262098,57.810314,1790793192.144501,2026-09-30T18:33:12.144+00:00,3.220000,0.637000,5.047000,power1_input=3220000uW curr1_input=637mA in1_input=5047mV
2026-09-30T18:34:14+00:00,2d280c7862041cee1dd36a2ac164af8b7f9dcec3,False,2023.1,,ZynqMP KV260 revB machine-id:a435d1c5,,all,,hw,,,,kria,not read (sensor only),2d280c7862041cee1dd36a2ac164af8b7f9dcec3,,,,sensor_only,1,True,,performance,1333333,"0,1,2",,no-overlay idle reference (before any bitstream load),SOM-rail power (INA260),VCC_SOM,hwmon,/sys/class/hwmon/hwmon2 name=ina260_u14,"{""update_interval_ms"": ""not exposed""}",10.000,9.984,0.2793,0,0,sample_only,322.362048,57.910264,1790793192.244451,2026-09-30T18:33:12.244+00:00,3.200000,0.635000,5.046000,power1_input=3200000uW curr1_input=635mA in1_input=5046mV
2026-09-30T18:34:14+00:00,2d280c7862041cee1dd36a2ac164af8b7f9dcec3,False,2023.1,,ZynqMP KV260 revB machine-id:a435d1c5,,all,,hw,,,,kria,not read (sensor only),2d280c7862041cee1dd36a2ac164af8b7f9dcec3,,,,sensor_only,1,True,,performance,1333333,"0,1,2",,no-overlay idle reference (before any bitstream load),SOM-rail power (INA260),VCC_SOM,hwmon,/sys/class/hwmon/hwmon2 name=ina260_u14,"{""update_interval_ms"": ""not exposed""}",10.000,9.984,0.2793,0,0,sample_only,322.462047,58.010264,1790793192.344450,2026-09-30T18:33:12.344+00:00,3.200000,0.635000,5.046000,power1_input=3200000uW curr1_input=635mA in1_input=5046mV
2026-09-30T18:34:14+00:00,2d280c7862041cee1dd36a2ac164af8b7f9dcec3,False,2023.1,,ZynqMP KV260 revB machine-id:a435d1c5,,all,,hw,,,,kria,not read (sensor only),2d280c7862041cee1dd36a2ac164af8b7f9dcec3,,,,sensor_only,1,True,,performance,1333333,"0,1,2",,no-overlay idle reference (before any bitstream load),SOM-rail power (INA260),VCC_SOM,hwmon,/sys/class/hwmon/hwmon2 name=ina260_u14,"{""update_interval_ms"": ""not exposed""}",10.000,9.984,0.2793,0,0,sample_only,322.562041,58.110257,1790793192.444444,2026-09-30T18:33:12.444+00:00,3.220000,0.638000,5.047000,power1_input=3220000uW curr1_input=638mA in1_input=5047mV
2026-09-30T18:34:14+00:00,2d280c7862041cee1dd36a2ac164af8b7f9dcec3,False,2023.1,,ZynqMP KV260 revB machine-id:a435d1c5,,all,,hw,,,,kria,not read (sensor only),2d280c7862041cee1dd36a2ac164af8b7f9dcec3,,,,sensor_only,1,True,,performance,1333333,"0,1,2",,no-overlay idle reference (before any bitstream load),SOM-rail power (INA260),VCC_SOM,hwmon,/sys/class/hwmon/hwmon2 name=ina260_u14,"{""update_interval_ms"": ""not exposed""}",10.000,9.984,0.2793,0,0,sample_only,322.662053,58.210269,1790793192.544456,2026-09-30T18:33:12.544+00:00,3.220000,0.638000,5.047000,power1_input=3220000uW curr1_input=638mA in1_input=5047mV
2026-09-30T18:34:14+00:00,2d280c7862041cee1dd36a2ac164af8b7f9dcec3,False,2023.1,,ZynqMP KV260 revB machine-id:a435d1c5,,all,,hw,,,,kria,not read (sensor only),2d280c7862041cee1dd36a2ac164af8b7f9dcec3,,,,sensor_only,1,True,,performance,1333333,"0,1,2",,no-overlay idle reference (before any bitstream load),SOM-rail power (INA260),VCC_SOM,hwmon,/sys/class/hwmon/hwmon2 name=ina260_u14,"{""update_interval_ms"": ""not exposed""}",10.000,9.984,0.2793,0,0,sample_only,322.762092,58.310309,1790793192.644496,2026-09-30T18:33:12.644+00:00,3.200000,0.635000,5.047000,power1_input=3200000uW curr1_input=635mA in1_input=5047mV
2026-09-30T18:34:14+00:00,2d280c7862041cee1dd36a2ac164af8b7f9dcec3,False,2023.1,,ZynqMP KV260 revB machine-id:a435d1c5,,all,,hw,,,,kria,not read (sensor only),2d280c7862041cee1dd36a2ac164af8b7f9dcec3,,,,sensor_only,1,True,,performance,1333333,"0,1,2",,no-overlay idle reference (before any bitstream load),SOM-rail power (INA260),VCC_SOM,hwmon,/sys/class/hwmon/hwmon2 name=ina260_u14,"{""update_interval_ms"": ""not exposed""}",10.000,9.984,0.2793,0,0,sample_only,322.862059,58.410275,1790793192.744462,2026-09-30T18:33:12.744+00:00,3.220000,0.638000,5.046000,power1_input=3220000uW curr1_input=638mA in1_input=5046mV
2026-09-30T18:34:14+00:00,2d280c7862041cee1dd36a2ac164af8b7f9dcec3,False,2023.1,,ZynqMP KV260 revB machine-id:a435d1c5,,all,,hw,,,,kria,not read (sensor only),2d280c7862041cee1dd36a2ac164af8b7f9dcec3,,,,sensor_only,1,True,,performance,1333333,"0,1,2",,no-overlay idle reference (before any bitstream load),SOM-rail power (INA260),VCC_SOM,hwmon,/sys/class/hwmon/hwmon2 name=ina260_u14,"{""update_interval_ms"": ""not exposed""}",10.000,9.984,0.2793,0,0,sample_only,322.962046,58.510262,1790793192.844449,2026-09-30T18:33:12.844+00:00,3.220000,0.637000,5.046000,power1_input=3220000uW curr1_input=637mA in1_input=5046mV
2026-09-30T18:34:14+00:00,2d280c7862041cee1dd36a2ac164af8b7f9dcec3,False,2023.1,,ZynqMP KV260 revB machine-id:a435d1c5,,all,,hw,,,,kria,not read (sensor only),2d280c7862041cee1dd36a2ac164af8b7f9dcec3,,,,sensor_only,1,True,,performance,1333333,"0,1,2",,no-overlay idle reference (before any bitstream load),SOM-rail power (INA260),VCC_SOM,hwmon,/sys/class/hwmon/hwmon2 name=ina260_u14,"{""update_interval_ms"": ""not exposed""}",10.000,9.984,0.2793,0,0,sample_only,323.062081,58.610298,1790793192.944485,2026-09-30T18:33:12.944+00:00,3.200000,0.635000,5.046000,power1_input=3200000uW curr1_input=635mA in1_input=5046mV
2026-09-30T18:34:14+00:00,2d280c7862041cee1dd36a2ac164af8b7f9dcec3,False,2023.1,,ZynqMP KV260 revB machine-id:a435d1c5,,all,,hw,,,,kria,not read (sensor only),2d280c7862041cee1dd36a2ac164af8b7f9dcec3,,,,sensor_only,1,True,,performance,1333333,"0,1,2",,no-overlay idle reference (before any bitstream load),SOM-rail power (INA260),VCC_SOM,hwmon,/sys/class/hwmon/hwmon2 name=ina260_u14,"{""update_interval_ms"": ""not exposed""}",10.000,9.984,0.2793,0,0,sample_only,323.162067,58.710283,1790793193.044470,2026-09-30T18:33:13.044+00:00,3.210000,0.635000,5.046000,power1_input=3210000uW curr1_input=635mA in1_input=5046mV
2026-09-30T18:34:14+00:00,2d280c7862041cee1dd36a2ac164af8b7f9dcec3,False,2023.1,,ZynqMP KV260 revB machine-id:a435d1c5,,all,,hw,,,,kria,not read (sensor only),2d280c7862041cee1dd36a2ac164af8b7f9dcec3,,,,sensor_only,1,True,,performance,1333333,"0,1,2",,no-overlay idle reference (before any bitstream load),SOM-rail power (INA260),VCC_SOM,hwmon,/sys/class/hwmon/hwmon2 name=ina260_u14,"{""update_interval_ms"": ""not exposed""}",10.000,9.984,0.2793,0,0,sample_only,323.262046,58.810262,1790793193.144449,2026-09-30T18:33:13.144+00:00,3.210000,0.636000,5.046000,power1_input=3210000uW curr1_input=636mA in1_input=5046mV
2026-09-30T18:34:14+00:00,2d280c7862041cee1dd36a2ac164af8b7f9dcec3,False,2023.1,,ZynqMP KV260 revB machine-id:a435d1c5,,all,,hw,,,,kria,not read (sensor only),2d280c7862041cee1dd36a2ac164af8b7f9dcec3,,,,sensor_only,1,True,,performance,1333333,"0,1,2",,no-overlay idle reference (before any bitstream load),SOM-rail power (INA260),VCC_SOM,hwmon,/sys/class/hwmon/hwmon2 name=ina260_u14,"{""update_interval_ms"": ""not exposed""}",10.000,9.984,0.2793,0,0,sample_only,323.362041,58.910258,1790793193.244445,2026-09-30T18:33:13.244+00:00,3.210000,0.635000,5.047000,power1_input=3210000uW curr1_input=635mA in1_input=5047mV
2026-09-30T18:34:14+00:00,2d280c7862041cee1dd36a2ac164af8b7f9dcec3,False,2023.1,,ZynqMP KV260 revB machine-id:a435d1c5,,all,,hw,,,,kria,not read (sensor only),2d280c7862041cee1dd36a2ac164af8b7f9dcec3,,,,sensor_only,1,True,,performance,1333333,"0,1,2",,no-overlay idle reference (before any bitstream load),SOM-rail power (INA260),VCC_SOM,hwmon,/sys/class/hwmon/hwmon2 name=ina260_u14,"{""update_interval_ms"": ""not exposed""}",10.000,9.984,0.2793,0,0,sample_only,323.462117,59.010334,1790793193.344522,2026-09-30T18:33:13.344+00:00,3.230000,0.640000,5.046000,power1_input=3230000uW curr1_input=640mA in1_input=5046mV
2026-09-30T18:34:14+00:00,2d280c7862041cee1dd36a2ac164af8b7f9dcec3,False,2023.1,,ZynqMP KV260 revB machine-id:a435d1c5,,all,,hw,,,,kria,not read (sensor only),2d280c7862041cee1dd36a2ac164af8b7f9dcec3,,,,sensor_only,1,True,,performance,1333333,"0,1,2",,no-overlay idle reference (before any bitstream load),SOM-rail power (INA260),VCC_SOM,hwmon,/sys/class/hwmon/hwmon2 name=ina260_u14,"{""update_interval_ms"": ""not exposed""}",10.000,9.984,0.2793,0,0,sample_only,323.562057,59.110274,1790793193.444461,2026-09-30T18:33:13.444+00:00,3.200000,0.635000,5.046000,power1_input=3200000uW curr1_input=635mA in1_input=5046mV
2026-09-30T18:34:14+00:00,2d280c7862041cee1dd36a2ac164af8b7f9dcec3,False,2023.1,,ZynqMP KV260 revB machine-id:a435d1c5,,all,,hw,,,,kria,not read (sensor only),2d280c7862041cee1dd36a2ac164af8b7f9dcec3,,,,sensor_only,1,True,,performance,1333333,"0,1,2",,no-overlay idle reference (before any bitstream load),SOM-rail power (INA260),VCC_SOM,hwmon,/sys/class/hwmon/hwmon2 name=ina260_u14,"{""update_interval_ms"": ""not exposed""}",10.000,9.984,0.2793,0,0,sample_only,323.662043,59.210260,1790793193.544447,2026-09-30T18:33:13.544+00:00,3.210000,0.636000,5.046000,power1_input=3210000uW curr1_input=636mA in1_input=5046mV
2026-09-30T18:34:14+00:00,2d280c7862041cee1dd36a2ac164af8b7f9dcec3,False,2023.1,,ZynqMP KV260 revB machine-id:a435d1c5,,all,,hw,,,,kria,not read (sensor only),2d280c7862041cee1dd36a2ac164af8b7f9dcec3,,,,sensor_only,1,True,,performance,1333333,"0,1,2",,no-overlay idle reference (before any bitstream load),SOM-rail power (INA260),VCC_SOM,hwmon,/sys/class/hwmon/hwmon2 name=ina260_u14,"{""update_interval_ms"": ""not exposed""}",10.000,9.984,0.2793,0,0,sample_only,323.762043,59.310259,1790793193.644446,2026-09-30T18:33:13.644+00:00,3.220000,0.637000,5.046000,power1_input=3220000uW curr1_input=637mA in1_input=5046mV
2026-09-30T18:34:14+00:00,2d280c7862041cee1dd36a2ac164af8b7f9dcec3,False,2023.1,,ZynqMP KV260 revB machine-id:a435d1c5,,all,,hw,,,,kria,not read (sensor only),2d280c7862041cee1dd36a2ac164af8b7f9dcec3,,,,sensor_only,1,True,,performance,1333333,"0,1,2",,no-overlay idle reference (before any bitstream load),SOM-rail power (INA260),VCC_SOM,hwmon,/sys/class/hwmon/hwmon2 name=ina260_u14,"{""update_interval_ms"": ""not exposed""}",10.000,9.984,0.2793,0,0,sample_only,323.862075,59.410291,1790793193.744478,2026-09-30T18:33:13.744+00:00,3.200000,0.635000,5.047000,power1_input=3200000uW curr1_input=635mA in1_input=5047mV
2026-09-30T18:34:14+00:00,2d280c7862041cee1dd36a2ac164af8b7f9dcec3,False,2023.1,,ZynqMP KV260 revB machine-id:a435d1c5,,all,,hw,,,,kria,not read (sensor only),2d280c7862041cee1dd36a2ac164af8b7f9dcec3,,,,sensor_only,1,True,,performance,1333333,"0,1,2",,no-overlay idle reference (before any bitstream load),SOM-rail power (INA260),VCC_SOM,hwmon,/sys/class/hwmon/hwmon2 name=ina260_u14,"{""update_interval_ms"": ""not exposed""}",10.000,9.984,0.2793,0,0,sample_only,323.962051,59.510267,1790793193.844454,2026-09-30T18:33:13.844+00:00,3.200000,0.635000,5.046000,power1_input=3200000uW curr1_input=635mA in1_input=5046mV
2026-09-30T18:34:14+00:00,2d280c7862041cee1dd36a2ac164af8b7f9dcec3,False,2023.1,,ZynqMP KV260 revB machine-id:a435d1c5,,all,,hw,,,,kria,not read (sensor only),2d280c7862041cee1dd36a2ac164af8b7f9dcec3,,,,sensor_only,1,True,,performance,1333333,"0,1,2",,no-overlay idle reference (before any bitstream load),SOM-rail power (INA260),VCC_SOM,hwmon,/sys/class/hwmon/hwmon2 name=ina260_u14,"{""update_interval_ms"": ""not exposed""}",10.000,9.984,0.2793,0,0,sample_only,324.062045,59.610261,1790793193.944448,2026-09-30T18:33:13.944+00:00,3.210000,0.636000,5.047000,power1_input=3210000uW curr1_input=636mA in1_input=5047mV
2026-09-30T18:34:14+00:00,2d280c7862041cee1dd36a2ac164af8b7f9dcec3,False,2023.1,,ZynqMP KV260 revB machine-id:a435d1c5,,all,,hw,,,,kria,not read (sensor only),2d280c7862041cee1dd36a2ac164af8b7f9dcec3,,,,sensor_only,1,True,,performance,1333333,"0,1,2",,no-overlay idle reference (before any bitstream load),SOM-rail power (INA260),VCC_SOM,hwmon,/sys/class/hwmon/hwmon2 name=ina260_u14,"{""update_interval_ms"": ""not exposed""}",10.000,9.984,0.2793,0,0,sample_only,324.162045,59.710261,1790793194.044448,2026-09-30T18:33:14.044+00:00,3.200000,0.635000,5.047000,power1_input=3200000uW curr1_input=635mA in1_input=5047mV
2026-09-30T18:34:14+00:00,2d280c7862041cee1dd36a2ac164af8b7f9dcec3,False,2023.1,,ZynqMP KV260 revB machine-id:a435d1c5,,all,,hw,,,,kria,not read (sensor only),2d280c7862041cee1dd36a2ac164af8b7f9dcec3,,,,sensor_only,1,True,,performance,1333333,"0,1,2",,no-overlay idle reference (before any bitstream load),SOM-rail power (INA260),VCC_SOM,hwmon,/sys/class/hwmon/hwmon2 name=ina260_u14,"{""update_interval_ms"": ""not exposed""}",10.000,9.984,0.2793,0,0,sample_only,324.262091,59.810307,1790793194.144494,2026-09-30T18:33:14.144+00:00,3.210000,0.636000,5.046000,power1_input=3210000uW curr1_input=636mA in1_input=5046mV
2026-09-30T18:34:14+00:00,2d280c7862041cee1dd36a2ac164af8b7f9dcec3,False,2023.1,,ZynqMP KV260 revB machine-id:a435d1c5,,all,,hw,,,,kria,not read (sensor only),2d280c7862041cee1dd36a2ac164af8b7f9dcec3,,,,sensor_only,1,True,,performance,1333333,"0,1,2",,no-overlay idle reference (before any bitstream load),SOM-rail power (INA260),VCC_SOM,hwmon,/sys/class/hwmon/hwmon2 name=ina260_u14,"{""update_interval_ms"": ""not exposed""}",10.000,9.984,0.2793,0,0,sample_only,324.362124,59.910340,1790793194.244528,2026-09-30T18:33:14.244+00:00,3.200000,0.633000,5.046000,power1_input=3200000uW curr1_input=633mA in1_input=5046mV
2026-09-30T18:34:14+00:00,2d280c7862041cee1dd36a2ac164af8b7f9dcec3,False,2023.1,,ZynqMP KV260 revB machine-id:a435d1c5,,all,,hw,,,,kria,not read (sensor only),2d280c7862041cee1dd36a2ac164af8b7f9dcec3,,,,sensor_only,1,True,,performance,1333333,"0,1,2",,no-overlay idle reference (before any bitstream load),SOM-rail power (INA260),VCC_SOM,hwmon,/sys/class/hwmon/hwmon2 name=ina260_u14,"{""update_interval_ms"": ""not exposed""}",10.000,9.984,0.2793,0,0,sample_only,324.462059,60.010275,1790793194.344463,2026-09-30T18:33:14.344+00:00,3.200000,0.638000,5.046000,power1_input=3200000uW curr1_input=638mA in1_input=5046mV
2026-09-30T18:34:14+00:00,2d280c7862041cee1dd36a2ac164af8b7f9dcec3,False,2023.1,,ZynqMP KV260 revB machine-id:a435d1c5,,all,,hw,,,,kria,not read (sensor only),2d280c7862041cee1dd36a2ac164af8b7f9dcec3,,,,sensor_only,1,True,,performance,1333333,"0,1,2",,no-overlay idle reference (before any bitstream load),SOM-rail power (INA260),VCC_SOM,hwmon,/sys/class/hwmon/hwmon2 name=ina260_u14,"{""update_interval_ms"": ""not exposed""}",10.000,9.984,0.2793,0,0,sample_only,324.562047,60.110264,1790793194.444451,2026-09-30T18:33:14.444+00:00,3.200000,0.635000,5.046000,power1_input=3200000uW curr1_input=635mA in1_input=5046mV
2026-09-30T18:34:14+00:00,2d280c7862041cee1dd36a2ac164af8b7f9dcec3,False,2023.1,,ZynqMP KV260 revB machine-id:a435d1c5,,all,,hw,,,,kria,not read (sensor only),2d280c7862041cee1dd36a2ac164af8b7f9dcec3,,,,sensor_only,1,True,,performance,1333333,"0,1,2",,no-overlay idle reference (before any bitstream load),SOM-rail power (INA260),VCC_SOM,hwmon,/sys/class/hwmon/hwmon2 name=ina260_u14,"{""update_interval_ms"": ""not exposed""}",10.000,9.984,0.2793,0,0,sample_only,324.662055,60.210272,1790793194.544458,2026-09-30T18:33:14.544+00:00,3.210000,0.637000,5.046000,power1_input=3210000uW curr1_input=637mA in1_input=5046mV
2026-09-30T18:34:14+00:00,2d280c7862041cee1dd36a2ac164af8b7f9dcec3,False,2023.1,,ZynqMP KV260 revB machine-id:a435d1c5,,all,,hw,,,,kria,not read (sensor only),2d280c7862041cee1dd36a2ac164af8b7f9dcec3,,,,sensor_only,1,True,,performance,1333333,"0,1,2",,no-overlay idle reference (before any bitstream load),SOM-rail power (INA260),VCC_SOM,hwmon,/sys/class/hwmon/hwmon2 name=ina260_u14,"{""update_interval_ms"": ""not exposed""}",10.000,9.984,0.2793,0,0,sample_only,324.762091,60.310307,1790793194.644494,2026-09-30T18:33:14.644+00:00,3.200000,0.635000,5.047000,power1_input=3200000uW curr1_input=635mA in1_input=5047mV
2026-09-30T18:34:14+00:00,2d280c7862041cee1dd36a2ac164af8b7f9dcec3,False,2023.1,,ZynqMP KV260 revB machine-id:a435d1c5,,all,,hw,,,,kria,not read (sensor only),2d280c7862041cee1dd36a2ac164af8b7f9dcec3,,,,sensor_only,1,True,,performance,1333333,"0,1,2",,no-overlay idle reference (before any bitstream load),SOM-rail power (INA260),VCC_SOM,hwmon,/sys/class/hwmon/hwmon2 name=ina260_u14,"{""update_interval_ms"": ""not exposed""}",10.000,9.984,0.2793,0,0,sample_only,324.862104,60.410320,1790793194.744507,2026-09-30T18:33:14.744+00:00,3.200000,0.635000,5.046000,power1_input=3200000uW curr1_input=635mA in1_input=5046mV
2026-09-30T18:34:14+00:00,2d280c7862041cee1dd36a2ac164af8b7f9dcec3,False,2023.1,,ZynqMP KV260 revB machine-id:a435d1c5,,all,,hw,,,,kria,not read (sensor only),2d280c7862041cee1dd36a2ac164af8b7f9dcec3,,,,sensor_only,1,True,,performance,1333333,"0,1,2",,no-overlay idle reference (before any bitstream load),SOM-rail power (INA260),VCC_SOM,hwmon,/sys/class/hwmon/hwmon2 name=ina260_u14,"{""update_interval_ms"": ""not exposed""}",10.000,9.984,0.2793,0,0,sample_only,324.962049,60.510265,1790793194.844452,2026-09-30T18:33:14.844+00:00,3.210000,0.636000,5.046000,power1_input=3210000uW curr1_input=636mA in1_input=5046mV
2026-09-30T18:34:14+00:00,2d280c7862041cee1dd36a2ac164af8b7f9dcec3,False,2023.1,,ZynqMP KV260 revB machine-id:a435d1c5,,all,,hw,,,,kria,not read (sensor only),2d280c7862041cee1dd36a2ac164af8b7f9dcec3,,,,sensor_only,1,True,,performance,1333333,"0,1,2",,no-overlay idle reference (before any bitstream load),SOM-rail power (INA260),VCC_SOM,hwmon,/sys/class/hwmon/hwmon2 name=ina260_u14,"{""update_interval_ms"": ""not exposed""}",10.000,9.984,0.2793,0,0,sample_only,325.062040,60.610257,1790793194.944444,2026-09-30T18:33:14.944+00:00,3.210000,0.636000,5.047000,power1_input=3210000uW curr1_input=636mA in1_input=5047mV
2026-09-30T18:34:14+00:00,2d280c7862041cee1dd36a2ac164af8b7f9dcec3,False,2023.1,,ZynqMP KV260 revB machine-id:a435d1c5,,all,,hw,,,,kria,not read (sensor only),2d280c7862041cee1dd36a2ac164af8b7f9dcec3,,,,sensor_only,1,True,,performance,1333333,"0,1,2",,no-overlay idle reference (before any bitstream load),SOM-rail power (INA260),VCC_SOM,hwmon,/sys/class/hwmon/hwmon2 name=ina260_u14,"{""update_interval_ms"": ""not exposed""}",10.000,9.984,0.2793,0,0,sample_only,325.162047,60.710263,1790793195.044450,2026-09-30T18:33:15.044+00:00,3.210000,0.636000,5.047000,power1_input=3210000uW curr1_input=636mA in1_input=5047mV
2026-09-30T18:34:14+00:00,2d280c7862041cee1dd36a2ac164af8b7f9dcec3,False,2023.1,,ZynqMP KV260 revB machine-id:a435d1c5,,all,,hw,,,,kria,not read (sensor only),2d280c7862041cee1dd36a2ac164af8b7f9dcec3,,,,sensor_only,1,True,,performance,1333333,"0,1,2",,no-overlay idle reference (before any bitstream load),SOM-rail power (INA260),VCC_SOM,hwmon,/sys/class/hwmon/hwmon2 name=ina260_u14,"{""update_interval_ms"": ""not exposed""}",10.000,9.984,0.2793,0,0,sample_only,325.262056,60.810272,1790793195.144459,2026-09-30T18:33:15.144+00:00,3.210000,0.636000,5.047000,power1_input=3210000uW curr1_input=636mA in1_input=5047mV
2026-09-30T18:34:14+00:00,2d280c7862041cee1dd36a2ac164af8b7f9dcec3,False,2023.1,,ZynqMP KV260 revB machine-id:a435d1c5,,all,,hw,,,,kria,not read (sensor only),2d280c7862041cee1dd36a2ac164af8b7f9dcec3,,,,sensor_only,1,True,,performance,1333333,"0,1,2",,no-overlay idle reference (before any bitstream load),SOM-rail power (INA260),VCC_SOM,hwmon,/sys/class/hwmon/hwmon2 name=ina260_u14,"{""update_interval_ms"": ""not exposed""}",10.000,9.984,0.2793,0,0,sample_only,325.362054,60.910271,1790793195.244457,2026-09-30T18:33:15.244+00:00,3.200000,0.635000,5.046000,power1_input=3200000uW curr1_input=635mA in1_input=5046mV
2026-09-30T18:34:14+00:00,2d280c7862041cee1dd36a2ac164af8b7f9dcec3,False,2023.1,,ZynqMP KV260 revB machine-id:a435d1c5,,all,,hw,,,,kria,not read (sensor only),2d280c7862041cee1dd36a2ac164af8b7f9dcec3,,,,sensor_only,1,True,,performance,1333333,"0,1,2",,no-overlay idle reference (before any bitstream load),SOM-rail power (INA260),VCC_SOM,hwmon,/sys/class/hwmon/hwmon2 name=ina260_u14,"{""update_interval_ms"": ""not exposed""}",10.000,9.984,0.2793,0,0,sample_only,325.462044,61.010261,1790793195.344447,2026-09-30T18:33:15.344+00:00,3.210000,0.642000,5.046000,power1_input=3210000uW curr1_input=642mA in1_input=5046mV
2026-09-30T18:34:14+00:00,2d280c7862041cee1dd36a2ac164af8b7f9dcec3,False,2023.1,,ZynqMP KV260 revB machine-id:a435d1c5,,all,,hw,,,,kria,not read (sensor only),2d280c7862041cee1dd36a2ac164af8b7f9dcec3,,,,sensor_only,1,True,,performance,1333333,"0,1,2",,no-overlay idle reference (before any bitstream load),SOM-rail power (INA260),VCC_SOM,hwmon,/sys/class/hwmon/hwmon2 name=ina260_u14,"{""update_interval_ms"": ""not exposed""}",10.000,9.984,0.2793,0,0,sample_only,325.562089,61.110305,1790793195.444492,2026-09-30T18:33:15.444+00:00,3.200000,0.635000,5.047000,power1_input=3200000uW curr1_input=635mA in1_input=5047mV
2026-09-30T18:34:14+00:00,2d280c7862041cee1dd36a2ac164af8b7f9dcec3,False,2023.1,,ZynqMP KV260 revB machine-id:a435d1c5,,all,,hw,,,,kria,not read (sensor only),2d280c7862041cee1dd36a2ac164af8b7f9dcec3,,,,sensor_only,1,True,,performance,1333333,"0,1,2",,no-overlay idle reference (before any bitstream load),SOM-rail power (INA260),VCC_SOM,hwmon,/sys/class/hwmon/hwmon2 name=ina260_u14,"{""update_interval_ms"": ""not exposed""}",10.000,9.984,0.2793,0,0,sample_only,325.662050,61.210266,1790793195.544453,2026-09-30T18:33:15.544+00:00,3.210000,0.637000,5.046000,power1_input=3210000uW curr1_input=637mA in1_input=5046mV
2026-09-30T18:34:14+00:00,2d280c7862041cee1dd36a2ac164af8b7f9dcec3,False,2023.1,,ZynqMP KV260 revB machine-id:a435d1c5,,all,,hw,,,,kria,not read (sensor only),2d280c7862041cee1dd36a2ac164af8b7f9dcec3,,,,sensor_only,1,True,,performance,1333333,"0,1,2",,no-overlay idle reference (before any bitstream load),SOM-rail power (INA260),VCC_SOM,hwmon,/sys/class/hwmon/hwmon2 name=ina260_u14,"{""update_interval_ms"": ""not exposed""}",10.000,9.984,0.2793,0,0,sample_only,325.762048,61.310265,1790793195.644451,2026-09-30T18:33:15.644+00:00,3.210000,0.635000,5.046000,power1_input=3210000uW curr1_input=635mA in1_input=5046mV
2026-09-30T18:34:14+00:00,2d280c7862041cee1dd36a2ac164af8b7f9dcec3,False,2023.1,,ZynqMP KV260 revB machine-id:a435d1c5,,all,,hw,,,,kria,not read (sensor only),2d280c7862041cee1dd36a2ac164af8b7f9dcec3,,,,sensor_only,1,True,,performance,1333333,"0,1,2",,no-overlay idle reference (before any bitstream load),SOM-rail power (INA260),VCC_SOM,hwmon,/sys/class/hwmon/hwmon2 name=ina260_u14,"{""update_interval_ms"": ""not exposed""}",10.000,9.984,0.2793,0,0,sample_only,325.862059,61.410275,1790793195.744462,2026-09-30T18:33:15.744+00:00,3.220000,0.637000,5.047000,power1_input=3220000uW curr1_input=637mA in1_input=5047mV
2026-09-30T18:34:14+00:00,2d280c7862041cee1dd36a2ac164af8b7f9dcec3,False,2023.1,,ZynqMP KV260 revB machine-id:a435d1c5,,all,,hw,,,,kria,not read (sensor only),2d280c7862041cee1dd36a2ac164af8b7f9dcec3,,,,sensor_only,1,True,,performance,1333333,"0,1,2",,no-overlay idle reference (before any bitstream load),SOM-rail power (INA260),VCC_SOM,hwmon,/sys/class/hwmon/hwmon2 name=ina260_u14,"{""update_interval_ms"": ""not exposed""}",10.000,9.984,0.2793,0,0,sample_only,325.962091,61.510307,1790793195.844494,2026-09-30T18:33:15.844+00:00,3.210000,0.635000,5.046000,power1_input=3210000uW curr1_input=635mA in1_input=5046mV
2026-09-30T18:34:14+00:00,2d280c7862041cee1dd36a2ac164af8b7f9dcec3,False,2023.1,,ZynqMP KV260 revB machine-id:a435d1c5,,all,,hw,,,,kria,not read (sensor only),2d280c7862041cee1dd36a2ac164af8b7f9dcec3,,,,sensor_only,1,True,,performance,1333333,"0,1,2",,no-overlay idle reference (before any bitstream load),SOM-rail power (INA260),VCC_SOM,hwmon,/sys/class/hwmon/hwmon2 name=ina260_u14,"{""update_interval_ms"": ""not exposed""}",10.000,9.984,0.2793,0,0,sample_only,326.062041,61.610258,1790793195.944445,2026-09-30T18:33:15.944+00:00,3.210000,0.636000,5.047000,power1_input=3210000uW curr1_input=636mA in1_input=5047mV
2026-09-30T18:34:14+00:00,2d280c7862041cee1dd36a2ac164af8b7f9dcec3,False,2023.1,,ZynqMP KV260 revB machine-id:a435d1c5,,all,,hw,,,,kria,not read (sensor only),2d280c7862041cee1dd36a2ac164af8b7f9dcec3,,,,sensor_only,1,True,,performance,1333333,"0,1,2",,no-overlay idle reference (before any bitstream load),SOM-rail power (INA260),VCC_SOM,hwmon,/sys/class/hwmon/hwmon2 name=ina260_u14,"{""update_interval_ms"": ""not exposed""}",10.000,9.984,0.2793,0,0,sample_only,326.162062,61.710278,1790793196.044465,2026-09-30T18:33:16.044+00:00,3.200000,0.635000,5.047000,power1_input=3200000uW curr1_input=635mA in1_input=5047mV
2026-09-30T18:34:14+00:00,2d280c7862041cee1dd36a2ac164af8b7f9dcec3,False,2023.1,,ZynqMP KV260 revB machine-id:a435d1c5,,all,,hw,,,,kria,not read (sensor only),2d280c7862041cee1dd36a2ac164af8b7f9dcec3,,,,sensor_only,1,True,,performance,1333333,"0,1,2",,no-overlay idle reference (before any bitstream load),SOM-rail power (INA260),VCC_SOM,hwmon,/sys/class/hwmon/hwmon2 name=ina260_u14,"{""update_interval_ms"": ""not exposed""}",10.000,9.984,0.2793,0,0,sample_only,326.262048,61.810265,1790793196.144452,2026-09-30T18:33:16.144+00:00,3.200000,0.635000,5.047000,power1_input=3200000uW curr1_input=635mA in1_input=5047mV
2026-09-30T18:34:14+00:00,2d280c7862041cee1dd36a2ac164af8b7f9dcec3,False,2023.1,,ZynqMP KV260 revB machine-id:a435d1c5,,all,,hw,,,,kria,not read (sensor only),2d280c7862041cee1dd36a2ac164af8b7f9dcec3,,,,sensor_only,1,True,,performance,1333333,"0,1,2",,no-overlay idle reference (before any bitstream load),SOM-rail power (INA260),VCC_SOM,hwmon,/sys/class/hwmon/hwmon2 name=ina260_u14,"{""update_interval_ms"": ""not exposed""}",10.000,9.984,0.2793,0,0,sample_only,326.362042,61.910258,1790793196.244445,2026-09-30T18:33:16.244+00:00,3.200000,0.633000,5.047000,power1_input=3200000uW curr1_input=633mA in1_input=5047mV
2026-09-30T18:34:14+00:00,2d280c7862041cee1dd36a2ac164af8b7f9dcec3,False,2023.1,,ZynqMP KV260 revB machine-id:a435d1c5,,all,,hw,,,,kria,not read (sensor only),2d280c7862041cee1dd36a2ac164af8b7f9dcec3,,,,sensor_only,1,True,,performance,1333333,"0,1,2",,no-overlay idle reference (before any bitstream load),SOM-rail power (INA260),VCC_SOM,hwmon,/sys/class/hwmon/hwmon2 name=ina260_u14,"{""update_interval_ms"": ""not exposed""}",10.000,9.984,0.2793,0,0,sample_only,326.462041,62.010258,1790793196.344445,2026-09-30T18:33:16.344+00:00,3.200000,0.635000,5.046000,power1_input=3200000uW curr1_input=635mA in1_input=5046mV
2026-09-30T18:34:14+00:00,2d280c7862041cee1dd36a2ac164af8b7f9dcec3,False,2023.1,,ZynqMP KV260 revB machine-id:a435d1c5,,all,,hw,,,,kria,not read (sensor only),2d280c7862041cee1dd36a2ac164af8b7f9dcec3,,,,sensor_only,1,True,,performance,1333333,"0,1,2",,no-overlay idle reference (before any bitstream load),SOM-rail power (INA260),VCC_SOM,hwmon,/sys/class/hwmon/hwmon2 name=ina260_u14,"{""update_interval_ms"": ""not exposed""}",10.000,9.984,0.2793,0,0,sample_only,326.562040,62.110256,1790793196.444443,2026-09-30T18:33:16.444+00:00,3.210000,0.636000,5.046000,power1_input=3210000uW curr1_input=636mA in1_input=5046mV
2026-09-30T18:34:14+00:00,2d280c7862041cee1dd36a2ac164af8b7f9dcec3,False,2023.1,,ZynqMP KV260 revB machine-id:a435d1c5,,all,,hw,,,,kria,not read (sensor only),2d280c7862041cee1dd36a2ac164af8b7f9dcec3,,,,sensor_only,1,True,,performance,1333333,"0,1,2",,no-overlay idle reference (before any bitstream load),SOM-rail power (INA260),VCC_SOM,hwmon,/sys/class/hwmon/hwmon2 name=ina260_u14,"{""update_interval_ms"": ""not exposed""}",10.000,9.984,0.2793,0,0,sample_only,326.662045,62.210261,1790793196.544448,2026-09-30T18:33:16.544+00:00,3.210000,0.636000,5.046000,power1_input=3210000uW curr1_input=636mA in1_input=5046mV
2026-09-30T18:34:14+00:00,2d280c7862041cee1dd36a2ac164af8b7f9dcec3,False,2023.1,,ZynqMP KV260 revB machine-id:a435d1c5,,all,,hw,,,,kria,not read (sensor only),2d280c7862041cee1dd36a2ac164af8b7f9dcec3,,,,sensor_only,1,True,,performance,1333333,"0,1,2",,no-overlay idle reference (before any bitstream load),SOM-rail power (INA260),VCC_SOM,hwmon,/sys/class/hwmon/hwmon2 name=ina260_u14,"{""update_interval_ms"": ""not exposed""}",10.000,9.984,0.2793,0,0,sample_only,326.762051,62.310268,1790793196.644455,2026-09-30T18:33:16.644+00:00,3.220000,0.638000,5.046000,power1_input=3220000uW curr1_input=638mA in1_input=5046mV
2026-09-30T18:34:14+00:00,2d280c7862041cee1dd36a2ac164af8b7f9dcec3,False,2023.1,,ZynqMP KV260 revB machine-id:a435d1c5,,all,,hw,,,,kria,not read (sensor only),2d280c7862041cee1dd36a2ac164af8b7f9dcec3,,,,sensor_only,1,True,,performance,1333333,"0,1,2",,no-overlay idle reference (before any bitstream load),SOM-rail power (INA260),VCC_SOM,hwmon,/sys/class/hwmon/hwmon2 name=ina260_u14,"{""update_interval_ms"": ""not exposed""}",10.000,9.984,0.2793,0,0,sample_only,326.862075,62.410292,1790793196.744479,2026-09-30T18:33:16.744+00:00,3.220000,0.643000,5.046000,power1_input=3220000uW curr1_input=643mA in1_input=5046mV
2026-09-30T18:34:14+00:00,2d280c7862041cee1dd36a2ac164af8b7f9dcec3,False,2023.1,,ZynqMP KV260 revB machine-id:a435d1c5,,all,,hw,,,,kria,not read (sensor only),2d280c7862041cee1dd36a2ac164af8b7f9dcec3,,,,sensor_only,1,True,,performance,1333333,"0,1,2",,no-overlay idle reference (before any bitstream load),SOM-rail power (INA260),VCC_SOM,hwmon,/sys/class/hwmon/hwmon2 name=ina260_u14,"{""update_interval_ms"": ""not exposed""}",10.000,9.984,0.2793,0,0,sample_only,326.962054,62.510270,1790793196.844457,2026-09-30T18:33:16.844+00:00,3.230000,0.640000,5.046000,power1_input=3230000uW curr1_input=640mA in1_input=5046mV
2026-09-30T18:34:14+00:00,2d280c7862041cee1dd36a2ac164af8b7f9dcec3,False,2023.1,,ZynqMP KV260 revB machine-id:a435d1c5,,all,,hw,,,,kria,not read (sensor only),2d280c7862041cee1dd36a2ac164af8b7f9dcec3,,,,sensor_only,1,True,,performance,1333333,"0,1,2",,no-overlay idle reference (before any bitstream load),SOM-rail power (INA260),VCC_SOM,hwmon,/sys/class/hwmon/hwmon2 name=ina260_u14,"{""update_interval_ms"": ""not exposed""}",10.000,9.984,0.2793,0,0,sample_only,327.062044,62.610260,1790793196.944447,2026-09-30T18:33:16.944+00:00,3.210000,0.636000,5.046000,power1_input=3210000uW curr1_input=636mA in1_input=5046mV
2026-09-30T18:34:14+00:00,2d280c7862041cee1dd36a2ac164af8b7f9dcec3,False,2023.1,,ZynqMP KV260 revB machine-id:a435d1c5,,all,,hw,,,,kria,not read (sensor only),2d280c7862041cee1dd36a2ac164af8b7f9dcec3,,,,sensor_only,1,True,,performance,1333333,"0,1,2",,no-overlay idle reference (before any bitstream load),SOM-rail power (INA260),VCC_SOM,hwmon,/sys/class/hwmon/hwmon2 name=ina260_u14,"{""update_interval_ms"": ""not exposed""}",10.000,9.984,0.2793,0,0,sample_only,327.162160,62.710377,1790793197.044564,2026-09-30T18:33:17.044+00:00,3.200000,0.640000,5.046000,power1_input=3200000uW curr1_input=640mA in1_input=5046mV
2026-09-30T18:34:14+00:00,2d280c7862041cee1dd36a2ac164af8b7f9dcec3,False,2023.1,,ZynqMP KV260 revB machine-id:a435d1c5,,all,,hw,,,,kria,not read (sensor only),2d280c7862041cee1dd36a2ac164af8b7f9dcec3,,,,sensor_only,1,True,,performance,1333333,"0,1,2",,no-overlay idle reference (before any bitstream load),SOM-rail power (INA260),VCC_SOM,hwmon,/sys/class/hwmon/hwmon2 name=ina260_u14,"{""update_interval_ms"": ""not exposed""}",10.000,9.984,0.2793,0,0,sample_only,327.262066,62.810282,1790793197.144469,2026-09-30T18:33:17.144+00:00,3.230000,0.638000,5.046000,power1_input=3230000uW curr1_input=638mA in1_input=5046mV
2026-09-30T18:34:14+00:00,2d280c7862041cee1dd36a2ac164af8b7f9dcec3,False,2023.1,,ZynqMP KV260 revB machine-id:a435d1c5,,all,,hw,,,,kria,not read (sensor only),2d280c7862041cee1dd36a2ac164af8b7f9dcec3,,,,sensor_only,1,True,,performance,1333333,"0,1,2",,no-overlay idle reference (before any bitstream load),SOM-rail power (INA260),VCC_SOM,hwmon,/sys/class/hwmon/hwmon2 name=ina260_u14,"{""update_interval_ms"": ""not exposed""}",10.000,9.984,0.2793,0,0,sample_only,327.362097,62.910314,1790793197.244501,2026-09-30T18:33:17.244+00:00,3.210000,0.635000,5.047000,power1_input=3210000uW curr1_input=635mA in1_input=5047mV
2026-09-30T18:34:14+00:00,2d280c7862041cee1dd36a2ac164af8b7f9dcec3,False,2023.1,,ZynqMP KV260 revB machine-id:a435d1c5,,all,,hw,,,,kria,not read (sensor only),2d280c7862041cee1dd36a2ac164af8b7f9dcec3,,,,sensor_only,1,True,,performance,1333333,"0,1,2",,no-overlay idle reference (before any bitstream load),SOM-rail power (INA260),VCC_SOM,hwmon,/sys/class/hwmon/hwmon2 name=ina260_u14,"{""update_interval_ms"": ""not exposed""}",10.000,9.984,0.2793,0,0,sample_only,327.462048,63.010264,1790793197.344451,2026-09-30T18:33:17.344+00:00,3.200000,0.635000,5.047000,power1_input=3200000uW curr1_input=635mA in1_input=5047mV
2026-09-30T18:34:14+00:00,2d280c7862041cee1dd36a2ac164af8b7f9dcec3,False,2023.1,,ZynqMP KV260 revB machine-id:a435d1c5,,all,,hw,,,,kria,not read (sensor only),2d280c7862041cee1dd36a2ac164af8b7f9dcec3,,,,sensor_only,1,True,,performance,1333333,"0,1,2",,no-overlay idle reference (before any bitstream load),SOM-rail power (INA260),VCC_SOM,hwmon,/sys/class/hwmon/hwmon2 name=ina260_u14,"{""update_interval_ms"": ""not exposed""}",10.000,9.984,0.2793,0,0,sample_only,327.562041,63.110258,1790793197.444444,2026-09-30T18:33:17.444+00:00,3.200000,0.635000,5.047000,power1_input=3200000uW curr1_input=635mA in1_input=5047mV
2026-09-30T18:34:14+00:00,2d280c7862041cee1dd36a2ac164af8b7f9dcec3,False,2023.1,,ZynqMP KV260 revB machine-id:a435d1c5,,all,,hw,,,,kria,not read (sensor only),2d280c7862041cee1dd36a2ac164af8b7f9dcec3,,,,sensor_only,1,True,,performance,1333333,"0,1,2",,no-overlay idle reference (before any bitstream load),SOM-rail power (INA260),VCC_SOM,hwmon,/sys/class/hwmon/hwmon2 name=ina260_u14,"{""update_interval_ms"": ""not exposed""}",10.000,9.984,0.2793,0,0,sample_only,327.662044,63.210260,1790793197.544447,2026-09-30T18:33:17.544+00:00,3.210000,0.636000,5.047000,power1_input=3210000uW curr1_input=636mA in1_input=5047mV
2026-09-30T18:34:14+00:00,2d280c7862041cee1dd36a2ac164af8b7f9dcec3,False,2023.1,,ZynqMP KV260 revB machine-id:a435d1c5,,all,,hw,,,,kria,not read (sensor only),2d280c7862041cee1dd36a2ac164af8b7f9dcec3,,,,sensor_only,1,True,,performance,1333333,"0,1,2",,no-overlay idle reference (before any bitstream load),SOM-rail power (INA260),VCC_SOM,hwmon,/sys/class/hwmon/hwmon2 name=ina260_u14,"{""update_interval_ms"": ""not exposed""}",10.000,9.984,0.2793,0,0,sample_only,327.762042,63.310258,1790793197.644445,2026-09-30T18:33:17.644+00:00,3.210000,0.636000,5.047000,power1_input=3210000uW curr1_input=636mA in1_input=5047mV
2026-09-30T18:34:14+00:00,2d280c7862041cee1dd36a2ac164af8b7f9dcec3,False,2023.1,,ZynqMP KV260 revB machine-id:a435d1c5,,all,,hw,,,,kria,not read (sensor only),2d280c7862041cee1dd36a2ac164af8b7f9dcec3,,,,sensor_only,1,True,,performance,1333333,"0,1,2",,no-overlay idle reference (before any bitstream load),SOM-rail power (INA260),VCC_SOM,hwmon,/sys/class/hwmon/hwmon2 name=ina260_u14,"{""update_interval_ms"": ""not exposed""}",10.000,9.984,0.2793,0,0,sample_only,327.862105,63.410322,1790793197.744509,2026-09-30T18:33:17.744+00:00,3.200000,0.638000,5.046000,power1_input=3200000uW curr1_input=638mA in1_input=5046mV
2026-09-30T18:34:14+00:00,2d280c7862041cee1dd36a2ac164af8b7f9dcec3,False,2023.1,,ZynqMP KV260 revB machine-id:a435d1c5,,all,,hw,,,,kria,not read (sensor only),2d280c7862041cee1dd36a2ac164af8b7f9dcec3,,,,sensor_only,1,True,,performance,1333333,"0,1,2",,no-overlay idle reference (before any bitstream load),SOM-rail power (INA260),VCC_SOM,hwmon,/sys/class/hwmon/hwmon2 name=ina260_u14,"{""update_interval_ms"": ""not exposed""}",10.000,9.984,0.2793,0,0,sample_only,327.962045,63.510262,1790793197.844449,2026-09-30T18:33:17.844+00:00,3.200000,0.635000,5.047000,power1_input=3200000uW curr1_input=635mA in1_input=5047mV
2026-09-30T18:34:14+00:00,2d280c7862041cee1dd36a2ac164af8b7f9dcec3,False,2023.1,,ZynqMP KV260 revB machine-id:a435d1c5,,all,,hw,,,,kria,not read (sensor only),2d280c7862041cee1dd36a2ac164af8b7f9dcec3,,,,sensor_only,1,True,,performance,1333333,"0,1,2",,no-overlay idle reference (before any bitstream load),SOM-rail power (INA260),VCC_SOM,hwmon,/sys/class/hwmon/hwmon2 name=ina260_u14,"{""update_interval_ms"": ""not exposed""}",10.000,9.984,0.2793,0,0,sample_only,328.062043,63.610260,1790793197.944447,2026-09-30T18:33:17.944+00:00,3.220000,0.637000,5.046000,power1_input=3220000uW curr1_input=637mA in1_input=5046mV
2026-09-30T18:34:14+00:00,2d280c7862041cee1dd36a2ac164af8b7f9dcec3,False,2023.1,,ZynqMP KV260 revB machine-id:a435d1c5,,all,,hw,,,,kria,not read (sensor only),2d280c7862041cee1dd36a2ac164af8b7f9dcec3,,,,sensor_only,1,True,,performance,1333333,"0,1,2",,no-overlay idle reference (before any bitstream load),SOM-rail power (INA260),VCC_SOM,hwmon,/sys/class/hwmon/hwmon2 name=ina260_u14,"{""update_interval_ms"": ""not exposed""}",10.000,9.984,0.2793,0,0,sample_only,328.162066,63.710283,1790793198.044470,2026-09-30T18:33:18.044+00:00,3.230000,0.648000,5.046000,power1_input=3230000uW curr1_input=648mA in1_input=5046mV
2026-09-30T18:34:14+00:00,2d280c7862041cee1dd36a2ac164af8b7f9dcec3,False,2023.1,,ZynqMP KV260 revB machine-id:a435d1c5,,all,,hw,,,,kria,not read (sensor only),2d280c7862041cee1dd36a2ac164af8b7f9dcec3,,,,sensor_only,1,True,,performance,1333333,"0,1,2",,no-overlay idle reference (before any bitstream load),SOM-rail power (INA260),VCC_SOM,hwmon,/sys/class/hwmon/hwmon2 name=ina260_u14,"{""update_interval_ms"": ""not exposed""}",10.000,9.984,0.2793,0,0,sample_only,328.262045,63.810262,1790793198.144449,2026-09-30T18:33:18.144+00:00,3.210000,0.635000,5.046000,power1_input=3210000uW curr1_input=635mA in1_input=5046mV
2026-09-30T18:34:14+00:00,2d280c7862041cee1dd36a2ac164af8b7f9dcec3,False,2023.1,,ZynqMP KV260 revB machine-id:a435d1c5,,all,,hw,,,,kria,not read (sensor only),2d280c7862041cee1dd36a2ac164af8b7f9dcec3,,,,sensor_only,1,True,,performance,1333333,"0,1,2",,no-overlay idle reference (before any bitstream load),SOM-rail power (INA260),VCC_SOM,hwmon,/sys/class/hwmon/hwmon2 name=ina260_u14,"{""update_interval_ms"": ""not exposed""}",10.000,9.984,0.2793,0,0,sample_only,328.362048,63.910265,1790793198.244452,2026-09-30T18:33:18.244+00:00,3.210000,0.636000,5.047000,power1_input=3210000uW curr1_input=636mA in1_input=5047mV
2026-09-30T18:34:14+00:00,2d280c7862041cee1dd36a2ac164af8b7f9dcec3,False,2023.1,,ZynqMP KV260 revB machine-id:a435d1c5,,all,,hw,,,,kria,not read (sensor only),2d280c7862041cee1dd36a2ac164af8b7f9dcec3,,,,sensor_only,1,True,,performance,1333333,"0,1,2",,no-overlay idle reference (before any bitstream load),SOM-rail power (INA260),VCC_SOM,hwmon,/sys/class/hwmon/hwmon2 name=ina260_u14,"{""update_interval_ms"": ""not exposed""}",10.000,9.984,0.2793,0,0,sample_only,328.462039,64.010255,1790793198.344442,2026-09-30T18:33:18.344+00:00,3.220000,0.637000,5.047000,power1_input=3220000uW curr1_input=637mA in1_input=5047mV
2026-09-30T18:34:14+00:00,2d280c7862041cee1dd36a2ac164af8b7f9dcec3,False,2023.1,,ZynqMP KV260 revB machine-id:a435d1c5,,all,,hw,,,,kria,not read (sensor only),2d280c7862041cee1dd36a2ac164af8b7f9dcec3,,,,sensor_only,1,True,,performance,1333333,"0,1,2",,no-overlay idle reference (before any bitstream load),SOM-rail power (INA260),VCC_SOM,hwmon,/sys/class/hwmon/hwmon2 name=ina260_u14,"{""update_interval_ms"": ""not exposed""}",10.000,9.984,0.2793,0,0,sample_only,328.562039,64.110255,1790793198.444442,2026-09-30T18:33:18.444+00:00,3.210000,0.635000,5.046000,power1_input=3210000uW curr1_input=635mA in1_input=5046mV
2026-09-30T18:34:14+00:00,2d280c7862041cee1dd36a2ac164af8b7f9dcec3,False,2023.1,,ZynqMP KV260 revB machine-id:a435d1c5,,all,,hw,,,,kria,not read (sensor only),2d280c7862041cee1dd36a2ac164af8b7f9dcec3,,,,sensor_only,1,True,,performance,1333333,"0,1,2",,no-overlay idle reference (before any bitstream load),SOM-rail power (INA260),VCC_SOM,hwmon,/sys/class/hwmon/hwmon2 name=ina260_u14,"{""update_interval_ms"": ""not exposed""}",10.000,9.984,0.2793,0,0,sample_only,328.662042,64.210258,1790793198.544445,2026-09-30T18:33:18.544+00:00,3.210000,0.636000,5.046000,power1_input=3210000uW curr1_input=636mA in1_input=5046mV
2026-09-30T18:34:14+00:00,2d280c7862041cee1dd36a2ac164af8b7f9dcec3,False,2023.1,,ZynqMP KV260 revB machine-id:a435d1c5,,all,,hw,,,,kria,not read (sensor only),2d280c7862041cee1dd36a2ac164af8b7f9dcec3,,,,sensor_only,1,True,,performance,1333333,"0,1,2",,no-overlay idle reference (before any bitstream load),SOM-rail power (INA260),VCC_SOM,hwmon,/sys/class/hwmon/hwmon2 name=ina260_u14,"{""update_interval_ms"": ""not exposed""}",10.000,9.984,0.2793,0,0,sample_only,328.762039,64.310255,1790793198.644442,2026-09-30T18:33:18.644+00:00,3.200000,0.633000,5.047000,power1_input=3200000uW curr1_input=633mA in1_input=5047mV
2026-09-30T18:34:14+00:00,2d280c7862041cee1dd36a2ac164af8b7f9dcec3,False,2023.1,,ZynqMP KV260 revB machine-id:a435d1c5,,all,,hw,,,,kria,not read (sensor only),2d280c7862041cee1dd36a2ac164af8b7f9dcec3,,,,sensor_only,1,True,,performance,1333333,"0,1,2",,no-overlay idle reference (before any bitstream load),SOM-rail power (INA260),VCC_SOM,hwmon,/sys/class/hwmon/hwmon2 name=ina260_u14,"{""update_interval_ms"": ""not exposed""}",10.000,9.984,0.2793,0,0,sample_only,328.862104,64.410321,1790793198.744508,2026-09-30T18:33:18.744+00:00,3.200000,0.636000,5.047000,power1_input=3200000uW curr1_input=636mA in1_input=5047mV
2026-09-30T18:34:14+00:00,2d280c7862041cee1dd36a2ac164af8b7f9dcec3,False,2023.1,,ZynqMP KV260 revB machine-id:a435d1c5,,all,,hw,,,,kria,not read (sensor only),2d280c7862041cee1dd36a2ac164af8b7f9dcec3,,,,sensor_only,1,True,,performance,1333333,"0,1,2",,no-overlay idle reference (before any bitstream load),SOM-rail power (INA260),VCC_SOM,hwmon,/sys/class/hwmon/hwmon2 name=ina260_u14,"{""update_interval_ms"": ""not exposed""}",10.000,9.984,0.2793,0,0,sample_only,328.962049,64.510265,1790793198.844452,2026-09-30T18:33:18.844+00:00,3.200000,0.635000,5.046000,power1_input=3200000uW curr1_input=635mA in1_input=5046mV
2026-09-30T18:34:14+00:00,2d280c7862041cee1dd36a2ac164af8b7f9dcec3,False,2023.1,,ZynqMP KV260 revB machine-id:a435d1c5,,all,,hw,,,,kria,not read (sensor only),2d280c7862041cee1dd36a2ac164af8b7f9dcec3,,,,sensor_only,1,True,,performance,1333333,"0,1,2",,no-overlay idle reference (before any bitstream load),SOM-rail power (INA260),VCC_SOM,hwmon,/sys/class/hwmon/hwmon2 name=ina260_u14,"{""update_interval_ms"": ""not exposed""}",10.000,9.984,0.2793,0,0,sample_only,329.062043,64.610259,1790793198.944446,2026-09-30T18:33:18.944+00:00,3.210000,0.636000,5.047000,power1_input=3210000uW curr1_input=636mA in1_input=5047mV
2026-09-30T18:34:14+00:00,2d280c7862041cee1dd36a2ac164af8b7f9dcec3,False,2023.1,,ZynqMP KV260 revB machine-id:a435d1c5,,all,,hw,,,,kria,not read (sensor only),2d280c7862041cee1dd36a2ac164af8b7f9dcec3,,,,sensor_only,1,True,,performance,1333333,"0,1,2",,no-overlay idle reference (before any bitstream load),SOM-rail power (INA260),VCC_SOM,hwmon,/sys/class/hwmon/hwmon2 name=ina260_u14,"{""update_interval_ms"": ""not exposed""}",10.000,9.984,0.2793,0,0,sample_only,329.162050,64.710266,1790793199.044453,2026-09-30T18:33:19.044+00:00,3.210000,0.637000,5.047000,power1_input=3210000uW curr1_input=637mA in1_input=5047mV
2026-09-30T18:34:14+00:00,2d280c7862041cee1dd36a2ac164af8b7f9dcec3,False,2023.1,,ZynqMP KV260 revB machine-id:a435d1c5,,all,,hw,,,,kria,not read (sensor only),2d280c7862041cee1dd36a2ac164af8b7f9dcec3,,,,sensor_only,1,True,,performance,1333333,"0,1,2",,no-overlay idle reference (before any bitstream load),SOM-rail power (INA260),VCC_SOM,hwmon,/sys/class/hwmon/hwmon2 name=ina260_u14,"{""update_interval_ms"": ""not exposed""}",10.000,9.984,0.2793,0,0,sample_only,329.262047,64.810263,1790793199.144450,2026-09-30T18:33:19.144+00:00,3.210000,0.635000,5.046000,power1_input=3210000uW curr1_input=635mA in1_input=5046mV
2026-09-30T18:34:14+00:00,2d280c7862041cee1dd36a2ac164af8b7f9dcec3,False,2023.1,,ZynqMP KV260 revB machine-id:a435d1c5,,all,,hw,,,,kria,not read (sensor only),2d280c7862041cee1dd36a2ac164af8b7f9dcec3,,,,sensor_only,1,True,,performance,1333333,"0,1,2",,no-overlay idle reference (before any bitstream load),SOM-rail power (INA260),VCC_SOM,hwmon,/sys/class/hwmon/hwmon2 name=ina260_u14,"{""update_interval_ms"": ""not exposed""}",10.000,9.984,0.2793,0,0,sample_only,329.362125,64.910342,1790793199.244530,2026-09-30T18:33:19.244+00:00,3.230000,0.638000,5.046000,power1_input=3230000uW curr1_input=638mA in1_input=5046mV
2026-09-30T18:34:14+00:00,2d280c7862041cee1dd36a2ac164af8b7f9dcec3,False,2023.1,,ZynqMP KV260 revB machine-id:a435d1c5,,all,,hw,,,,kria,not read (sensor only),2d280c7862041cee1dd36a2ac164af8b7f9dcec3,,,,sensor_only,1,True,,performance,1333333,"0,1,2",,no-overlay idle reference (before any bitstream load),SOM-rail power (INA260),VCC_SOM,hwmon,/sys/class/hwmon/hwmon2 name=ina260_u14,"{""update_interval_ms"": ""not exposed""}",10.000,9.984,0.2793,0,0,sample_only,329.462057,65.010273,1790793199.344460,2026-09-30T18:33:19.344+00:00,3.200000,0.635000,5.046000,power1_input=3200000uW curr1_input=635mA in1_input=5046mV
2026-09-30T18:34:14+00:00,2d280c7862041cee1dd36a2ac164af8b7f9dcec3,False,2023.1,,ZynqMP KV260 revB machine-id:a435d1c5,,all,,hw,,,,kria,not read (sensor only),2d280c7862041cee1dd36a2ac164af8b7f9dcec3,,,,sensor_only,1,True,,performance,1333333,"0,1,2",,no-overlay idle reference (before any bitstream load),SOM-rail power (INA260),VCC_SOM,hwmon,/sys/class/hwmon/hwmon2 name=ina260_u14,"{""update_interval_ms"": ""not exposed""}",10.000,9.984,0.2793,0,0,sample_only,329.562045,65.110261,1790793199.444448,2026-09-30T18:33:19.444+00:00,3.210000,0.633000,5.047000,power1_input=3210000uW curr1_input=633mA in1_input=5047mV
2026-09-30T18:34:14+00:00,2d280c7862041cee1dd36a2ac164af8b7f9dcec3,False,2023.1,,ZynqMP KV260 revB machine-id:a435d1c5,,all,,hw,,,,kria,not read (sensor only),2d280c7862041cee1dd36a2ac164af8b7f9dcec3,,,,sensor_only,1,True,,performance,1333333,"0,1,2",,no-overlay idle reference (before any bitstream load),SOM-rail power (INA260),VCC_SOM,hwmon,/sys/class/hwmon/hwmon2 name=ina260_u14,"{""update_interval_ms"": ""not exposed""}",10.000,9.984,0.2793,0,0,sample_only,329.662051,65.210267,1790793199.544454,2026-09-30T18:33:19.544+00:00,3.210000,0.637000,5.045000,power1_input=3210000uW curr1_input=637mA in1_input=5045mV
2026-09-30T18:34:14+00:00,2d280c7862041cee1dd36a2ac164af8b7f9dcec3,False,2023.1,,ZynqMP KV260 revB machine-id:a435d1c5,,all,,hw,,,,kria,not read (sensor only),2d280c7862041cee1dd36a2ac164af8b7f9dcec3,,,,sensor_only,1,True,,performance,1333333,"0,1,2",,no-overlay idle reference (before any bitstream load),SOM-rail power (INA260),VCC_SOM,hwmon,/sys/class/hwmon/hwmon2 name=ina260_u14,"{""update_interval_ms"": ""not exposed""}",10.000,9.984,0.2793,0,0,sample_only,329.762092,65.310308,1790793199.644495,2026-09-30T18:33:19.644+00:00,3.200000,0.633000,5.047000,power1_input=3200000uW curr1_input=633mA in1_input=5047mV
2026-09-30T18:34:14+00:00,2d280c7862041cee1dd36a2ac164af8b7f9dcec3,False,2023.1,,ZynqMP KV260 revB machine-id:a435d1c5,,all,,hw,,,,kria,not read (sensor only),2d280c7862041cee1dd36a2ac164af8b7f9dcec3,,,,sensor_only,1,True,,performance,1333333,"0,1,2",,no-overlay idle reference (before any bitstream load),SOM-rail power (INA260),VCC_SOM,hwmon,/sys/class/hwmon/hwmon2 name=ina260_u14,"{""update_interval_ms"": ""not exposed""}",10.000,9.984,0.2793,0,0,sample_only,329.862061,65.410278,1790793199.744464,2026-09-30T18:33:19.744+00:00,3.210000,0.640000,5.046000,power1_input=3210000uW curr1_input=640mA in1_input=5046mV
2026-09-30T18:34:14+00:00,2d280c7862041cee1dd36a2ac164af8b7f9dcec3,False,2023.1,,ZynqMP KV260 revB machine-id:a435d1c5,,all,,hw,,,,kria,not read (sensor only),2d280c7862041cee1dd36a2ac164af8b7f9dcec3,,,,sensor_only,1,True,,performance,1333333,"0,1,2",,no-overlay idle reference (before any bitstream load),SOM-rail power (INA260),VCC_SOM,hwmon,/sys/class/hwmon/hwmon2 name=ina260_u14,"{""update_interval_ms"": ""not exposed""}",10.000,9.984,0.2793,0,0,sample_only,329.962048,65.510264,1790793199.844451,2026-09-30T18:33:19.844+00:00,3.210000,0.636000,5.047000,power1_input=3210000uW curr1_input=636mA in1_input=5047mV
2026-09-30T18:34:14+00:00,2d280c7862041cee1dd36a2ac164af8b7f9dcec3,False,2023.1,,ZynqMP KV260 revB machine-id:a435d1c5,,all,,hw,,,,kria,not read (sensor only),2d280c7862041cee1dd36a2ac164af8b7f9dcec3,,,,sensor_only,1,True,,performance,1333333,"0,1,2",,no-overlay idle reference (before any bitstream load),SOM-rail power (INA260),VCC_SOM,hwmon,/sys/class/hwmon/hwmon2 name=ina260_u14,"{""update_interval_ms"": ""not exposed""}",10.000,9.984,0.2793,0,0,sample_only,330.062090,65.610307,1790793199.944493,2026-09-30T18:33:19.944+00:00,3.200000,0.635000,5.046000,power1_input=3200000uW curr1_input=635mA in1_input=5046mV
2026-09-30T18:34:14+00:00,2d280c7862041cee1dd36a2ac164af8b7f9dcec3,False,2023.1,,ZynqMP KV260 revB machine-id:a435d1c5,,all,,hw,,,,kria,not read (sensor only),2d280c7862041cee1dd36a2ac164af8b7f9dcec3,,,,sensor_only,1,True,,performance,1333333,"0,1,2",,no-overlay idle reference (before any bitstream load),SOM-rail power (INA260),VCC_SOM,hwmon,/sys/class/hwmon/hwmon2 name=ina260_u14,"{""update_interval_ms"": ""not exposed""}",10.000,9.984,0.2793,0,0,sample_only,330.162095,65.710312,1790793200.044499,2026-09-30T18:33:20.044+00:00,3.200000,0.635000,5.047000,power1_input=3200000uW curr1_input=635mA in1_input=5047mV
2026-09-30T18:34:14+00:00,2d280c7862041cee1dd36a2ac164af8b7f9dcec3,False,2023.1,,ZynqMP KV260 revB machine-id:a435d1c5,,all,,hw,,,,kria,not read (sensor only),2d280c7862041cee1dd36a2ac164af8b7f9dcec3,,,,sensor_only,1,True,,performance,1333333,"0,1,2",,no-overlay idle reference (before any bitstream load),SOM-rail power (INA260),VCC_SOM,hwmon,/sys/class/hwmon/hwmon2 name=ina260_u14,"{""update_interval_ms"": ""not exposed""}",10.000,9.984,0.2793,0,0,sample_only,330.262090,65.810306,1790793200.144493,2026-09-30T18:33:20.144+00:00,3.190000,0.633000,5.047000,power1_input=3190000uW curr1_input=633mA in1_input=5047mV
2026-09-30T18:34:14+00:00,2d280c7862041cee1dd36a2ac164af8b7f9dcec3,False,2023.1,,ZynqMP KV260 revB machine-id:a435d1c5,,all,,hw,,,,kria,not read (sensor only),2d280c7862041cee1dd36a2ac164af8b7f9dcec3,,,,sensor_only,1,True,,performance,1333333,"0,1,2",,no-overlay idle reference (before any bitstream load),SOM-rail power (INA260),VCC_SOM,hwmon,/sys/class/hwmon/hwmon2 name=ina260_u14,"{""update_interval_ms"": ""not exposed""}",10.000,9.984,0.2793,0,0,sample_only,330.362048,65.910264,1790793200.244451,2026-09-30T18:33:20.244+00:00,3.210000,0.636000,5.046000,power1_input=3210000uW curr1_input=636mA in1_input=5046mV
2026-09-30T18:34:14+00:00,2d280c7862041cee1dd36a2ac164af8b7f9dcec3,False,2023.1,,ZynqMP KV260 revB machine-id:a435d1c5,,all,,hw,,,,kria,not read (sensor only),2d280c7862041cee1dd36a2ac164af8b7f9dcec3,,,,sensor_only,1,True,,performance,1333333,"0,1,2",,no-overlay idle reference (before any bitstream load),SOM-rail power (INA260),VCC_SOM,hwmon,/sys/class/hwmon/hwmon2 name=ina260_u14,"{""update_interval_ms"": ""not exposed""}",10.000,9.984,0.2793,0,0,sample_only,330.462041,66.010258,1790793200.344445,2026-09-30T18:33:20.344+00:00,3.210000,0.635000,5.047000,power1_input=3210000uW curr1_input=635mA in1_input=5047mV
2026-09-30T18:34:14+00:00,2d280c7862041cee1dd36a2ac164af8b7f9dcec3,False,2023.1,,ZynqMP KV260 revB machine-id:a435d1c5,,all,,hw,,,,kria,not read (sensor only),2d280c7862041cee1dd36a2ac164af8b7f9dcec3,,,,sensor_only,1,True,,performance,1333333,"0,1,2",,no-overlay idle reference (before any bitstream load),SOM-rail power (INA260),VCC_SOM,hwmon,/sys/class/hwmon/hwmon2 name=ina260_u14,"{""update_interval_ms"": ""not exposed""}",10.000,9.984,0.2793,0,0,sample_only,330.562161,66.110377,1790793200.444565,2026-09-30T18:33:20.444+00:00,3.230000,0.637000,5.047000,power1_input=3230000uW curr1_input=637mA in1_input=5047mV
2026-09-30T18:34:14+00:00,2d280c7862041cee1dd36a2ac164af8b7f9dcec3,False,2023.1,,ZynqMP KV260 revB machine-id:a435d1c5,,all,,hw,,,,kria,not read (sensor only),2d280c7862041cee1dd36a2ac164af8b7f9dcec3,,,,sensor_only,1,True,,performance,1333333,"0,1,2",,no-overlay idle reference (before any bitstream load),SOM-rail power (INA260),VCC_SOM,hwmon,/sys/class/hwmon/hwmon2 name=ina260_u14,"{""update_interval_ms"": ""not exposed""}",10.000,9.984,0.2793,0,0,sample_only,330.662077,66.210293,1790793200.544481,2026-09-30T18:33:20.544+00:00,3.210000,0.636000,5.047000,power1_input=3210000uW curr1_input=636mA in1_input=5047mV
2026-09-30T18:34:14+00:00,2d280c7862041cee1dd36a2ac164af8b7f9dcec3,False,2023.1,,ZynqMP KV260 revB machine-id:a435d1c5,,all,,hw,,,,kria,not read (sensor only),2d280c7862041cee1dd36a2ac164af8b7f9dcec3,,,,sensor_only,1,True,,performance,1333333,"0,1,2",,no-overlay idle reference (before any bitstream load),SOM-rail power (INA260),VCC_SOM,hwmon,/sys/class/hwmon/hwmon2 name=ina260_u14,"{""update_interval_ms"": ""not exposed""}",10.000,9.984,0.2793,0,0,sample_only,330.762047,66.310264,1790793200.644451,2026-09-30T18:33:20.644+00:00,3.220000,0.637000,5.047000,power1_input=3220000uW curr1_input=637mA in1_input=5047mV
2026-09-30T18:34:14+00:00,2d280c7862041cee1dd36a2ac164af8b7f9dcec3,False,2023.1,,ZynqMP KV260 revB machine-id:a435d1c5,,all,,hw,,,,kria,not read (sensor only),2d280c7862041cee1dd36a2ac164af8b7f9dcec3,,,,sensor_only,1,True,,performance,1333333,"0,1,2",,no-overlay idle reference (before any bitstream load),SOM-rail power (INA260),VCC_SOM,hwmon,/sys/class/hwmon/hwmon2 name=ina260_u14,"{""update_interval_ms"": ""not exposed""}",10.000,9.984,0.2793,0,0,sample_only,330.862060,66.410276,1790793200.744463,2026-09-30T18:33:20.744+00:00,3.230000,0.648000,5.046000,power1_input=3230000uW curr1_input=648mA in1_input=5046mV
2026-09-30T18:34:14+00:00,2d280c7862041cee1dd36a2ac164af8b7f9dcec3,False,2023.1,,ZynqMP KV260 revB machine-id:a435d1c5,,all,,hw,,,,kria,not read (sensor only),2d280c7862041cee1dd36a2ac164af8b7f9dcec3,,,,sensor_only,1,True,,performance,1333333,"0,1,2",,no-overlay idle reference (before any bitstream load),SOM-rail power (INA260),VCC_SOM,hwmon,/sys/class/hwmon/hwmon2 name=ina260_u14,"{""update_interval_ms"": ""not exposed""}",10.000,9.984,0.2793,0,0,sample_only,330.962045,66.510261,1790793200.844448,2026-09-30T18:33:20.844+00:00,3.210000,0.636000,5.047000,power1_input=3210000uW curr1_input=636mA in1_input=5047mV
2026-09-30T18:34:14+00:00,2d280c7862041cee1dd36a2ac164af8b7f9dcec3,False,2023.1,,ZynqMP KV260 revB machine-id:a435d1c5,,all,,hw,,,,kria,not read (sensor only),2d280c7862041cee1dd36a2ac164af8b7f9dcec3,,,,sensor_only,1,True,,performance,1333333,"0,1,2",,no-overlay idle reference (before any bitstream load),SOM-rail power (INA260),VCC_SOM,hwmon,/sys/class/hwmon/hwmon2 name=ina260_u14,"{""update_interval_ms"": ""not exposed""}",10.000,9.984,0.2793,0,0,sample_only,331.062044,66.610260,1790793200.944447,2026-09-30T18:33:20.944+00:00,3.220000,0.637000,5.047000,power1_input=3220000uW curr1_input=637mA in1_input=5047mV
2026-09-30T18:34:14+00:00,2d280c7862041cee1dd36a2ac164af8b7f9dcec3,False,2023.1,,ZynqMP KV260 revB machine-id:a435d1c5,,all,,hw,,,,kria,not read (sensor only),2d280c7862041cee1dd36a2ac164af8b7f9dcec3,,,,sensor_only,1,True,,performance,1333333,"0,1,2",,no-overlay idle reference (before any bitstream load),SOM-rail power (INA260),VCC_SOM,hwmon,/sys/class/hwmon/hwmon2 name=ina260_u14,"{""update_interval_ms"": ""not exposed""}",10.000,9.984,0.2793,0,0,sample_only,331.162091,66.710307,1790793201.044494,2026-09-30T18:33:21.044+00:00,3.210000,0.636000,5.046000,power1_input=3210000uW curr1_input=636mA in1_input=5046mV
2026-09-30T18:34:14+00:00,2d280c7862041cee1dd36a2ac164af8b7f9dcec3,False,2023.1,,ZynqMP KV260 revB machine-id:a435d1c5,,all,,hw,,,,kria,not read (sensor only),2d280c7862041cee1dd36a2ac164af8b7f9dcec3,,,,sensor_only,1,True,,performance,1333333,"0,1,2",,no-overlay idle reference (before any bitstream load),SOM-rail power (INA260),VCC_SOM,hwmon,/sys/class/hwmon/hwmon2 name=ina260_u14,"{""update_interval_ms"": ""not exposed""}",10.000,9.984,0.2793,0,0,sample_only,331.262041,66.810257,1790793201.144444,2026-09-30T18:33:21.144+00:00,3.210000,0.636000,5.046000,power1_input=3210000uW curr1_input=636mA in1_input=5046mV
2026-09-30T18:34:14+00:00,2d280c7862041cee1dd36a2ac164af8b7f9dcec3,False,2023.1,,ZynqMP KV260 revB machine-id:a435d1c5,,all,,hw,,,,kria,not read (sensor only),2d280c7862041cee1dd36a2ac164af8b7f9dcec3,,,,sensor_only,1,True,,performance,1333333,"0,1,2",,no-overlay idle reference (before any bitstream load),SOM-rail power (INA260),VCC_SOM,hwmon,/sys/class/hwmon/hwmon2 name=ina260_u14,"{""update_interval_ms"": ""not exposed""}",10.000,9.984,0.2793,0,0,sample_only,331.362052,66.910268,1790793201.244455,2026-09-30T18:33:21.244+00:00,3.200000,0.633000,5.046000,power1_input=3200000uW curr1_input=633mA in1_input=5046mV
2026-09-30T18:34:14+00:00,2d280c7862041cee1dd36a2ac164af8b7f9dcec3,False,2023.1,,ZynqMP KV260 revB machine-id:a435d1c5,,all,,hw,,,,kria,not read (sensor only),2d280c7862041cee1dd36a2ac164af8b7f9dcec3,,,,sensor_only,1,True,,performance,1333333,"0,1,2",,no-overlay idle reference (before any bitstream load),SOM-rail power (INA260),VCC_SOM,hwmon,/sys/class/hwmon/hwmon2 name=ina260_u14,"{""update_interval_ms"": ""not exposed""}",10.000,9.984,0.2793,0,0,sample_only,331.462044,67.010260,1790793201.344447,2026-09-30T18:33:21.344+00:00,3.210000,0.636000,5.047000,power1_input=3210000uW curr1_input=636mA in1_input=5047mV
2026-09-30T18:34:14+00:00,2d280c7862041cee1dd36a2ac164af8b7f9dcec3,False,2023.1,,ZynqMP KV260 revB machine-id:a435d1c5,,all,,hw,,,,kria,not read (sensor only),2d280c7862041cee1dd36a2ac164af8b7f9dcec3,,,,sensor_only,1,True,,performance,1333333,"0,1,2",,no-overlay idle reference (before any bitstream load),SOM-rail power (INA260),VCC_SOM,hwmon,/sys/class/hwmon/hwmon2 name=ina260_u14,"{""update_interval_ms"": ""not exposed""}",10.000,9.984,0.2793,0,0,sample_only,331.562042,67.110259,1790793201.444445,2026-09-30T18:33:21.444+00:00,3.220000,0.636000,5.047000,power1_input=3220000uW curr1_input=636mA in1_input=5047mV
2026-09-30T18:34:14+00:00,2d280c7862041cee1dd36a2ac164af8b7f9dcec3,False,2023.1,,ZynqMP KV260 revB machine-id:a435d1c5,,all,,hw,,,,kria,not read (sensor only),2d280c7862041cee1dd36a2ac164af8b7f9dcec3,,,,sensor_only,1,True,,performance,1333333,"0,1,2",,no-overlay idle reference (before any bitstream load),SOM-rail power (INA260),VCC_SOM,hwmon,/sys/class/hwmon/hwmon2 name=ina260_u14,"{""update_interval_ms"": ""not exposed""}",10.000,9.984,0.2793,0,0,sample_only,331.662047,67.210263,1790793201.544450,2026-09-30T18:33:21.544+00:00,3.200000,0.635000,5.047000,power1_input=3200000uW curr1_input=635mA in1_input=5047mV
2026-09-30T18:34:14+00:00,2d280c7862041cee1dd36a2ac164af8b7f9dcec3,False,2023.1,,ZynqMP KV260 revB machine-id:a435d1c5,,all,,hw,,,,kria,not read (sensor only),2d280c7862041cee1dd36a2ac164af8b7f9dcec3,,,,sensor_only,1,True,,performance,1333333,"0,1,2",,no-overlay idle reference (before any bitstream load),SOM-rail power (INA260),VCC_SOM,hwmon,/sys/class/hwmon/hwmon2 name=ina260_u14,"{""update_interval_ms"": ""not exposed""}",10.000,9.984,0.2793,0,0,sample_only,331.762040,67.310256,1790793201.644443,2026-09-30T18:33:21.644+00:00,3.220000,0.638000,5.047000,power1_input=3220000uW curr1_input=638mA in1_input=5047mV
2026-09-30T18:34:14+00:00,2d280c7862041cee1dd36a2ac164af8b7f9dcec3,False,2023.1,,ZynqMP KV260 revB machine-id:a435d1c5,,all,,hw,,,,kria,not read (sensor only),2d280c7862041cee1dd36a2ac164af8b7f9dcec3,,,,sensor_only,1,True,,performance,1333333,"0,1,2",,no-overlay idle reference (before any bitstream load),SOM-rail power (INA260),VCC_SOM,hwmon,/sys/class/hwmon/hwmon2 name=ina260_u14,"{""update_interval_ms"": ""not exposed""}",10.000,9.984,0.2793,0,0,sample_only,331.862077,67.410293,1790793201.744481,2026-09-30T18:33:21.744+00:00,3.210000,0.636000,5.046000,power1_input=3210000uW curr1_input=636mA in1_input=5046mV
2026-09-30T18:34:14+00:00,2d280c7862041cee1dd36a2ac164af8b7f9dcec3,False,2023.1,,ZynqMP KV260 revB machine-id:a435d1c5,,all,,hw,,,,kria,not read (sensor only),2d280c7862041cee1dd36a2ac164af8b7f9dcec3,,,,sensor_only,1,True,,performance,1333333,"0,1,2",,no-overlay idle reference (before any bitstream load),SOM-rail power (INA260),VCC_SOM,hwmon,/sys/class/hwmon/hwmon2 name=ina260_u14,"{""update_interval_ms"": ""not exposed""}",10.000,9.984,0.2793,0,0,sample_only,331.962059,67.510276,1790793201.844463,2026-09-30T18:33:21.844+00:00,3.200000,0.633000,5.047000,power1_input=3200000uW curr1_input=633mA in1_input=5047mV
2026-09-30T18:34:14+00:00,2d280c7862041cee1dd36a2ac164af8b7f9dcec3,False,2023.1,,ZynqMP KV260 revB machine-id:a435d1c5,,all,,hw,,,,kria,not read (sensor only),2d280c7862041cee1dd36a2ac164af8b7f9dcec3,,,,sensor_only,1,True,,performance,1333333,"0,1,2",,no-overlay idle reference (before any bitstream load),SOM-rail power (INA260),VCC_SOM,hwmon,/sys/class/hwmon/hwmon2 name=ina260_u14,"{""update_interval_ms"": ""not exposed""}",10.000,9.984,0.2793,0,0,sample_only,332.062055,67.610271,1790793201.944458,2026-09-30T18:33:21.944+00:00,3.230000,0.640000,5.047000,power1_input=3230000uW curr1_input=640mA in1_input=5047mV
2026-09-30T18:34:14+00:00,2d280c7862041cee1dd36a2ac164af8b7f9dcec3,False,2023.1,,ZynqMP KV260 revB machine-id:a435d1c5,,all,,hw,,,,kria,not read (sensor only),2d280c7862041cee1dd36a2ac164af8b7f9dcec3,,,,sensor_only,1,True,,performance,1333333,"0,1,2",,no-overlay idle reference (before any bitstream load),SOM-rail power (INA260),VCC_SOM,hwmon,/sys/class/hwmon/hwmon2 name=ina260_u14,"{""update_interval_ms"": ""not exposed""}",10.000,9.984,0.2793,0,0,sample_only,332.162094,67.710310,1790793202.044497,2026-09-30T18:33:22.044+00:00,3.200000,0.633000,5.047000,power1_input=3200000uW curr1_input=633mA in1_input=5047mV
2026-09-30T18:34:14+00:00,2d280c7862041cee1dd36a2ac164af8b7f9dcec3,False,2023.1,,ZynqMP KV260 revB machine-id:a435d1c5,,all,,hw,,,,kria,not read (sensor only),2d280c7862041cee1dd36a2ac164af8b7f9dcec3,,,,sensor_only,1,True,,performance,1333333,"0,1,2",,no-overlay idle reference (before any bitstream load),SOM-rail power (INA260),VCC_SOM,hwmon,/sys/class/hwmon/hwmon2 name=ina260_u14,"{""update_interval_ms"": ""not exposed""}",10.000,9.984,0.2793,0,0,sample_only,332.262048,67.810264,1790793202.144451,2026-09-30T18:33:22.144+00:00,3.210000,0.636000,5.047000,power1_input=3210000uW curr1_input=636mA in1_input=5047mV
2026-09-30T18:34:14+00:00,2d280c7862041cee1dd36a2ac164af8b7f9dcec3,False,2023.1,,ZynqMP KV260 revB machine-id:a435d1c5,,all,,hw,,,,kria,not read (sensor only),2d280c7862041cee1dd36a2ac164af8b7f9dcec3,,,,sensor_only,1,True,,performance,1333333,"0,1,2",,no-overlay idle reference (before any bitstream load),SOM-rail power (INA260),VCC_SOM,hwmon,/sys/class/hwmon/hwmon2 name=ina260_u14,"{""update_interval_ms"": ""not exposed""}",10.000,9.984,0.2793,0,0,sample_only,332.362090,67.910306,1790793202.244493,2026-09-30T18:33:22.244+00:00,3.220000,0.638000,5.047000,power1_input=3220000uW curr1_input=638mA in1_input=5047mV
2026-09-30T18:34:14+00:00,2d280c7862041cee1dd36a2ac164af8b7f9dcec3,False,2023.1,,ZynqMP KV260 revB machine-id:a435d1c5,,all,,hw,,,,kria,not read (sensor only),2d280c7862041cee1dd36a2ac164af8b7f9dcec3,,,,sensor_only,1,True,,performance,1333333,"0,1,2",,no-overlay idle reference (before any bitstream load),SOM-rail power (INA260),VCC_SOM,hwmon,/sys/class/hwmon/hwmon2 name=ina260_u14,"{""update_interval_ms"": ""not exposed""}",10.000,9.984,0.2793,0,0,sample_only,332.462046,68.010263,1790793202.344450,2026-09-30T18:33:22.344+00:00,3.210000,0.636000,5.047000,power1_input=3210000uW curr1_input=636mA in1_input=5047mV
2026-09-30T18:34:14+00:00,2d280c7862041cee1dd36a2ac164af8b7f9dcec3,False,2023.1,,ZynqMP KV260 revB machine-id:a435d1c5,,all,,hw,,,,kria,not read (sensor only),2d280c7862041cee1dd36a2ac164af8b7f9dcec3,,,,sensor_only,1,True,,performance,1333333,"0,1,2",,no-overlay idle reference (before any bitstream load),SOM-rail power (INA260),VCC_SOM,hwmon,/sys/class/hwmon/hwmon2 name=ina260_u14,"{""update_interval_ms"": ""not exposed""}",10.000,9.984,0.2793,0,0,sample_only,332.562087,68.110303,1790793202.444490,2026-09-30T18:33:22.444+00:00,3.200000,0.637000,5.046000,power1_input=3200000uW curr1_input=637mA in1_input=5046mV
2026-09-30T18:34:14+00:00,2d280c7862041cee1dd36a2ac164af8b7f9dcec3,False,2023.1,,ZynqMP KV260 revB machine-id:a435d1c5,,all,,hw,,,,kria,not read (sensor only),2d280c7862041cee1dd36a2ac164af8b7f9dcec3,,,,sensor_only,1,True,,performance,1333333,"0,1,2",,no-overlay idle reference (before any bitstream load),SOM-rail power (INA260),VCC_SOM,hwmon,/sys/class/hwmon/hwmon2 name=ina260_u14,"{""update_interval_ms"": ""not exposed""}",10.000,9.984,0.2793,0,0,sample_only,332.662043,68.210259,1790793202.544446,2026-09-30T18:33:22.544+00:00,3.210000,0.636000,5.047000,power1_input=3210000uW curr1_input=636mA in1_input=5047mV
2026-09-30T18:34:14+00:00,2d280c7862041cee1dd36a2ac164af8b7f9dcec3,False,2023.1,,ZynqMP KV260 revB machine-id:a435d1c5,,all,,hw,,,,kria,not read (sensor only),2d280c7862041cee1dd36a2ac164af8b7f9dcec3,,,,sensor_only,1,True,,performance,1333333,"0,1,2",,no-overlay idle reference (before any bitstream load),SOM-rail power (INA260),VCC_SOM,hwmon,/sys/class/hwmon/hwmon2 name=ina260_u14,"{""update_interval_ms"": ""not exposed""}",10.000,9.984,0.2793,0,0,sample_only,332.762088,68.310305,1790793202.644491,2026-09-30T18:33:22.644+00:00,3.200000,0.635000,5.047000,power1_input=3200000uW curr1_input=635mA in1_input=5047mV
2026-09-30T18:34:14+00:00,2d280c7862041cee1dd36a2ac164af8b7f9dcec3,False,2023.1,,ZynqMP KV260 revB machine-id:a435d1c5,,all,,hw,,,,kria,not read (sensor only),2d280c7862041cee1dd36a2ac164af8b7f9dcec3,,,,sensor_only,1,True,,performance,1333333,"0,1,2",,no-overlay idle reference (before any bitstream load),SOM-rail power (INA260),VCC_SOM,hwmon,/sys/class/hwmon/hwmon2 name=ina260_u14,"{""update_interval_ms"": ""not exposed""}",10.000,9.984,0.2793,0,0,sample_only,332.862103,68.410319,1790793202.744506,2026-09-30T18:33:22.744+00:00,3.210000,0.636000,5.046000,power1_input=3210000uW curr1_input=636mA in1_input=5046mV
2026-09-30T18:34:14+00:00,2d280c7862041cee1dd36a2ac164af8b7f9dcec3,False,2023.1,,ZynqMP KV260 revB machine-id:a435d1c5,,all,,hw,,,,kria,not read (sensor only),2d280c7862041cee1dd36a2ac164af8b7f9dcec3,,,,sensor_only,1,True,,performance,1333333,"0,1,2",,no-overlay idle reference (before any bitstream load),SOM-rail power (INA260),VCC_SOM,hwmon,/sys/class/hwmon/hwmon2 name=ina260_u14,"{""update_interval_ms"": ""not exposed""}",10.000,9.984,0.2793,0,0,sample_only,332.962094,68.510310,1790793202.844497,2026-09-30T18:33:22.844+00:00,3.210000,0.636000,5.047000,power1_input=3210000uW curr1_input=636mA in1_input=5047mV
2026-09-30T18:34:14+00:00,2d280c7862041cee1dd36a2ac164af8b7f9dcec3,False,2023.1,,ZynqMP KV260 revB machine-id:a435d1c5,,all,,hw,,,,kria,not read (sensor only),2d280c7862041cee1dd36a2ac164af8b7f9dcec3,,,,sensor_only,1,True,,performance,1333333,"0,1,2",,no-overlay idle reference (before any bitstream load),SOM-rail power (INA260),VCC_SOM,hwmon,/sys/class/hwmon/hwmon2 name=ina260_u14,"{""update_interval_ms"": ""not exposed""}",10.000,9.984,0.2793,0,0,sample_only,333.062054,68.610271,1790793202.944458,2026-09-30T18:33:22.944+00:00,3.200000,0.635000,5.047000,power1_input=3200000uW curr1_input=635mA in1_input=5047mV
2026-09-30T18:34:14+00:00,2d280c7862041cee1dd36a2ac164af8b7f9dcec3,False,2023.1,,ZynqMP KV260 revB machine-id:a435d1c5,,all,,hw,,,,kria,not read (sensor only),2d280c7862041cee1dd36a2ac164af8b7f9dcec3,,,,sensor_only,1,True,,performance,1333333,"0,1,2",,no-overlay idle reference (before any bitstream load),SOM-rail power (INA260),VCC_SOM,hwmon,/sys/class/hwmon/hwmon2 name=ina260_u14,"{""update_interval_ms"": ""not exposed""}",10.000,9.984,0.2793,0,0,sample_only,333.162062,68.710278,1790793203.044465,2026-09-30T18:33:23.044+00:00,3.220000,0.637000,5.046000,power1_input=3220000uW curr1_input=637mA in1_input=5046mV
2026-09-30T18:34:14+00:00,2d280c7862041cee1dd36a2ac164af8b7f9dcec3,False,2023.1,,ZynqMP KV260 revB machine-id:a435d1c5,,all,,hw,,,,kria,not read (sensor only),2d280c7862041cee1dd36a2ac164af8b7f9dcec3,,,,sensor_only,1,True,,performance,1333333,"0,1,2",,no-overlay idle reference (before any bitstream load),SOM-rail power (INA260),VCC_SOM,hwmon,/sys/class/hwmon/hwmon2 name=ina260_u14,"{""update_interval_ms"": ""not exposed""}",10.000,9.984,0.2793,0,0,sample_only,333.262050,68.810266,1790793203.144453,2026-09-30T18:33:23.144+00:00,3.230000,0.637000,5.047000,power1_input=3230000uW curr1_input=637mA in1_input=5047mV
2026-09-30T18:34:14+00:00,2d280c7862041cee1dd36a2ac164af8b7f9dcec3,False,2023.1,,ZynqMP KV260 revB machine-id:a435d1c5,,all,,hw,,,,kria,not read (sensor only),2d280c7862041cee1dd36a2ac164af8b7f9dcec3,,,,sensor_only,1,True,,performance,1333333,"0,1,2",,no-overlay idle reference (before any bitstream load),SOM-rail power (INA260),VCC_SOM,hwmon,/sys/class/hwmon/hwmon2 name=ina260_u14,"{""update_interval_ms"": ""not exposed""}",10.000,9.984,0.2793,0,0,sample_only,333.362046,68.910262,1790793203.244449,2026-09-30T18:33:23.244+00:00,3.230000,0.640000,5.046000,power1_input=3230000uW curr1_input=640mA in1_input=5046mV
2026-09-30T18:34:14+00:00,2d280c7862041cee1dd36a2ac164af8b7f9dcec3,False,2023.1,,ZynqMP KV260 revB machine-id:a435d1c5,,all,,hw,,,,kria,not read (sensor only),2d280c7862041cee1dd36a2ac164af8b7f9dcec3,,,,sensor_only,1,True,,performance,1333333,"0,1,2",,no-overlay idle reference (before any bitstream load),SOM-rail power (INA260),VCC_SOM,hwmon,/sys/class/hwmon/hwmon2 name=ina260_u14,"{""update_interval_ms"": ""not exposed""}",10.000,9.984,0.2793,0,0,sample_only,333.462121,69.010337,1790793203.344525,2026-09-30T18:33:23.344+00:00,3.220000,0.637000,5.047000,power1_input=3220000uW curr1_input=637mA in1_input=5047mV
2026-09-30T18:34:14+00:00,2d280c7862041cee1dd36a2ac164af8b7f9dcec3,False,2023.1,,ZynqMP KV260 revB machine-id:a435d1c5,,all,,hw,,,,kria,not read (sensor only),2d280c7862041cee1dd36a2ac164af8b7f9dcec3,,,,sensor_only,1,True,,performance,1333333,"0,1,2",,no-overlay idle reference (before any bitstream load),SOM-rail power (INA260),VCC_SOM,hwmon,/sys/class/hwmon/hwmon2 name=ina260_u14,"{""update_interval_ms"": ""not exposed""}",10.000,9.984,0.2793,0,0,sample_only,333.562057,69.110273,1790793203.444460,2026-09-30T18:33:23.444+00:00,3.210000,0.641000,5.047000,power1_input=3210000uW curr1_input=641mA in1_input=5047mV
2026-09-30T18:34:14+00:00,2d280c7862041cee1dd36a2ac164af8b7f9dcec3,False,2023.1,,ZynqMP KV260 revB machine-id:a435d1c5,,all,,hw,,,,kria,not read (sensor only),2d280c7862041cee1dd36a2ac164af8b7f9dcec3,,,,sensor_only,1,True,,performance,1333333,"0,1,2",,no-overlay idle reference (before any bitstream load),SOM-rail power (INA260),VCC_SOM,hwmon,/sys/class/hwmon/hwmon2 name=ina260_u14,"{""update_interval_ms"": ""not exposed""}",10.000,9.984,0.2793,0,0,sample_only,333.662056,69.210272,1790793203.544460,2026-09-30T18:33:23.544+00:00,3.210000,0.636000,5.047000,power1_input=3210000uW curr1_input=636mA in1_input=5047mV
2026-09-30T18:34:14+00:00,2d280c7862041cee1dd36a2ac164af8b7f9dcec3,False,2023.1,,ZynqMP KV260 revB machine-id:a435d1c5,,all,,hw,,,,kria,not read (sensor only),2d280c7862041cee1dd36a2ac164af8b7f9dcec3,,,,sensor_only,1,True,,performance,1333333,"0,1,2",,no-overlay idle reference (before any bitstream load),SOM-rail power (INA260),VCC_SOM,hwmon,/sys/class/hwmon/hwmon2 name=ina260_u14,"{""update_interval_ms"": ""not exposed""}",10.000,9.984,0.2793,0,0,sample_only,333.762043,69.310259,1790793203.644446,2026-09-30T18:33:23.644+00:00,3.200000,0.635000,5.046000,power1_input=3200000uW curr1_input=635mA in1_input=5046mV
2026-09-30T18:34:14+00:00,2d280c7862041cee1dd36a2ac164af8b7f9dcec3,False,2023.1,,ZynqMP KV260 revB machine-id:a435d1c5,,all,,hw,,,,kria,not read (sensor only),2d280c7862041cee1dd36a2ac164af8b7f9dcec3,,,,sensor_only,1,True,,performance,1333333,"0,1,2",,no-overlay idle reference (before any bitstream load),SOM-rail power (INA260),VCC_SOM,hwmon,/sys/class/hwmon/hwmon2 name=ina260_u14,"{""update_interval_ms"": ""not exposed""}",10.000,9.984,0.2793,0,0,sample_only,333.862058,69.410274,1790793203.744461,2026-09-30T18:33:23.744+00:00,3.200000,0.635000,5.047000,power1_input=3200000uW curr1_input=635mA in1_input=5047mV
2026-09-30T18:34:14+00:00,2d280c7862041cee1dd36a2ac164af8b7f9dcec3,False,2023.1,,ZynqMP KV260 revB machine-id:a435d1c5,,all,,hw,,,,kria,not read (sensor only),2d280c7862041cee1dd36a2ac164af8b7f9dcec3,,,,sensor_only,1,True,,performance,1333333,"0,1,2",,no-overlay idle reference (before any bitstream load),SOM-rail power (INA260),VCC_SOM,hwmon,/sys/class/hwmon/hwmon2 name=ina260_u14,"{""update_interval_ms"": ""not exposed""}",10.000,9.984,0.2793,0,0,sample_only,333.962044,69.510260,1790793203.844447,2026-09-30T18:33:23.844+00:00,3.210000,0.635000,5.047000,power1_input=3210000uW curr1_input=635mA in1_input=5047mV
2026-09-30T18:34:14+00:00,2d280c7862041cee1dd36a2ac164af8b7f9dcec3,False,2023.1,,ZynqMP KV260 revB machine-id:a435d1c5,,all,,hw,,,,kria,not read (sensor only),2d280c7862041cee1dd36a2ac164af8b7f9dcec3,,,,sensor_only,1,True,,performance,1333333,"0,1,2",,no-overlay idle reference (before any bitstream load),SOM-rail power (INA260),VCC_SOM,hwmon,/sys/class/hwmon/hwmon2 name=ina260_u14,"{""update_interval_ms"": ""not exposed""}",10.000,9.984,0.2793,0,0,sample_only,334.062043,69.610260,1790793203.944447,2026-09-30T18:33:23.944+00:00,3.210000,0.636000,5.047000,power1_input=3210000uW curr1_input=636mA in1_input=5047mV
2026-09-30T18:34:14+00:00,2d280c7862041cee1dd36a2ac164af8b7f9dcec3,False,2023.1,,ZynqMP KV260 revB machine-id:a435d1c5,,all,,hw,,,,kria,not read (sensor only),2d280c7862041cee1dd36a2ac164af8b7f9dcec3,,,,sensor_only,1,True,,performance,1333333,"0,1,2",,no-overlay idle reference (before any bitstream load),SOM-rail power (INA260),VCC_SOM,hwmon,/sys/class/hwmon/hwmon2 name=ina260_u14,"{""update_interval_ms"": ""not exposed""}",10.000,9.984,0.2793,0,0,sample_only,334.162060,69.710276,1790793204.044463,2026-09-30T18:33:24.044+00:00,3.240000,0.641000,5.047000,power1_input=3240000uW curr1_input=641mA in1_input=5047mV
2026-09-30T18:34:14+00:00,2d280c7862041cee1dd36a2ac164af8b7f9dcec3,False,2023.1,,ZynqMP KV260 revB machine-id:a435d1c5,,all,,hw,,,,kria,not read (sensor only),2d280c7862041cee1dd36a2ac164af8b7f9dcec3,,,,sensor_only,1,True,,performance,1333333,"0,1,2",,no-overlay idle reference (before any bitstream load),SOM-rail power (INA260),VCC_SOM,hwmon,/sys/class/hwmon/hwmon2 name=ina260_u14,"{""update_interval_ms"": ""not exposed""}",10.000,9.984,0.2793,0,0,sample_only,334.262050,69.810266,1790793204.144453,2026-09-30T18:33:24.144+00:00,3.210000,0.637000,5.047000,power1_input=3210000uW curr1_input=637mA in1_input=5047mV
2026-09-30T18:34:14+00:00,2d280c7862041cee1dd36a2ac164af8b7f9dcec3,False,2023.1,,ZynqMP KV260 revB machine-id:a435d1c5,,all,,hw,,,,kria,not read (sensor only),2d280c7862041cee1dd36a2ac164af8b7f9dcec3,,,,sensor_only,1,True,,performance,1333333,"0,1,2",,no-overlay idle reference (before any bitstream load),SOM-rail power (INA260),VCC_SOM,hwmon,/sys/class/hwmon/hwmon2 name=ina260_u14,"{""update_interval_ms"": ""not exposed""}",10.000,9.984,0.2793,0,0,sample_only,334.362117,69.910333,1790793204.244521,2026-09-30T18:33:24.244+00:00,3.250000,0.645000,5.047000,power1_input=3250000uW curr1_input=645mA in1_input=5047mV
2026-09-30T18:34:14+00:00,2d280c7862041cee1dd36a2ac164af8b7f9dcec3,False,2023.1,,ZynqMP KV260 revB machine-id:a435d1c5,,all,,hw,,,,kria,not read (sensor only),2d280c7862041cee1dd36a2ac164af8b7f9dcec3,,,,sensor_only,1,True,,performance,1333333,"0,1,2",,no-overlay idle reference (before any bitstream load),SOM-rail power (INA260),VCC_SOM,hwmon,/sys/class/hwmon/hwmon2 name=ina260_u14,"{""update_interval_ms"": ""not exposed""}",10.000,9.984,0.2793,0,0,sample_only,334.462058,70.010274,1790793204.344461,2026-09-30T18:33:24.344+00:00,3.230000,0.640000,5.047000,power1_input=3230000uW curr1_input=640mA in1_input=5047mV
2026-09-30T18:34:14+00:00,2d280c7862041cee1dd36a2ac164af8b7f9dcec3,False,2023.1,,ZynqMP KV260 revB machine-id:a435d1c5,,all,,hw,,,,kria,not read (sensor only),2d280c7862041cee1dd36a2ac164af8b7f9dcec3,,,,sensor_only,1,True,,performance,1333333,"0,1,2",,no-overlay idle reference (before any bitstream load),SOM-rail power (INA260),VCC_SOM,hwmon,/sys/class/hwmon/hwmon2 name=ina260_u14,"{""update_interval_ms"": ""not exposed""}",10.000,9.984,0.2793,0,0,sample_only,334.562048,70.110264,1790793204.444451,2026-09-30T18:33:24.444+00:00,3.210000,0.636000,5.047000,power1_input=3210000uW curr1_input=636mA in1_input=5047mV
2026-09-30T18:34:14+00:00,2d280c7862041cee1dd36a2ac164af8b7f9dcec3,False,2023.1,,ZynqMP KV260 revB machine-id:a435d1c5,,all,,hw,,,,kria,not read (sensor only),2d280c7862041cee1dd36a2ac164af8b7f9dcec3,,,,sensor_only,1,True,,performance,1333333,"0,1,2",,no-overlay idle reference (before any bitstream load),SOM-rail power (INA260),VCC_SOM,hwmon,/sys/class/hwmon/hwmon2 name=ina260_u14,"{""update_interval_ms"": ""not exposed""}",10.000,9.984,0.2793,0,0,sample_only,334.662042,70.210259,1790793204.544446,2026-09-30T18:33:24.544+00:00,3.200000,0.633000,5.046000,power1_input=3200000uW curr1_input=633mA in1_input=5046mV
2026-09-30T18:34:14+00:00,2d280c7862041cee1dd36a2ac164af8b7f9dcec3,False,2023.1,,ZynqMP KV260 revB machine-id:a435d1c5,,all,,hw,,,,kria,not read (sensor only),2d280c7862041cee1dd36a2ac164af8b7f9dcec3,,,,sensor_only,1,True,,performance,1333333,"0,1,2",,no-overlay idle reference (before any bitstream load),SOM-rail power (INA260),VCC_SOM,hwmon,/sys/class/hwmon/hwmon2 name=ina260_u14,"{""update_interval_ms"": ""not exposed""}",10.000,9.984,0.2793,0,0,sample_only,334.762090,70.310306,1790793204.644493,2026-09-30T18:33:24.644+00:00,3.200000,0.635000,5.047000,power1_input=3200000uW curr1_input=635mA in1_input=5047mV
2026-09-30T18:34:14+00:00,2d280c7862041cee1dd36a2ac164af8b7f9dcec3,False,2023.1,,ZynqMP KV260 revB machine-id:a435d1c5,,all,,hw,,,,kria,not read (sensor only),2d280c7862041cee1dd36a2ac164af8b7f9dcec3,,,,sensor_only,1,True,,performance,1333333,"0,1,2",,no-overlay idle reference (before any bitstream load),SOM-rail power (INA260),VCC_SOM,hwmon,/sys/class/hwmon/hwmon2 name=ina260_u14,"{""update_interval_ms"": ""not exposed""}",10.000,9.984,0.2793,0,0,sample_only,334.862118,70.410334,1790793204.744521,2026-09-30T18:33:24.744+00:00,3.210000,0.635000,5.047000,power1_input=3210000uW curr1_input=635mA in1_input=5047mV
2026-09-30T18:34:14+00:00,2d280c7862041cee1dd36a2ac164af8b7f9dcec3,False,2023.1,,ZynqMP KV260 revB machine-id:a435d1c5,,all,,hw,,,,kria,not read (sensor only),2d280c7862041cee1dd36a2ac164af8b7f9dcec3,,,,sensor_only,1,True,,performance,1333333,"0,1,2",,no-overlay idle reference (before any bitstream load),SOM-rail power (INA260),VCC_SOM,hwmon,/sys/class/hwmon/hwmon2 name=ina260_u14,"{""update_interval_ms"": ""not exposed""}",10.000,9.984,0.2793,0,0,sample_only,334.962052,70.510268,1790793204.844455,2026-09-30T18:33:24.844+00:00,3.210000,0.636000,5.046000,power1_input=3210000uW curr1_input=636mA in1_input=5046mV
2026-09-30T18:34:14+00:00,2d280c7862041cee1dd36a2ac164af8b7f9dcec3,False,2023.1,,ZynqMP KV260 revB machine-id:a435d1c5,,all,,hw,,,,kria,not read (sensor only),2d280c7862041cee1dd36a2ac164af8b7f9dcec3,,,,sensor_only,1,True,,performance,1333333,"0,1,2",,no-overlay idle reference (before any bitstream load),SOM-rail power (INA260),VCC_SOM,hwmon,/sys/class/hwmon/hwmon2 name=ina260_u14,"{""update_interval_ms"": ""not exposed""}",10.000,9.984,0.2793,0,0,sample_only,335.062040,70.610257,1790793204.944443,2026-09-30T18:33:24.944+00:00,3.200000,0.633000,5.047000,power1_input=3200000uW curr1_input=633mA in1_input=5047mV
2026-09-30T18:34:14+00:00,2d280c7862041cee1dd36a2ac164af8b7f9dcec3,False,2023.1,,ZynqMP KV260 revB machine-id:a435d1c5,,all,,hw,,,,kria,not read (sensor only),2d280c7862041cee1dd36a2ac164af8b7f9dcec3,,,,sensor_only,1,True,,performance,1333333,"0,1,2",,no-overlay idle reference (before any bitstream load),SOM-rail power (INA260),VCC_SOM,hwmon,/sys/class/hwmon/hwmon2 name=ina260_u14,"{""update_interval_ms"": ""not exposed""}",10.000,9.984,0.2793,0,0,sample_only,335.162094,70.710310,1790793205.044497,2026-09-30T18:33:25.044+00:00,3.200000,0.635000,5.046000,power1_input=3200000uW curr1_input=635mA in1_input=5046mV
2026-09-30T18:34:14+00:00,2d280c7862041cee1dd36a2ac164af8b7f9dcec3,False,2023.1,,ZynqMP KV260 revB machine-id:a435d1c5,,all,,hw,,,,kria,not read (sensor only),2d280c7862041cee1dd36a2ac164af8b7f9dcec3,,,,sensor_only,1,True,,performance,1333333,"0,1,2",,no-overlay idle reference (before any bitstream load),SOM-rail power (INA260),VCC_SOM,hwmon,/sys/class/hwmon/hwmon2 name=ina260_u14,"{""update_interval_ms"": ""not exposed""}",10.000,9.984,0.2793,0,0,sample_only,335.262089,70.810305,1790793205.144492,2026-09-30T18:33:25.144+00:00,3.200000,0.638000,5.046000,power1_input=3200000uW curr1_input=638mA in1_input=5046mV
2026-09-30T18:34:14+00:00,2d280c7862041cee1dd36a2ac164af8b7f9dcec3,False,2023.1,,ZynqMP KV260 revB machine-id:a435d1c5,,all,,hw,,,,kria,not read (sensor only),2d280c7862041cee1dd36a2ac164af8b7f9dcec3,,,,sensor_only,1,True,,performance,1333333,"0,1,2",,no-overlay idle reference (before any bitstream load),SOM-rail power (INA260),VCC_SOM,hwmon,/sys/class/hwmon/hwmon2 name=ina260_u14,"{""update_interval_ms"": ""not exposed""}",10.000,9.984,0.2793,0,0,sample_only,335.362063,70.910279,1790793205.244466,2026-09-30T18:33:25.244+00:00,3.260000,0.645000,5.046000,power1_input=3260000uW curr1_input=645mA in1_input=5046mV
2026-09-30T18:34:14+00:00,2d280c7862041cee1dd36a2ac164af8b7f9dcec3,False,2023.1,,ZynqMP KV260 revB machine-id:a435d1c5,,all,,hw,,,,kria,not read (sensor only),2d280c7862041cee1dd36a2ac164af8b7f9dcec3,,,,sensor_only,1,True,,performance,1333333,"0,1,2",,no-overlay idle reference (before any bitstream load),SOM-rail power (INA260),VCC_SOM,hwmon,/sys/class/hwmon/hwmon2 name=ina260_u14,"{""update_interval_ms"": ""not exposed""}",10.000,9.984,0.2793,0,0,sample_only,335.462054,71.010270,1790793205.344457,2026-09-30T18:33:25.344+00:00,3.210000,0.636000,5.047000,power1_input=3210000uW curr1_input=636mA in1_input=5047mV
2026-09-30T18:34:14+00:00,2d280c7862041cee1dd36a2ac164af8b7f9dcec3,False,2023.1,,ZynqMP KV260 revB machine-id:a435d1c5,,all,,hw,,,,kria,not read (sensor only),2d280c7862041cee1dd36a2ac164af8b7f9dcec3,,,,sensor_only,1,True,,performance,1333333,"0,1,2",,no-overlay idle reference (before any bitstream load),SOM-rail power (INA260),VCC_SOM,hwmon,/sys/class/hwmon/hwmon2 name=ina260_u14,"{""update_interval_ms"": ""not exposed""}",10.000,9.984,0.2793,0,0,sample_only,335.562089,71.110305,1790793205.444492,2026-09-30T18:33:25.444+00:00,3.200000,0.633000,5.046000,power1_input=3200000uW curr1_input=633mA in1_input=5046mV
2026-09-30T18:34:14+00:00,2d280c7862041cee1dd36a2ac164af8b7f9dcec3,False,2023.1,,ZynqMP KV260 revB machine-id:a435d1c5,,all,,hw,,,,kria,not read (sensor only),2d280c7862041cee1dd36a2ac164af8b7f9dcec3,,,,sensor_only,1,True,,performance,1333333,"0,1,2",,no-overlay idle reference (before any bitstream load),SOM-rail power (INA260),VCC_SOM,hwmon,/sys/class/hwmon/hwmon2 name=ina260_u14,"{""update_interval_ms"": ""not exposed""}",10.000,9.984,0.2793,0,0,sample_only,335.662048,71.210264,1790793205.544451,2026-09-30T18:33:25.544+00:00,3.200000,0.635000,5.047000,power1_input=3200000uW curr1_input=635mA in1_input=5047mV
2026-09-30T18:34:14+00:00,2d280c7862041cee1dd36a2ac164af8b7f9dcec3,False,2023.1,,ZynqMP KV260 revB machine-id:a435d1c5,,all,,hw,,,,kria,not read (sensor only),2d280c7862041cee1dd36a2ac164af8b7f9dcec3,,,,sensor_only,1,True,,performance,1333333,"0,1,2",,no-overlay idle reference (before any bitstream load),SOM-rail power (INA260),VCC_SOM,hwmon,/sys/class/hwmon/hwmon2 name=ina260_u14,"{""update_interval_ms"": ""not exposed""}",10.000,9.984,0.2793,0,0,sample_only,335.762088,71.310304,1790793205.644491,2026-09-30T18:33:25.644+00:00,3.200000,0.635000,5.047000,power1_input=3200000uW curr1_input=635mA in1_input=5047mV
2026-09-30T18:34:14+00:00,2d280c7862041cee1dd36a2ac164af8b7f9dcec3,False,2023.1,,ZynqMP KV260 revB machine-id:a435d1c5,,all,,hw,,,,kria,not read (sensor only),2d280c7862041cee1dd36a2ac164af8b7f9dcec3,,,,sensor_only,1,True,,performance,1333333,"0,1,2",,no-overlay idle reference (before any bitstream load),SOM-rail power (INA260),VCC_SOM,hwmon,/sys/class/hwmon/hwmon2 name=ina260_u14,"{""update_interval_ms"": ""not exposed""}",10.000,9.984,0.2793,0,0,sample_only,335.862056,71.410272,1790793205.744459,2026-09-30T18:33:25.744+00:00,3.210000,0.635000,5.047000,power1_input=3210000uW curr1_input=635mA in1_input=5047mV
2026-09-30T18:34:14+00:00,2d280c7862041cee1dd36a2ac164af8b7f9dcec3,False,2023.1,,ZynqMP KV260 revB machine-id:a435d1c5,,all,,hw,,,,kria,not read (sensor only),2d280c7862041cee1dd36a2ac164af8b7f9dcec3,,,,sensor_only,1,True,,performance,1333333,"0,1,2",,no-overlay idle reference (before any bitstream load),SOM-rail power (INA260),VCC_SOM,hwmon,/sys/class/hwmon/hwmon2 name=ina260_u14,"{""update_interval_ms"": ""not exposed""}",10.000,9.984,0.2793,0,0,sample_only,335.962046,71.510263,1790793205.844450,2026-09-30T18:33:25.844+00:00,3.200000,0.635000,5.046000,power1_input=3200000uW curr1_input=635mA in1_input=5046mV
2026-09-30T18:34:14+00:00,2d280c7862041cee1dd36a2ac164af8b7f9dcec3,False,2023.1,,ZynqMP KV260 revB machine-id:a435d1c5,,all,,hw,,,,kria,not read (sensor only),2d280c7862041cee1dd36a2ac164af8b7f9dcec3,,,,sensor_only,1,True,,performance,1333333,"0,1,2",,no-overlay idle reference (before any bitstream load),SOM-rail power (INA260),VCC_SOM,hwmon,/sys/class/hwmon/hwmon2 name=ina260_u14,"{""update_interval_ms"": ""not exposed""}",10.000,9.984,0.2793,0,0,sample_only,336.062149,71.610365,1790793205.944553,2026-09-30T18:33:25.944+00:00,3.210000,0.635000,5.047000,power1_input=3210000uW curr1_input=635mA in1_input=5047mV
2026-09-30T18:34:14+00:00,2d280c7862041cee1dd36a2ac164af8b7f9dcec3,False,2023.1,,ZynqMP KV260 revB machine-id:a435d1c5,,all,,hw,,,,kria,not read (sensor only),2d280c7862041cee1dd36a2ac164af8b7f9dcec3,,,,sensor_only,1,True,,performance,1333333,"0,1,2",,no-overlay idle reference (before any bitstream load),SOM-rail power (INA260),VCC_SOM,hwmon,/sys/class/hwmon/hwmon2 name=ina260_u14,"{""update_interval_ms"": ""not exposed""}",10.000,9.984,0.2793,0,0,sample_only,336.162110,71.710327,1790793206.044514,2026-09-30T18:33:26.044+00:00,3.210000,0.636000,5.046000,power1_input=3210000uW curr1_input=636mA in1_input=5046mV
2026-09-30T18:34:14+00:00,2d280c7862041cee1dd36a2ac164af8b7f9dcec3,False,2023.1,,ZynqMP KV260 revB machine-id:a435d1c5,,all,,hw,,,,kria,not read (sensor only),2d280c7862041cee1dd36a2ac164af8b7f9dcec3,,,,sensor_only,1,True,,performance,1333333,"0,1,2",,no-overlay idle reference (before any bitstream load),SOM-rail power (INA260),VCC_SOM,hwmon,/sys/class/hwmon/hwmon2 name=ina260_u14,"{""update_interval_ms"": ""not exposed""}",10.000,9.984,0.2793,0,0,sample_only,336.262093,71.810309,1790793206.144496,2026-09-30T18:33:26.144+00:00,3.200000,0.641000,5.047000,power1_input=3200000uW curr1_input=641mA in1_input=5047mV
2026-09-30T18:34:14+00:00,2d280c7862041cee1dd36a2ac164af8b7f9dcec3,False,2023.1,,ZynqMP KV260 revB machine-id:a435d1c5,,all,,hw,,,,kria,not read (sensor only),2d280c7862041cee1dd36a2ac164af8b7f9dcec3,,,,sensor_only,1,True,,performance,1333333,"0,1,2",,no-overlay idle reference (before any bitstream load),SOM-rail power (INA260),VCC_SOM,hwmon,/sys/class/hwmon/hwmon2 name=ina260_u14,"{""update_interval_ms"": ""not exposed""}",10.000,9.984,0.2793,0,0,sample_only,336.362043,71.910259,1790793206.244446,2026-09-30T18:33:26.244+00:00,3.210000,0.636000,5.047000,power1_input=3210000uW curr1_input=636mA in1_input=5047mV
2026-09-30T18:34:14+00:00,2d280c7862041cee1dd36a2ac164af8b7f9dcec3,False,2023.1,,ZynqMP KV260 revB machine-id:a435d1c5,,all,,hw,,,,kria,not read (sensor only),2d280c7862041cee1dd36a2ac164af8b7f9dcec3,,,,sensor_only,1,True,,performance,1333333,"0,1,2",,no-overlay idle reference (before any bitstream load),SOM-rail power (INA260),VCC_SOM,hwmon,/sys/class/hwmon/hwmon2 name=ina260_u14,"{""update_interval_ms"": ""not exposed""}",10.000,9.984,0.2793,0,0,sample_only,336.462045,72.010261,1790793206.344448,2026-09-30T18:33:26.344+00:00,3.210000,0.637000,5.046000,power1_input=3210000uW curr1_input=637mA in1_input=5046mV
2026-09-30T18:34:14+00:00,2d280c7862041cee1dd36a2ac164af8b7f9dcec3,False,2023.1,,ZynqMP KV260 revB machine-id:a435d1c5,,all,,hw,,,,kria,not read (sensor only),2d280c7862041cee1dd36a2ac164af8b7f9dcec3,,,,sensor_only,1,True,,performance,1333333,"0,1,2",,no-overlay idle reference (before any bitstream load),SOM-rail power (INA260),VCC_SOM,hwmon,/sys/class/hwmon/hwmon2 name=ina260_u14,"{""update_interval_ms"": ""not exposed""}",10.000,9.984,0.2793,0,0,sample_only,336.562043,72.110259,1790793206.444446,2026-09-30T18:33:26.444+00:00,3.210000,0.636000,5.046000,power1_input=3210000uW curr1_input=636mA in1_input=5046mV
2026-09-30T18:34:14+00:00,2d280c7862041cee1dd36a2ac164af8b7f9dcec3,False,2023.1,,ZynqMP KV260 revB machine-id:a435d1c5,,all,,hw,,,,kria,not read (sensor only),2d280c7862041cee1dd36a2ac164af8b7f9dcec3,,,,sensor_only,1,True,,performance,1333333,"0,1,2",,no-overlay idle reference (before any bitstream load),SOM-rail power (INA260),VCC_SOM,hwmon,/sys/class/hwmon/hwmon2 name=ina260_u14,"{""update_interval_ms"": ""not exposed""}",10.000,9.984,0.2793,0,0,sample_only,336.662082,72.210298,1790793206.544486,2026-09-30T18:33:26.544+00:00,3.210000,0.636000,5.046000,power1_input=3210000uW curr1_input=636mA in1_input=5046mV
2026-09-30T18:34:14+00:00,2d280c7862041cee1dd36a2ac164af8b7f9dcec3,False,2023.1,,ZynqMP KV260 revB machine-id:a435d1c5,,all,,hw,,,,kria,not read (sensor only),2d280c7862041cee1dd36a2ac164af8b7f9dcec3,,,,sensor_only,1,True,,performance,1333333,"0,1,2",,no-overlay idle reference (before any bitstream load),SOM-rail power (INA260),VCC_SOM,hwmon,/sys/class/hwmon/hwmon2 name=ina260_u14,"{""update_interval_ms"": ""not exposed""}",10.000,9.984,0.2793,0,0,sample_only,336.762055,72.310271,1790793206.644458,2026-09-30T18:33:26.644+00:00,3.200000,0.635000,5.046000,power1_input=3200000uW curr1_input=635mA in1_input=5046mV
2026-09-30T18:34:14+00:00,2d280c7862041cee1dd36a2ac164af8b7f9dcec3,False,2023.1,,ZynqMP KV260 revB machine-id:a435d1c5,,all,,hw,,,,kria,not read (sensor only),2d280c7862041cee1dd36a2ac164af8b7f9dcec3,,,,sensor_only,1,True,,performance,1333333,"0,1,2",,no-overlay idle reference (before any bitstream load),SOM-rail power (INA260),VCC_SOM,hwmon,/sys/class/hwmon/hwmon2 name=ina260_u14,"{""update_interval_ms"": ""not exposed""}",10.000,9.984,0.2793,0,0,sample_only,336.862052,72.410269,1790793206.744456,2026-09-30T18:33:26.744+00:00,3.200000,0.635000,5.046000,power1_input=3200000uW curr1_input=635mA in1_input=5046mV
2026-09-30T18:34:14+00:00,2d280c7862041cee1dd36a2ac164af8b7f9dcec3,False,2023.1,,ZynqMP KV260 revB machine-id:a435d1c5,,all,,hw,,,,kria,not read (sensor only),2d280c7862041cee1dd36a2ac164af8b7f9dcec3,,,,sensor_only,1,True,,performance,1333333,"0,1,2",,no-overlay idle reference (before any bitstream load),SOM-rail power (INA260),VCC_SOM,hwmon,/sys/class/hwmon/hwmon2 name=ina260_u14,"{""update_interval_ms"": ""not exposed""}",10.000,9.984,0.2793,0,0,sample_only,336.962044,72.510260,1790793206.844447,2026-09-30T18:33:26.844+00:00,3.230000,0.638000,5.047000,power1_input=3230000uW curr1_input=638mA in1_input=5047mV
2026-09-30T18:34:14+00:00,2d280c7862041cee1dd36a2ac164af8b7f9dcec3,False,2023.1,,ZynqMP KV260 revB machine-id:a435d1c5,,all,,hw,,,,kria,not read (sensor only),2d280c7862041cee1dd36a2ac164af8b7f9dcec3,,,,sensor_only,1,True,,performance,1333333,"0,1,2",,no-overlay idle reference (before any bitstream load),SOM-rail power (INA260),VCC_SOM,hwmon,/sys/class/hwmon/hwmon2 name=ina260_u14,"{""update_interval_ms"": ""not exposed""}",10.000,9.984,0.2793,0,0,sample_only,337.062046,72.610262,1790793206.944449,2026-09-30T18:33:26.944+00:00,3.200000,0.635000,5.047000,power1_input=3200000uW curr1_input=635mA in1_input=5047mV
2026-09-30T18:34:14+00:00,2d280c7862041cee1dd36a2ac164af8b7f9dcec3,False,2023.1,,ZynqMP KV260 revB machine-id:a435d1c5,,all,,hw,,,,kria,not read (sensor only),2d280c7862041cee1dd36a2ac164af8b7f9dcec3,,,,sensor_only,1,True,,performance,1333333,"0,1,2",,no-overlay idle reference (before any bitstream load),SOM-rail power (INA260),VCC_SOM,hwmon,/sys/class/hwmon/hwmon2 name=ina260_u14,"{""update_interval_ms"": ""not exposed""}",10.000,9.984,0.2793,0,0,sample_only,337.162093,72.710309,1790793207.044496,2026-09-30T18:33:27.044+00:00,3.210000,0.636000,5.046000,power1_input=3210000uW curr1_input=636mA in1_input=5046mV
2026-09-30T18:34:14+00:00,2d280c7862041cee1dd36a2ac164af8b7f9dcec3,False,2023.1,,ZynqMP KV260 revB machine-id:a435d1c5,,all,,hw,,,,kria,not read (sensor only),2d280c7862041cee1dd36a2ac164af8b7f9dcec3,,,,sensor_only,1,True,,performance,1333333,"0,1,2",,no-overlay idle reference (before any bitstream load),SOM-rail power (INA260),VCC_SOM,hwmon,/sys/class/hwmon/hwmon2 name=ina260_u14,"{""update_interval_ms"": ""not exposed""}",10.000,9.984,0.2793,0,0,sample_only,337.262091,72.810307,1790793207.144494,2026-09-30T18:33:27.144+00:00,3.200000,0.635000,5.047000,power1_input=3200000uW curr1_input=635mA in1_input=5047mV
2026-09-30T18:34:14+00:00,2d280c7862041cee1dd36a2ac164af8b7f9dcec3,False,2023.1,,ZynqMP KV260 revB machine-id:a435d1c5,,all,,hw,,,,kria,not read (sensor only),2d280c7862041cee1dd36a2ac164af8b7f9dcec3,,,,sensor_only,1,True,,performance,1333333,"0,1,2",,no-overlay idle reference (before any bitstream load),SOM-rail power (INA260),VCC_SOM,hwmon,/sys/class/hwmon/hwmon2 name=ina260_u14,"{""update_interval_ms"": ""not exposed""}",10.000,9.984,0.2793,0,0,sample_only,337.362090,72.910307,1790793207.244493,2026-09-30T18:33:27.244+00:00,3.210000,0.636000,5.046000,power1_input=3210000uW curr1_input=636mA in1_input=5046mV
2026-09-30T18:34:14+00:00,2d280c7862041cee1dd36a2ac164af8b7f9dcec3,False,2023.1,,ZynqMP KV260 revB machine-id:a435d1c5,,all,,hw,,,,kria,not read (sensor only),2d280c7862041cee1dd36a2ac164af8b7f9dcec3,,,,sensor_only,1,True,,performance,1333333,"0,1,2",,no-overlay idle reference (before any bitstream load),SOM-rail power (INA260),VCC_SOM,hwmon,/sys/class/hwmon/hwmon2 name=ina260_u14,"{""update_interval_ms"": ""not exposed""}",10.000,9.984,0.2793,0,0,sample_only,337.462093,73.010309,1790793207.344496,2026-09-30T18:33:27.344+00:00,3.200000,0.633000,5.046000,power1_input=3200000uW curr1_input=633mA in1_input=5046mV
2026-09-30T18:34:14+00:00,2d280c7862041cee1dd36a2ac164af8b7f9dcec3,False,2023.1,,ZynqMP KV260 revB machine-id:a435d1c5,,all,,hw,,,,kria,not read (sensor only),2d280c7862041cee1dd36a2ac164af8b7f9dcec3,,,,sensor_only,1,True,,performance,1333333,"0,1,2",,no-overlay idle reference (before any bitstream load),SOM-rail power (INA260),VCC_SOM,hwmon,/sys/class/hwmon/hwmon2 name=ina260_u14,"{""update_interval_ms"": ""not exposed""}",10.000,9.984,0.2793,0,0,sample_only,337.562087,73.110303,1790793207.444490,2026-09-30T18:33:27.444+00:00,3.200000,0.633000,5.047000,power1_input=3200000uW curr1_input=633mA in1_input=5047mV
2026-09-30T18:34:14+00:00,2d280c7862041cee1dd36a2ac164af8b7f9dcec3,False,2023.1,,ZynqMP KV260 revB machine-id:a435d1c5,,all,,hw,,,,kria,not read (sensor only),2d280c7862041cee1dd36a2ac164af8b7f9dcec3,,,,sensor_only,1,True,,performance,1333333,"0,1,2",,no-overlay idle reference (before any bitstream load),SOM-rail power (INA260),VCC_SOM,hwmon,/sys/class/hwmon/hwmon2 name=ina260_u14,"{""update_interval_ms"": ""not exposed""}",10.000,9.984,0.2793,0,0,sample_only,337.662059,73.210276,1790793207.544463,2026-09-30T18:33:27.544+00:00,3.200000,0.635000,5.046000,power1_input=3200000uW curr1_input=635mA in1_input=5046mV
2026-09-30T18:34:14+00:00,2d280c7862041cee1dd36a2ac164af8b7f9dcec3,False,2023.1,,ZynqMP KV260 revB machine-id:a435d1c5,,all,,hw,,,,kria,not read (sensor only),2d280c7862041cee1dd36a2ac164af8b7f9dcec3,,,,sensor_only,1,True,,performance,1333333,"0,1,2",,no-overlay idle reference (before any bitstream load),SOM-rail power (INA260),VCC_SOM,hwmon,/sys/class/hwmon/hwmon2 name=ina260_u14,"{""update_interval_ms"": ""not exposed""}",10.000,9.984,0.2793,0,0,sample_only,337.762045,73.310262,1790793207.644449,2026-09-30T18:33:27.644+00:00,3.210000,0.636000,5.047000,power1_input=3210000uW curr1_input=636mA in1_input=5047mV
2026-09-30T18:34:14+00:00,2d280c7862041cee1dd36a2ac164af8b7f9dcec3,False,2023.1,,ZynqMP KV260 revB machine-id:a435d1c5,,all,,hw,,,,kria,not read (sensor only),2d280c7862041cee1dd36a2ac164af8b7f9dcec3,,,,sensor_only,1,True,,performance,1333333,"0,1,2",,no-overlay idle reference (before any bitstream load),SOM-rail power (INA260),VCC_SOM,hwmon,/sys/class/hwmon/hwmon2 name=ina260_u14,"{""update_interval_ms"": ""not exposed""}",10.000,9.984,0.2793,0,0,sample_only,337.862058,73.410275,1790793207.744462,2026-09-30T18:33:27.744+00:00,3.230000,0.640000,5.047000,power1_input=3230000uW curr1_input=640mA in1_input=5047mV
2026-09-30T18:34:14+00:00,2d280c7862041cee1dd36a2ac164af8b7f9dcec3,False,2023.1,,ZynqMP KV260 revB machine-id:a435d1c5,,all,,hw,,,,kria,not read (sensor only),2d280c7862041cee1dd36a2ac164af8b7f9dcec3,,,,sensor_only,1,True,,performance,1333333,"0,1,2",,no-overlay idle reference (before any bitstream load),SOM-rail power (INA260),VCC_SOM,hwmon,/sys/class/hwmon/hwmon2 name=ina260_u14,"{""update_interval_ms"": ""not exposed""}",10.000,9.984,0.2793,0,0,sample_only,337.962110,73.510326,1790793207.844514,2026-09-30T18:33:27.844+00:00,3.200000,0.682000,5.047000,power1_input=3200000uW curr1_input=682mA in1_input=5047mV
2026-09-30T18:34:14+00:00,2d280c7862041cee1dd36a2ac164af8b7f9dcec3,False,2023.1,,ZynqMP KV260 revB machine-id:a435d1c5,,all,,hw,,,,kria,not read (sensor only),2d280c7862041cee1dd36a2ac164af8b7f9dcec3,,,,sensor_only,1,True,,performance,1333333,"0,1,2",,no-overlay idle reference (before any bitstream load),SOM-rail power (INA260),VCC_SOM,hwmon,/sys/class/hwmon/hwmon2 name=ina260_u14,"{""update_interval_ms"": ""not exposed""}",10.000,9.984,0.2793,0,0,sample_only,338.062065,73.610281,1790793207.944469,2026-09-30T18:33:27.944+00:00,3.210000,0.636000,5.046000,power1_input=3210000uW curr1_input=636mA in1_input=5046mV
2026-09-30T18:34:14+00:00,2d280c7862041cee1dd36a2ac164af8b7f9dcec3,False,2023.1,,ZynqMP KV260 revB machine-id:a435d1c5,,all,,hw,,,,kria,not read (sensor only),2d280c7862041cee1dd36a2ac164af8b7f9dcec3,,,,sensor_only,1,True,,performance,1333333,"0,1,2",,no-overlay idle reference (before any bitstream load),SOM-rail power (INA260),VCC_SOM,hwmon,/sys/class/hwmon/hwmon2 name=ina260_u14,"{""update_interval_ms"": ""not exposed""}",10.000,9.984,0.2793,0,0,sample_only,338.162050,73.710266,1790793208.044453,2026-09-30T18:33:28.044+00:00,3.230000,0.640000,5.046000,power1_input=3230000uW curr1_input=640mA in1_input=5046mV
2026-09-30T18:34:14+00:00,2d280c7862041cee1dd36a2ac164af8b7f9dcec3,False,2023.1,,ZynqMP KV260 revB machine-id:a435d1c5,,all,,hw,,,,kria,not read (sensor only),2d280c7862041cee1dd36a2ac164af8b7f9dcec3,,,,sensor_only,1,True,,performance,1333333,"0,1,2",,no-overlay idle reference (before any bitstream load),SOM-rail power (INA260),VCC_SOM,hwmon,/sys/class/hwmon/hwmon2 name=ina260_u14,"{""update_interval_ms"": ""not exposed""}",10.000,9.984,0.2793,0,0,sample_only,338.262044,73.810261,1790793208.144448,2026-09-30T18:33:28.144+00:00,3.210000,0.636000,5.047000,power1_input=3210000uW curr1_input=636mA in1_input=5047mV
2026-09-30T18:34:14+00:00,2d280c7862041cee1dd36a2ac164af8b7f9dcec3,False,2023.1,,ZynqMP KV260 revB machine-id:a435d1c5,,all,,hw,,,,kria,not read (sensor only),2d280c7862041cee1dd36a2ac164af8b7f9dcec3,,,,sensor_only,1,True,,performance,1333333,"0,1,2",,no-overlay idle reference (before any bitstream load),SOM-rail power (INA260),VCC_SOM,hwmon,/sys/class/hwmon/hwmon2 name=ina260_u14,"{""update_interval_ms"": ""not exposed""}",10.000,9.984,0.2793,0,0,sample_only,338.362045,73.910262,1790793208.244449,2026-09-30T18:33:28.244+00:00,3.220000,0.637000,5.046000,power1_input=3220000uW curr1_input=637mA in1_input=5046mV
2026-09-30T18:34:14+00:00,2d280c7862041cee1dd36a2ac164af8b7f9dcec3,False,2023.1,,ZynqMP KV260 revB machine-id:a435d1c5,,all,,hw,,,,kria,not read (sensor only),2d280c7862041cee1dd36a2ac164af8b7f9dcec3,,,,sensor_only,1,True,,performance,1333333,"0,1,2",,no-overlay idle reference (before any bitstream load),SOM-rail power (INA260),VCC_SOM,hwmon,/sys/class/hwmon/hwmon2 name=ina260_u14,"{""update_interval_ms"": ""not exposed""}",10.000,9.984,0.2793,0,0,sample_only,338.462130,74.010347,1790793208.344535,2026-09-30T18:33:28.344+00:00,3.210000,0.636000,5.046000,power1_input=3210000uW curr1_input=636mA in1_input=5046mV
2026-09-30T18:34:14+00:00,2d280c7862041cee1dd36a2ac164af8b7f9dcec3,False,2023.1,,ZynqMP KV260 revB machine-id:a435d1c5,,all,,hw,,,,kria,not read (sensor only),2d280c7862041cee1dd36a2ac164af8b7f9dcec3,,,,sensor_only,1,True,,performance,1333333,"0,1,2",,no-overlay idle reference (before any bitstream load),SOM-rail power (INA260),VCC_SOM,hwmon,/sys/class/hwmon/hwmon2 name=ina260_u14,"{""update_interval_ms"": ""not exposed""}",10.000,9.984,0.2793,0,0,sample_only,338.562056,74.110273,1790793208.444460,2026-09-30T18:33:28.444+00:00,3.200000,0.635000,5.046000,power1_input=3200000uW curr1_input=635mA in1_input=5046mV
2026-09-30T18:34:14+00:00,2d280c7862041cee1dd36a2ac164af8b7f9dcec3,False,2023.1,,ZynqMP KV260 revB machine-id:a435d1c5,,all,,hw,,,,kria,not read (sensor only),2d280c7862041cee1dd36a2ac164af8b7f9dcec3,,,,sensor_only,1,True,,performance,1333333,"0,1,2",,no-overlay idle reference (before any bitstream load),SOM-rail power (INA260),VCC_SOM,hwmon,/sys/class/hwmon/hwmon2 name=ina260_u14,"{""update_interval_ms"": ""not exposed""}",10.000,9.984,0.2793,0,0,sample_only,338.662116,74.210332,1790793208.544520,2026-09-30T18:33:28.544+00:00,3.210000,0.635000,5.046000,power1_input=3210000uW curr1_input=635mA in1_input=5046mV
2026-09-30T18:34:14+00:00,2d280c7862041cee1dd36a2ac164af8b7f9dcec3,False,2023.1,,ZynqMP KV260 revB machine-id:a435d1c5,,all,,hw,,,,kria,not read (sensor only),2d280c7862041cee1dd36a2ac164af8b7f9dcec3,,,,sensor_only,1,True,,performance,1333333,"0,1,2",,no-overlay idle reference (before any bitstream load),SOM-rail power (INA260),VCC_SOM,hwmon,/sys/class/hwmon/hwmon2 name=ina260_u14,"{""update_interval_ms"": ""not exposed""}",10.000,9.984,0.2793,0,0,sample_only,338.762049,74.310265,1790793208.644453,2026-09-30T18:33:28.644+00:00,3.220000,0.637000,5.047000,power1_input=3220000uW curr1_input=637mA in1_input=5047mV
2026-09-30T18:34:14+00:00,2d280c7862041cee1dd36a2ac164af8b7f9dcec3,False,2023.1,,ZynqMP KV260 revB machine-id:a435d1c5,,all,,hw,,,,kria,not read (sensor only),2d280c7862041cee1dd36a2ac164af8b7f9dcec3,,,,sensor_only,1,True,,performance,1333333,"0,1,2",,no-overlay idle reference (before any bitstream load),SOM-rail power (INA260),VCC_SOM,hwmon,/sys/class/hwmon/hwmon2 name=ina260_u14,"{""update_interval_ms"": ""not exposed""}",10.000,9.984,0.2793,0,0,sample_only,338.862110,74.410327,1790793208.744515,2026-09-30T18:33:28.744+00:00,3.210000,0.636000,5.047000,power1_input=3210000uW curr1_input=636mA in1_input=5047mV
2026-09-30T18:34:14+00:00,2d280c7862041cee1dd36a2ac164af8b7f9dcec3,False,2023.1,,ZynqMP KV260 revB machine-id:a435d1c5,,all,,hw,,,,kria,not read (sensor only),2d280c7862041cee1dd36a2ac164af8b7f9dcec3,,,,sensor_only,1,True,,performance,1333333,"0,1,2",,no-overlay idle reference (before any bitstream load),SOM-rail power (INA260),VCC_SOM,hwmon,/sys/class/hwmon/hwmon2 name=ina260_u14,"{""update_interval_ms"": ""not exposed""}",10.000,9.984,0.2793,0,0,sample_only,338.962073,74.510289,1790793208.844477,2026-09-30T18:33:28.844+00:00,3.210000,0.645000,5.046000,power1_input=3210000uW curr1_input=645mA in1_input=5046mV
2026-09-30T18:34:14+00:00,2d280c7862041cee1dd36a2ac164af8b7f9dcec3,False,2023.1,,ZynqMP KV260 revB machine-id:a435d1c5,,all,,hw,,,,kria,not read (sensor only),2d280c7862041cee1dd36a2ac164af8b7f9dcec3,,,,sensor_only,1,True,,performance,1333333,"0,1,2",,no-overlay idle reference (before any bitstream load),SOM-rail power (INA260),VCC_SOM,hwmon,/sys/class/hwmon/hwmon2 name=ina260_u14,"{""update_interval_ms"": ""not exposed""}",10.000,9.984,0.2793,0,0,sample_only,339.062097,74.610314,1790793208.944501,2026-09-30T18:33:28.944+00:00,3.220000,0.637000,5.046000,power1_input=3220000uW curr1_input=637mA in1_input=5046mV
2026-09-30T18:34:14+00:00,2d280c7862041cee1dd36a2ac164af8b7f9dcec3,False,2023.1,,ZynqMP KV260 revB machine-id:a435d1c5,,all,,hw,,,,kria,not read (sensor only),2d280c7862041cee1dd36a2ac164af8b7f9dcec3,,,,sensor_only,1,True,,performance,1333333,"0,1,2",,no-overlay idle reference (before any bitstream load),SOM-rail power (INA260),VCC_SOM,hwmon,/sys/class/hwmon/hwmon2 name=ina260_u14,"{""update_interval_ms"": ""not exposed""}",10.000,9.984,0.2793,0,0,sample_only,339.162048,74.710264,1790793209.044451,2026-09-30T18:33:29.044+00:00,3.220000,0.637000,5.046000,power1_input=3220000uW curr1_input=637mA in1_input=5046mV
2026-09-30T18:34:14+00:00,2d280c7862041cee1dd36a2ac164af8b7f9dcec3,False,2023.1,,ZynqMP KV260 revB machine-id:a435d1c5,,all,,hw,,,,kria,not read (sensor only),2d280c7862041cee1dd36a2ac164af8b7f9dcec3,,,,sensor_only,1,True,,performance,1333333,"0,1,2",,no-overlay idle reference (before any bitstream load),SOM-rail power (INA260),VCC_SOM,hwmon,/sys/class/hwmon/hwmon2 name=ina260_u14,"{""update_interval_ms"": ""not exposed""}",10.000,9.984,0.2793,0,0,sample_only,339.262046,74.810262,1790793209.144449,2026-09-30T18:33:29.144+00:00,3.210000,0.636000,5.046000,power1_input=3210000uW curr1_input=636mA in1_input=5046mV
2026-09-30T18:34:14+00:00,2d280c7862041cee1dd36a2ac164af8b7f9dcec3,False,2023.1,,ZynqMP KV260 revB machine-id:a435d1c5,,all,,hw,,,,kria,not read (sensor only),2d280c7862041cee1dd36a2ac164af8b7f9dcec3,,,,sensor_only,1,True,,performance,1333333,"0,1,2",,no-overlay idle reference (before any bitstream load),SOM-rail power (INA260),VCC_SOM,hwmon,/sys/class/hwmon/hwmon2 name=ina260_u14,"{""update_interval_ms"": ""not exposed""}",10.000,9.984,0.2793,0,0,sample_only,339.362117,74.910333,1790793209.244521,2026-09-30T18:33:29.244+00:00,3.270000,0.647000,5.046000,power1_input=3270000uW curr1_input=647mA in1_input=5046mV
2026-09-30T18:34:14+00:00,2d280c7862041cee1dd36a2ac164af8b7f9dcec3,False,2023.1,,ZynqMP KV260 revB machine-id:a435d1c5,,all,,hw,,,,kria,not read (sensor only),2d280c7862041cee1dd36a2ac164af8b7f9dcec3,,,,sensor_only,1,True,,performance,1333333,"0,1,2",,no-overlay idle reference (before any bitstream load),SOM-rail power (INA260),VCC_SOM,hwmon,/sys/class/hwmon/hwmon2 name=ina260_u14,"{""update_interval_ms"": ""not exposed""}",10.000,9.984,0.2793,0,0,sample_only,339.462060,75.010276,1790793209.344463,2026-09-30T18:33:29.344+00:00,3.200000,0.635000,5.046000,power1_input=3200000uW curr1_input=635mA in1_input=5046mV
2026-09-30T18:34:14+00:00,2d280c7862041cee1dd36a2ac164af8b7f9dcec3,False,2023.1,,ZynqMP KV260 revB machine-id:a435d1c5,,all,,hw,,,,kria,not read (sensor only),2d280c7862041cee1dd36a2ac164af8b7f9dcec3,,,,sensor_only,1,True,,performance,1333333,"0,1,2",,no-overlay idle reference (before any bitstream load),SOM-rail power (INA260),VCC_SOM,hwmon,/sys/class/hwmon/hwmon2 name=ina260_u14,"{""update_interval_ms"": ""not exposed""}",10.000,9.984,0.2793,0,0,sample_only,339.562043,75.110259,1790793209.444446,2026-09-30T18:33:29.444+00:00,3.200000,0.635000,5.047000,power1_input=3200000uW curr1_input=635mA in1_input=5047mV
2026-09-30T18:34:14+00:00,2d280c7862041cee1dd36a2ac164af8b7f9dcec3,False,2023.1,,ZynqMP KV260 revB machine-id:a435d1c5,,all,,hw,,,,kria,not read (sensor only),2d280c7862041cee1dd36a2ac164af8b7f9dcec3,,,,sensor_only,1,True,,performance,1333333,"0,1,2",,no-overlay idle reference (before any bitstream load),SOM-rail power (INA260),VCC_SOM,hwmon,/sys/class/hwmon/hwmon2 name=ina260_u14,"{""update_interval_ms"": ""not exposed""}",10.000,9.984,0.2793,0,0,sample_only,339.662094,75.210310,1790793209.544497,2026-09-30T18:33:29.544+00:00,3.200000,0.633000,5.047000,power1_input=3200000uW curr1_input=633mA in1_input=5047mV
2026-09-30T18:34:14+00:00,2d280c7862041cee1dd36a2ac164af8b7f9dcec3,False,2023.1,,ZynqMP KV260 revB machine-id:a435d1c5,,all,,hw,,,,kria,not read (sensor only),2d280c7862041cee1dd36a2ac164af8b7f9dcec3,,,,sensor_only,1,True,,performance,1333333,"0,1,2",,no-overlay idle reference (before any bitstream load),SOM-rail power (INA260),VCC_SOM,hwmon,/sys/class/hwmon/hwmon2 name=ina260_u14,"{""update_interval_ms"": ""not exposed""}",10.000,9.984,0.2793,0,0,sample_only,339.762088,75.310304,1790793209.644491,2026-09-30T18:33:29.644+00:00,3.200000,0.635000,5.047000,power1_input=3200000uW curr1_input=635mA in1_input=5047mV
2026-09-30T18:34:14+00:00,2d280c7862041cee1dd36a2ac164af8b7f9dcec3,False,2023.1,,ZynqMP KV260 revB machine-id:a435d1c5,,all,,hw,,,,kria,not read (sensor only),2d280c7862041cee1dd36a2ac164af8b7f9dcec3,,,,sensor_only,1,True,,performance,1333333,"0,1,2",,no-overlay idle reference (before any bitstream load),SOM-rail power (INA260),VCC_SOM,hwmon,/sys/class/hwmon/hwmon2 name=ina260_u14,"{""update_interval_ms"": ""not exposed""}",10.000,9.984,0.2793,0,0,sample_only,339.862104,75.410320,1790793209.744507,2026-09-30T18:33:29.744+00:00,3.200000,0.635000,5.046000,power1_input=3200000uW curr1_input=635mA in1_input=5046mV
2026-09-30T18:34:14+00:00,2d280c7862041cee1dd36a2ac164af8b7f9dcec3,False,2023.1,,ZynqMP KV260 revB machine-id:a435d1c5,,all,,hw,,,,kria,not read (sensor only),2d280c7862041cee1dd36a2ac164af8b7f9dcec3,,,,sensor_only,1,True,,performance,1333333,"0,1,2",,no-overlay idle reference (before any bitstream load),SOM-rail power (INA260),VCC_SOM,hwmon,/sys/class/hwmon/hwmon2 name=ina260_u14,"{""update_interval_ms"": ""not exposed""}",10.000,9.984,0.2793,0,0,sample_only,339.962096,75.510312,1790793209.844499,2026-09-30T18:33:29.844+00:00,3.200000,0.635000,5.047000,power1_input=3200000uW curr1_input=635mA in1_input=5047mV
2026-09-30T18:34:14+00:00,2d280c7862041cee1dd36a2ac164af8b7f9dcec3,False,2023.1,,ZynqMP KV260 revB machine-id:a435d1c5,,all,,hw,,,,kria,not read (sensor only),2d280c7862041cee1dd36a2ac164af8b7f9dcec3,,,,sensor_only,1,True,,performance,1333333,"0,1,2",,no-overlay idle reference (before any bitstream load),SOM-rail power (INA260),VCC_SOM,hwmon,/sys/class/hwmon/hwmon2 name=ina260_u14,"{""update_interval_ms"": ""not exposed""}",10.000,9.984,0.2793,0,0,sample_only,340.062046,75.610262,1790793209.944449,2026-09-30T18:33:29.944+00:00,3.190000,0.632000,5.046000,power1_input=3190000uW curr1_input=632mA in1_input=5046mV
2026-09-30T18:34:14+00:00,2d280c7862041cee1dd36a2ac164af8b7f9dcec3,False,2023.1,,ZynqMP KV260 revB machine-id:a435d1c5,,all,,hw,,,,kria,not read (sensor only),2d280c7862041cee1dd36a2ac164af8b7f9dcec3,,,,sensor_only,1,True,,performance,1333333,"0,1,2",,no-overlay idle reference (before any bitstream load),SOM-rail power (INA260),VCC_SOM,hwmon,/sys/class/hwmon/hwmon2 name=ina260_u14,"{""update_interval_ms"": ""not exposed""}",10.000,9.984,0.2793,0,0,sample_only,340.162110,75.710326,1790793210.044513,2026-09-30T18:33:30.044+00:00,3.200000,0.635000,5.046000,power1_input=3200000uW curr1_input=635mA in1_input=5046mV
2026-09-30T18:34:14+00:00,2d280c7862041cee1dd36a2ac164af8b7f9dcec3,False,2023.1,,ZynqMP KV260 revB machine-id:a435d1c5,,all,,hw,,,,kria,not read (sensor only),2d280c7862041cee1dd36a2ac164af8b7f9dcec3,,,,sensor_only,1,True,,performance,1333333,"0,1,2",,no-overlay idle reference (before any bitstream load),SOM-rail power (INA260),VCC_SOM,hwmon,/sys/class/hwmon/hwmon2 name=ina260_u14,"{""update_interval_ms"": ""not exposed""}",10.000,9.984,0.2793,0,0,sample_only,340.262048,75.810264,1790793210.144451,2026-09-30T18:33:30.144+00:00,3.220000,0.637000,5.046000,power1_input=3220000uW curr1_input=637mA in1_input=5046mV
2026-09-30T18:34:14+00:00,2d280c7862041cee1dd36a2ac164af8b7f9dcec3,False,2023.1,,ZynqMP KV260 revB machine-id:a435d1c5,,all,,hw,,,,kria,not read (sensor only),2d280c7862041cee1dd36a2ac164af8b7f9dcec3,,,,sensor_only,1,True,,performance,1333333,"0,1,2",,no-overlay idle reference (before any bitstream load),SOM-rail power (INA260),VCC_SOM,hwmon,/sys/class/hwmon/hwmon2 name=ina260_u14,"{""update_interval_ms"": ""not exposed""}",10.000,9.984,0.2793,0,0,sample_only,340.362042,75.910259,1790793210.244446,2026-09-30T18:33:30.244+00:00,3.200000,0.637000,5.047000,power1_input=3200000uW curr1_input=637mA in1_input=5047mV
2026-09-30T18:34:14+00:00,2d280c7862041cee1dd36a2ac164af8b7f9dcec3,False,2023.1,,ZynqMP KV260 revB machine-id:a435d1c5,,all,,hw,,,,kria,not read (sensor only),2d280c7862041cee1dd36a2ac164af8b7f9dcec3,,,,sensor_only,1,True,,performance,1333333,"0,1,2",,no-overlay idle reference (before any bitstream load),SOM-rail power (INA260),VCC_SOM,hwmon,/sys/class/hwmon/hwmon2 name=ina260_u14,"{""update_interval_ms"": ""not exposed""}",10.000,9.984,0.2793,0,0,sample_only,340.462127,76.010344,1790793210.344532,2026-09-30T18:33:30.344+00:00,3.210000,0.636000,5.046000,power1_input=3210000uW curr1_input=636mA in1_input=5046mV
2026-09-30T18:34:14+00:00,2d280c7862041cee1dd36a2ac164af8b7f9dcec3,False,2023.1,,ZynqMP KV260 revB machine-id:a435d1c5,,all,,hw,,,,kria,not read (sensor only),2d280c7862041cee1dd36a2ac164af8b7f9dcec3,,,,sensor_only,1,True,,performance,1333333,"0,1,2",,no-overlay idle reference (before any bitstream load),SOM-rail power (INA260),VCC_SOM,hwmon,/sys/class/hwmon/hwmon2 name=ina260_u14,"{""update_interval_ms"": ""not exposed""}",10.000,9.984,0.2793,0,0,sample_only,340.562065,76.110282,1790793210.444469,2026-09-30T18:33:30.444+00:00,3.220000,0.637000,5.047000,power1_input=3220000uW curr1_input=637mA in1_input=5047mV
2026-09-30T18:34:14+00:00,2d280c7862041cee1dd36a2ac164af8b7f9dcec3,False,2023.1,,ZynqMP KV260 revB machine-id:a435d1c5,,all,,hw,,,,kria,not read (sensor only),2d280c7862041cee1dd36a2ac164af8b7f9dcec3,,,,sensor_only,1,True,,performance,1333333,"0,1,2",,no-overlay idle reference (before any bitstream load),SOM-rail power (INA260),VCC_SOM,hwmon,/sys/class/hwmon/hwmon2 name=ina260_u14,"{""update_interval_ms"": ""not exposed""}",10.000,9.984,0.2793,0,0,sample_only,340.662103,76.210319,1790793210.544506,2026-09-30T18:33:30.544+00:00,3.200000,0.638000,5.046000,power1_input=3200000uW curr1_input=638mA in1_input=5046mV
2026-09-30T18:34:14+00:00,2d280c7862041cee1dd36a2ac164af8b7f9dcec3,False,2023.1,,ZynqMP KV260 revB machine-id:a435d1c5,,all,,hw,,,,kria,not read (sensor only),2d280c7862041cee1dd36a2ac164af8b7f9dcec3,,,,sensor_only,1,True,,performance,1333333,"0,1,2",,no-overlay idle reference (before any bitstream load),SOM-rail power (INA260),VCC_SOM,hwmon,/sys/class/hwmon/hwmon2 name=ina260_u14,"{""update_interval_ms"": ""not exposed""}",10.000,9.984,0.2793,0,0,sample_only,340.762104,76.310321,1790793210.644508,2026-09-30T18:33:30.644+00:00,3.200000,0.635000,5.047000,power1_input=3200000uW curr1_input=635mA in1_input=5047mV
2026-09-30T18:34:14+00:00,2d280c7862041cee1dd36a2ac164af8b7f9dcec3,False,2023.1,,ZynqMP KV260 revB machine-id:a435d1c5,,all,,hw,,,,kria,not read (sensor only),2d280c7862041cee1dd36a2ac164af8b7f9dcec3,,,,sensor_only,1,True,,performance,1333333,"0,1,2",,no-overlay idle reference (before any bitstream load),SOM-rail power (INA260),VCC_SOM,hwmon,/sys/class/hwmon/hwmon2 name=ina260_u14,"{""update_interval_ms"": ""not exposed""}",10.000,9.984,0.2793,0,0,sample_only,340.862112,76.410328,1790793210.744515,2026-09-30T18:33:30.744+00:00,3.210000,0.636000,5.046000,power1_input=3210000uW curr1_input=636mA in1_input=5046mV
2026-09-30T18:34:14+00:00,2d280c7862041cee1dd36a2ac164af8b7f9dcec3,False,2023.1,,ZynqMP KV260 revB machine-id:a435d1c5,,all,,hw,,,,kria,not read (sensor only),2d280c7862041cee1dd36a2ac164af8b7f9dcec3,,,,sensor_only,1,True,,performance,1333333,"0,1,2",,no-overlay idle reference (before any bitstream load),SOM-rail power (INA260),VCC_SOM,hwmon,/sys/class/hwmon/hwmon2 name=ina260_u14,"{""update_interval_ms"": ""not exposed""}",10.000,9.984,0.2793,0,0,sample_only,340.962167,76.510384,1790793210.844571,2026-09-30T18:33:30.844+00:00,3.210000,0.636000,5.047000,power1_input=3210000uW curr1_input=636mA in1_input=5047mV
2026-09-30T18:34:14+00:00,2d280c7862041cee1dd36a2ac164af8b7f9dcec3,False,2023.1,,ZynqMP KV260 revB machine-id:a435d1c5,,all,,hw,,,,kria,not read (sensor only),2d280c7862041cee1dd36a2ac164af8b7f9dcec3,,,,sensor_only,1,True,,performance,1333333,"0,1,2",,no-overlay idle reference (before any bitstream load),SOM-rail power (INA260),VCC_SOM,hwmon,/sys/class/hwmon/hwmon2 name=ina260_u14,"{""update_interval_ms"": ""not exposed""}",10.000,9.984,0.2793,0,0,sample_only,341.062052,76.610269,1790793210.944456,2026-09-30T18:33:30.944+00:00,3.210000,0.636000,5.047000,power1_input=3210000uW curr1_input=636mA in1_input=5047mV
2026-09-30T18:34:14+00:00,2d280c7862041cee1dd36a2ac164af8b7f9dcec3,False,2023.1,,ZynqMP KV260 revB machine-id:a435d1c5,,all,,hw,,,,kria,not read (sensor only),2d280c7862041cee1dd36a2ac164af8b7f9dcec3,,,,sensor_only,1,True,,performance,1333333,"0,1,2",,no-overlay idle reference (before any bitstream load),SOM-rail power (INA260),VCC_SOM,hwmon,/sys/class/hwmon/hwmon2 name=ina260_u14,"{""update_interval_ms"": ""not exposed""}",10.000,9.984,0.2793,0,0,sample_only,341.162112,76.710328,1790793211.044515,2026-09-30T18:33:31.044+00:00,3.200000,0.635000,5.046000,power1_input=3200000uW curr1_input=635mA in1_input=5046mV
2026-09-30T18:34:14+00:00,2d280c7862041cee1dd36a2ac164af8b7f9dcec3,False,2023.1,,ZynqMP KV260 revB machine-id:a435d1c5,,all,,hw,,,,kria,not read (sensor only),2d280c7862041cee1dd36a2ac164af8b7f9dcec3,,,,sensor_only,1,True,,performance,1333333,"0,1,2",,no-overlay idle reference (before any bitstream load),SOM-rail power (INA260),VCC_SOM,hwmon,/sys/class/hwmon/hwmon2 name=ina260_u14,"{""update_interval_ms"": ""not exposed""}",10.000,9.984,0.2793,0,0,sample_only,341.262066,76.810282,1790793211.144470,2026-09-30T18:33:31.144+00:00,3.200000,0.633000,5.046000,power1_input=3200000uW curr1_input=633mA in1_input=5046mV
2026-09-30T18:34:14+00:00,2d280c7862041cee1dd36a2ac164af8b7f9dcec3,False,2023.1,,ZynqMP KV260 revB machine-id:a435d1c5,,all,,hw,,,,kria,not read (sensor only),2d280c7862041cee1dd36a2ac164af8b7f9dcec3,,,,sensor_only,1,True,,performance,1333333,"0,1,2",,no-overlay idle reference (before any bitstream load),SOM-rail power (INA260),VCC_SOM,hwmon,/sys/class/hwmon/hwmon2 name=ina260_u14,"{""update_interval_ms"": ""not exposed""}",10.000,9.984,0.2793,0,0,sample_only,341.362062,76.910279,1790793211.244467,2026-09-30T18:33:31.244+00:00,3.220000,0.641000,5.046000,power1_input=3220000uW curr1_input=641mA in1_input=5046mV
2026-09-30T18:34:14+00:00,2d280c7862041cee1dd36a2ac164af8b7f9dcec3,False,2023.1,,ZynqMP KV260 revB machine-id:a435d1c5,,all,,hw,,,,kria,not read (sensor only),2d280c7862041cee1dd36a2ac164af8b7f9dcec3,,,,sensor_only,1,True,,performance,1333333,"0,1,2",,no-overlay idle reference (before any bitstream load),SOM-rail power (INA260),VCC_SOM,hwmon,/sys/class/hwmon/hwmon2 name=ina260_u14,"{""update_interval_ms"": ""not exposed""}",10.000,9.984,0.2793,0,0,sample_only,341.462099,77.010315,1790793211.344502,2026-09-30T18:33:31.344+00:00,3.230000,0.640000,5.047000,power1_input=3230000uW curr1_input=640mA in1_input=5047mV
2026-09-30T18:34:14+00:00,2d280c7862041cee1dd36a2ac164af8b7f9dcec3,False,2023.1,,ZynqMP KV260 revB machine-id:a435d1c5,,all,,hw,,,,kria,not read (sensor only),2d280c7862041cee1dd36a2ac164af8b7f9dcec3,,,,sensor_only,1,True,,performance,1333333,"0,1,2",,no-overlay idle reference (before any bitstream load),SOM-rail power (INA260),VCC_SOM,hwmon,/sys/class/hwmon/hwmon2 name=ina260_u14,"{""update_interval_ms"": ""not exposed""}",10.000,9.984,0.2793,0,0,sample_only,341.562042,77.110258,1790793211.444445,2026-09-30T18:33:31.444+00:00,3.210000,0.636000,5.046000,power1_input=3210000uW curr1_input=636mA in1_input=5046mV
2026-09-30T18:34:14+00:00,2d280c7862041cee1dd36a2ac164af8b7f9dcec3,False,2023.1,,ZynqMP KV260 revB machine-id:a435d1c5,,all,,hw,,,,kria,not read (sensor only),2d280c7862041cee1dd36a2ac164af8b7f9dcec3,,,,sensor_only,1,True,,performance,1333333,"0,1,2",,no-overlay idle reference (before any bitstream load),SOM-rail power (INA260),VCC_SOM,hwmon,/sys/class/hwmon/hwmon2 name=ina260_u14,"{""update_interval_ms"": ""not exposed""}",10.000,9.984,0.2793,0,0,sample_only,341.662045,77.210261,1790793211.544448,2026-09-30T18:33:31.544+00:00,3.200000,0.643000,5.046000,power1_input=3200000uW curr1_input=643mA in1_input=5046mV
2026-09-30T18:34:14+00:00,2d280c7862041cee1dd36a2ac164af8b7f9dcec3,False,2023.1,,ZynqMP KV260 revB machine-id:a435d1c5,,all,,hw,,,,kria,not read (sensor only),2d280c7862041cee1dd36a2ac164af8b7f9dcec3,,,,sensor_only,1,True,,performance,1333333,"0,1,2",,no-overlay idle reference (before any bitstream load),SOM-rail power (INA260),VCC_SOM,hwmon,/sys/class/hwmon/hwmon2 name=ina260_u14,"{""update_interval_ms"": ""not exposed""}",10.000,9.984,0.2793,0,0,sample_only,341.762063,77.310280,1790793211.644467,2026-09-30T18:33:31.644+00:00,3.230000,0.638000,5.047000,power1_input=3230000uW curr1_input=638mA in1_input=5047mV
2026-09-30T18:34:14+00:00,2d280c7862041cee1dd36a2ac164af8b7f9dcec3,False,2023.1,,ZynqMP KV260 revB machine-id:a435d1c5,,all,,hw,,,,kria,not read (sensor only),2d280c7862041cee1dd36a2ac164af8b7f9dcec3,,,,sensor_only,1,True,,performance,1333333,"0,1,2",,no-overlay idle reference (before any bitstream load),SOM-rail power (INA260),VCC_SOM,hwmon,/sys/class/hwmon/hwmon2 name=ina260_u14,"{""update_interval_ms"": ""not exposed""}",10.000,9.984,0.2793,0,0,sample_only,341.862063,77.410279,1790793211.744466,2026-09-30T18:33:31.744+00:00,3.210000,0.636000,5.046000,power1_input=3210000uW curr1_input=636mA in1_input=5046mV
2026-09-30T18:34:14+00:00,2d280c7862041cee1dd36a2ac164af8b7f9dcec3,False,2023.1,,ZynqMP KV260 revB machine-id:a435d1c5,,all,,hw,,,,kria,not read (sensor only),2d280c7862041cee1dd36a2ac164af8b7f9dcec3,,,,sensor_only,1,True,,performance,1333333,"0,1,2",,no-overlay idle reference (before any bitstream load),SOM-rail power (INA260),VCC_SOM,hwmon,/sys/class/hwmon/hwmon2 name=ina260_u14,"{""update_interval_ms"": ""not exposed""}",10.000,9.984,0.2793,0,0,sample_only,341.962051,77.510268,1790793211.844455,2026-09-30T18:33:31.844+00:00,3.200000,0.635000,5.047000,power1_input=3200000uW curr1_input=635mA in1_input=5047mV
2026-09-30T18:34:14+00:00,2d280c7862041cee1dd36a2ac164af8b7f9dcec3,False,2023.1,,ZynqMP KV260 revB machine-id:a435d1c5,,all,,hw,,,,kria,not read (sensor only),2d280c7862041cee1dd36a2ac164af8b7f9dcec3,,,,sensor_only,1,True,,performance,1333333,"0,1,2",,no-overlay idle reference (before any bitstream load),SOM-rail power (INA260),VCC_SOM,hwmon,/sys/class/hwmon/hwmon2 name=ina260_u14,"{""update_interval_ms"": ""not exposed""}",10.000,9.984,0.2793,0,0,sample_only,342.062051,77.610267,1790793211.944454,2026-09-30T18:33:31.944+00:00,3.200000,0.636000,5.046000,power1_input=3200000uW curr1_input=636mA in1_input=5046mV
2026-09-30T18:34:14+00:00,2d280c7862041cee1dd36a2ac164af8b7f9dcec3,False,2023.1,,ZynqMP KV260 revB machine-id:a435d1c5,,all,,hw,,,,kria,not read (sensor only),2d280c7862041cee1dd36a2ac164af8b7f9dcec3,,,,sensor_only,1,True,,performance,1333333,"0,1,2",,no-overlay idle reference (before any bitstream load),SOM-rail power (INA260),VCC_SOM,hwmon,/sys/class/hwmon/hwmon2 name=ina260_u14,"{""update_interval_ms"": ""not exposed""}",10.000,9.984,0.2793,0,0,sample_only,342.162129,77.710345,1790793212.044533,2026-09-30T18:33:32.044+00:00,3.210000,0.636000,5.046000,power1_input=3210000uW curr1_input=636mA in1_input=5046mV
2026-09-30T18:34:14+00:00,2d280c7862041cee1dd36a2ac164af8b7f9dcec3,False,2023.1,,ZynqMP KV260 revB machine-id:a435d1c5,,all,,hw,,,,kria,not read (sensor only),2d280c7862041cee1dd36a2ac164af8b7f9dcec3,,,,sensor_only,1,True,,performance,1333333,"0,1,2",,no-overlay idle reference (before any bitstream load),SOM-rail power (INA260),VCC_SOM,hwmon,/sys/class/hwmon/hwmon2 name=ina260_u14,"{""update_interval_ms"": ""not exposed""}",10.000,9.984,0.2793,0,0,sample_only,342.262063,77.810279,1790793212.144466,2026-09-30T18:33:32.144+00:00,3.210000,0.636000,5.047000,power1_input=3210000uW curr1_input=636mA in1_input=5047mV
2026-09-30T18:34:14+00:00,2d280c7862041cee1dd36a2ac164af8b7f9dcec3,False,2023.1,,ZynqMP KV260 revB machine-id:a435d1c5,,all,,hw,,,,kria,not read (sensor only),2d280c7862041cee1dd36a2ac164af8b7f9dcec3,,,,sensor_only,1,True,,performance,1333333,"0,1,2",,no-overlay idle reference (before any bitstream load),SOM-rail power (INA260),VCC_SOM,hwmon,/sys/class/hwmon/hwmon2 name=ina260_u14,"{""update_interval_ms"": ""not exposed""}",10.000,9.984,0.2793,0,0,sample_only,342.362064,77.910280,1790793212.244467,2026-09-30T18:33:32.244+00:00,3.200000,0.647000,5.046000,power1_input=3200000uW curr1_input=647mA in1_input=5046mV
2026-09-30T18:34:14+00:00,2d280c7862041cee1dd36a2ac164af8b7f9dcec3,False,2023.1,,ZynqMP KV260 revB machine-id:a435d1c5,,all,,hw,,,,kria,not read (sensor only),2d280c7862041cee1dd36a2ac164af8b7f9dcec3,,,,sensor_only,1,True,,performance,1333333,"0,1,2",,no-overlay idle reference (before any bitstream load),SOM-rail power (INA260),VCC_SOM,hwmon,/sys/class/hwmon/hwmon2 name=ina260_u14,"{""update_interval_ms"": ""not exposed""}",10.000,9.984,0.2793,0,0,sample_only,342.462101,78.010317,1790793212.344504,2026-09-30T18:33:32.344+00:00,3.210000,0.635000,5.046000,power1_input=3210000uW curr1_input=635mA in1_input=5046mV
2026-09-30T18:34:14+00:00,2d280c7862041cee1dd36a2ac164af8b7f9dcec3,False,2023.1,,ZynqMP KV260 revB machine-id:a435d1c5,,all,,hw,,,,kria,not read (sensor only),2d280c7862041cee1dd36a2ac164af8b7f9dcec3,,,,sensor_only,1,True,,performance,1333333,"0,1,2",,no-overlay idle reference (before any bitstream load),SOM-rail power (INA260),VCC_SOM,hwmon,/sys/class/hwmon/hwmon2 name=ina260_u14,"{""update_interval_ms"": ""not exposed""}",10.000,9.984,0.2793,0,0,sample_only,342.562046,78.110263,1790793212.444449,2026-09-30T18:33:32.444+00:00,3.210000,0.636000,5.046000,power1_input=3210000uW curr1_input=636mA in1_input=5046mV
2026-09-30T18:34:14+00:00,2d280c7862041cee1dd36a2ac164af8b7f9dcec3,False,2023.1,,ZynqMP KV260 revB machine-id:a435d1c5,,all,,hw,,,,kria,not read (sensor only),2d280c7862041cee1dd36a2ac164af8b7f9dcec3,,,,sensor_only,1,True,,performance,1333333,"0,1,2",,no-overlay idle reference (before any bitstream load),SOM-rail power (INA260),VCC_SOM,hwmon,/sys/class/hwmon/hwmon2 name=ina260_u14,"{""update_interval_ms"": ""not exposed""}",10.000,9.984,0.2793,0,0,sample_only,342.662050,78.210266,1790793212.544453,2026-09-30T18:33:32.544+00:00,3.210000,0.636000,5.047000,power1_input=3210000uW curr1_input=636mA in1_input=5047mV
2026-09-30T18:34:14+00:00,2d280c7862041cee1dd36a2ac164af8b7f9dcec3,False,2023.1,,ZynqMP KV260 revB machine-id:a435d1c5,,all,,hw,,,,kria,not read (sensor only),2d280c7862041cee1dd36a2ac164af8b7f9dcec3,,,,sensor_only,1,True,,performance,1333333,"0,1,2",,no-overlay idle reference (before any bitstream load),SOM-rail power (INA260),VCC_SOM,hwmon,/sys/class/hwmon/hwmon2 name=ina260_u14,"{""update_interval_ms"": ""not exposed""}",10.000,9.984,0.2793,0,0,sample_only,342.762042,78.310258,1790793212.644445,2026-09-30T18:33:32.644+00:00,3.200000,0.635000,5.046000,power1_input=3200000uW curr1_input=635mA in1_input=5046mV
2026-09-30T18:34:14+00:00,2d280c7862041cee1dd36a2ac164af8b7f9dcec3,False,2023.1,,ZynqMP KV260 revB machine-id:a435d1c5,,all,,hw,,,,kria,not read (sensor only),2d280c7862041cee1dd36a2ac164af8b7f9dcec3,,,,sensor_only,1,True,,performance,1333333,"0,1,2",,no-overlay idle reference (before any bitstream load),SOM-rail power (INA260),VCC_SOM,hwmon,/sys/class/hwmon/hwmon2 name=ina260_u14,"{""update_interval_ms"": ""not exposed""}",10.000,9.984,0.2793,0,0,sample_only,342.862062,78.410278,1790793212.744465,2026-09-30T18:33:32.744+00:00,3.200000,0.635000,5.046000,power1_input=3200000uW curr1_input=635mA in1_input=5046mV
2026-09-30T18:34:14+00:00,2d280c7862041cee1dd36a2ac164af8b7f9dcec3,False,2023.1,,ZynqMP KV260 revB machine-id:a435d1c5,,all,,hw,,,,kria,not read (sensor only),2d280c7862041cee1dd36a2ac164af8b7f9dcec3,,,,sensor_only,1,True,,performance,1333333,"0,1,2",,no-overlay idle reference (before any bitstream load),SOM-rail power (INA260),VCC_SOM,hwmon,/sys/class/hwmon/hwmon2 name=ina260_u14,"{""update_interval_ms"": ""not exposed""}",10.000,9.984,0.2793,0,0,sample_only,342.962081,78.510297,1790793212.844485,2026-09-30T18:33:32.844+00:00,3.200000,0.635000,5.046000,power1_input=3200000uW curr1_input=635mA in1_input=5046mV
2026-09-30T18:34:14+00:00,2d280c7862041cee1dd36a2ac164af8b7f9dcec3,False,2023.1,,ZynqMP KV260 revB machine-id:a435d1c5,,all,,hw,,,,kria,not read (sensor only),2d280c7862041cee1dd36a2ac164af8b7f9dcec3,,,,sensor_only,1,True,,performance,1333333,"0,1,2",,no-overlay idle reference (before any bitstream load),SOM-rail power (INA260),VCC_SOM,hwmon,/sys/class/hwmon/hwmon2 name=ina260_u14,"{""update_interval_ms"": ""not exposed""}",10.000,9.984,0.2793,0,0,sample_only,343.062110,78.610326,1790793212.944514,2026-09-30T18:33:32.944+00:00,3.200000,0.635000,5.047000,power1_input=3200000uW curr1_input=635mA in1_input=5047mV
2026-09-30T18:34:14+00:00,2d280c7862041cee1dd36a2ac164af8b7f9dcec3,False,2023.1,,ZynqMP KV260 revB machine-id:a435d1c5,,all,,hw,,,,kria,not read (sensor only),2d280c7862041cee1dd36a2ac164af8b7f9dcec3,,,,sensor_only,1,True,,performance,1333333,"0,1,2",,no-overlay idle reference (before any bitstream load),SOM-rail power (INA260),VCC_SOM,hwmon,/sys/class/hwmon/hwmon2 name=ina260_u14,"{""update_interval_ms"": ""not exposed""}",10.000,9.984,0.2793,0,0,sample_only,343.162053,78.710269,1790793213.044456,2026-09-30T18:33:33.044+00:00,3.210000,0.636000,5.047000,power1_input=3210000uW curr1_input=636mA in1_input=5047mV
2026-09-30T18:34:14+00:00,2d280c7862041cee1dd36a2ac164af8b7f9dcec3,False,2023.1,,ZynqMP KV260 revB machine-id:a435d1c5,,all,,hw,,,,kria,not read (sensor only),2d280c7862041cee1dd36a2ac164af8b7f9dcec3,,,,sensor_only,1,True,,performance,1333333,"0,1,2",,no-overlay idle reference (before any bitstream load),SOM-rail power (INA260),VCC_SOM,hwmon,/sys/class/hwmon/hwmon2 name=ina260_u14,"{""update_interval_ms"": ""not exposed""}",10.000,9.984,0.2793,0,0,sample_only,343.262094,78.810311,1790793213.144497,2026-09-30T18:33:33.144+00:00,3.200000,0.633000,5.046000,power1_input=3200000uW curr1_input=633mA in1_input=5046mV
2026-09-30T18:34:14+00:00,2d280c7862041cee1dd36a2ac164af8b7f9dcec3,False,2023.1,,ZynqMP KV260 revB machine-id:a435d1c5,,all,,hw,,,,kria,not read (sensor only),2d280c7862041cee1dd36a2ac164af8b7f9dcec3,,,,sensor_only,1,True,,performance,1333333,"0,1,2",,no-overlay idle reference (before any bitstream load),SOM-rail power (INA260),VCC_SOM,hwmon,/sys/class/hwmon/hwmon2 name=ina260_u14,"{""update_interval_ms"": ""not exposed""}",10.000,9.984,0.2793,0,0,sample_only,343.362047,78.910264,1790793213.244451,2026-09-30T18:33:33.244+00:00,3.210000,0.638000,5.046000,power1_input=3210000uW curr1_input=638mA in1_input=5046mV
2026-09-30T18:34:14+00:00,2d280c7862041cee1dd36a2ac164af8b7f9dcec3,False,2023.1,,ZynqMP KV260 revB machine-id:a435d1c5,,all,,hw,,,,kria,not read (sensor only),2d280c7862041cee1dd36a2ac164af8b7f9dcec3,,,,sensor_only,1,True,,performance,1333333,"0,1,2",,no-overlay idle reference (before any bitstream load),SOM-rail power (INA260),VCC_SOM,hwmon,/sys/class/hwmon/hwmon2 name=ina260_u14,"{""update_interval_ms"": ""not exposed""}",10.000,9.984,0.2793,0,0,sample_only,343.462130,79.010346,1790793213.344534,2026-09-30T18:33:33.344+00:00,3.210000,0.636000,5.046000,power1_input=3210000uW curr1_input=636mA in1_input=5046mV
2026-09-30T18:34:14+00:00,2d280c7862041cee1dd36a2ac164af8b7f9dcec3,False,2023.1,,ZynqMP KV260 revB machine-id:a435d1c5,,all,,hw,,,,kria,not read (sensor only),2d280c7862041cee1dd36a2ac164af8b7f9dcec3,,,,sensor_only,1,True,,performance,1333333,"0,1,2",,no-overlay idle reference (before any bitstream load),SOM-rail power (INA260),VCC_SOM,hwmon,/sys/class/hwmon/hwmon2 name=ina260_u14,"{""update_interval_ms"": ""not exposed""}",10.000,9.984,0.2793,0,0,sample_only,343.562078,79.110294,1790793213.444482,2026-09-30T18:33:33.444+00:00,3.210000,0.637000,5.046000,power1_input=3210000uW curr1_input=637mA in1_input=5046mV
2026-09-30T18:34:14+00:00,2d280c7862041cee1dd36a2ac164af8b7f9dcec3,False,2023.1,,ZynqMP KV260 revB machine-id:a435d1c5,,all,,hw,,,,kria,not read (sensor only),2d280c7862041cee1dd36a2ac164af8b7f9dcec3,,,,sensor_only,1,True,,performance,1333333,"0,1,2",,no-overlay idle reference (before any bitstream load),SOM-rail power (INA260),VCC_SOM,hwmon,/sys/class/hwmon/hwmon2 name=ina260_u14,"{""update_interval_ms"": ""not exposed""}",10.000,9.984,0.2793,0,0,sample_only,343.662064,79.210280,1790793213.544467,2026-09-30T18:33:33.544+00:00,3.210000,0.636000,5.046000,power1_input=3210000uW curr1_input=636mA in1_input=5046mV
2026-09-30T18:34:14+00:00,2d280c7862041cee1dd36a2ac164af8b7f9dcec3,False,2023.1,,ZynqMP KV260 revB machine-id:a435d1c5,,all,,hw,,,,kria,not read (sensor only),2d280c7862041cee1dd36a2ac164af8b7f9dcec3,,,,sensor_only,1,True,,performance,1333333,"0,1,2",,no-overlay idle reference (before any bitstream load),SOM-rail power (INA260),VCC_SOM,hwmon,/sys/class/hwmon/hwmon2 name=ina260_u14,"{""update_interval_ms"": ""not exposed""}",10.000,9.984,0.2793,0,0,sample_only,343.762046,79.310262,1790793213.644449,2026-09-30T18:33:33.644+00:00,3.210000,0.636000,5.046000,power1_input=3210000uW curr1_input=636mA in1_input=5046mV
2026-09-30T18:34:14+00:00,2d280c7862041cee1dd36a2ac164af8b7f9dcec3,False,2023.1,,ZynqMP KV260 revB machine-id:a435d1c5,,all,,hw,,,,kria,not read (sensor only),2d280c7862041cee1dd36a2ac164af8b7f9dcec3,,,,sensor_only,1,True,,performance,1333333,"0,1,2",,no-overlay idle reference (before any bitstream load),SOM-rail power (INA260),VCC_SOM,hwmon,/sys/class/hwmon/hwmon2 name=ina260_u14,"{""update_interval_ms"": ""not exposed""}",10.000,9.984,0.2793,0,0,sample_only,343.862059,79.410276,1790793213.744462,2026-09-30T18:33:33.744+00:00,3.210000,0.636000,5.047000,power1_input=3210000uW curr1_input=636mA in1_input=5047mV
2026-09-30T18:34:14+00:00,2d280c7862041cee1dd36a2ac164af8b7f9dcec3,False,2023.1,,ZynqMP KV260 revB machine-id:a435d1c5,,all,,hw,,,,kria,not read (sensor only),2d280c7862041cee1dd36a2ac164af8b7f9dcec3,,,,sensor_only,1,True,,performance,1333333,"0,1,2",,no-overlay idle reference (before any bitstream load),SOM-rail power (INA260),VCC_SOM,hwmon,/sys/class/hwmon/hwmon2 name=ina260_u14,"{""update_interval_ms"": ""not exposed""}",10.000,9.984,0.2793,0,0,sample_only,343.962046,79.510263,1790793213.844449,2026-09-30T18:33:33.844+00:00,3.210000,0.637000,5.046000,power1_input=3210000uW curr1_input=637mA in1_input=5046mV
2026-09-30T18:34:14+00:00,2d280c7862041cee1dd36a2ac164af8b7f9dcec3,False,2023.1,,ZynqMP KV260 revB machine-id:a435d1c5,,all,,hw,,,,kria,not read (sensor only),2d280c7862041cee1dd36a2ac164af8b7f9dcec3,,,,sensor_only,1,True,,performance,1333333,"0,1,2",,no-overlay idle reference (before any bitstream load),SOM-rail power (INA260),VCC_SOM,hwmon,/sys/class/hwmon/hwmon2 name=ina260_u14,"{""update_interval_ms"": ""not exposed""}",10.000,9.984,0.2793,0,0,sample_only,344.062043,79.610259,1790793213.944446,2026-09-30T18:33:33.944+00:00,3.200000,0.636000,5.047000,power1_input=3200000uW curr1_input=636mA in1_input=5047mV
2026-09-30T18:34:14+00:00,2d280c7862041cee1dd36a2ac164af8b7f9dcec3,False,2023.1,,ZynqMP KV260 revB machine-id:a435d1c5,,all,,hw,,,,kria,not read (sensor only),2d280c7862041cee1dd36a2ac164af8b7f9dcec3,,,,sensor_only,1,True,,performance,1333333,"0,1,2",,no-overlay idle reference (before any bitstream load),SOM-rail power (INA260),VCC_SOM,hwmon,/sys/class/hwmon/hwmon2 name=ina260_u14,"{""update_interval_ms"": ""not exposed""}",10.000,9.984,0.2793,0,0,sample_only,344.162049,79.710266,1790793214.044453,2026-09-30T18:33:34.044+00:00,3.220000,0.637000,5.046000,power1_input=3220000uW curr1_input=637mA in1_input=5046mV
2026-09-30T18:34:14+00:00,2d280c7862041cee1dd36a2ac164af8b7f9dcec3,False,2023.1,,ZynqMP KV260 revB machine-id:a435d1c5,,all,,hw,,,,kria,not read (sensor only),2d280c7862041cee1dd36a2ac164af8b7f9dcec3,,,,sensor_only,1,True,,performance,1333333,"0,1,2",,no-overlay idle reference (before any bitstream load),SOM-rail power (INA260),VCC_SOM,hwmon,/sys/class/hwmon/hwmon2 name=ina260_u14,"{""update_interval_ms"": ""not exposed""}",10.000,9.984,0.2793,0,0,sample_only,344.262042,79.810258,1790793214.144445,2026-09-30T18:33:34.144+00:00,3.220000,0.637000,5.047000,power1_input=3220000uW curr1_input=637mA in1_input=5047mV
2026-09-30T18:34:14+00:00,2d280c7862041cee1dd36a2ac164af8b7f9dcec3,False,2023.1,,ZynqMP KV260 revB machine-id:a435d1c5,,all,,hw,,,,kria,not read (sensor only),2d280c7862041cee1dd36a2ac164af8b7f9dcec3,,,,sensor_only,1,True,,performance,1333333,"0,1,2",,no-overlay idle reference (before any bitstream load),SOM-rail power (INA260),VCC_SOM,hwmon,/sys/class/hwmon/hwmon2 name=ina260_u14,"{""update_interval_ms"": ""not exposed""}",10.000,9.984,0.2793,0,0,sample_only,344.362128,79.910345,1790793214.244533,2026-09-30T18:33:34.244+00:00,3.210000,0.647000,5.046000,power1_input=3210000uW curr1_input=647mA in1_input=5046mV
2026-09-30T18:34:14+00:00,2d280c7862041cee1dd36a2ac164af8b7f9dcec3,False,2023.1,,ZynqMP KV260 revB machine-id:a435d1c5,,all,,hw,,,,kria,not read (sensor only),2d280c7862041cee1dd36a2ac164af8b7f9dcec3,,,,sensor_only,1,True,,performance,1333333,"0,1,2",,no-overlay idle reference (before any bitstream load),SOM-rail power (INA260),VCC_SOM,hwmon,/sys/class/hwmon/hwmon2 name=ina260_u14,"{""update_interval_ms"": ""not exposed""}",10.000,9.984,0.2793,0,0,sample_only,344.462057,80.010273,1790793214.344460,2026-09-30T18:33:34.344+00:00,3.200000,0.635000,5.047000,power1_input=3200000uW curr1_input=635mA in1_input=5047mV
2026-09-30T18:34:14+00:00,2d280c7862041cee1dd36a2ac164af8b7f9dcec3,False,2023.1,,ZynqMP KV260 revB machine-id:a435d1c5,,all,,hw,,,,kria,not read (sensor only),2d280c7862041cee1dd36a2ac164af8b7f9dcec3,,,,sensor_only,1,True,,performance,1333333,"0,1,2",,no-overlay idle reference (before any bitstream load),SOM-rail power (INA260),VCC_SOM,hwmon,/sys/class/hwmon/hwmon2 name=ina260_u14,"{""update_interval_ms"": ""not exposed""}",10.000,9.984,0.2793,0,0,sample_only,344.562041,80.110258,1790793214.444445,2026-09-30T18:33:34.444+00:00,3.210000,0.636000,5.047000,power1_input=3210000uW curr1_input=636mA in1_input=5047mV
2026-09-30T18:34:14+00:00,2d280c7862041cee1dd36a2ac164af8b7f9dcec3,False,2023.1,,ZynqMP KV260 revB machine-id:a435d1c5,,all,,hw,,,,kria,not read (sensor only),2d280c7862041cee1dd36a2ac164af8b7f9dcec3,,,,sensor_only,1,True,,performance,1333333,"0,1,2",,no-overlay idle reference (before any bitstream load),SOM-rail power (INA260),VCC_SOM,hwmon,/sys/class/hwmon/hwmon2 name=ina260_u14,"{""update_interval_ms"": ""not exposed""}",10.000,9.984,0.2793,0,0,sample_only,344.662093,80.210310,1790793214.544497,2026-09-30T18:33:34.544+00:00,3.210000,0.636000,5.046000,power1_input=3210000uW curr1_input=636mA in1_input=5046mV
2026-09-30T18:34:14+00:00,2d280c7862041cee1dd36a2ac164af8b7f9dcec3,False,2023.1,,ZynqMP KV260 revB machine-id:a435d1c5,,all,,hw,,,,kria,not read (sensor only),2d280c7862041cee1dd36a2ac164af8b7f9dcec3,,,,sensor_only,1,True,,performance,1333333,"0,1,2",,no-overlay idle reference (before any bitstream load),SOM-rail power (INA260),VCC_SOM,hwmon,/sys/class/hwmon/hwmon2 name=ina260_u14,"{""update_interval_ms"": ""not exposed""}",10.000,9.984,0.2793,0,0,sample_only,344.762090,80.310306,1790793214.644493,2026-09-30T18:33:34.644+00:00,3.200000,0.635000,5.046000,power1_input=3200000uW curr1_input=635mA in1_input=5046mV
2026-09-30T18:34:14+00:00,2d280c7862041cee1dd36a2ac164af8b7f9dcec3,False,2023.1,,ZynqMP KV260 revB machine-id:a435d1c5,,all,,hw,,,,kria,not read (sensor only),2d280c7862041cee1dd36a2ac164af8b7f9dcec3,,,,sensor_only,1,True,,performance,1333333,"0,1,2",,no-overlay idle reference (before any bitstream load),SOM-rail power (INA260),VCC_SOM,hwmon,/sys/class/hwmon/hwmon2 name=ina260_u14,"{""update_interval_ms"": ""not exposed""}",10.000,9.984,0.2793,0,0,sample_only,344.862125,80.410341,1790793214.744529,2026-09-30T18:33:34.744+00:00,3.210000,0.636000,5.046000,power1_input=3210000uW curr1_input=636mA in1_input=5046mV
2026-09-30T18:34:14+00:00,2d280c7862041cee1dd36a2ac164af8b7f9dcec3,False,2023.1,,ZynqMP KV260 revB machine-id:a435d1c5,,all,,hw,,,,kria,not read (sensor only),2d280c7862041cee1dd36a2ac164af8b7f9dcec3,,,,sensor_only,1,True,,performance,1333333,"0,1,2",,no-overlay idle reference (before any bitstream load),SOM-rail power (INA260),VCC_SOM,hwmon,/sys/class/hwmon/hwmon2 name=ina260_u14,"{""update_interval_ms"": ""not exposed""}",10.000,9.984,0.2793,0,0,sample_only,344.962101,80.510318,1790793214.844505,2026-09-30T18:33:34.844+00:00,3.210000,0.636000,5.046000,power1_input=3210000uW curr1_input=636mA in1_input=5046mV
2026-09-30T18:34:14+00:00,2d280c7862041cee1dd36a2ac164af8b7f9dcec3,False,2023.1,,ZynqMP KV260 revB machine-id:a435d1c5,,all,,hw,,,,kria,not read (sensor only),2d280c7862041cee1dd36a2ac164af8b7f9dcec3,,,,sensor_only,1,True,,performance,1333333,"0,1,2",,no-overlay idle reference (before any bitstream load),SOM-rail power (INA260),VCC_SOM,hwmon,/sys/class/hwmon/hwmon2 name=ina260_u14,"{""update_interval_ms"": ""not exposed""}",10.000,9.984,0.2793,0,0,sample_only,345.062062,80.610278,1790793214.944466,2026-09-30T18:33:34.944+00:00,3.200000,0.640000,5.046000,power1_input=3200000uW curr1_input=640mA in1_input=5046mV
2026-09-30T18:34:14+00:00,2d280c7862041cee1dd36a2ac164af8b7f9dcec3,False,2023.1,,ZynqMP KV260 revB machine-id:a435d1c5,,all,,hw,,,,kria,not read (sensor only),2d280c7862041cee1dd36a2ac164af8b7f9dcec3,,,,sensor_only,1,True,,performance,1333333,"0,1,2",,no-overlay idle reference (before any bitstream load),SOM-rail power (INA260),VCC_SOM,hwmon,/sys/class/hwmon/hwmon2 name=ina260_u14,"{""update_interval_ms"": ""not exposed""}",10.000,9.984,0.2793,0,0,sample_only,345.162105,80.710322,1790793215.044510,2026-09-30T18:33:35.044+00:00,3.230000,0.638000,5.046000,power1_input=3230000uW curr1_input=638mA in1_input=5046mV
2026-09-30T18:34:14+00:00,2d280c7862041cee1dd36a2ac164af8b7f9dcec3,False,2023.1,,ZynqMP KV260 revB machine-id:a435d1c5,,all,,hw,,,,kria,not read (sensor only),2d280c7862041cee1dd36a2ac164af8b7f9dcec3,,,,sensor_only,1,True,,performance,1333333,"0,1,2",,no-overlay idle reference (before any bitstream load),SOM-rail power (INA260),VCC_SOM,hwmon,/sys/class/hwmon/hwmon2 name=ina260_u14,"{""update_interval_ms"": ""not exposed""}",10.000,9.984,0.2793,0,0,sample_only,345.262056,80.810272,1790793215.144459,2026-09-30T18:33:35.144+00:00,3.210000,0.636000,5.047000,power1_input=3210000uW curr1_input=636mA in1_input=5047mV
2026-09-30T18:34:14+00:00,2d280c7862041cee1dd36a2ac164af8b7f9dcec3,False,2023.1,,ZynqMP KV260 revB machine-id:a435d1c5,,all,,hw,,,,kria,not read (sensor only),2d280c7862041cee1dd36a2ac164af8b7f9dcec3,,,,sensor_only,1,True,,performance,1333333,"0,1,2",,no-overlay idle reference (before any bitstream load),SOM-rail power (INA260),VCC_SOM,hwmon,/sys/class/hwmon/hwmon2 name=ina260_u14,"{""update_interval_ms"": ""not exposed""}",10.000,9.984,0.2793,0,0,sample_only,345.362046,80.910262,1790793215.244450,2026-09-30T18:33:35.244+00:00,3.210000,0.636000,5.047000,power1_input=3210000uW curr1_input=636mA in1_input=5047mV
2026-09-30T18:34:14+00:00,2d280c7862041cee1dd36a2ac164af8b7f9dcec3,False,2023.1,,ZynqMP KV260 revB machine-id:a435d1c5,,all,,hw,,,,kria,not read (sensor only),2d280c7862041cee1dd36a2ac164af8b7f9dcec3,,,,sensor_only,1,True,,performance,1333333,"0,1,2",,no-overlay idle reference (before any bitstream load),SOM-rail power (INA260),VCC_SOM,hwmon,/sys/class/hwmon/hwmon2 name=ina260_u14,"{""update_interval_ms"": ""not exposed""}",10.000,9.984,0.2793,0,0,sample_only,345.462110,81.010326,1790793215.344514,2026-09-30T18:33:35.344+00:00,3.230000,0.638000,5.047000,power1_input=3230000uW curr1_input=638mA in1_input=5047mV
2026-09-30T18:34:14+00:00,2d280c7862041cee1dd36a2ac164af8b7f9dcec3,False,2023.1,,ZynqMP KV260 revB machine-id:a435d1c5,,all,,hw,,,,kria,not read (sensor only),2d280c7862041cee1dd36a2ac164af8b7f9dcec3,,,,sensor_only,1,True,,performance,1333333,"0,1,2",,no-overlay idle reference (before any bitstream load),SOM-rail power (INA260),VCC_SOM,hwmon,/sys/class/hwmon/hwmon2 name=ina260_u14,"{""update_interval_ms"": ""not exposed""}",10.000,9.984,0.2793,0,0,sample_only,345.562094,81.110310,1790793215.444497,2026-09-30T18:33:35.444+00:00,3.200000,0.636000,5.047000,power1_input=3200000uW curr1_input=636mA in1_input=5047mV
2026-09-30T18:34:14+00:00,2d280c7862041cee1dd36a2ac164af8b7f9dcec3,False,2023.1,,ZynqMP KV260 revB machine-id:a435d1c5,,all,,hw,,,,kria,not read (sensor only),2d280c7862041cee1dd36a2ac164af8b7f9dcec3,,,,sensor_only,1,True,,performance,1333333,"0,1,2",,no-overlay idle reference (before any bitstream load),SOM-rail power (INA260),VCC_SOM,hwmon,/sys/class/hwmon/hwmon2 name=ina260_u14,"{""update_interval_ms"": ""not exposed""}",10.000,9.984,0.2793,0,0,sample_only,345.662052,81.210269,1790793215.544456,2026-09-30T18:33:35.544+00:00,3.220000,0.637000,5.047000,power1_input=3220000uW curr1_input=637mA in1_input=5047mV
2026-09-30T18:34:14+00:00,2d280c7862041cee1dd36a2ac164af8b7f9dcec3,False,2023.1,,ZynqMP KV260 revB machine-id:a435d1c5,,all,,hw,,,,kria,not read (sensor only),2d280c7862041cee1dd36a2ac164af8b7f9dcec3,,,,sensor_only,1,True,,performance,1333333,"0,1,2",,no-overlay idle reference (before any bitstream load),SOM-rail power (INA260),VCC_SOM,hwmon,/sys/class/hwmon/hwmon2 name=ina260_u14,"{""update_interval_ms"": ""not exposed""}",10.000,9.984,0.2793,0,0,sample_only,345.762090,81.310306,1790793215.644493,2026-09-30T18:33:35.644+00:00,3.200000,0.635000,5.047000,power1_input=3200000uW curr1_input=635mA in1_input=5047mV
2026-09-30T18:34:14+00:00,2d280c7862041cee1dd36a2ac164af8b7f9dcec3,False,2023.1,,ZynqMP KV260 revB machine-id:a435d1c5,,all,,hw,,,,kria,not read (sensor only),2d280c7862041cee1dd36a2ac164af8b7f9dcec3,,,,sensor_only,1,True,,performance,1333333,"0,1,2",,no-overlay idle reference (before any bitstream load),SOM-rail power (INA260),VCC_SOM,hwmon,/sys/class/hwmon/hwmon2 name=ina260_u14,"{""update_interval_ms"": ""not exposed""}",10.000,9.984,0.2793,0,0,sample_only,345.862123,81.410339,1790793215.744527,2026-09-30T18:33:35.744+00:00,3.220000,0.638000,5.047000,power1_input=3220000uW curr1_input=638mA in1_input=5047mV
2026-09-30T18:34:14+00:00,2d280c7862041cee1dd36a2ac164af8b7f9dcec3,False,2023.1,,ZynqMP KV260 revB machine-id:a435d1c5,,all,,hw,,,,kria,not read (sensor only),2d280c7862041cee1dd36a2ac164af8b7f9dcec3,,,,sensor_only,1,True,,performance,1333333,"0,1,2",,no-overlay idle reference (before any bitstream load),SOM-rail power (INA260),VCC_SOM,hwmon,/sys/class/hwmon/hwmon2 name=ina260_u14,"{""update_interval_ms"": ""not exposed""}",10.000,9.984,0.2793,0,0,sample_only,345.962099,81.510316,1790793215.844503,2026-09-30T18:33:35.844+00:00,3.200000,0.635000,5.046000,power1_input=3200000uW curr1_input=635mA in1_input=5046mV
2026-09-30T18:34:14+00:00,2d280c7862041cee1dd36a2ac164af8b7f9dcec3,False,2023.1,,ZynqMP KV260 revB machine-id:a435d1c5,,all,,hw,,,,kria,not read (sensor only),2d280c7862041cee1dd36a2ac164af8b7f9dcec3,,,,sensor_only,1,True,,performance,1333333,"0,1,2",,no-overlay idle reference (before any bitstream load),SOM-rail power (INA260),VCC_SOM,hwmon,/sys/class/hwmon/hwmon2 name=ina260_u14,"{""update_interval_ms"": ""not exposed""}",10.000,9.984,0.2793,0,0,sample_only,346.062090,81.610306,1790793215.944493,2026-09-30T18:33:35.944+00:00,3.210000,0.636000,5.046000,power1_input=3210000uW curr1_input=636mA in1_input=5046mV
2026-09-30T18:34:14+00:00,2d280c7862041cee1dd36a2ac164af8b7f9dcec3,False,2023.1,,ZynqMP KV260 revB machine-id:a435d1c5,,all,,hw,,,,kria,not read (sensor only),2d280c7862041cee1dd36a2ac164af8b7f9dcec3,,,,sensor_only,1,True,,performance,1333333,"0,1,2",,no-overlay idle reference (before any bitstream load),SOM-rail power (INA260),VCC_SOM,hwmon,/sys/class/hwmon/hwmon2 name=ina260_u14,"{""update_interval_ms"": ""not exposed""}",10.000,9.984,0.2793,0,0,sample_only,346.162050,81.710266,1790793216.044453,2026-09-30T18:33:36.044+00:00,3.200000,0.633000,5.046000,power1_input=3200000uW curr1_input=633mA in1_input=5046mV
2026-09-30T18:34:14+00:00,2d280c7862041cee1dd36a2ac164af8b7f9dcec3,False,2023.1,,ZynqMP KV260 revB machine-id:a435d1c5,,all,,hw,,,,kria,not read (sensor only),2d280c7862041cee1dd36a2ac164af8b7f9dcec3,,,,sensor_only,1,True,,performance,1333333,"0,1,2",,no-overlay idle reference (before any bitstream load),SOM-rail power (INA260),VCC_SOM,hwmon,/sys/class/hwmon/hwmon2 name=ina260_u14,"{""update_interval_ms"": ""not exposed""}",10.000,9.984,0.2793,0,0,sample_only,346.262048,81.810264,1790793216.144452,2026-09-30T18:33:36.144+00:00,3.210000,0.635000,5.047000,power1_input=3210000uW curr1_input=635mA in1_input=5047mV
2026-09-30T18:34:14+00:00,2d280c7862041cee1dd36a2ac164af8b7f9dcec3,False,2023.1,,ZynqMP KV260 revB machine-id:a435d1c5,,all,,hw,,,,kria,not read (sensor only),2d280c7862041cee1dd36a2ac164af8b7f9dcec3,,,,sensor_only,1,True,,performance,1333333,"0,1,2",,no-overlay idle reference (before any bitstream load),SOM-rail power (INA260),VCC_SOM,hwmon,/sys/class/hwmon/hwmon2 name=ina260_u14,"{""update_interval_ms"": ""not exposed""}",10.000,9.984,0.2793,0,0,sample_only,346.362060,81.910277,1790793216.244464,2026-09-30T18:33:36.244+00:00,3.230000,0.640000,5.047000,power1_input=3230000uW curr1_input=640mA in1_input=5047mV
2026-09-30T18:34:14+00:00,2d280c7862041cee1dd36a2ac164af8b7f9dcec3,False,2023.1,,ZynqMP KV260 revB machine-id:a435d1c5,,all,,hw,,,,kria,not read (sensor only),2d280c7862041cee1dd36a2ac164af8b7f9dcec3,,,,sensor_only,1,True,,performance,1333333,"0,1,2",,no-overlay idle reference (before any bitstream load),SOM-rail power (INA260),VCC_SOM,hwmon,/sys/class/hwmon/hwmon2 name=ina260_u14,"{""update_interval_ms"": ""not exposed""}",10.000,9.984,0.2793,0,0,sample_only,346.462044,82.010260,1790793216.344447,2026-09-30T18:33:36.344+00:00,3.200000,0.633000,5.047000,power1_input=3200000uW curr1_input=633mA in1_input=5047mV
2026-09-30T18:34:14+00:00,2d280c7862041cee1dd36a2ac164af8b7f9dcec3,False,2023.1,,ZynqMP KV260 revB machine-id:a435d1c5,,all,,hw,,,,kria,not read (sensor only),2d280c7862041cee1dd36a2ac164af8b7f9dcec3,,,,sensor_only,1,True,,performance,1333333,"0,1,2",,no-overlay idle reference (before any bitstream load),SOM-rail power (INA260),VCC_SOM,hwmon,/sys/class/hwmon/hwmon2 name=ina260_u14,"{""update_interval_ms"": ""not exposed""}",10.000,9.984,0.2793,0,0,sample_only,346.562041,82.110257,1790793216.444444,2026-09-30T18:33:36.444+00:00,3.200000,0.633000,5.047000,power1_input=3200000uW curr1_input=633mA in1_input=5047mV
2026-09-30T18:34:14+00:00,2d280c7862041cee1dd36a2ac164af8b7f9dcec3,False,2023.1,,ZynqMP KV260 revB machine-id:a435d1c5,,all,,hw,,,,kria,not read (sensor only),2d280c7862041cee1dd36a2ac164af8b7f9dcec3,,,,sensor_only,1,True,,performance,1333333,"0,1,2",,no-overlay idle reference (before any bitstream load),SOM-rail power (INA260),VCC_SOM,hwmon,/sys/class/hwmon/hwmon2 name=ina260_u14,"{""update_interval_ms"": ""not exposed""}",10.000,9.984,0.2793,0,0,sample_only,346.662048,82.210264,1790793216.544451,2026-09-30T18:33:36.544+00:00,3.230000,0.638000,5.047000,power1_input=3230000uW curr1_input=638mA in1_input=5047mV
2026-09-30T18:34:14+00:00,2d280c7862041cee1dd36a2ac164af8b7f9dcec3,False,2023.1,,ZynqMP KV260 revB machine-id:a435d1c5,,all,,hw,,,,kria,not read (sensor only),2d280c7862041cee1dd36a2ac164af8b7f9dcec3,,,,sensor_only,1,True,,performance,1333333,"0,1,2",,no-overlay idle reference (before any bitstream load),SOM-rail power (INA260),VCC_SOM,hwmon,/sys/class/hwmon/hwmon2 name=ina260_u14,"{""update_interval_ms"": ""not exposed""}",10.000,9.984,0.2793,0,0,sample_only,346.762041,82.310257,1790793216.644444,2026-09-30T18:33:36.644+00:00,3.220000,0.635000,5.046000,power1_input=3220000uW curr1_input=635mA in1_input=5046mV
2026-09-30T18:34:14+00:00,2d280c7862041cee1dd36a2ac164af8b7f9dcec3,False,2023.1,,ZynqMP KV260 revB machine-id:a435d1c5,,all,,hw,,,,kria,not read (sensor only),2d280c7862041cee1dd36a2ac164af8b7f9dcec3,,,,sensor_only,1,True,,performance,1333333,"0,1,2",,no-overlay idle reference (before any bitstream load),SOM-rail power (INA260),VCC_SOM,hwmon,/sys/class/hwmon/hwmon2 name=ina260_u14,"{""update_interval_ms"": ""not exposed""}",10.000,9.984,0.2793,0,0,sample_only,346.862054,82.410271,1790793216.744458,2026-09-30T18:33:36.744+00:00,3.230000,0.640000,5.046000,power1_input=3230000uW curr1_input=640mA in1_input=5046mV
2026-09-30T18:34:14+00:00,2d280c7862041cee1dd36a2ac164af8b7f9dcec3,False,2023.1,,ZynqMP KV260 revB machine-id:a435d1c5,,all,,hw,,,,kria,not read (sensor only),2d280c7862041cee1dd36a2ac164af8b7f9dcec3,,,,sensor_only,1,True,,performance,1333333,"0,1,2",,no-overlay idle reference (before any bitstream load),SOM-rail power (INA260),VCC_SOM,hwmon,/sys/class/hwmon/hwmon2 name=ina260_u14,"{""update_interval_ms"": ""not exposed""}",10.000,9.984,0.2793,0,0,sample_only,346.962044,82.510260,1790793216.844447,2026-09-30T18:33:36.844+00:00,3.200000,0.635000,5.046000,power1_input=3200000uW curr1_input=635mA in1_input=5046mV
2026-09-30T18:34:14+00:00,2d280c7862041cee1dd36a2ac164af8b7f9dcec3,False,2023.1,,ZynqMP KV260 revB machine-id:a435d1c5,,all,,hw,,,,kria,not read (sensor only),2d280c7862041cee1dd36a2ac164af8b7f9dcec3,,,,sensor_only,1,True,,performance,1333333,"0,1,2",,no-overlay idle reference (before any bitstream load),SOM-rail power (INA260),VCC_SOM,hwmon,/sys/class/hwmon/hwmon2 name=ina260_u14,"{""update_interval_ms"": ""not exposed""}",10.000,9.984,0.2793,0,0,sample_only,347.062044,82.610260,1790793216.944447,2026-09-30T18:33:36.944+00:00,3.200000,0.635000,5.047000,power1_input=3200000uW curr1_input=635mA in1_input=5047mV
2026-09-30T18:34:14+00:00,2d280c7862041cee1dd36a2ac164af8b7f9dcec3,False,2023.1,,ZynqMP KV260 revB machine-id:a435d1c5,,all,,hw,,,,kria,not read (sensor only),2d280c7862041cee1dd36a2ac164af8b7f9dcec3,,,,sensor_only,1,True,,performance,1333333,"0,1,2",,no-overlay idle reference (before any bitstream load),SOM-rail power (INA260),VCC_SOM,hwmon,/sys/class/hwmon/hwmon2 name=ina260_u14,"{""update_interval_ms"": ""not exposed""}",10.000,9.984,0.2793,0,0,sample_only,347.162109,82.710325,1790793217.044512,2026-09-30T18:33:37.044+00:00,3.200000,0.633000,5.047000,power1_input=3200000uW curr1_input=633mA in1_input=5047mV
2026-09-30T18:34:14+00:00,2d280c7862041cee1dd36a2ac164af8b7f9dcec3,False,2023.1,,ZynqMP KV260 revB machine-id:a435d1c5,,all,,hw,,,,kria,not read (sensor only),2d280c7862041cee1dd36a2ac164af8b7f9dcec3,,,,sensor_only,1,True,,performance,1333333,"0,1,2",,no-overlay idle reference (before any bitstream load),SOM-rail power (INA260),VCC_SOM,hwmon,/sys/class/hwmon/hwmon2 name=ina260_u14,"{""update_interval_ms"": ""not exposed""}",10.000,9.984,0.2793,0,0,sample_only,347.262095,82.810312,1790793217.144498,2026-09-30T18:33:37.144+00:00,3.200000,0.633000,5.047000,power1_input=3200000uW curr1_input=633mA in1_input=5047mV
2026-09-30T18:34:14+00:00,2d280c7862041cee1dd36a2ac164af8b7f9dcec3,False,2023.1,,ZynqMP KV260 revB machine-id:a435d1c5,,all,,hw,,,,kria,not read (sensor only),2d280c7862041cee1dd36a2ac164af8b7f9dcec3,,,,sensor_only,1,True,,performance,1333333,"0,1,2",,no-overlay idle reference (before any bitstream load),SOM-rail power (INA260),VCC_SOM,hwmon,/sys/class/hwmon/hwmon2 name=ina260_u14,"{""update_interval_ms"": ""not exposed""}",10.000,9.984,0.2793,0,0,sample_only,347.362111,82.910327,1790793217.244514,2026-09-30T18:33:37.244+00:00,3.200000,0.635000,5.046000,power1_input=3200000uW curr1_input=635mA in1_input=5046mV
2026-09-30T18:34:14+00:00,2d280c7862041cee1dd36a2ac164af8b7f9dcec3,False,2023.1,,ZynqMP KV260 revB machine-id:a435d1c5,,all,,hw,,,,kria,not read (sensor only),2d280c7862041cee1dd36a2ac164af8b7f9dcec3,,,,sensor_only,1,True,,performance,1333333,"0,1,2",,no-overlay idle reference (before any bitstream load),SOM-rail power (INA260),VCC_SOM,hwmon,/sys/class/hwmon/hwmon2 name=ina260_u14,"{""update_interval_ms"": ""not exposed""}",10.000,9.984,0.2793,0,0,sample_only,347.462136,83.010353,1790793217.344541,2026-09-30T18:33:37.344+00:00,3.450000,0.682000,5.047000,power1_input=3450000uW curr1_input=682mA in1_input=5047mV
2026-09-30T18:34:14+00:00,2d280c7862041cee1dd36a2ac164af8b7f9dcec3,False,2023.1,,ZynqMP KV260 revB machine-id:a435d1c5,,all,,hw,,,,kria,not read (sensor only),2d280c7862041cee1dd36a2ac164af8b7f9dcec3,,,,sensor_only,1,True,,performance,1333333,"0,1,2",,no-overlay idle reference (before any bitstream load),SOM-rail power (INA260),VCC_SOM,hwmon,/sys/class/hwmon/hwmon2 name=ina260_u14,"{""update_interval_ms"": ""not exposed""}",10.000,9.984,0.2793,0,0,sample_only,347.562092,83.110308,1790793217.444496,2026-09-30T18:33:37.444+00:00,3.430000,0.680000,5.046000,power1_input=3430000uW curr1_input=680mA in1_input=5046mV
2026-09-30T18:34:14+00:00,2d280c7862041cee1dd36a2ac164af8b7f9dcec3,False,2023.1,,ZynqMP KV260 revB machine-id:a435d1c5,,all,,hw,,,,kria,not read (sensor only),2d280c7862041cee1dd36a2ac164af8b7f9dcec3,,,,sensor_only,1,True,,performance,1333333,"0,1,2",,no-overlay idle reference (before any bitstream load),SOM-rail power (INA260),VCC_SOM,hwmon,/sys/class/hwmon/hwmon2 name=ina260_u14,"{""update_interval_ms"": ""not exposed""}",10.000,9.984,0.2793,0,0,sample_only,347.662103,83.210319,1790793217.544507,2026-09-30T18:33:37.544+00:00,3.400000,0.675000,5.046000,power1_input=3400000uW curr1_input=675mA in1_input=5046mV
2026-09-30T18:34:14+00:00,2d280c7862041cee1dd36a2ac164af8b7f9dcec3,False,2023.1,,ZynqMP KV260 revB machine-id:a435d1c5,,all,,hw,,,,kria,not read (sensor only),2d280c7862041cee1dd36a2ac164af8b7f9dcec3,,,,sensor_only,1,True,,performance,1333333,"0,1,2",,no-overlay idle reference (before any bitstream load),SOM-rail power (INA260),VCC_SOM,hwmon,/sys/class/hwmon/hwmon2 name=ina260_u14,"{""update_interval_ms"": ""not exposed""}",10.000,9.984,0.2793,0,0,sample_only,347.762155,83.310371,1790793217.644559,2026-09-30T18:33:37.644+00:00,3.400000,0.671000,5.046000,power1_input=3400000uW curr1_input=671mA in1_input=5046mV
2026-09-30T18:34:14+00:00,2d280c7862041cee1dd36a2ac164af8b7f9dcec3,False,2023.1,,ZynqMP KV260 revB machine-id:a435d1c5,,all,,hw,,,,kria,not read (sensor only),2d280c7862041cee1dd36a2ac164af8b7f9dcec3,,,,sensor_only,1,True,,performance,1333333,"0,1,2",,no-overlay idle reference (before any bitstream load),SOM-rail power (INA260),VCC_SOM,hwmon,/sys/class/hwmon/hwmon2 name=ina260_u14,"{""update_interval_ms"": ""not exposed""}",10.000,9.984,0.2793,0,0,sample_only,347.862199,83.410415,1790793217.744603,2026-09-30T18:33:37.744+00:00,3.250000,0.643000,5.046000,power1_input=3250000uW curr1_input=643mA in1_input=5046mV
2026-09-30T18:34:14+00:00,2d280c7862041cee1dd36a2ac164af8b7f9dcec3,False,2023.1,,ZynqMP KV260 revB machine-id:a435d1c5,,all,,hw,,,,kria,not read (sensor only),2d280c7862041cee1dd36a2ac164af8b7f9dcec3,,,,sensor_only,1,True,,performance,1333333,"0,1,2",,no-overlay idle reference (before any bitstream load),SOM-rail power (INA260),VCC_SOM,hwmon,/sys/class/hwmon/hwmon2 name=ina260_u14,"{""update_interval_ms"": ""not exposed""}",10.000,9.984,0.2793,0,0,sample_only,347.962057,83.510274,1790793217.844462,2026-09-30T18:33:37.844+00:00,3.210000,0.636000,5.046000,power1_input=3210000uW curr1_input=636mA in1_input=5046mV
2026-09-30T18:34:14+00:00,2d280c7862041cee1dd36a2ac164af8b7f9dcec3,False,2023.1,,ZynqMP KV260 revB machine-id:a435d1c5,,all,,hw,,,,kria,not read (sensor only),2d280c7862041cee1dd36a2ac164af8b7f9dcec3,,,,sensor_only,1,True,,performance,1333333,"0,1,2",,no-overlay idle reference (before any bitstream load),SOM-rail power (INA260),VCC_SOM,hwmon,/sys/class/hwmon/hwmon2 name=ina260_u14,"{""update_interval_ms"": ""not exposed""}",10.000,9.984,0.2793,0,0,sample_only,348.062120,83.610336,1790793217.944524,2026-09-30T18:33:37.944+00:00,3.210000,0.635000,5.047000,power1_input=3210000uW curr1_input=635mA in1_input=5047mV
2026-09-30T18:34:14+00:00,2d280c7862041cee1dd36a2ac164af8b7f9dcec3,False,2023.1,,ZynqMP KV260 revB machine-id:a435d1c5,,all,,hw,,,,kria,not read (sensor only),2d280c7862041cee1dd36a2ac164af8b7f9dcec3,,,,sensor_only,1,True,,performance,1333333,"0,1,2",,no-overlay idle reference (before any bitstream load),SOM-rail power (INA260),VCC_SOM,hwmon,/sys/class/hwmon/hwmon2 name=ina260_u14,"{""update_interval_ms"": ""not exposed""}",10.000,9.984,0.2793,0,0,sample_only,348.162091,83.710307,1790793218.044495,2026-09-30T18:33:38.044+00:00,3.210000,0.636000,5.047000,power1_input=3210000uW curr1_input=636mA in1_input=5047mV
2026-09-30T18:34:14+00:00,2d280c7862041cee1dd36a2ac164af8b7f9dcec3,False,2023.1,,ZynqMP KV260 revB machine-id:a435d1c5,,all,,hw,,,,kria,not read (sensor only),2d280c7862041cee1dd36a2ac164af8b7f9dcec3,,,,sensor_only,1,True,,performance,1333333,"0,1,2",,no-overlay idle reference (before any bitstream load),SOM-rail power (INA260),VCC_SOM,hwmon,/sys/class/hwmon/hwmon2 name=ina260_u14,"{""update_interval_ms"": ""not exposed""}",10.000,9.984,0.2793,0,0,sample_only,348.262128,83.810344,1790793218.144532,2026-09-30T18:33:38.144+00:00,3.200000,0.635000,5.047000,power1_input=3200000uW curr1_input=635mA in1_input=5047mV
2026-09-30T18:34:14+00:00,2d280c7862041cee1dd36a2ac164af8b7f9dcec3,False,2023.1,,ZynqMP KV260 revB machine-id:a435d1c5,,all,,hw,,,,kria,not read (sensor only),2d280c7862041cee1dd36a2ac164af8b7f9dcec3,,,,sensor_only,1,True,,performance,1333333,"0,1,2",,no-overlay idle reference (before any bitstream load),SOM-rail power (INA260),VCC_SOM,hwmon,/sys/class/hwmon/hwmon2 name=ina260_u14,"{""update_interval_ms"": ""not exposed""}",10.000,9.984,0.2793,0,0,sample_only,348.362067,83.910284,1790793218.244471,2026-09-30T18:33:38.244+00:00,3.220000,0.637000,5.046000,power1_input=3220000uW curr1_input=637mA in1_input=5046mV
2026-09-30T18:34:14+00:00,2d280c7862041cee1dd36a2ac164af8b7f9dcec3,False,2023.1,,ZynqMP KV260 revB machine-id:a435d1c5,,all,,hw,,,,kria,not read (sensor only),2d280c7862041cee1dd36a2ac164af8b7f9dcec3,,,,sensor_only,1,True,,performance,1333333,"0,1,2",,no-overlay idle reference (before any bitstream load),SOM-rail power (INA260),VCC_SOM,hwmon,/sys/class/hwmon/hwmon2 name=ina260_u14,"{""update_interval_ms"": ""not exposed""}",10.000,9.984,0.2793,0,0,sample_only,348.462056,84.010272,1790793218.344459,2026-09-30T18:33:38.344+00:00,3.210000,0.635000,5.046000,power1_input=3210000uW curr1_input=635mA in1_input=5046mV
2026-09-30T18:34:14+00:00,2d280c7862041cee1dd36a2ac164af8b7f9dcec3,False,2023.1,,ZynqMP KV260 revB machine-id:a435d1c5,,all,,hw,,,,kria,not read (sensor only),2d280c7862041cee1dd36a2ac164af8b7f9dcec3,,,,sensor_only,1,True,,performance,1333333,"0,1,2",,no-overlay idle reference (before any bitstream load),SOM-rail power (INA260),VCC_SOM,hwmon,/sys/class/hwmon/hwmon2 name=ina260_u14,"{""update_interval_ms"": ""not exposed""}",10.000,9.984,0.2793,0,0,sample_only,348.562137,84.110353,1790793218.444541,2026-09-30T18:33:38.444+00:00,3.210000,0.636000,5.046000,power1_input=3210000uW curr1_input=636mA in1_input=5046mV
2026-09-30T18:34:14+00:00,2d280c7862041cee1dd36a2ac164af8b7f9dcec3,False,2023.1,,ZynqMP KV260 revB machine-id:a435d1c5,,all,,hw,,,,kria,not read (sensor only),2d280c7862041cee1dd36a2ac164af8b7f9dcec3,,,,sensor_only,1,True,,performance,1333333,"0,1,2",,no-overlay idle reference (before any bitstream load),SOM-rail power (INA260),VCC_SOM,hwmon,/sys/class/hwmon/hwmon2 name=ina260_u14,"{""update_interval_ms"": ""not exposed""}",10.000,9.984,0.2793,0,0,sample_only,348.662071,84.210288,1790793218.544475,2026-09-30T18:33:38.544+00:00,3.210000,0.636000,5.047000,power1_input=3210000uW curr1_input=636mA in1_input=5047mV
2026-09-30T18:34:14+00:00,2d280c7862041cee1dd36a2ac164af8b7f9dcec3,False,2023.1,,ZynqMP KV260 revB machine-id:a435d1c5,,all,,hw,,,,kria,not read (sensor only),2d280c7862041cee1dd36a2ac164af8b7f9dcec3,,,,sensor_only,1,True,,performance,1333333,"0,1,2",,no-overlay idle reference (before any bitstream load),SOM-rail power (INA260),VCC_SOM,hwmon,/sys/class/hwmon/hwmon2 name=ina260_u14,"{""update_interval_ms"": ""not exposed""}",10.000,9.984,0.2793,0,0,sample_only,348.762049,84.310265,1790793218.644452,2026-09-30T18:33:38.644+00:00,3.220000,0.642000,5.046000,power1_input=3220000uW curr1_input=642mA in1_input=5046mV
2026-09-30T18:34:14+00:00,2d280c7862041cee1dd36a2ac164af8b7f9dcec3,False,2023.1,,ZynqMP KV260 revB machine-id:a435d1c5,,all,,hw,,,,kria,not read (sensor only),2d280c7862041cee1dd36a2ac164af8b7f9dcec3,,,,sensor_only,1,True,,performance,1333333,"0,1,2",,no-overlay idle reference (before any bitstream load),SOM-rail power (INA260),VCC_SOM,hwmon,/sys/class/hwmon/hwmon2 name=ina260_u14,"{""update_interval_ms"": ""not exposed""}",10.000,9.984,0.2793,0,0,sample_only,348.862060,84.410276,1790793218.744463,2026-09-30T18:33:38.744+00:00,3.220000,0.638000,5.046000,power1_input=3220000uW curr1_input=638mA in1_input=5046mV
2026-09-30T18:34:14+00:00,2d280c7862041cee1dd36a2ac164af8b7f9dcec3,False,2023.1,,ZynqMP KV260 revB machine-id:a435d1c5,,all,,hw,,,,kria,not read (sensor only),2d280c7862041cee1dd36a2ac164af8b7f9dcec3,,,,sensor_only,1,True,,performance,1333333,"0,1,2",,no-overlay idle reference (before any bitstream load),SOM-rail power (INA260),VCC_SOM,hwmon,/sys/class/hwmon/hwmon2 name=ina260_u14,"{""update_interval_ms"": ""not exposed""}",10.000,9.984,0.2793,0,0,sample_only,348.962067,84.510284,1790793218.844471,2026-09-30T18:33:38.844+00:00,3.210000,0.636000,5.046000,power1_input=3210000uW curr1_input=636mA in1_input=5046mV
2026-09-30T18:34:14+00:00,2d280c7862041cee1dd36a2ac164af8b7f9dcec3,False,2023.1,,ZynqMP KV260 revB machine-id:a435d1c5,,all,,hw,,,,kria,not read (sensor only),2d280c7862041cee1dd36a2ac164af8b7f9dcec3,,,,sensor_only,1,True,,performance,1333333,"0,1,2",,no-overlay idle reference (before any bitstream load),SOM-rail power (INA260),VCC_SOM,hwmon,/sys/class/hwmon/hwmon2 name=ina260_u14,"{""update_interval_ms"": ""not exposed""}",10.000,9.984,0.2793,0,0,sample_only,349.062049,84.610265,1790793218.944452,2026-09-30T18:33:38.944+00:00,3.230000,0.638000,5.047000,power1_input=3230000uW curr1_input=638mA in1_input=5047mV
2026-09-30T18:34:14+00:00,2d280c7862041cee1dd36a2ac164af8b7f9dcec3,False,2023.1,,ZynqMP KV260 revB machine-id:a435d1c5,,all,,hw,,,,kria,not read (sensor only),2d280c7862041cee1dd36a2ac164af8b7f9dcec3,,,,sensor_only,1,True,,performance,1333333,"0,1,2",,no-overlay idle reference (before any bitstream load),SOM-rail power (INA260),VCC_SOM,hwmon,/sys/class/hwmon/hwmon2 name=ina260_u14,"{""update_interval_ms"": ""not exposed""}",10.000,9.984,0.2793,0,0,sample_only,349.162142,84.710358,1790793219.044546,2026-09-30T18:33:39.044+00:00,3.490000,0.690000,5.046000,power1_input=3490000uW curr1_input=690mA in1_input=5046mV
2026-09-30T18:34:14+00:00,2d280c7862041cee1dd36a2ac164af8b7f9dcec3,False,2023.1,,ZynqMP KV260 revB machine-id:a435d1c5,,all,,hw,,,,kria,not read (sensor only),2d280c7862041cee1dd36a2ac164af8b7f9dcec3,,,,sensor_only,1,True,,performance,1333333,"0,1,2",,no-overlay idle reference (before any bitstream load),SOM-rail power (INA260),VCC_SOM,hwmon,/sys/class/hwmon/hwmon2 name=ina260_u14,"{""update_interval_ms"": ""not exposed""}",10.000,9.984,0.2793,0,0,sample_only,349.262156,84.810373,1790793219.144561,2026-09-30T18:33:39.144+00:00,3.470000,0.686000,5.047000,power1_input=3470000uW curr1_input=686mA in1_input=5047mV
2026-09-30T18:34:14+00:00,2d280c7862041cee1dd36a2ac164af8b7f9dcec3,False,2023.1,,ZynqMP KV260 revB machine-id:a435d1c5,,all,,hw,,,,kria,not read (sensor only),2d280c7862041cee1dd36a2ac164af8b7f9dcec3,,,,sensor_only,1,True,,performance,1333333,"0,1,2",,no-overlay idle reference (before any bitstream load),SOM-rail power (INA260),VCC_SOM,hwmon,/sys/class/hwmon/hwmon2 name=ina260_u14,"{""update_interval_ms"": ""not exposed""}",10.000,9.984,0.2793,0,0,sample_only,349.362154,84.910371,1790793219.244559,2026-09-30T18:33:39.244+00:00,3.950000,0.783000,5.046000,power1_input=3950000uW curr1_input=783mA in1_input=5046mV
2026-09-30T18:34:14+00:00,2d280c7862041cee1dd36a2ac164af8b7f9dcec3,False,2023.1,,ZynqMP KV260 revB machine-id:a435d1c5,,all,,hw,,,,kria,not read (sensor only),2d280c7862041cee1dd36a2ac164af8b7f9dcec3,,,,sensor_only,1,True,,performance,1333333,"0,1,2",,no-overlay idle reference (before any bitstream load),SOM-rail power (INA260),VCC_SOM,hwmon,/sys/class/hwmon/hwmon2 name=ina260_u14,"{""update_interval_ms"": ""not exposed""}",10.000,9.984,0.2793,0,0,sample_only,349.462141,85.010358,1790793219.344546,2026-09-30T18:33:39.344+00:00,3.390000,0.645000,5.047000,power1_input=3390000uW curr1_input=645mA in1_input=5047mV
2026-09-30T18:34:14+00:00,2d280c7862041cee1dd36a2ac164af8b7f9dcec3,False,2023.1,,ZynqMP KV260 revB machine-id:a435d1c5,,all,,hw,,,,kria,not read (sensor only),2d280c7862041cee1dd36a2ac164af8b7f9dcec3,,,,sensor_only,1,True,,performance,1333333,"0,1,2",,no-overlay idle reference (before any bitstream load),SOM-rail power (INA260),VCC_SOM,hwmon,/sys/class/hwmon/hwmon2 name=ina260_u14,"{""update_interval_ms"": ""not exposed""}",10.000,9.984,0.2793,0,0,sample_only,349.562145,85.110362,1790793219.444550,2026-09-30T18:33:39.444+00:00,3.210000,0.636000,5.046000,power1_input=3210000uW curr1_input=636mA in1_input=5046mV
2026-09-30T18:34:14+00:00,2d280c7862041cee1dd36a2ac164af8b7f9dcec3,False,2023.1,,ZynqMP KV260 revB machine-id:a435d1c5,,all,,hw,,,,kria,not read (sensor only),2d280c7862041cee1dd36a2ac164af8b7f9dcec3,,,,sensor_only,1,True,,performance,1333333,"0,1,2",,no-overlay idle reference (before any bitstream load),SOM-rail power (INA260),VCC_SOM,hwmon,/sys/class/hwmon/hwmon2 name=ina260_u14,"{""update_interval_ms"": ""not exposed""}",10.000,9.984,0.2793,0,0,sample_only,349.662120,85.210336,1790793219.544524,2026-09-30T18:33:39.544+00:00,3.210000,0.636000,5.047000,power1_input=3210000uW curr1_input=636mA in1_input=5047mV
2026-09-30T18:34:14+00:00,2d280c7862041cee1dd36a2ac164af8b7f9dcec3,False,2023.1,,ZynqMP KV260 revB machine-id:a435d1c5,,all,,hw,,,,kria,not read (sensor only),2d280c7862041cee1dd36a2ac164af8b7f9dcec3,,,,sensor_only,1,True,,performance,1333333,"0,1,2",,no-overlay idle reference (before any bitstream load),SOM-rail power (INA260),VCC_SOM,hwmon,/sys/class/hwmon/hwmon2 name=ina260_u14,"{""update_interval_ms"": ""not exposed""}",10.000,9.984,0.2793,0,0,sample_only,349.762052,85.310268,1790793219.644455,2026-09-30T18:33:39.644+00:00,3.210000,0.635000,5.047000,power1_input=3210000uW curr1_input=635mA in1_input=5047mV
2026-09-30T18:34:14+00:00,2d280c7862041cee1dd36a2ac164af8b7f9dcec3,False,2023.1,,ZynqMP KV260 revB machine-id:a435d1c5,,all,,hw,,,,kria,not read (sensor only),2d280c7862041cee1dd36a2ac164af8b7f9dcec3,,,,sensor_only,1,True,,performance,1333333,"0,1,2",,no-overlay idle reference (before any bitstream load),SOM-rail power (INA260),VCC_SOM,hwmon,/sys/class/hwmon/hwmon2 name=ina260_u14,"{""update_interval_ms"": ""not exposed""}",10.000,9.984,0.2793,0,0,sample_only,349.862133,85.410349,1790793219.744537,2026-09-30T18:33:39.744+00:00,3.440000,0.682000,5.046000,power1_input=3440000uW curr1_input=682mA in1_input=5046mV
2026-09-30T18:34:14+00:00,2d280c7862041cee1dd36a2ac164af8b7f9dcec3,False,2023.1,,ZynqMP KV260 revB machine-id:a435d1c5,,all,,hw,,,,kria,not read (sensor only),2d280c7862041cee1dd36a2ac164af8b7f9dcec3,,,,sensor_only,1,True,,performance,1333333,"0,1,2",,no-overlay idle reference (before any bitstream load),SOM-rail power (INA260),VCC_SOM,hwmon,/sys/class/hwmon/hwmon2 name=ina260_u14,"{""update_interval_ms"": ""not exposed""}",10.000,9.984,0.2793,0,0,sample_only,349.962151,85.510367,1790793219.844555,2026-09-30T18:33:39.844+00:00,3.660000,0.723000,5.047000,power1_input=3660000uW curr1_input=723mA in1_input=5047mV
2026-09-30T18:34:14+00:00,2d280c7862041cee1dd36a2ac164af8b7f9dcec3,False,2023.1,,ZynqMP KV260 revB machine-id:a435d1c5,,all,,hw,,,,kria,not read (sensor only),2d280c7862041cee1dd36a2ac164af8b7f9dcec3,,,,sensor_only,1,True,,performance,1333333,"0,1,2",,no-overlay idle reference (before any bitstream load),SOM-rail power (INA260),VCC_SOM,hwmon,/sys/class/hwmon/hwmon2 name=ina260_u14,"{""update_interval_ms"": ""not exposed""}",10.000,9.984,0.2793,0,0,sample_only,350.062144,85.610360,1790793219.944548,2026-09-30T18:33:39.944+00:00,3.410000,0.675000,5.047000,power1_input=3410000uW curr1_input=675mA in1_input=5047mV
2026-09-30T18:34:14+00:00,2d280c7862041cee1dd36a2ac164af8b7f9dcec3,False,2023.1,,ZynqMP KV260 revB machine-id:a435d1c5,,all,,hw,,,,kria,not read (sensor only),2d280c7862041cee1dd36a2ac164af8b7f9dcec3,,,,sensor_only,1,True,,performance,1333333,"0,1,2",,no-overlay idle reference (before any bitstream load),SOM-rail power (INA260),VCC_SOM,hwmon,/sys/class/hwmon/hwmon2 name=ina260_u14,"{""update_interval_ms"": ""not exposed""}",10.000,9.984,0.2793,0,0,sample_only,350.162119,85.710335,1790793220.044523,2026-09-30T18:33:40.044+00:00,3.210000,0.636000,5.047000,power1_input=3210000uW curr1_input=636mA in1_input=5047mV
2026-09-30T18:34:14+00:00,2d280c7862041cee1dd36a2ac164af8b7f9dcec3,False,2023.1,,ZynqMP KV260 revB machine-id:a435d1c5,,all,,hw,,,,kria,not read (sensor only),2d280c7862041cee1dd36a2ac164af8b7f9dcec3,,,,sensor_only,1,True,,performance,1333333,"0,1,2",,no-overlay idle reference (before any bitstream load),SOM-rail power (INA260),VCC_SOM,hwmon,/sys/class/hwmon/hwmon2 name=ina260_u14,"{""update_interval_ms"": ""not exposed""}",10.000,9.984,0.2793,0,0,sample_only,350.262103,85.810319,1790793220.144507,2026-09-30T18:33:40.144+00:00,3.210000,0.636000,5.046000,power1_input=3210000uW curr1_input=636mA in1_input=5046mV
2026-09-30T18:34:14+00:00,2d280c7862041cee1dd36a2ac164af8b7f9dcec3,False,2023.1,,ZynqMP KV260 revB machine-id:a435d1c5,,all,,hw,,,,kria,not read (sensor only),2d280c7862041cee1dd36a2ac164af8b7f9dcec3,,,,sensor_only,1,True,,performance,1333333,"0,1,2",,no-overlay idle reference (before any bitstream load),SOM-rail power (INA260),VCC_SOM,hwmon,/sys/class/hwmon/hwmon2 name=ina260_u14,"{""update_interval_ms"": ""not exposed""}",10.000,9.984,0.2793,0,0,sample_only,350.362143,85.910360,1790793220.244548,2026-09-30T18:33:40.244+00:00,3.210000,0.637000,5.047000,power1_input=3210000uW curr1_input=637mA in1_input=5047mV
2026-09-30T18:34:14+00:00,2d280c7862041cee1dd36a2ac164af8b7f9dcec3,False,2023.1,,ZynqMP KV260 revB machine-id:a435d1c5,,all,,hw,,,,kria,not read (sensor only),2d280c7862041cee1dd36a2ac164af8b7f9dcec3,,,,sensor_only,1,True,,performance,1333333,"0,1,2",,no-overlay idle reference (before any bitstream load),SOM-rail power (INA260),VCC_SOM,hwmon,/sys/class/hwmon/hwmon2 name=ina260_u14,"{""update_interval_ms"": ""not exposed""}",10.000,9.984,0.2793,0,0,sample_only,350.462107,86.010323,1790793220.344510,2026-09-30T18:33:40.344+00:00,3.200000,0.633000,5.047000,power1_input=3200000uW curr1_input=633mA in1_input=5047mV
2026-09-30T18:34:14+00:00,2d280c7862041cee1dd36a2ac164af8b7f9dcec3,False,2023.1,,ZynqMP KV260 revB machine-id:a435d1c5,,all,,hw,,,,kria,not read (sensor only),2d280c7862041cee1dd36a2ac164af8b7f9dcec3,,,,sensor_only,1,True,,performance,1333333,"0,1,2",,no-overlay idle reference (before any bitstream load),SOM-rail power (INA260),VCC_SOM,hwmon,/sys/class/hwmon/hwmon2 name=ina260_u14,"{""update_interval_ms"": ""not exposed""}",10.000,9.984,0.2793,0,0,sample_only,350.562131,86.110348,1790793220.444536,2026-09-30T18:33:40.444+00:00,3.480000,0.690000,5.047000,power1_input=3480000uW curr1_input=690mA in1_input=5047mV
2026-09-30T18:34:14+00:00,2d280c7862041cee1dd36a2ac164af8b7f9dcec3,False,2023.1,,ZynqMP KV260 revB machine-id:a435d1c5,,all,,hw,,,,kria,not read (sensor only),2d280c7862041cee1dd36a2ac164af8b7f9dcec3,,,,sensor_only,1,True,,performance,1333333,"0,1,2",,no-overlay idle reference (before any bitstream load),SOM-rail power (INA260),VCC_SOM,hwmon,/sys/class/hwmon/hwmon2 name=ina260_u14,"{""update_interval_ms"": ""not exposed""}",10.000,9.984,0.2793,0,0,sample_only,350.662189,86.210405,1790793220.544593,2026-09-30T18:33:40.544+00:00,3.210000,0.636000,5.047000,power1_input=3210000uW curr1_input=636mA in1_input=5047mV
2026-09-30T18:34:14+00:00,2d280c7862041cee1dd36a2ac164af8b7f9dcec3,False,2023.1,,ZynqMP KV260 revB machine-id:a435d1c5,,all,,hw,,,,kria,not read (sensor only),2d280c7862041cee1dd36a2ac164af8b7f9dcec3,,,,sensor_only,1,True,,performance,1333333,"0,1,2",,no-overlay idle reference (before any bitstream load),SOM-rail power (INA260),VCC_SOM,hwmon,/sys/class/hwmon/hwmon2 name=ina260_u14,"{""update_interval_ms"": ""not exposed""}",10.000,9.984,0.2793,0,0,sample_only,350.762145,86.310361,1790793220.644549,2026-09-30T18:33:40.644+00:00,3.270000,0.706000,5.047000,power1_input=3270000uW curr1_input=706mA in1_input=5047mV
2026-09-30T18:34:14+00:00,2d280c7862041cee1dd36a2ac164af8b7f9dcec3,False,2023.1,,ZynqMP KV260 revB machine-id:a435d1c5,,all,,hw,,,,kria,not read (sensor only),2d280c7862041cee1dd36a2ac164af8b7f9dcec3,,,,sensor_only,1,True,,performance,1333333,"0,1,2",,no-overlay idle reference (before any bitstream load),SOM-rail power (INA260),VCC_SOM,hwmon,/sys/class/hwmon/hwmon2 name=ina260_u14,"{""update_interval_ms"": ""not exposed""}",10.000,9.984,0.2793,0,0,sample_only,350.862158,86.410374,1790793220.744562,2026-09-30T18:33:40.744+00:00,3.390000,0.671000,5.047000,power1_input=3390000uW curr1_input=671mA in1_input=5047mV
2026-09-30T18:34:14+00:00,2d280c7862041cee1dd36a2ac164af8b7f9dcec3,False,2023.1,,ZynqMP KV260 revB machine-id:a435d1c5,,all,,hw,,,,kria,not read (sensor only),2d280c7862041cee1dd36a2ac164af8b7f9dcec3,,,,sensor_only,1,True,,performance,1333333,"0,1,2",,no-overlay idle reference (before any bitstream load),SOM-rail power (INA260),VCC_SOM,hwmon,/sys/class/hwmon/hwmon2 name=ina260_u14,"{""update_interval_ms"": ""not exposed""}",10.000,9.984,0.2793,0,0,sample_only,350.962132,86.510348,1790793220.844536,2026-09-30T18:33:40.844+00:00,3.200000,0.635000,5.046000,power1_input=3200000uW curr1_input=635mA in1_input=5046mV
2026-09-30T18:34:14+00:00,2d280c7862041cee1dd36a2ac164af8b7f9dcec3,False,2023.1,,ZynqMP KV260 revB machine-id:a435d1c5,,all,,hw,,,,kria,not read (sensor only),2d280c7862041cee1dd36a2ac164af8b7f9dcec3,,,,sensor_only,1,True,,performance,1333333,"0,1,2",,no-overlay idle reference (before any bitstream load),SOM-rail power (INA260),VCC_SOM,hwmon,/sys/class/hwmon/hwmon2 name=ina260_u14,"{""update_interval_ms"": ""not exposed""}",10.000,9.984,0.2793,0,0,sample_only,351.062148,86.610364,1790793220.944552,2026-09-30T18:33:40.944+00:00,3.280000,0.648000,5.047000,power1_input=3280000uW curr1_input=648mA in1_input=5047mV
2026-09-30T18:34:14+00:00,2d280c7862041cee1dd36a2ac164af8b7f9dcec3,False,2023.1,,ZynqMP KV260 revB machine-id:a435d1c5,,all,,hw,,,,kria,not read (sensor only),2d280c7862041cee1dd36a2ac164af8b7f9dcec3,,,,sensor_only,1,True,,performance,1333333,"0,1,2",,no-overlay idle reference (before any bitstream load),SOM-rail power (INA260),VCC_SOM,hwmon,/sys/class/hwmon/hwmon2 name=ina260_u14,"{""update_interval_ms"": ""not exposed""}",10.000,9.984,0.2793,0,0,sample_only,351.162143,86.710360,1790793221.044548,2026-09-30T18:33:41.044+00:00,3.260000,0.645000,5.046000,power1_input=3260000uW curr1_input=645mA in1_input=5046mV
2026-09-30T18:34:14+00:00,2d280c7862041cee1dd36a2ac164af8b7f9dcec3,False,2023.1,,ZynqMP KV260 revB machine-id:a435d1c5,,all,,hw,,,,kria,not read (sensor only),2d280c7862041cee1dd36a2ac164af8b7f9dcec3,,,,sensor_only,1,True,,performance,1333333,"0,1,2",,no-overlay idle reference (before any bitstream load),SOM-rail power (INA260),VCC_SOM,hwmon,/sys/class/hwmon/hwmon2 name=ina260_u14,"{""update_interval_ms"": ""not exposed""}",10.000,9.984,0.2793,0,0,sample_only,351.262118,86.810334,1790793221.144522,2026-09-30T18:33:41.144+00:00,3.210000,0.636000,5.047000,power1_input=3210000uW curr1_input=636mA in1_input=5047mV
2026-09-30T18:34:14+00:00,2d280c7862041cee1dd36a2ac164af8b7f9dcec3,False,2023.1,,ZynqMP KV260 revB machine-id:a435d1c5,,all,,hw,,,,kria,not read (sensor only),2d280c7862041cee1dd36a2ac164af8b7f9dcec3,,,,sensor_only,1,True,,performance,1333333,"0,1,2",,no-overlay idle reference (before any bitstream load),SOM-rail power (INA260),VCC_SOM,hwmon,/sys/class/hwmon/hwmon2 name=ina260_u14,"{""update_interval_ms"": ""not exposed""}",10.000,9.984,0.2793,0,0,sample_only,351.362128,86.910344,1790793221.244532,2026-09-30T18:33:41.244+00:00,3.210000,0.637000,5.046000,power1_input=3210000uW curr1_input=637mA in1_input=5046mV
2026-09-30T18:34:14+00:00,2d280c7862041cee1dd36a2ac164af8b7f9dcec3,False,2023.1,,ZynqMP KV260 revB machine-id:a435d1c5,,all,,hw,,,,kria,not read (sensor only),2d280c7862041cee1dd36a2ac164af8b7f9dcec3,,,,sensor_only,1,True,,performance,1333333,"0,1,2",,no-overlay idle reference (before any bitstream load),SOM-rail power (INA260),VCC_SOM,hwmon,/sys/class/hwmon/hwmon2 name=ina260_u14,"{""update_interval_ms"": ""not exposed""}",10.000,9.984,0.2793,0,0,sample_only,351.462069,87.010285,1790793221.344473,2026-09-30T18:33:41.344+00:00,3.210000,0.645000,5.047000,power1_input=3210000uW curr1_input=645mA in1_input=5047mV
2026-09-30T18:34:14+00:00,2d280c7862041cee1dd36a2ac164af8b7f9dcec3,False,2023.1,,ZynqMP KV260 revB machine-id:a435d1c5,,all,,hw,,,,kria,not read (sensor only),2d280c7862041cee1dd36a2ac164af8b7f9dcec3,,,,sensor_only,1,True,,performance,1333333,"0,1,2",,no-overlay idle reference (before any bitstream load),SOM-rail power (INA260),VCC_SOM,hwmon,/sys/class/hwmon/hwmon2 name=ina260_u14,"{""update_interval_ms"": ""not exposed""}",10.000,9.984,0.2793,0,0,sample_only,351.562104,87.110321,1790793221.444508,2026-09-30T18:33:41.444+00:00,3.240000,0.642000,5.047000,power1_input=3240000uW curr1_input=642mA in1_input=5047mV
2026-09-30T18:34:14+00:00,2d280c7862041cee1dd36a2ac164af8b7f9dcec3,False,2023.1,,ZynqMP KV260 revB machine-id:a435d1c5,,all,,hw,,,,kria,not read (sensor only),2d280c7862041cee1dd36a2ac164af8b7f9dcec3,,,,sensor_only,1,True,,performance,1333333,"0,1,2",,no-overlay idle reference (before any bitstream load),SOM-rail power (INA260),VCC_SOM,hwmon,/sys/class/hwmon/hwmon2 name=ina260_u14,"{""update_interval_ms"": ""not exposed""}",10.000,9.984,0.2793,0,0,sample_only,351.662147,87.210363,1790793221.544551,2026-09-30T18:33:41.544+00:00,3.460000,0.685000,5.046000,power1_input=3460000uW curr1_input=685mA in1_input=5046mV
2026-09-30T18:34:14+00:00,2d280c7862041cee1dd36a2ac164af8b7f9dcec3,False,2023.1,,ZynqMP KV260 revB machine-id:a435d1c5,,all,,hw,,,,kria,not read (sensor only),2d280c7862041cee1dd36a2ac164af8b7f9dcec3,,,,sensor_only,1,True,,performance,1333333,"0,1,2",,no-overlay idle reference (before any bitstream load),SOM-rail power (INA260),VCC_SOM,hwmon,/sys/class/hwmon/hwmon2 name=ina260_u14,"{""update_interval_ms"": ""not exposed""}",10.000,9.984,0.2793,0,0,sample_only,351.762143,87.310360,1790793221.644548,2026-09-30T18:33:41.644+00:00,3.200000,0.633000,5.046000,power1_input=3200000uW curr1_input=633mA in1_input=5046mV
2026-09-30T18:34:14+00:00,2d280c7862041cee1dd36a2ac164af8b7f9dcec3,False,2023.1,,ZynqMP KV260 revB machine-id:a435d1c5,,all,,hw,,,,kria,not read (sensor only),2d280c7862041cee1dd36a2ac164af8b7f9dcec3,,,,sensor_only,1,True,,performance,1333333,"0,1,2",,no-overlay idle reference (before any bitstream load),SOM-rail power (INA260),VCC_SOM,hwmon,/sys/class/hwmon/hwmon2 name=ina260_u14,"{""update_interval_ms"": ""not exposed""}",10.000,9.984,0.2793,0,0,sample_only,351.862141,87.410357,1790793221.744545,2026-09-30T18:33:41.744+00:00,3.210000,0.636000,5.047000,power1_input=3210000uW curr1_input=636mA in1_input=5047mV
2026-09-30T18:34:14+00:00,2d280c7862041cee1dd36a2ac164af8b7f9dcec3,False,2023.1,,ZynqMP KV260 revB machine-id:a435d1c5,,all,,hw,,,,kria,not read (sensor only),2d280c7862041cee1dd36a2ac164af8b7f9dcec3,,,,sensor_only,1,True,,performance,1333333,"0,1,2",,no-overlay idle reference (before any bitstream load),SOM-rail power (INA260),VCC_SOM,hwmon,/sys/class/hwmon/hwmon2 name=ina260_u14,"{""update_interval_ms"": ""not exposed""}",10.000,9.984,0.2793,0,0,sample_only,351.962107,87.510324,1790793221.844511,2026-09-30T18:33:41.844+00:00,3.200000,0.635000,5.047000,power1_input=3200000uW curr1_input=635mA in1_input=5047mV
2026-09-30T18:34:14+00:00,2d280c7862041cee1dd36a2ac164af8b7f9dcec3,False,2023.1,,ZynqMP KV260 revB machine-id:a435d1c5,,all,,hw,,,,kria,not read (sensor only),2d280c7862041cee1dd36a2ac164af8b7f9dcec3,,,,sensor_only,1,True,,performance,1333333,"0,1,2",,no-overlay idle reference (before any bitstream load),SOM-rail power (INA260),VCC_SOM,hwmon,/sys/class/hwmon/hwmon2 name=ina260_u14,"{""update_interval_ms"": ""not exposed""}",10.000,9.984,0.2793,0,0,sample_only,352.062072,87.610289,1790793221.944476,2026-09-30T18:33:41.944+00:00,3.280000,0.650000,5.046000,power1_input=3280000uW curr1_input=650mA in1_input=5046mV
2026-09-30T18:34:14+00:00,2d280c7862041cee1dd36a2ac164af8b7f9dcec3,False,2023.1,,ZynqMP KV260 revB machine-id:a435d1c5,,all,,hw,,,,kria,not read (sensor only),2d280c7862041cee1dd36a2ac164af8b7f9dcec3,,,,sensor_only,1,True,,performance,1333333,"0,1,2",,no-overlay idle reference (before any bitstream load),SOM-rail power (INA260),VCC_SOM,hwmon,/sys/class/hwmon/hwmon2 name=ina260_u14,"{""update_interval_ms"": ""not exposed""}",10.000,9.984,0.2793,0,0,sample_only,352.162145,87.710362,1790793222.044550,2026-09-30T18:33:42.044+00:00,3.440000,0.660000,5.047000,power1_input=3440000uW curr1_input=660mA in1_input=5047mV
2026-09-30T18:34:14+00:00,2d280c7862041cee1dd36a2ac164af8b7f9dcec3,False,2023.1,,ZynqMP KV260 revB machine-id:a435d1c5,,all,,hw,,,,kria,not read (sensor only),2d280c7862041cee1dd36a2ac164af8b7f9dcec3,,,,sensor_only,1,True,,performance,1333333,"0,1,2",,no-overlay idle reference (before any bitstream load),SOM-rail power (INA260),VCC_SOM,hwmon,/sys/class/hwmon/hwmon2 name=ina260_u14,"{""update_interval_ms"": ""not exposed""}",10.000,9.984,0.2793,0,0,sample_only,352.262140,87.810356,1790793222.144544,2026-09-30T18:33:42.144+00:00,3.250000,0.645000,5.047000,power1_input=3250000uW curr1_input=645mA in1_input=5047mV
2026-09-30T18:34:14+00:00,2d280c7862041cee1dd36a2ac164af8b7f9dcec3,False,2023.1,,ZynqMP KV260 revB machine-id:a435d1c5,,all,,hw,,,,kria,not read (sensor only),2d280c7862041cee1dd36a2ac164af8b7f9dcec3,,,,sensor_only,1,True,,performance,1333333,"0,1,2",,no-overlay idle reference (before any bitstream load),SOM-rail power (INA260),VCC_SOM,hwmon,/sys/class/hwmon/hwmon2 name=ina260_u14,"{""update_interval_ms"": ""not exposed""}",10.000,9.984,0.2793,0,0,sample_only,352.362135,87.910351,1790793222.244539,2026-09-30T18:33:42.244+00:00,3.230000,0.640000,5.047000,power1_input=3230000uW curr1_input=640mA in1_input=5047mV
2026-09-30T18:34:14+00:00,2d280c7862041cee1dd36a2ac164af8b7f9dcec3,False,2023.1,,ZynqMP KV260 revB machine-id:a435d1c5,,all,,hw,,,,kria,not read (sensor only),2d280c7862041cee1dd36a2ac164af8b7f9dcec3,,,,sensor_only,1,True,,performance,1333333,"0,1,2",,no-overlay idle reference (before any bitstream load),SOM-rail power (INA260),VCC_SOM,hwmon,/sys/class/hwmon/hwmon2 name=ina260_u14,"{""update_interval_ms"": ""not exposed""}",10.000,9.984,0.2793,0,0,sample_only,352.462107,88.010323,1790793222.344511,2026-09-30T18:33:42.344+00:00,3.200000,0.640000,5.047000,power1_input=3200000uW curr1_input=640mA in1_input=5047mV
2026-09-30T18:34:14+00:00,2d280c7862041cee1dd36a2ac164af8b7f9dcec3,False,2023.1,,ZynqMP KV260 revB machine-id:a435d1c5,,all,,hw,,,,kria,not read (sensor only),2d280c7862041cee1dd36a2ac164af8b7f9dcec3,,,,sensor_only,1,True,,performance,1333333,"0,1,2",,no-overlay idle reference (before any bitstream load),SOM-rail power (INA260),VCC_SOM,hwmon,/sys/class/hwmon/hwmon2 name=ina260_u14,"{""update_interval_ms"": ""not exposed""}",10.000,9.984,0.2793,0,0,sample_only,352.562066,88.110282,1790793222.444469,2026-09-30T18:33:42.444+00:00,3.200000,0.633000,5.047000,power1_input=3200000uW curr1_input=633mA in1_input=5047mV
2026-09-30T18:34:14+00:00,2d280c7862041cee1dd36a2ac164af8b7f9dcec3,False,2023.1,,ZynqMP KV260 revB machine-id:a435d1c5,,all,,hw,,,,kria,not read (sensor only),2d280c7862041cee1dd36a2ac164af8b7f9dcec3,,,,sensor_only,1,True,,performance,1333333,"0,1,2",,no-overlay idle reference (before any bitstream load),SOM-rail power (INA260),VCC_SOM,hwmon,/sys/class/hwmon/hwmon2 name=ina260_u14,"{""update_interval_ms"": ""not exposed""}",10.000,9.984,0.2793,0,0,sample_only,352.662140,88.210356,1790793222.544544,2026-09-30T18:33:42.544+00:00,3.450000,0.682000,5.047000,power1_input=3450000uW curr1_input=682mA in1_input=5047mV
2026-09-30T18:34:14+00:00,2d280c7862041cee1dd36a2ac164af8b7f9dcec3,False,2023.1,,ZynqMP KV260 revB machine-id:a435d1c5,,all,,hw,,,,kria,not read (sensor only),2d280c7862041cee1dd36a2ac164af8b7f9dcec3,,,,sensor_only,1,True,,performance,1333333,"0,1,2",,no-overlay idle reference (before any bitstream load),SOM-rail power (INA260),VCC_SOM,hwmon,/sys/class/hwmon/hwmon2 name=ina260_u14,"{""update_interval_ms"": ""not exposed""}",10.000,9.984,0.2793,0,0,sample_only,352.762147,88.310363,1790793222.644552,2026-09-30T18:33:42.644+00:00,3.260000,0.645000,5.047000,power1_input=3260000uW curr1_input=645mA in1_input=5047mV
2026-09-30T18:34:14+00:00,2d280c7862041cee1dd36a2ac164af8b7f9dcec3,False,2023.1,,ZynqMP KV260 revB machine-id:a435d1c5,,all,,hw,,,,kria,not read (sensor only),2d280c7862041cee1dd36a2ac164af8b7f9dcec3,,,,sensor_only,1,True,,performance,1333333,"0,1,2",,no-overlay idle reference (before any bitstream load),SOM-rail power (INA260),VCC_SOM,hwmon,/sys/class/hwmon/hwmon2 name=ina260_u14,"{""update_interval_ms"": ""not exposed""}",10.000,9.984,0.2793,0,0,sample_only,352.862144,88.410360,1790793222.744548,2026-09-30T18:33:42.744+00:00,3.240000,0.642000,5.047000,power1_input=3240000uW curr1_input=642mA in1_input=5047mV
2026-09-30T18:34:14+00:00,2d280c7862041cee1dd36a2ac164af8b7f9dcec3,False,2023.1,,ZynqMP KV260 revB machine-id:a435d1c5,,all,,hw,,,,kria,not read (sensor only),2d280c7862041cee1dd36a2ac164af8b7f9dcec3,,,,sensor_only,1,True,,performance,1333333,"0,1,2",,no-overlay idle reference (before any bitstream load),SOM-rail power (INA260),VCC_SOM,hwmon,/sys/class/hwmon/hwmon2 name=ina260_u14,"{""update_interval_ms"": ""not exposed""}",10.000,9.984,0.2793,0,0,sample_only,352.962098,88.510314,1790793222.844501,2026-09-30T18:33:42.844+00:00,3.210000,0.636000,5.046000,power1_input=3210000uW curr1_input=636mA in1_input=5046mV
2026-09-30T18:34:14+00:00,2d280c7862041cee1dd36a2ac164af8b7f9dcec3,False,2023.1,,ZynqMP KV260 revB machine-id:a435d1c5,,all,,hw,,,,kria,not read (sensor only),2d280c7862041cee1dd36a2ac164af8b7f9dcec3,,,,sensor_only,1,True,,performance,1333333,"0,1,2",,no-overlay idle reference (before any bitstream load),SOM-rail power (INA260),VCC_SOM,hwmon,/sys/class/hwmon/hwmon2 name=ina260_u14,"{""update_interval_ms"": ""not exposed""}",10.000,9.984,0.2793,0,0,sample_only,353.062120,88.610336,1790793222.944524,2026-09-30T18:33:42.944+00:00,3.220000,0.637000,5.046000,power1_input=3220000uW curr1_input=637mA in1_input=5046mV
2026-09-30T18:34:14+00:00,2d280c7862041cee1dd36a2ac164af8b7f9dcec3,False,2023.1,,ZynqMP KV260 revB machine-id:a435d1c5,,all,,hw,,,,kria,not read (sensor only),2d280c7862041cee1dd36a2ac164af8b7f9dcec3,,,,sensor_only,1,True,,performance,1333333,"0,1,2",,no-overlay idle reference (before any bitstream load),SOM-rail power (INA260),VCC_SOM,hwmon,/sys/class/hwmon/hwmon2 name=ina260_u14,"{""update_interval_ms"": ""not exposed""}",10.000,9.984,0.2793,0,0,sample_only,353.162099,88.710315,1790793223.044503,2026-09-30T18:33:43.044+00:00,3.200000,0.641000,5.046000,power1_input=3200000uW curr1_input=641mA in1_input=5046mV
2026-09-30T18:34:14+00:00,2d280c7862041cee1dd36a2ac164af8b7f9dcec3,False,2023.1,,ZynqMP KV260 revB machine-id:a435d1c5,,all,,hw,,,,kria,not read (sensor only),2d280c7862041cee1dd36a2ac164af8b7f9dcec3,,,,sensor_only,1,True,,performance,1333333,"0,1,2",,no-overlay idle reference (before any bitstream load),SOM-rail power (INA260),VCC_SOM,hwmon,/sys/class/hwmon/hwmon2 name=ina260_u14,"{""update_interval_ms"": ""not exposed""}",10.000,9.984,0.2793,0,0,sample_only,353.262144,88.810361,1790793223.144549,2026-09-30T18:33:43.144+00:00,3.230000,0.641000,5.047000,power1_input=3230000uW curr1_input=641mA in1_input=5047mV
2026-09-30T18:34:14+00:00,2d280c7862041cee1dd36a2ac164af8b7f9dcec3,False,2023.1,,ZynqMP KV260 revB machine-id:a435d1c5,,all,,hw,,,,kria,not read (sensor only),2d280c7862041cee1dd36a2ac164af8b7f9dcec3,,,,sensor_only,1,True,,performance,1333333,"0,1,2",,no-overlay idle reference (before any bitstream load),SOM-rail power (INA260),VCC_SOM,hwmon,/sys/class/hwmon/hwmon2 name=ina260_u14,"{""update_interval_ms"": ""not exposed""}",10.000,9.984,0.2793,0,0,sample_only,353.362146,88.910362,1790793223.244551,2026-09-30T18:33:43.244+00:00,3.220000,0.638000,5.047000,power1_input=3220000uW curr1_input=638mA in1_input=5047mV
2026-09-30T18:34:14+00:00,2d280c7862041cee1dd36a2ac164af8b7f9dcec3,False,2023.1,,ZynqMP KV260 revB machine-id:a435d1c5,,all,,hw,,,,kria,not read (sensor only),2d280c7862041cee1dd36a2ac164af8b7f9dcec3,,,,sensor_only,1,True,,performance,1333333,"0,1,2",,no-overlay idle reference (before any bitstream load),SOM-rail power (INA260),VCC_SOM,hwmon,/sys/class/hwmon/hwmon2 name=ina260_u14,"{""update_interval_ms"": ""not exposed""}",10.000,9.984,0.2793,0,0,sample_only,353.462147,89.010363,1790793223.344551,2026-09-30T18:33:43.344+00:00,3.240000,0.656000,5.047000,power1_input=3240000uW curr1_input=656mA in1_input=5047mV
2026-09-30T18:34:14+00:00,2d280c7862041cee1dd36a2ac164af8b7f9dcec3,False,2023.1,,ZynqMP KV260 revB machine-id:a435d1c5,,all,,hw,,,,kria,not read (sensor only),2d280c7862041cee1dd36a2ac164af8b7f9dcec3,,,,sensor_only,1,True,,performance,1333333,"0,1,2",,no-overlay idle reference (before any bitstream load),SOM-rail power (INA260),VCC_SOM,hwmon,/sys/class/hwmon/hwmon2 name=ina260_u14,"{""update_interval_ms"": ""not exposed""}",10.000,9.984,0.2793,0,0,sample_only,353.562106,89.110322,1790793223.444510,2026-09-30T18:33:43.444+00:00,3.280000,0.650000,5.046000,power1_input=3280000uW curr1_input=650mA in1_input=5046mV
2026-09-30T18:34:14+00:00,2d280c7862041cee1dd36a2ac164af8b7f9dcec3,False,2023.1,,ZynqMP KV260 revB machine-id:a435d1c5,,all,,hw,,,,kria,not read (sensor only),2d280c7862041cee1dd36a2ac164af8b7f9dcec3,,,,sensor_only,1,True,,performance,1333333,"0,1,2",,no-overlay idle reference (before any bitstream load),SOM-rail power (INA260),VCC_SOM,hwmon,/sys/class/hwmon/hwmon2 name=ina260_u14,"{""update_interval_ms"": ""not exposed""}",10.000,9.984,0.2793,0,0,sample_only,353.662137,89.210353,1790793223.544541,2026-09-30T18:33:43.544+00:00,3.300000,0.653000,5.046000,power1_input=3300000uW curr1_input=653mA in1_input=5046mV
2026-09-30T18:34:14+00:00,2d280c7862041cee1dd36a2ac164af8b7f9dcec3,False,2023.1,,ZynqMP KV260 revB machine-id:a435d1c5,,all,,hw,,,,kria,not read (sensor only),2d280c7862041cee1dd36a2ac164af8b7f9dcec3,,,,sensor_only,1,True,,performance,1333333,"0,1,2",,no-overlay idle reference (before any bitstream load),SOM-rail power (INA260),VCC_SOM,hwmon,/sys/class/hwmon/hwmon2 name=ina260_u14,"{""update_interval_ms"": ""not exposed""}",10.000,9.984,0.2793,0,0,sample_only,353.762147,89.310363,1790793223.644551,2026-09-30T18:33:43.644+00:00,3.370000,0.668000,5.047000,power1_input=3370000uW curr1_input=668mA in1_input=5047mV
2026-09-30T18:34:14+00:00,2d280c7862041cee1dd36a2ac164af8b7f9dcec3,False,2023.1,,ZynqMP KV260 revB machine-id:a435d1c5,,all,,hw,,,,kria,not read (sensor only),2d280c7862041cee1dd36a2ac164af8b7f9dcec3,,,,sensor_only,1,True,,performance,1333333,"0,1,2",,no-overlay idle reference (before any bitstream load),SOM-rail power (INA260),VCC_SOM,hwmon,/sys/class/hwmon/hwmon2 name=ina260_u14,"{""update_interval_ms"": ""not exposed""}",10.000,9.984,0.2793,0,0,sample_only,353.862167,89.410384,1790793223.744571,2026-09-30T18:33:43.744+00:00,3.310000,0.656000,5.046000,power1_input=3310000uW curr1_input=656mA in1_input=5046mV
2026-09-30T18:34:14+00:00,2d280c7862041cee1dd36a2ac164af8b7f9dcec3,False,2023.1,,ZynqMP KV260 revB machine-id:a435d1c5,,all,,hw,,,,kria,not read (sensor only),2d280c7862041cee1dd36a2ac164af8b7f9dcec3,,,,sensor_only,1,True,,performance,1333333,"0,1,2",,no-overlay idle reference (before any bitstream load),SOM-rail power (INA260),VCC_SOM,hwmon,/sys/class/hwmon/hwmon2 name=ina260_u14,"{""update_interval_ms"": ""not exposed""}",10.000,9.984,0.2793,0,0,sample_only,353.962151,89.510368,1790793223.844556,2026-09-30T18:33:43.844+00:00,3.260000,0.647000,5.046000,power1_input=3260000uW curr1_input=647mA in1_input=5046mV
2026-09-30T18:34:14+00:00,2d280c7862041cee1dd36a2ac164af8b7f9dcec3,False,2023.1,,ZynqMP KV260 revB machine-id:a435d1c5,,all,,hw,,,,kria,not read (sensor only),2d280c7862041cee1dd36a2ac164af8b7f9dcec3,,,,sensor_only,1,True,,performance,1333333,"0,1,2",,no-overlay idle reference (before any bitstream load),SOM-rail power (INA260),VCC_SOM,hwmon,/sys/class/hwmon/hwmon2 name=ina260_u14,"{""update_interval_ms"": ""not exposed""}",10.000,9.984,0.2793,0,0,sample_only,354.062141,89.610357,1790793223.944545,2026-09-30T18:33:43.944+00:00,3.340000,0.661000,5.047000,power1_input=3340000uW curr1_input=661mA in1_input=5047mV
2026-09-30T18:34:14+00:00,2d280c7862041cee1dd36a2ac164af8b7f9dcec3,False,2023.1,,ZynqMP KV260 revB machine-id:a435d1c5,,all,,hw,,,,kria,not read (sensor only),2d280c7862041cee1dd36a2ac164af8b7f9dcec3,,,,sensor_only,1,True,,performance,1333333,"0,1,2",,no-overlay idle reference (before any bitstream load),SOM-rail power (INA260),VCC_SOM,hwmon,/sys/class/hwmon/hwmon2 name=ina260_u14,"{""update_interval_ms"": ""not exposed""}",10.000,9.984,0.2793,0,0,sample_only,354.162146,89.710362,1790793224.044550,2026-09-30T18:33:44.044+00:00,3.300000,0.658000,5.047000,power1_input=3300000uW curr1_input=658mA in1_input=5047mV
2026-09-30T18:34:14+00:00,2d280c7862041cee1dd36a2ac164af8b7f9dcec3,False,2023.1,,ZynqMP KV260 revB machine-id:a435d1c5,,all,,hw,,,,kria,not read (sensor only),2d280c7862041cee1dd36a2ac164af8b7f9dcec3,,,,sensor_only,1,True,,performance,1333333,"0,1,2",,no-overlay idle reference (before any bitstream load),SOM-rail power (INA260),VCC_SOM,hwmon,/sys/class/hwmon/hwmon2 name=ina260_u14,"{""update_interval_ms"": ""not exposed""}",10.000,9.984,0.2793,0,0,sample_only,354.262147,89.810363,1790793224.144552,2026-09-30T18:33:44.144+00:00,3.610000,0.715000,5.047000,power1_input=3610000uW curr1_input=715mA in1_input=5047mV
2026-09-30T18:34:14+00:00,2d280c7862041cee1dd36a2ac164af8b7f9dcec3,False,2023.1,,ZynqMP KV260 revB machine-id:a435d1c5,,all,,hw,,,,kria,not read (sensor only),2d280c7862041cee1dd36a2ac164af8b7f9dcec3,,,,sensor_only,1,True,,performance,1333333,"0,1,2",,no-overlay idle reference (before any bitstream load),SOM-rail power (INA260),VCC_SOM,hwmon,/sys/class/hwmon/hwmon2 name=ina260_u14,"{""update_interval_ms"": ""not exposed""}",10.000,9.984,0.2793,0,0,sample_only,354.364974,89.913190,1790793224.247380,2026-09-30T18:33:44.247+00:00,3.410000,0.726000,5.045000,power1_input=3410000uW curr1_input=726mA in1_input=5045mV
2026-09-30T18:34:14+00:00,2d280c7862041cee1dd36a2ac164af8b7f9dcec3,False,2023.1,,ZynqMP KV260 revB machine-id:a435d1c5,,all,,hw,,,,kria,not read (sensor only),2d280c7862041cee1dd36a2ac164af8b7f9dcec3,,,,sensor_only,1,True,,performance,1333333,"0,1,2",,no-overlay idle reference (before any bitstream load),SOM-rail power (INA260),VCC_SOM,hwmon,/sys/class/hwmon/hwmon2 name=ina260_u14,"{""update_interval_ms"": ""not exposed""}",10.000,9.984,0.2793,0,0,sample_only,354.462347,90.010563,1790793224.344751,2026-09-30T18:33:44.344+00:00,3.220000,0.672000,5.047000,power1_input=3220000uW curr1_input=672mA in1_input=5047mV
2026-09-30T18:34:14+00:00,2d280c7862041cee1dd36a2ac164af8b7f9dcec3,False,2023.1,,ZynqMP KV260 revB machine-id:a435d1c5,,all,,hw,,,,kria,not read (sensor only),2d280c7862041cee1dd36a2ac164af8b7f9dcec3,,,,sensor_only,1,True,,performance,1333333,"0,1,2",,no-overlay idle reference (before any bitstream load),SOM-rail power (INA260),VCC_SOM,hwmon,/sys/class/hwmon/hwmon2 name=ina260_u14,"{""update_interval_ms"": ""not exposed""}",10.000,9.984,0.2793,0,0,sample_only,354.562183,90.110399,1790793224.444587,2026-09-30T18:33:44.444+00:00,3.210000,0.637000,5.046000,power1_input=3210000uW curr1_input=637mA in1_input=5046mV
2026-09-30T18:34:14+00:00,2d280c7862041cee1dd36a2ac164af8b7f9dcec3,False,2023.1,,ZynqMP KV260 revB machine-id:a435d1c5,,all,,hw,,,,kria,not read (sensor only),2d280c7862041cee1dd36a2ac164af8b7f9dcec3,,,,sensor_only,1,True,,performance,1333333,"0,1,2",,no-overlay idle reference (before any bitstream load),SOM-rail power (INA260),VCC_SOM,hwmon,/sys/class/hwmon/hwmon2 name=ina260_u14,"{""update_interval_ms"": ""not exposed""}",10.000,9.984,0.2793,0,0,sample_only,354.662147,90.210363,1790793224.544551,2026-09-30T18:33:44.544+00:00,3.220000,0.638000,5.047000,power1_input=3220000uW curr1_input=638mA in1_input=5047mV
2026-09-30T18:34:14+00:00,2d280c7862041cee1dd36a2ac164af8b7f9dcec3,False,2023.1,,ZynqMP KV260 revB machine-id:a435d1c5,,all,,hw,,,,kria,not read (sensor only),2d280c7862041cee1dd36a2ac164af8b7f9dcec3,,,,sensor_only,1,True,,performance,1333333,"0,1,2",,no-overlay idle reference (before any bitstream load),SOM-rail power (INA260),VCC_SOM,hwmon,/sys/class/hwmon/hwmon2 name=ina260_u14,"{""update_interval_ms"": ""not exposed""}",10.000,9.984,0.2793,0,0,sample_only,354.762152,90.310368,1790793224.644556,2026-09-30T18:33:44.644+00:00,3.210000,0.636000,5.047000,power1_input=3210000uW curr1_input=636mA in1_input=5047mV
2026-09-30T18:34:14+00:00,2d280c7862041cee1dd36a2ac164af8b7f9dcec3,False,2023.1,,ZynqMP KV260 revB machine-id:a435d1c5,,all,,hw,,,,kria,not read (sensor only),2d280c7862041cee1dd36a2ac164af8b7f9dcec3,,,,sensor_only,1,True,,performance,1333333,"0,1,2",,no-overlay idle reference (before any bitstream load),SOM-rail power (INA260),VCC_SOM,hwmon,/sys/class/hwmon/hwmon2 name=ina260_u14,"{""update_interval_ms"": ""not exposed""}",10.000,9.984,0.2793,0,0,sample_only,354.862145,90.410362,1790793224.744550,2026-09-30T18:33:44.744+00:00,3.480000,0.646000,5.047000,power1_input=3480000uW curr1_input=646mA in1_input=5047mV
2026-09-30T18:34:14+00:00,2d280c7862041cee1dd36a2ac164af8b7f9dcec3,False,2023.1,,ZynqMP KV260 revB machine-id:a435d1c5,,all,,hw,,,,kria,not read (sensor only),2d280c7862041cee1dd36a2ac164af8b7f9dcec3,,,,sensor_only,1,True,,performance,1333333,"0,1,2",,no-overlay idle reference (before any bitstream load),SOM-rail power (INA260),VCC_SOM,hwmon,/sys/class/hwmon/hwmon2 name=ina260_u14,"{""update_interval_ms"": ""not exposed""}",10.000,9.984,0.2793,0,0,sample_only,354.962151,90.510368,1790793224.844556,2026-09-30T18:33:44.844+00:00,3.320000,0.657000,5.047000,power1_input=3320000uW curr1_input=657mA in1_input=5047mV
2026-09-30T18:34:14+00:00,2d280c7862041cee1dd36a2ac164af8b7f9dcec3,False,2023.1,,ZynqMP KV260 revB machine-id:a435d1c5,,all,,hw,,,,kria,not read (sensor only),2d280c7862041cee1dd36a2ac164af8b7f9dcec3,,,,sensor_only,1,True,,performance,1333333,"0,1,2",,no-overlay idle reference (before any bitstream load),SOM-rail power (INA260),VCC_SOM,hwmon,/sys/class/hwmon/hwmon2 name=ina260_u14,"{""update_interval_ms"": ""not exposed""}",10.000,9.984,0.2793,0,0,sample_only,355.062151,90.610367,1790793224.944556,2026-09-30T18:33:44.944+00:00,3.320000,0.656000,5.047000,power1_input=3320000uW curr1_input=656mA in1_input=5047mV
2026-09-30T18:34:14+00:00,2d280c7862041cee1dd36a2ac164af8b7f9dcec3,False,2023.1,,ZynqMP KV260 revB machine-id:a435d1c5,,all,,hw,,,,kria,not read (sensor only),2d280c7862041cee1dd36a2ac164af8b7f9dcec3,,,,sensor_only,1,True,,performance,1333333,"0,1,2",,no-overlay idle reference (before any bitstream load),SOM-rail power (INA260),VCC_SOM,hwmon,/sys/class/hwmon/hwmon2 name=ina260_u14,"{""update_interval_ms"": ""not exposed""}",10.000,9.984,0.2793,0,0,sample_only,355.162201,90.710418,1790793225.044606,2026-09-30T18:33:45.044+00:00,3.210000,0.642000,5.046000,power1_input=3210000uW curr1_input=642mA in1_input=5046mV
2026-09-30T18:34:14+00:00,2d280c7862041cee1dd36a2ac164af8b7f9dcec3,False,2023.1,,ZynqMP KV260 revB machine-id:a435d1c5,,all,,hw,,,,kria,not read (sensor only),2d280c7862041cee1dd36a2ac164af8b7f9dcec3,,,,sensor_only,1,True,,performance,1333333,"0,1,2",,no-overlay idle reference (before any bitstream load),SOM-rail power (INA260),VCC_SOM,hwmon,/sys/class/hwmon/hwmon2 name=ina260_u14,"{""update_interval_ms"": ""not exposed""}",10.000,9.984,0.2793,0,0,sample_only,355.262055,90.810271,1790793225.144458,2026-09-30T18:33:45.144+00:00,3.210000,0.636000,5.047000,power1_input=3210000uW curr1_input=636mA in1_input=5047mV
2026-09-30T18:34:14+00:00,2d280c7862041cee1dd36a2ac164af8b7f9dcec3,False,2023.1,,ZynqMP KV260 revB machine-id:a435d1c5,,all,,hw,,,,kria,not read (sensor only),2d280c7862041cee1dd36a2ac164af8b7f9dcec3,,,,sensor_only,1,True,,performance,1333333,"0,1,2",,no-overlay idle reference (before any bitstream load),SOM-rail power (INA260),VCC_SOM,hwmon,/sys/class/hwmon/hwmon2 name=ina260_u14,"{""update_interval_ms"": ""not exposed""}",10.000,9.984,0.2793,0,0,sample_only,355.362135,90.910351,1790793225.244539,2026-09-30T18:33:45.244+00:00,3.450000,0.682000,5.046000,power1_input=3450000uW curr1_input=682mA in1_input=5046mV
2026-09-30T18:34:14+00:00,2d280c7862041cee1dd36a2ac164af8b7f9dcec3,False,2023.1,,ZynqMP KV260 revB machine-id:a435d1c5,,all,,hw,,,,kria,not read (sensor only),2d280c7862041cee1dd36a2ac164af8b7f9dcec3,,,,sensor_only,1,True,,performance,1333333,"0,1,2",,no-overlay idle reference (before any bitstream load),SOM-rail power (INA260),VCC_SOM,hwmon,/sys/class/hwmon/hwmon2 name=ina260_u14,"{""update_interval_ms"": ""not exposed""}",10.000,9.984,0.2793,0,0,sample_only,355.462233,91.010450,1790793225.344638,2026-09-30T18:33:45.344+00:00,3.530000,0.700000,5.046000,power1_input=3530000uW curr1_input=700mA in1_input=5046mV
2026-09-30T18:34:14+00:00,2d280c7862041cee1dd36a2ac164af8b7f9dcec3,False,2023.1,,ZynqMP KV260 revB machine-id:a435d1c5,,all,,hw,,,,kria,not read (sensor only),2d280c7862041cee1dd36a2ac164af8b7f9dcec3,,,,sensor_only,1,True,,performance,1333333,"0,1,2",,no-overlay idle reference (before any bitstream load),SOM-rail power (INA260),VCC_SOM,hwmon,/sys/class/hwmon/hwmon2 name=ina260_u14,"{""update_interval_ms"": ""not exposed""}",10.000,9.984,0.2793,0,0,sample_only,355.562255,91.110471,1790793225.444659,2026-09-30T18:33:45.444+00:00,3.400000,0.672000,5.047000,power1_input=3400000uW curr1_input=672mA in1_input=5047mV
2026-09-30T18:34:14+00:00,2d280c7862041cee1dd36a2ac164af8b7f9dcec3,False,2023.1,,ZynqMP KV260 revB machine-id:a435d1c5,,all,,hw,,,,kria,not read (sensor only),2d280c7862041cee1dd36a2ac164af8b7f9dcec3,,,,sensor_only,1,True,,performance,1333333,"0,1,2",,no-overlay idle reference (before any bitstream load),SOM-rail power (INA260),VCC_SOM,hwmon,/sys/class/hwmon/hwmon2 name=ina260_u14,"{""update_interval_ms"": ""not exposed""}",10.000,9.984,0.2793,0,0,sample_only,355.662153,91.210369,1790793225.544557,2026-09-30T18:33:45.544+00:00,3.220000,0.637000,5.047000,power1_input=3220000uW curr1_input=637mA in1_input=5047mV
2026-09-30T18:34:14+00:00,2d280c7862041cee1dd36a2ac164af8b7f9dcec3,False,2023.1,,ZynqMP KV260 revB machine-id:a435d1c5,,all,,hw,,,,kria,not read (sensor only),2d280c7862041cee1dd36a2ac164af8b7f9dcec3,,,,sensor_only,1,True,,performance,1333333,"0,1,2",,no-overlay idle reference (before any bitstream load),SOM-rail power (INA260),VCC_SOM,hwmon,/sys/class/hwmon/hwmon2 name=ina260_u14,"{""update_interval_ms"": ""not exposed""}",10.000,9.984,0.2793,0,0,sample_only,355.762183,91.310399,1790793225.644588,2026-09-30T18:33:45.644+00:00,3.210000,0.636000,5.046000,power1_input=3210000uW curr1_input=636mA in1_input=5046mV
2026-09-30T18:34:14+00:00,2d280c7862041cee1dd36a2ac164af8b7f9dcec3,False,2023.1,,ZynqMP KV260 revB machine-id:a435d1c5,,all,,hw,,,,kria,not read (sensor only),2d280c7862041cee1dd36a2ac164af8b7f9dcec3,,,,sensor_only,1,True,,performance,1333333,"0,1,2",,no-overlay idle reference (before any bitstream load),SOM-rail power (INA260),VCC_SOM,hwmon,/sys/class/hwmon/hwmon2 name=ina260_u14,"{""update_interval_ms"": ""not exposed""}",10.000,9.984,0.2793,0,0,sample_only,355.862163,91.410379,1790793225.744568,2026-09-30T18:33:45.744+00:00,3.280000,0.655000,5.047000,power1_input=3280000uW curr1_input=655mA in1_input=5047mV
2026-09-30T18:34:14+00:00,2d280c7862041cee1dd36a2ac164af8b7f9dcec3,False,2023.1,,ZynqMP KV260 revB machine-id:a435d1c5,,all,,hw,,,,kria,not read (sensor only),2d280c7862041cee1dd36a2ac164af8b7f9dcec3,,,,sensor_only,1,True,,performance,1333333,"0,1,2",,no-overlay idle reference (before any bitstream load),SOM-rail power (INA260),VCC_SOM,hwmon,/sys/class/hwmon/hwmon2 name=ina260_u14,"{""update_interval_ms"": ""not exposed""}",10.000,9.984,0.2793,0,0,sample_only,355.962235,91.510452,1790793225.844640,2026-09-30T18:33:45.844+00:00,3.520000,0.696000,5.046000,power1_input=3520000uW curr1_input=696mA in1_input=5046mV
2026-09-30T18:34:14+00:00,2d280c7862041cee1dd36a2ac164af8b7f9dcec3,False,2023.1,,ZynqMP KV260 revB machine-id:a435d1c5,,all,,hw,,,,kria,not read (sensor only),2d280c7862041cee1dd36a2ac164af8b7f9dcec3,,,,sensor_only,1,True,,performance,1333333,"0,1,2",,no-overlay idle reference (before any bitstream load),SOM-rail power (INA260),VCC_SOM,hwmon,/sys/class/hwmon/hwmon2 name=ina260_u14,"{""update_interval_ms"": ""not exposed""}",10.000,9.984,0.2793,0,0,sample_only,356.062156,91.610373,1790793225.944561,2026-09-30T18:33:45.944+00:00,3.220000,0.640000,5.047000,power1_input=3220000uW curr1_input=640mA in1_input=5047mV
2026-09-30T18:34:14+00:00,2d280c7862041cee1dd36a2ac164af8b7f9dcec3,False,2023.1,,ZynqMP KV260 revB machine-id:a435d1c5,,all,,hw,,,,kria,not read (sensor only),2d280c7862041cee1dd36a2ac164af8b7f9dcec3,,,,sensor_only,1,True,,performance,1333333,"0,1,2",,no-overlay idle reference (before any bitstream load),SOM-rail power (INA260),VCC_SOM,hwmon,/sys/class/hwmon/hwmon2 name=ina260_u14,"{""update_interval_ms"": ""not exposed""}",10.000,9.984,0.2793,0,0,sample_only,356.162087,91.710303,1790793226.044491,2026-09-30T18:33:46.044+00:00,3.210000,0.636000,5.047000,power1_input=3210000uW curr1_input=636mA in1_input=5047mV
2026-09-30T18:34:14+00:00,2d280c7862041cee1dd36a2ac164af8b7f9dcec3,False,2023.1,,ZynqMP KV260 revB machine-id:a435d1c5,,all,,hw,,,,kria,not read (sensor only),2d280c7862041cee1dd36a2ac164af8b7f9dcec3,,,,sensor_only,1,True,,performance,1333333,"0,1,2",,no-overlay idle reference (before any bitstream load),SOM-rail power (INA260),VCC_SOM,hwmon,/sys/class/hwmon/hwmon2 name=ina260_u14,"{""update_interval_ms"": ""not exposed""}",10.000,9.984,0.2793,0,0,sample_only,356.262123,91.810340,1790793226.144527,2026-09-30T18:33:46.144+00:00,3.390000,0.672000,5.047000,power1_input=3390000uW curr1_input=672mA in1_input=5047mV
2026-09-30T18:34:14+00:00,2d280c7862041cee1dd36a2ac164af8b7f9dcec3,False,2023.1,,ZynqMP KV260 revB machine-id:a435d1c5,,all,,hw,,,,kria,not read (sensor only),2d280c7862041cee1dd36a2ac164af8b7f9dcec3,,,,sensor_only,1,True,,performance,1333333,"0,1,2",,no-overlay idle reference (before any bitstream load),SOM-rail power (INA260),VCC_SOM,hwmon,/sys/class/hwmon/hwmon2 name=ina260_u14,"{""update_interval_ms"": ""not exposed""}",10.000,9.984,0.2793,0,0,sample_only,356.362180,91.910396,1790793226.244584,2026-09-30T18:33:46.244+00:00,3.280000,0.651000,5.047000,power1_input=3280000uW curr1_input=651mA in1_input=5047mV
2026-09-30T18:34:14+00:00,2d280c7862041cee1dd36a2ac164af8b7f9dcec3,False,2023.1,,ZynqMP KV260 revB machine-id:a435d1c5,,all,,hw,,,,kria,not read (sensor only),2d280c7862041cee1dd36a2ac164af8b7f9dcec3,,,,sensor_only,1,True,,performance,1333333,"0,1,2",,no-overlay idle reference (before any bitstream load),SOM-rail power (INA260),VCC_SOM,hwmon,/sys/class/hwmon/hwmon2 name=ina260_u14,"{""update_interval_ms"": ""not exposed""}",10.000,9.984,0.2793,0,0,sample_only,356.462148,92.010364,1790793226.344552,2026-09-30T18:33:46.344+00:00,3.460000,0.686000,5.046000,power1_input=3460000uW curr1_input=686mA in1_input=5046mV
2026-09-30T18:34:14+00:00,2d280c7862041cee1dd36a2ac164af8b7f9dcec3,False,2023.1,,ZynqMP KV260 revB machine-id:a435d1c5,,all,,hw,,,,kria,not read (sensor only),2d280c7862041cee1dd36a2ac164af8b7f9dcec3,,,,sensor_only,1,True,,performance,1333333,"0,1,2",,no-overlay idle reference (before any bitstream load),SOM-rail power (INA260),VCC_SOM,hwmon,/sys/class/hwmon/hwmon2 name=ina260_u14,"{""update_interval_ms"": ""not exposed""}",10.000,9.984,0.2793,0,0,sample_only,356.562182,92.110398,1790793226.444586,2026-09-30T18:33:46.444+00:00,3.260000,0.646000,5.046000,power1_input=3260000uW curr1_input=646mA in1_input=5046mV
2026-09-30T18:34:14+00:00,2d280c7862041cee1dd36a2ac164af8b7f9dcec3,False,2023.1,,ZynqMP KV260 revB machine-id:a435d1c5,,all,,hw,,,,kria,not read (sensor only),2d280c7862041cee1dd36a2ac164af8b7f9dcec3,,,,sensor_only,1,True,,performance,1333333,"0,1,2",,no-overlay idle reference (before any bitstream load),SOM-rail power (INA260),VCC_SOM,hwmon,/sys/class/hwmon/hwmon2 name=ina260_u14,"{""update_interval_ms"": ""not exposed""}",10.000,9.984,0.2793,0,0,sample_only,356.662146,92.210363,1790793226.544551,2026-09-30T18:33:46.544+00:00,3.290000,0.651000,5.048000,power1_input=3290000uW curr1_input=651mA in1_input=5048mV
2026-09-30T18:34:14+00:00,2d280c7862041cee1dd36a2ac164af8b7f9dcec3,False,2023.1,,ZynqMP KV260 revB machine-id:a435d1c5,,all,,hw,,,,kria,not read (sensor only),2d280c7862041cee1dd36a2ac164af8b7f9dcec3,,,,sensor_only,1,True,,performance,1333333,"0,1,2",,no-overlay idle reference (before any bitstream load),SOM-rail power (INA260),VCC_SOM,hwmon,/sys/class/hwmon/hwmon2 name=ina260_u14,"{""update_interval_ms"": ""not exposed""}",10.000,9.984,0.2793,0,0,sample_only,356.762148,92.310365,1790793226.644553,2026-09-30T18:33:46.644+00:00,3.320000,0.657000,5.047000,power1_input=3320000uW curr1_input=657mA in1_input=5047mV
2026-09-30T18:34:14+00:00,2d280c7862041cee1dd36a2ac164af8b7f9dcec3,False,2023.1,,ZynqMP KV260 revB machine-id:a435d1c5,,all,,hw,,,,kria,not read (sensor only),2d280c7862041cee1dd36a2ac164af8b7f9dcec3,,,,sensor_only,1,True,,performance,1333333,"0,1,2",,no-overlay idle reference (before any bitstream load),SOM-rail power (INA260),VCC_SOM,hwmon,/sys/class/hwmon/hwmon2 name=ina260_u14,"{""update_interval_ms"": ""not exposed""}",10.000,9.984,0.2793,0,0,sample_only,356.862149,92.410365,1790793226.744554,2026-09-30T18:33:46.744+00:00,3.230000,0.660000,5.046000,power1_input=3230000uW curr1_input=660mA in1_input=5046mV
2026-09-30T18:34:14+00:00,2d280c7862041cee1dd36a2ac164af8b7f9dcec3,False,2023.1,,ZynqMP KV260 revB machine-id:a435d1c5,,all,,hw,,,,kria,not read (sensor only),2d280c7862041cee1dd36a2ac164af8b7f9dcec3,,,,sensor_only,1,True,,performance,1333333,"0,1,2",,no-overlay idle reference (before any bitstream load),SOM-rail power (INA260),VCC_SOM,hwmon,/sys/class/hwmon/hwmon2 name=ina260_u14,"{""update_interval_ms"": ""not exposed""}",10.000,9.984,0.2793,0,0,sample_only,356.962180,92.510397,1790793226.844585,2026-09-30T18:33:46.844+00:00,3.520000,0.696000,5.047000,power1_input=3520000uW curr1_input=696mA in1_input=5047mV
2026-09-30T18:34:14+00:00,2d280c7862041cee1dd36a2ac164af8b7f9dcec3,False,2023.1,,ZynqMP KV260 revB machine-id:a435d1c5,,all,,hw,,,,kria,not read (sensor only),2d280c7862041cee1dd36a2ac164af8b7f9dcec3,,,,sensor_only,1,True,,performance,1333333,"0,1,2",,no-overlay idle reference (before any bitstream load),SOM-rail power (INA260),VCC_SOM,hwmon,/sys/class/hwmon/hwmon2 name=ina260_u14,"{""update_interval_ms"": ""not exposed""}",10.000,9.984,0.2793,0,0,sample_only,357.062203,92.610419,1790793226.944607,2026-09-30T18:33:46.944+00:00,3.360000,0.665000,5.047000,power1_input=3360000uW curr1_input=665mA in1_input=5047mV
2026-09-30T18:34:14+00:00,2d280c7862041cee1dd36a2ac164af8b7f9dcec3,False,2023.1,,ZynqMP KV260 revB machine-id:a435d1c5,,all,,hw,,,,kria,not read (sensor only),2d280c7862041cee1dd36a2ac164af8b7f9dcec3,,,,sensor_only,1,True,,performance,1333333,"0,1,2",,no-overlay idle reference (before any bitstream load),SOM-rail power (INA260),VCC_SOM,hwmon,/sys/class/hwmon/hwmon2 name=ina260_u14,"{""update_interval_ms"": ""not exposed""}",10.000,9.984,0.2793,0,0,sample_only,357.162183,92.710399,1790793227.044588,2026-09-30T18:33:47.044+00:00,3.310000,0.682000,5.046000,power1_input=3310000uW curr1_input=682mA in1_input=5046mV
2026-09-30T18:34:14+00:00,2d280c7862041cee1dd36a2ac164af8b7f9dcec3,False,2023.1,,ZynqMP KV260 revB machine-id:a435d1c5,,all,,hw,,,,kria,not read (sensor only),2d280c7862041cee1dd36a2ac164af8b7f9dcec3,,,,sensor_only,1,True,,performance,1333333,"0,1,2",,no-overlay idle reference (before any bitstream load),SOM-rail power (INA260),VCC_SOM,hwmon,/sys/class/hwmon/hwmon2 name=ina260_u14,"{""update_interval_ms"": ""not exposed""}",10.000,9.984,0.2793,0,0,sample_only,357.262186,92.810402,1790793227.144590,2026-09-30T18:33:47.144+00:00,3.410000,0.675000,5.047000,power1_input=3410000uW curr1_input=675mA in1_input=5047mV
2026-09-30T18:34:14+00:00,2d280c7862041cee1dd36a2ac164af8b7f9dcec3,False,2023.1,,ZynqMP KV260 revB machine-id:a435d1c5,,all,,hw,,,,kria,not read (sensor only),2d280c7862041cee1dd36a2ac164af8b7f9dcec3,,,,sensor_only,1,True,,performance,1333333,"0,1,2",,no-overlay idle reference (before any bitstream load),SOM-rail power (INA260),VCC_SOM,hwmon,/sys/class/hwmon/hwmon2 name=ina260_u14,"{""update_interval_ms"": ""not exposed""}",10.000,9.984,0.2793,0,0,sample_only,357.362157,92.910374,1790793227.244561,2026-09-30T18:33:47.244+00:00,3.430000,0.681000,5.046000,power1_input=3430000uW curr1_input=681mA in1_input=5046mV
2026-09-30T18:34:14+00:00,2d280c7862041cee1dd36a2ac164af8b7f9dcec3,False,2023.1,,ZynqMP KV260 revB machine-id:a435d1c5,,all,,hw,,,,kria,not read (sensor only),2d280c7862041cee1dd36a2ac164af8b7f9dcec3,,,,sensor_only,1,True,,performance,1333333,"0,1,2",,no-overlay idle reference (before any bitstream load),SOM-rail power (INA260),VCC_SOM,hwmon,/sys/class/hwmon/hwmon2 name=ina260_u14,"{""update_interval_ms"": ""not exposed""}",10.000,9.984,0.2793,0,0,sample_only,357.462171,93.010388,1790793227.344576,2026-09-30T18:33:47.344+00:00,3.430000,0.680000,5.046000,power1_input=3430000uW curr1_input=680mA in1_input=5046mV
2026-09-30T18:34:14+00:00,2d280c7862041cee1dd36a2ac164af8b7f9dcec3,False,2023.1,,ZynqMP KV260 revB machine-id:a435d1c5,,all,,hw,,,,kria,not read (sensor only),2d280c7862041cee1dd36a2ac164af8b7f9dcec3,,,,sensor_only,1,True,,performance,1333333,"0,1,2",,no-overlay idle reference (before any bitstream load),SOM-rail power (INA260),VCC_SOM,hwmon,/sys/class/hwmon/hwmon2 name=ina260_u14,"{""update_interval_ms"": ""not exposed""}",10.000,9.984,0.2793,0,0,sample_only,357.562242,93.110459,1790793227.444647,2026-09-30T18:33:47.444+00:00,3.270000,0.650000,5.046000,power1_input=3270000uW curr1_input=650mA in1_input=5046mV
2026-09-30T18:34:14+00:00,2d280c7862041cee1dd36a2ac164af8b7f9dcec3,False,2023.1,,ZynqMP KV260 revB machine-id:a435d1c5,,all,,hw,,,,kria,not read (sensor only),2d280c7862041cee1dd36a2ac164af8b7f9dcec3,,,,sensor_only,1,True,,performance,1333333,"0,1,2",,no-overlay idle reference (before any bitstream load),SOM-rail power (INA260),VCC_SOM,hwmon,/sys/class/hwmon/hwmon2 name=ina260_u14,"{""update_interval_ms"": ""not exposed""}",10.000,9.984,0.2793,0,0,sample_only,357.662154,93.210370,1790793227.544558,2026-09-30T18:33:47.544+00:00,3.250000,0.643000,5.046000,power1_input=3250000uW curr1_input=643mA in1_input=5046mV
2026-09-30T18:34:14+00:00,2d280c7862041cee1dd36a2ac164af8b7f9dcec3,False,2023.1,,ZynqMP KV260 revB machine-id:a435d1c5,,all,,hw,,,,kria,not read (sensor only),2d280c7862041cee1dd36a2ac164af8b7f9dcec3,,,,sensor_only,1,True,,performance,1333333,"0,1,2",,no-overlay idle reference (before any bitstream load),SOM-rail power (INA260),VCC_SOM,hwmon,/sys/class/hwmon/hwmon2 name=ina260_u14,"{""update_interval_ms"": ""not exposed""}",10.000,9.984,0.2793,0,0,sample_only,357.762183,93.310400,1790793227.644588,2026-09-30T18:33:47.644+00:00,3.280000,0.650000,5.046000,power1_input=3280000uW curr1_input=650mA in1_input=5046mV
2026-09-30T18:34:14+00:00,2d280c7862041cee1dd36a2ac164af8b7f9dcec3,False,2023.1,,ZynqMP KV260 revB machine-id:a435d1c5,,all,,hw,,,,kria,not read (sensor only),2d280c7862041cee1dd36a2ac164af8b7f9dcec3,,,,sensor_only,1,True,,performance,1333333,"0,1,2",,no-overlay idle reference (before any bitstream load),SOM-rail power (INA260),VCC_SOM,hwmon,/sys/class/hwmon/hwmon2 name=ina260_u14,"{""update_interval_ms"": ""not exposed""}",10.000,9.984,0.2793,0,0,sample_only,357.862282,93.410499,1790793227.744687,2026-09-30T18:33:47.744+00:00,3.220000,0.655000,5.046000,power1_input=3220000uW curr1_input=655mA in1_input=5046mV
2026-09-30T18:34:14+00:00,2d280c7862041cee1dd36a2ac164af8b7f9dcec3,False,2023.1,,ZynqMP KV260 revB machine-id:a435d1c5,,all,,hw,,,,kria,not read (sensor only),2d280c7862041cee1dd36a2ac164af8b7f9dcec3,,,,sensor_only,1,True,,performance,1333333,"0,1,2",,no-overlay idle reference (before any bitstream load),SOM-rail power (INA260),VCC_SOM,hwmon,/sys/class/hwmon/hwmon2 name=ina260_u14,"{""update_interval_ms"": ""not exposed""}",10.000,9.984,0.2793,0,0,sample_only,357.962184,93.510401,1790793227.844589,2026-09-30T18:33:47.844+00:00,3.330000,0.658000,5.047000,power1_input=3330000uW curr1_input=658mA in1_input=5047mV
2026-09-30T18:34:14+00:00,2d280c7862041cee1dd36a2ac164af8b7f9dcec3,False,2023.1,,ZynqMP KV260 revB machine-id:a435d1c5,,all,,hw,,,,kria,not read (sensor only),2d280c7862041cee1dd36a2ac164af8b7f9dcec3,,,,sensor_only,1,True,,performance,1333333,"0,1,2",,no-overlay idle reference (before any bitstream load),SOM-rail power (INA260),VCC_SOM,hwmon,/sys/class/hwmon/hwmon2 name=ina260_u14,"{""update_interval_ms"": ""not exposed""}",10.000,9.984,0.2793,0,0,sample_only,358.062158,93.610375,1790793227.944563,2026-09-30T18:33:47.944+00:00,3.450000,0.682000,5.046000,power1_input=3450000uW curr1_input=682mA in1_input=5046mV
2026-09-30T18:34:14+00:00,2d280c7862041cee1dd36a2ac164af8b7f9dcec3,False,2023.1,,ZynqMP KV260 revB machine-id:a435d1c5,,all,,hw,,,,kria,not read (sensor only),2d280c7862041cee1dd36a2ac164af8b7f9dcec3,,,,sensor_only,1,True,,performance,1333333,"0,1,2",,no-overlay idle reference (before any bitstream load),SOM-rail power (INA260),VCC_SOM,hwmon,/sys/class/hwmon/hwmon2 name=ina260_u14,"{""update_interval_ms"": ""not exposed""}",10.000,9.984,0.2793,0,0,sample_only,358.162147,93.710364,1790793228.044552,2026-09-30T18:33:48.044+00:00,3.340000,0.661000,5.047000,power1_input=3340000uW curr1_input=661mA in1_input=5047mV
2026-09-30T18:34:14+00:00,2d280c7862041cee1dd36a2ac164af8b7f9dcec3,False,2023.1,,ZynqMP KV260 revB machine-id:a435d1c5,,all,,hw,,,,kria,not read (sensor only),2d280c7862041cee1dd36a2ac164af8b7f9dcec3,,,,sensor_only,1,True,,performance,1333333,"0,1,2",,no-overlay idle reference (before any bitstream load),SOM-rail power (INA260),VCC_SOM,hwmon,/sys/class/hwmon/hwmon2 name=ina260_u14,"{""update_interval_ms"": ""not exposed""}",10.000,9.984,0.2793,0,0,sample_only,358.262155,93.810372,1790793228.144560,2026-09-30T18:33:48.144+00:00,3.410000,0.677000,5.047000,power1_input=3410000uW curr1_input=677mA in1_input=5047mV
2026-09-30T18:34:14+00:00,2d280c7862041cee1dd36a2ac164af8b7f9dcec3,False,2023.1,,ZynqMP KV260 revB machine-id:a435d1c5,,all,,hw,,,,kria,not read (sensor only),2d280c7862041cee1dd36a2ac164af8b7f9dcec3,,,,sensor_only,1,True,,performance,1333333,"0,1,2",,no-overlay idle reference (before any bitstream load),SOM-rail power (INA260),VCC_SOM,hwmon,/sys/class/hwmon/hwmon2 name=ina260_u14,"{""update_interval_ms"": ""not exposed""}",10.000,9.984,0.2793,0,0,sample_only,358.362150,93.910366,1790793228.244554,2026-09-30T18:33:48.244+00:00,3.290000,0.652000,5.047000,power1_input=3290000uW curr1_input=652mA in1_input=5047mV
2026-09-30T18:34:14+00:00,2d280c7862041cee1dd36a2ac164af8b7f9dcec3,False,2023.1,,ZynqMP KV260 revB machine-id:a435d1c5,,all,,hw,,,,kria,not read (sensor only),2d280c7862041cee1dd36a2ac164af8b7f9dcec3,,,,sensor_only,1,True,,performance,1333333,"0,1,2",,no-overlay idle reference (before any bitstream load),SOM-rail power (INA260),VCC_SOM,hwmon,/sys/class/hwmon/hwmon2 name=ina260_u14,"{""update_interval_ms"": ""not exposed""}",10.000,9.984,0.2793,0,0,sample_only,358.462146,94.010363,1790793228.344551,2026-09-30T18:33:48.344+00:00,3.350000,0.663000,5.047000,power1_input=3350000uW curr1_input=663mA in1_input=5047mV
2026-09-30T18:34:14+00:00,2d280c7862041cee1dd36a2ac164af8b7f9dcec3,False,2023.1,,ZynqMP KV260 revB machine-id:a435d1c5,,all,,hw,,,,kria,not read (sensor only),2d280c7862041cee1dd36a2ac164af8b7f9dcec3,,,,sensor_only,1,True,,performance,1333333,"0,1,2",,no-overlay idle reference (before any bitstream load),SOM-rail power (INA260),VCC_SOM,hwmon,/sys/class/hwmon/hwmon2 name=ina260_u14,"{""update_interval_ms"": ""not exposed""}",10.000,9.984,0.2793,0,0,sample_only,358.562182,94.110399,1790793228.444612,2026-09-30T18:33:48.444+00:00,3.250000,0.661000,5.047000,power1_input=3250000uW curr1_input=661mA in1_input=5047mV
2026-09-30T18:34:14+00:00,2d280c7862041cee1dd36a2ac164af8b7f9dcec3,False,2023.1,,ZynqMP KV260 revB machine-id:a435d1c5,,all,,hw,,,,kria,not read (sensor only),2d280c7862041cee1dd36a2ac164af8b7f9dcec3,,,,sensor_only,1,True,,performance,1333333,"0,1,2",,no-overlay idle reference (before any bitstream load),SOM-rail power (INA260),VCC_SOM,hwmon,/sys/class/hwmon/hwmon2 name=ina260_u14,"{""update_interval_ms"": ""not exposed""}",10.000,9.984,0.2793,0,0,sample_only,358.662158,94.210375,1790793228.544562,2026-09-30T18:33:48.544+00:00,3.260000,0.645000,5.047000,power1_input=3260000uW curr1_input=645mA in1_input=5047mV
2026-09-30T18:34:14+00:00,2d280c7862041cee1dd36a2ac164af8b7f9dcec3,False,2023.1,,ZynqMP KV260 revB machine-id:a435d1c5,,all,,hw,,,,kria,not read (sensor only),2d280c7862041cee1dd36a2ac164af8b7f9dcec3,,,,sensor_only,1,True,,performance,1333333,"0,1,2",,no-overlay idle reference (before any bitstream load),SOM-rail power (INA260),VCC_SOM,hwmon,/sys/class/hwmon/hwmon2 name=ina260_u14,"{""update_interval_ms"": ""not exposed""}",10.000,9.984,0.2793,0,0,sample_only,358.762170,94.310386,1790793228.644574,2026-09-30T18:33:48.644+00:00,3.400000,0.673000,5.047000,power1_input=3400000uW curr1_input=673mA in1_input=5047mV
2026-09-30T18:34:14+00:00,2d280c7862041cee1dd36a2ac164af8b7f9dcec3,False,2023.1,,ZynqMP KV260 revB machine-id:a435d1c5,,all,,hw,,,,kria,not read (sensor only),2d280c7862041cee1dd36a2ac164af8b7f9dcec3,,,,sensor_only,1,True,,performance,1333333,"0,1,2",,no-overlay idle reference (before any bitstream load),SOM-rail power (INA260),VCC_SOM,hwmon,/sys/class/hwmon/hwmon2 name=ina260_u14,"{""update_interval_ms"": ""not exposed""}",10.000,9.984,0.2793,0,0,sample_only,358.862145,94.410361,1790793228.744549,2026-09-30T18:33:48.744+00:00,3.250000,0.652000,5.047000,power1_input=3250000uW curr1_input=652mA in1_input=5047mV
2026-09-30T18:34:14+00:00,2d280c7862041cee1dd36a2ac164af8b7f9dcec3,False,2023.1,,ZynqMP KV260 revB machine-id:a435d1c5,,all,,hw,,,,kria,not read (sensor only),2d280c7862041cee1dd36a2ac164af8b7f9dcec3,,,,sensor_only,1,True,,performance,1333333,"0,1,2",,no-overlay idle reference (before any bitstream load),SOM-rail power (INA260),VCC_SOM,hwmon,/sys/class/hwmon/hwmon2 name=ina260_u14,"{""update_interval_ms"": ""not exposed""}",10.000,9.984,0.2793,0,0,sample_only,358.962140,94.510356,1790793228.844544,2026-09-30T18:33:48.844+00:00,3.250000,0.643000,5.046000,power1_input=3250000uW curr1_input=643mA in1_input=5046mV
2026-09-30T18:34:14+00:00,2d280c7862041cee1dd36a2ac164af8b7f9dcec3,False,2023.1,,ZynqMP KV260 revB machine-id:a435d1c5,,all,,hw,,,,kria,not read (sensor only),2d280c7862041cee1dd36a2ac164af8b7f9dcec3,,,,sensor_only,1,True,,performance,1333333,"0,1,2",,no-overlay idle reference (before any bitstream load),SOM-rail power (INA260),VCC_SOM,hwmon,/sys/class/hwmon/hwmon2 name=ina260_u14,"{""update_interval_ms"": ""not exposed""}",10.000,9.984,0.2793,0,0,sample_only,359.062190,94.610406,1790793228.944594,2026-09-30T18:33:48.944+00:00,3.240000,0.641000,5.047000,power1_input=3240000uW curr1_input=641mA in1_input=5047mV
2026-09-30T18:34:14+00:00,2d280c7862041cee1dd36a2ac164af8b7f9dcec3,False,2023.1,,ZynqMP KV260 revB machine-id:a435d1c5,,all,,hw,,,,kria,not read (sensor only),2d280c7862041cee1dd36a2ac164af8b7f9dcec3,,,,sensor_only,1,True,,performance,1333333,"0,1,2",,no-overlay idle reference (before any bitstream load),SOM-rail power (INA260),VCC_SOM,hwmon,/sys/class/hwmon/hwmon2 name=ina260_u14,"{""update_interval_ms"": ""not exposed""}",10.000,9.984,0.2793,0,0,sample_only,359.162158,94.710374,1790793229.044562,2026-09-30T18:33:49.044+00:00,3.350000,0.663000,5.047000,power1_input=3350000uW curr1_input=663mA in1_input=5047mV
2026-09-30T18:34:14+00:00,2d280c7862041cee1dd36a2ac164af8b7f9dcec3,False,2023.1,,ZynqMP KV260 revB machine-id:a435d1c5,,all,,hw,,,,kria,not read (sensor only),2d280c7862041cee1dd36a2ac164af8b7f9dcec3,,,,sensor_only,1,True,,performance,1333333,"0,1,2",,no-overlay idle reference (before any bitstream load),SOM-rail power (INA260),VCC_SOM,hwmon,/sys/class/hwmon/hwmon2 name=ina260_u14,"{""update_interval_ms"": ""not exposed""}",10.000,9.984,0.2793,0,0,sample_only,359.262155,94.810371,1790793229.144559,2026-09-30T18:33:49.144+00:00,3.560000,0.705000,5.047000,power1_input=3560000uW curr1_input=705mA in1_input=5047mV
2026-09-30T18:34:14+00:00,2d280c7862041cee1dd36a2ac164af8b7f9dcec3,False,2023.1,,ZynqMP KV260 revB machine-id:a435d1c5,,all,,hw,,,,kria,not read (sensor only),2d280c7862041cee1dd36a2ac164af8b7f9dcec3,,,,sensor_only,1,True,,performance,1333333,"0,1,2",,no-overlay idle reference (before any bitstream load),SOM-rail power (INA260),VCC_SOM,hwmon,/sys/class/hwmon/hwmon2 name=ina260_u14,"{""update_interval_ms"": ""not exposed""}",10.000,9.984,0.2793,0,0,sample_only,359.362151,94.910367,1790793229.244555,2026-09-30T18:33:49.244+00:00,3.510000,0.693000,5.047000,power1_input=3510000uW curr1_input=693mA in1_input=5047mV
2026-09-30T18:34:14+00:00,2d280c7862041cee1dd36a2ac164af8b7f9dcec3,False,2023.1,,ZynqMP KV260 revB machine-id:a435d1c5,,all,,hw,,,,kria,not read (sensor only),2d280c7862041cee1dd36a2ac164af8b7f9dcec3,,,,sensor_only,1,True,,performance,1333333,"0,1,2",,no-overlay idle reference (before any bitstream load),SOM-rail power (INA260),VCC_SOM,hwmon,/sys/class/hwmon/hwmon2 name=ina260_u14,"{""update_interval_ms"": ""not exposed""}",10.000,9.984,0.2793,0,0,sample_only,359.462157,95.010374,1790793229.344562,2026-09-30T18:33:49.344+00:00,3.460000,0.683000,5.046000,power1_input=3460000uW curr1_input=683mA in1_input=5046mV
2026-09-30T18:34:14+00:00,2d280c7862041cee1dd36a2ac164af8b7f9dcec3,False,2023.1,,ZynqMP KV260 revB machine-id:a435d1c5,,all,,hw,,,,kria,not read (sensor only),2d280c7862041cee1dd36a2ac164af8b7f9dcec3,,,,sensor_only,1,True,,performance,1333333,"0,1,2",,no-overlay idle reference (before any bitstream load),SOM-rail power (INA260),VCC_SOM,hwmon,/sys/class/hwmon/hwmon2 name=ina260_u14,"{""update_interval_ms"": ""not exposed""}",10.000,9.984,0.2793,0,0,sample_only,359.562194,95.110411,1790793229.444599,2026-09-30T18:33:49.444+00:00,3.270000,0.683000,5.047000,power1_input=3270000uW curr1_input=683mA in1_input=5047mV
2026-09-30T18:34:14+00:00,2d280c7862041cee1dd36a2ac164af8b7f9dcec3,False,2023.1,,ZynqMP KV260 revB machine-id:a435d1c5,,all,,hw,,,,kria,not read (sensor only),2d280c7862041cee1dd36a2ac164af8b7f9dcec3,,,,sensor_only,1,True,,performance,1333333,"0,1,2",,no-overlay idle reference (before any bitstream load),SOM-rail power (INA260),VCC_SOM,hwmon,/sys/class/hwmon/hwmon2 name=ina260_u14,"{""update_interval_ms"": ""not exposed""}",10.000,9.984,0.2793,0,0,sample_only,359.662213,95.210429,1790793229.544617,2026-09-30T18:33:49.544+00:00,3.220000,0.637000,5.047000,power1_input=3220000uW curr1_input=637mA in1_input=5047mV
2026-09-30T18:34:14+00:00,2d280c7862041cee1dd36a2ac164af8b7f9dcec3,False,2023.1,,ZynqMP KV260 revB machine-id:a435d1c5,,all,,hw,,,,kria,not read (sensor only),2d280c7862041cee1dd36a2ac164af8b7f9dcec3,,,,sensor_only,1,True,,performance,1333333,"0,1,2",,no-overlay idle reference (before any bitstream load),SOM-rail power (INA260),VCC_SOM,hwmon,/sys/class/hwmon/hwmon2 name=ina260_u14,"{""update_interval_ms"": ""not exposed""}",10.000,9.984,0.2793,0,0,sample_only,359.762161,95.310378,1790793229.644566,2026-09-30T18:33:49.644+00:00,3.350000,0.663000,5.046000,power1_input=3350000uW curr1_input=663mA in1_input=5046mV
2026-09-30T18:34:14+00:00,2d280c7862041cee1dd36a2ac164af8b7f9dcec3,False,2023.1,,ZynqMP KV260 revB machine-id:a435d1c5,,all,,hw,,,,kria,not read (sensor only),2d280c7862041cee1dd36a2ac164af8b7f9dcec3,,,,sensor_only,1,True,,performance,1333333,"0,1,2",,no-overlay idle reference (before any bitstream load),SOM-rail power (INA260),VCC_SOM,hwmon,/sys/class/hwmon/hwmon2 name=ina260_u14,"{""update_interval_ms"": ""not exposed""}",10.000,9.984,0.2793,0,0,sample_only,359.862182,95.410398,1790793229.744586,2026-09-30T18:33:49.744+00:00,3.240000,0.641000,5.047000,power1_input=3240000uW curr1_input=641mA in1_input=5047mV
2026-09-30T18:34:14+00:00,2d280c7862041cee1dd36a2ac164af8b7f9dcec3,False,2023.1,,ZynqMP KV260 revB machine-id:a435d1c5,,all,,hw,,,,kria,not read (sensor only),2d280c7862041cee1dd36a2ac164af8b7f9dcec3,,,,sensor_only,1,True,,performance,1333333,"0,1,2",,no-overlay idle reference (before any bitstream load),SOM-rail power (INA260),VCC_SOM,hwmon,/sys/class/hwmon/hwmon2 name=ina260_u14,"{""update_interval_ms"": ""not exposed""}",10.000,9.984,0.2793,0,0,sample_only,359.962177,95.510393,1790793229.844581,2026-09-30T18:33:49.844+00:00,3.380000,0.670000,5.047000,power1_input=3380000uW curr1_input=670mA in1_input=5047mV
2026-09-30T18:34:14+00:00,2d280c7862041cee1dd36a2ac164af8b7f9dcec3,False,2023.1,,ZynqMP KV260 revB machine-id:a435d1c5,,all,,hw,,,,kria,not read (sensor only),2d280c7862041cee1dd36a2ac164af8b7f9dcec3,,,,sensor_only,1,True,,performance,1333333,"0,1,2",,no-overlay idle reference (before any bitstream load),SOM-rail power (INA260),VCC_SOM,hwmon,/sys/class/hwmon/hwmon2 name=ina260_u14,"{""update_interval_ms"": ""not exposed""}",10.000,9.984,0.2793,0,0,sample_only,360.062177,95.610393,1790793229.944581,2026-09-30T18:33:49.944+00:00,3.310000,0.655000,5.046000,power1_input=3310000uW curr1_input=655mA in1_input=5046mV
2026-09-30T18:34:14+00:00,2d280c7862041cee1dd36a2ac164af8b7f9dcec3,False,2023.1,,ZynqMP KV260 revB machine-id:a435d1c5,,all,,hw,,,,kria,not read (sensor only),2d280c7862041cee1dd36a2ac164af8b7f9dcec3,,,,sensor_only,1,True,,performance,1333333,"0,1,2",,no-overlay idle reference (before any bitstream load),SOM-rail power (INA260),VCC_SOM,hwmon,/sys/class/hwmon/hwmon2 name=ina260_u14,"{""update_interval_ms"": ""not exposed""}",10.000,9.984,0.2793,0,0,sample_only,360.162174,95.710390,1790793230.044579,2026-09-30T18:33:50.044+00:00,3.220000,0.638000,5.046000,power1_input=3220000uW curr1_input=638mA in1_input=5046mV
2026-09-30T18:34:14+00:00,2d280c7862041cee1dd36a2ac164af8b7f9dcec3,False,2023.1,,ZynqMP KV260 revB machine-id:a435d1c5,,all,,hw,,,,kria,not read (sensor only),2d280c7862041cee1dd36a2ac164af8b7f9dcec3,,,,sensor_only,1,True,,performance,1333333,"0,1,2",,no-overlay idle reference (before any bitstream load),SOM-rail power (INA260),VCC_SOM,hwmon,/sys/class/hwmon/hwmon2 name=ina260_u14,"{""update_interval_ms"": ""not exposed""}",10.000,9.984,0.2793,0,0,sample_only,360.262170,95.810386,1790793230.144574,2026-09-30T18:33:50.144+00:00,3.410000,0.686000,5.047000,power1_input=3410000uW curr1_input=686mA in1_input=5047mV
2026-09-30T18:34:14+00:00,2d280c7862041cee1dd36a2ac164af8b7f9dcec3,False,2023.1,,ZynqMP KV260 revB machine-id:a435d1c5,,all,,hw,,,,kria,not read (sensor only),2d280c7862041cee1dd36a2ac164af8b7f9dcec3,,,,sensor_only,1,True,,performance,1333333,"0,1,2",,no-overlay idle reference (before any bitstream load),SOM-rail power (INA260),VCC_SOM,hwmon,/sys/class/hwmon/hwmon2 name=ina260_u14,"{""update_interval_ms"": ""not exposed""}",10.000,9.984,0.2793,0,0,sample_only,360.362147,95.910363,1790793230.244551,2026-09-30T18:33:50.244+00:00,3.310000,0.656000,5.047000,power1_input=3310000uW curr1_input=656mA in1_input=5047mV
2026-09-30T18:34:14+00:00,2d280c7862041cee1dd36a2ac164af8b7f9dcec3,False,2023.1,,ZynqMP KV260 revB machine-id:a435d1c5,,all,,hw,,,,kria,not read (sensor only),2d280c7862041cee1dd36a2ac164af8b7f9dcec3,,,,sensor_only,1,True,,performance,1333333,"0,1,2",,no-overlay idle reference (before any bitstream load),SOM-rail power (INA260),VCC_SOM,hwmon,/sys/class/hwmon/hwmon2 name=ina260_u14,"{""update_interval_ms"": ""not exposed""}",10.000,9.984,0.2793,0,0,sample_only,360.462143,96.010359,1790793230.344547,2026-09-30T18:33:50.344+00:00,3.410000,0.676000,5.047000,power1_input=3410000uW curr1_input=676mA in1_input=5047mV
2026-09-30T18:34:14+00:00,2d280c7862041cee1dd36a2ac164af8b7f9dcec3,False,2023.1,,ZynqMP KV260 revB machine-id:a435d1c5,,all,,hw,,,,kria,not read (sensor only),2d280c7862041cee1dd36a2ac164af8b7f9dcec3,,,,sensor_only,1,True,,performance,1333333,"0,1,2",,no-overlay idle reference (before any bitstream load),SOM-rail power (INA260),VCC_SOM,hwmon,/sys/class/hwmon/hwmon2 name=ina260_u14,"{""update_interval_ms"": ""not exposed""}",10.000,9.984,0.2793,0,0,sample_only,360.562149,96.110365,1790793230.444553,2026-09-30T18:33:50.444+00:00,3.240000,0.673000,5.046000,power1_input=3240000uW curr1_input=673mA in1_input=5046mV
2026-09-30T18:34:14+00:00,2d280c7862041cee1dd36a2ac164af8b7f9dcec3,False,2023.1,,ZynqMP KV260 revB machine-id:a435d1c5,,all,,hw,,,,kria,not read (sensor only),2d280c7862041cee1dd36a2ac164af8b7f9dcec3,,,,sensor_only,1,True,,performance,1333333,"0,1,2",,no-overlay idle reference (before any bitstream load),SOM-rail power (INA260),VCC_SOM,hwmon,/sys/class/hwmon/hwmon2 name=ina260_u14,"{""update_interval_ms"": ""not exposed""}",10.000,9.984,0.2793,0,0,sample_only,360.662150,96.210367,1790793230.544554,2026-09-30T18:33:50.544+00:00,3.200000,0.635000,5.047000,power1_input=3200000uW curr1_input=635mA in1_input=5047mV
2026-09-30T18:34:14+00:00,2d280c7862041cee1dd36a2ac164af8b7f9dcec3,False,2023.1,,ZynqMP KV260 revB machine-id:a435d1c5,,all,,hw,,,,kria,not read (sensor only),2d280c7862041cee1dd36a2ac164af8b7f9dcec3,,,,sensor_only,1,True,,performance,1333333,"0,1,2",,no-overlay idle reference (before any bitstream load),SOM-rail power (INA260),VCC_SOM,hwmon,/sys/class/hwmon/hwmon2 name=ina260_u14,"{""update_interval_ms"": ""not exposed""}",10.000,9.984,0.2793,0,0,sample_only,360.762157,96.310373,1790793230.644561,2026-09-30T18:33:50.644+00:00,3.530000,0.700000,5.046000,power1_input=3530000uW curr1_input=700mA in1_input=5046mV
2026-09-30T18:34:14+00:00,2d280c7862041cee1dd36a2ac164af8b7f9dcec3,False,2023.1,,ZynqMP KV260 revB machine-id:a435d1c5,,all,,hw,,,,kria,not read (sensor only),2d280c7862041cee1dd36a2ac164af8b7f9dcec3,,,,sensor_only,1,True,,performance,1333333,"0,1,2",,no-overlay idle reference (before any bitstream load),SOM-rail power (INA260),VCC_SOM,hwmon,/sys/class/hwmon/hwmon2 name=ina260_u14,"{""update_interval_ms"": ""not exposed""}",10.000,9.984,0.2793,0,0,sample_only,360.862145,96.410361,1790793230.744549,2026-09-30T18:33:50.744+00:00,3.300000,0.655000,5.047000,power1_input=3300000uW curr1_input=655mA in1_input=5047mV
2026-09-30T18:34:14+00:00,2d280c7862041cee1dd36a2ac164af8b7f9dcec3,False,2023.1,,ZynqMP KV260 revB machine-id:a435d1c5,,all,,hw,,,,kria,not read (sensor only),2d280c7862041cee1dd36a2ac164af8b7f9dcec3,,,,sensor_only,1,True,,performance,1333333,"0,1,2",,no-overlay idle reference (before any bitstream load),SOM-rail power (INA260),VCC_SOM,hwmon,/sys/class/hwmon/hwmon2 name=ina260_u14,"{""update_interval_ms"": ""not exposed""}",10.000,9.984,0.2793,0,0,sample_only,360.962154,96.510371,1790793230.844559,2026-09-30T18:33:50.844+00:00,3.470000,0.687000,5.047000,power1_input=3470000uW curr1_input=687mA in1_input=5047mV
2026-09-30T18:34:14+00:00,2d280c7862041cee1dd36a2ac164af8b7f9dcec3,False,2023.1,,ZynqMP KV260 revB machine-id:a435d1c5,,all,,hw,,,,kria,not read (sensor only),2d280c7862041cee1dd36a2ac164af8b7f9dcec3,,,,sensor_only,1,True,,performance,1333333,"0,1,2",,no-overlay idle reference (before any bitstream load),SOM-rail power (INA260),VCC_SOM,hwmon,/sys/class/hwmon/hwmon2 name=ina260_u14,"{""update_interval_ms"": ""not exposed""}",10.000,9.984,0.2793,0,0,sample_only,361.062110,96.610326,1790793230.944514,2026-09-30T18:33:50.944+00:00,3.210000,0.636000,5.047000,power1_input=3210000uW curr1_input=636mA in1_input=5047mV
2026-09-30T18:34:14+00:00,2d280c7862041cee1dd36a2ac164af8b7f9dcec3,False,2023.1,,ZynqMP KV260 revB machine-id:a435d1c5,,all,,hw,,,,kria,not read (sensor only),2d280c7862041cee1dd36a2ac164af8b7f9dcec3,,,,sensor_only,1,True,,performance,1333333,"0,1,2",,no-overlay idle reference (before any bitstream load),SOM-rail power (INA260),VCC_SOM,hwmon,/sys/class/hwmon/hwmon2 name=ina260_u14,"{""update_interval_ms"": ""not exposed""}",10.000,9.984,0.2793,0,0,sample_only,361.162060,96.710277,1790793231.044464,2026-09-30T18:33:51.044+00:00,3.220000,0.637000,5.047000,power1_input=3220000uW curr1_input=637mA in1_input=5047mV
2026-09-30T18:34:14+00:00,2d280c7862041cee1dd36a2ac164af8b7f9dcec3,False,2023.1,,ZynqMP KV260 revB machine-id:a435d1c5,,all,,hw,,,,kria,not read (sensor only),2d280c7862041cee1dd36a2ac164af8b7f9dcec3,,,,sensor_only,1,True,,performance,1333333,"0,1,2",,no-overlay idle reference (before any bitstream load),SOM-rail power (INA260),VCC_SOM,hwmon,/sys/class/hwmon/hwmon2 name=ina260_u14,"{""update_interval_ms"": ""not exposed""}",10.000,9.984,0.2793,0,0,sample_only,361.262128,96.810344,1790793231.144532,2026-09-30T18:33:51.144+00:00,3.320000,0.650000,5.047000,power1_input=3320000uW curr1_input=650mA in1_input=5047mV
2026-09-30T18:34:14+00:00,2d280c7862041cee1dd36a2ac164af8b7f9dcec3,False,2023.1,,ZynqMP KV260 revB machine-id:a435d1c5,,all,,hw,,,,kria,not read (sensor only),2d280c7862041cee1dd36a2ac164af8b7f9dcec3,,,,sensor_only,1,True,,performance,1333333,"0,1,2",,no-overlay idle reference (before any bitstream load),SOM-rail power (INA260),VCC_SOM,hwmon,/sys/class/hwmon/hwmon2 name=ina260_u14,"{""update_interval_ms"": ""not exposed""}",10.000,9.984,0.2793,0,0,sample_only,361.362163,96.910380,1790793231.244568,2026-09-30T18:33:51.244+00:00,3.280000,0.651000,5.047000,power1_input=3280000uW curr1_input=651mA in1_input=5047mV
2026-09-30T18:34:14+00:00,2d280c7862041cee1dd36a2ac164af8b7f9dcec3,False,2023.1,,ZynqMP KV260 revB machine-id:a435d1c5,,all,,hw,,,,kria,not read (sensor only),2d280c7862041cee1dd36a2ac164af8b7f9dcec3,,,,sensor_only,1,True,,performance,1333333,"0,1,2",,no-overlay idle reference (before any bitstream load),SOM-rail power (INA260),VCC_SOM,hwmon,/sys/class/hwmon/hwmon2 name=ina260_u14,"{""update_interval_ms"": ""not exposed""}",10.000,9.984,0.2793,0,0,sample_only,361.462208,97.010424,1790793231.344612,2026-09-30T18:33:51.344+00:00,3.440000,0.681000,5.047000,power1_input=3440000uW curr1_input=681mA in1_input=5047mV
2026-09-30T18:34:14+00:00,2d280c7862041cee1dd36a2ac164af8b7f9dcec3,False,2023.1,,ZynqMP KV260 revB machine-id:a435d1c5,,all,,hw,,,,kria,not read (sensor only),2d280c7862041cee1dd36a2ac164af8b7f9dcec3,,,,sensor_only,1,True,,performance,1333333,"0,1,2",,no-overlay idle reference (before any bitstream load),SOM-rail power (INA260),VCC_SOM,hwmon,/sys/class/hwmon/hwmon2 name=ina260_u14,"{""update_interval_ms"": ""not exposed""}",10.000,9.984,0.2793,0,0,sample_only,361.562147,97.110363,1790793231.444551,2026-09-30T18:33:51.444+00:00,3.400000,0.672000,5.047000,power1_input=3400000uW curr1_input=672mA in1_input=5047mV
2026-09-30T18:34:14+00:00,2d280c7862041cee1dd36a2ac164af8b7f9dcec3,False,2023.1,,ZynqMP KV260 revB machine-id:a435d1c5,,all,,hw,,,,kria,not read (sensor only),2d280c7862041cee1dd36a2ac164af8b7f9dcec3,,,,sensor_only,1,True,,performance,1333333,"0,1,2",,no-overlay idle reference (before any bitstream load),SOM-rail power (INA260),VCC_SOM,hwmon,/sys/class/hwmon/hwmon2 name=ina260_u14,"{""update_interval_ms"": ""not exposed""}",10.000,9.984,0.2793,0,0,sample_only,361.662148,97.210365,1790793231.544553,2026-09-30T18:33:51.544+00:00,3.390000,0.671000,5.047000,power1_input=3390000uW curr1_input=671mA in1_input=5047mV
2026-09-30T18:34:14+00:00,2d280c7862041cee1dd36a2ac164af8b7f9dcec3,False,2023.1,,ZynqMP KV260 revB machine-id:a435d1c5,,all,,hw,,,,kria,not read (sensor only),2d280c7862041cee1dd36a2ac164af8b7f9dcec3,,,,sensor_only,1,True,,performance,1333333,"0,1,2",,no-overlay idle reference (before any bitstream load),SOM-rail power (INA260),VCC_SOM,hwmon,/sys/class/hwmon/hwmon2 name=ina260_u14,"{""update_interval_ms"": ""not exposed""}",10.000,9.984,0.2793,0,0,sample_only,361.762194,97.310410,1790793231.644598,2026-09-30T18:33:51.644+00:00,3.330000,0.660000,5.046000,power1_input=3330000uW curr1_input=660mA in1_input=5046mV
2026-09-30T18:34:14+00:00,2d280c7862041cee1dd36a2ac164af8b7f9dcec3,False,2023.1,,ZynqMP KV260 revB machine-id:a435d1c5,,all,,hw,,,,kria,not read (sensor only),2d280c7862041cee1dd36a2ac164af8b7f9dcec3,,,,sensor_only,1,True,,performance,1333333,"0,1,2",,no-overlay idle reference (before any bitstream load),SOM-rail power (INA260),VCC_SOM,hwmon,/sys/class/hwmon/hwmon2 name=ina260_u14,"{""update_interval_ms"": ""not exposed""}",10.000,9.984,0.2793,0,0,sample_only,361.862149,97.410365,1790793231.744553,2026-09-30T18:33:51.744+00:00,3.290000,0.652000,5.047000,power1_input=3290000uW curr1_input=652mA in1_input=5047mV
2026-09-30T18:34:14+00:00,2d280c7862041cee1dd36a2ac164af8b7f9dcec3,False,2023.1,,ZynqMP KV260 revB machine-id:a435d1c5,,all,,hw,,,,kria,not read (sensor only),2d280c7862041cee1dd36a2ac164af8b7f9dcec3,,,,sensor_only,1,True,,performance,1333333,"0,1,2",,no-overlay idle reference (before any bitstream load),SOM-rail power (INA260),VCC_SOM,hwmon,/sys/class/hwmon/hwmon2 name=ina260_u14,"{""update_interval_ms"": ""not exposed""}",10.000,9.984,0.2793,0,0,sample_only,361.962148,97.510364,1790793231.844553,2026-09-30T18:33:51.844+00:00,3.440000,0.682000,5.046000,power1_input=3440000uW curr1_input=682mA in1_input=5046mV
2026-09-30T18:34:14+00:00,2d280c7862041cee1dd36a2ac164af8b7f9dcec3,False,2023.1,,ZynqMP KV260 revB machine-id:a435d1c5,,all,,hw,,,,kria,not read (sensor only),2d280c7862041cee1dd36a2ac164af8b7f9dcec3,,,,sensor_only,1,True,,performance,1333333,"0,1,2",,no-overlay idle reference (before any bitstream load),SOM-rail power (INA260),VCC_SOM,hwmon,/sys/class/hwmon/hwmon2 name=ina260_u14,"{""update_interval_ms"": ""not exposed""}",10.000,9.984,0.2793,0,0,sample_only,362.062173,97.610389,1790793231.944577,2026-09-30T18:33:51.944+00:00,3.230000,0.640000,5.047000,power1_input=3230000uW curr1_input=640mA in1_input=5047mV
2026-09-30T18:34:14+00:00,2d280c7862041cee1dd36a2ac164af8b7f9dcec3,False,2023.1,,ZynqMP KV260 revB machine-id:a435d1c5,,all,,hw,,,,kria,not read (sensor only),2d280c7862041cee1dd36a2ac164af8b7f9dcec3,,,,sensor_only,1,True,,performance,1333333,"0,1,2",,no-overlay idle reference (before any bitstream load),SOM-rail power (INA260),VCC_SOM,hwmon,/sys/class/hwmon/hwmon2 name=ina260_u14,"{""update_interval_ms"": ""not exposed""}",10.000,9.984,0.2793,0,0,sample_only,362.162152,97.710368,1790793232.044556,2026-09-30T18:33:52.044+00:00,3.210000,0.636000,5.047000,power1_input=3210000uW curr1_input=636mA in1_input=5047mV
2026-09-30T18:34:14+00:00,2d280c7862041cee1dd36a2ac164af8b7f9dcec3,False,2023.1,,ZynqMP KV260 revB machine-id:a435d1c5,,all,,hw,,,,kria,not read (sensor only),2d280c7862041cee1dd36a2ac164af8b7f9dcec3,,,,sensor_only,1,True,,performance,1333333,"0,1,2",,no-overlay idle reference (before any bitstream load),SOM-rail power (INA260),VCC_SOM,hwmon,/sys/class/hwmon/hwmon2 name=ina260_u14,"{""update_interval_ms"": ""not exposed""}",10.000,9.984,0.2793,0,0,sample_only,362.262106,97.810322,1790793232.144510,2026-09-30T18:33:52.144+00:00,3.200000,0.642000,5.046000,power1_input=3200000uW curr1_input=642mA in1_input=5046mV
2026-09-30T18:34:14+00:00,2d280c7862041cee1dd36a2ac164af8b7f9dcec3,False,2023.1,,ZynqMP KV260 revB machine-id:a435d1c5,,all,,hw,,,,kria,not read (sensor only),2d280c7862041cee1dd36a2ac164af8b7f9dcec3,,,,sensor_only,1,True,,performance,1333333,"0,1,2",,no-overlay idle reference (before any bitstream load),SOM-rail power (INA260),VCC_SOM,hwmon,/sys/class/hwmon/hwmon2 name=ina260_u14,"{""update_interval_ms"": ""not exposed""}",10.000,9.984,0.2793,0,0,sample_only,362.362133,97.910349,1790793232.244537,2026-09-30T18:33:52.244+00:00,3.230000,0.640000,5.047000,power1_input=3230000uW curr1_input=640mA in1_input=5047mV
2026-09-30T18:34:14+00:00,2d280c7862041cee1dd36a2ac164af8b7f9dcec3,False,2023.1,,ZynqMP KV260 revB machine-id:a435d1c5,,all,,hw,,,,kria,not read (sensor only),2d280c7862041cee1dd36a2ac164af8b7f9dcec3,,,,sensor_only,1,True,,performance,1333333,"0,1,2",,no-overlay idle reference (before any bitstream load),SOM-rail power (INA260),VCC_SOM,hwmon,/sys/class/hwmon/hwmon2 name=ina260_u14,"{""update_interval_ms"": ""not exposed""}",10.000,9.984,0.2793,0,0,sample_only,362.462145,98.010361,1790793232.344549,2026-09-30T18:33:52.344+00:00,3.250000,0.645000,5.047000,power1_input=3250000uW curr1_input=645mA in1_input=5047mV
2026-09-30T18:34:14+00:00,2d280c7862041cee1dd36a2ac164af8b7f9dcec3,False,2023.1,,ZynqMP KV260 revB machine-id:a435d1c5,,all,,hw,,,,kria,not read (sensor only),2d280c7862041cee1dd36a2ac164af8b7f9dcec3,,,,sensor_only,1,True,,performance,1333333,"0,1,2",,no-overlay idle reference (before any bitstream load),SOM-rail power (INA260),VCC_SOM,hwmon,/sys/class/hwmon/hwmon2 name=ina260_u14,"{""update_interval_ms"": ""not exposed""}",10.000,9.984,0.2793,0,0,sample_only,362.562143,98.110359,1790793232.444548,2026-09-30T18:33:52.444+00:00,3.670000,0.727000,5.046000,power1_input=3670000uW curr1_input=727mA in1_input=5046mV
2026-09-30T18:34:14+00:00,2d280c7862041cee1dd36a2ac164af8b7f9dcec3,False,2023.1,,ZynqMP KV260 revB machine-id:a435d1c5,,all,,hw,,,,kria,not read (sensor only),2d280c7862041cee1dd36a2ac164af8b7f9dcec3,,,,sensor_only,1,True,,performance,1333333,"0,1,2",,no-overlay idle reference (before any bitstream load),SOM-rail power (INA260),VCC_SOM,hwmon,/sys/class/hwmon/hwmon2 name=ina260_u14,"{""update_interval_ms"": ""not exposed""}",10.000,9.984,0.2793,0,0,sample_only,362.662148,98.210364,1790793232.544553,2026-09-30T18:33:52.544+00:00,3.470000,0.687000,5.047000,power1_input=3470000uW curr1_input=687mA in1_input=5047mV
2026-09-30T18:34:14+00:00,2d280c7862041cee1dd36a2ac164af8b7f9dcec3,False,2023.1,,ZynqMP KV260 revB machine-id:a435d1c5,,all,,hw,,,,kria,not read (sensor only),2d280c7862041cee1dd36a2ac164af8b7f9dcec3,,,,sensor_only,1,True,,performance,1333333,"0,1,2",,no-overlay idle reference (before any bitstream load),SOM-rail power (INA260),VCC_SOM,hwmon,/sys/class/hwmon/hwmon2 name=ina260_u14,"{""update_interval_ms"": ""not exposed""}",10.000,9.984,0.2793,0,0,sample_only,362.762161,98.310377,1790793232.644565,2026-09-30T18:33:52.644+00:00,3.430000,0.678000,5.046000,power1_input=3430000uW curr1_input=678mA in1_input=5046mV
2026-09-30T18:34:14+00:00,2d280c7862041cee1dd36a2ac164af8b7f9dcec3,False,2023.1,,ZynqMP KV260 revB machine-id:a435d1c5,,all,,hw,,,,kria,not read (sensor only),2d280c7862041cee1dd36a2ac164af8b7f9dcec3,,,,sensor_only,1,True,,performance,1333333,"0,1,2",,no-overlay idle reference (before any bitstream load),SOM-rail power (INA260),VCC_SOM,hwmon,/sys/class/hwmon/hwmon2 name=ina260_u14,"{""update_interval_ms"": ""not exposed""}",10.000,9.984,0.2793,0,0,sample_only,362.862178,98.410394,1790793232.744582,2026-09-30T18:33:52.744+00:00,3.220000,0.638000,5.047000,power1_input=3220000uW curr1_input=638mA in1_input=5047mV
2026-09-30T18:34:14+00:00,2d280c7862041cee1dd36a2ac164af8b7f9dcec3,False,2023.1,,ZynqMP KV260 revB machine-id:a435d1c5,,all,,hw,,,,kria,not read (sensor only),2d280c7862041cee1dd36a2ac164af8b7f9dcec3,,,,sensor_only,1,True,,performance,1333333,"0,1,2",,no-overlay idle reference (before any bitstream load),SOM-rail power (INA260),VCC_SOM,hwmon,/sys/class/hwmon/hwmon2 name=ina260_u14,"{""update_interval_ms"": ""not exposed""}",10.000,9.984,0.2793,0,0,sample_only,362.962150,98.510366,1790793232.844554,2026-09-30T18:33:52.844+00:00,3.390000,0.702000,5.047000,power1_input=3390000uW curr1_input=702mA in1_input=5047mV
2026-09-30T18:34:14+00:00,2d280c7862041cee1dd36a2ac164af8b7f9dcec3,False,2023.1,,ZynqMP KV260 revB machine-id:a435d1c5,,all,,hw,,,,kria,not read (sensor only),2d280c7862041cee1dd36a2ac164af8b7f9dcec3,,,,sensor_only,1,True,,performance,1333333,"0,1,2",,no-overlay idle reference (before any bitstream load),SOM-rail power (INA260),VCC_SOM,hwmon,/sys/class/hwmon/hwmon2 name=ina260_u14,"{""update_interval_ms"": ""not exposed""}",10.000,9.984,0.2793,0,0,sample_only,363.062201,98.610418,1790793232.944606,2026-09-30T18:33:52.944+00:00,3.310000,0.656000,5.047000,power1_input=3310000uW curr1_input=656mA in1_input=5047mV
2026-09-30T18:34:14+00:00,2d280c7862041cee1dd36a2ac164af8b7f9dcec3,False,2023.1,,ZynqMP KV260 revB machine-id:a435d1c5,,all,,hw,,,,kria,not read (sensor only),2d280c7862041cee1dd36a2ac164af8b7f9dcec3,,,,sensor_only,1,True,,performance,1333333,"0,1,2",,no-overlay idle reference (before any bitstream load),SOM-rail power (INA260),VCC_SOM,hwmon,/sys/class/hwmon/hwmon2 name=ina260_u14,"{""update_interval_ms"": ""not exposed""}",10.000,9.984,0.2793,0,0,sample_only,363.162182,98.710398,1790793233.044586,2026-09-30T18:33:53.044+00:00,3.280000,0.648000,5.047000,power1_input=3280000uW curr1_input=648mA in1_input=5047mV
2026-09-30T18:34:14+00:00,2d280c7862041cee1dd36a2ac164af8b7f9dcec3,False,2023.1,,ZynqMP KV260 revB machine-id:a435d1c5,,all,,hw,,,,kria,not read (sensor only),2d280c7862041cee1dd36a2ac164af8b7f9dcec3,,,,sensor_only,1,True,,performance,1333333,"0,1,2",,no-overlay idle reference (before any bitstream load),SOM-rail power (INA260),VCC_SOM,hwmon,/sys/class/hwmon/hwmon2 name=ina260_u14,"{""update_interval_ms"": ""not exposed""}",10.000,9.984,0.2793,0,0,sample_only,363.262177,98.810394,1790793233.144582,2026-09-30T18:33:53.144+00:00,3.290000,0.647000,5.047000,power1_input=3290000uW curr1_input=647mA in1_input=5047mV
2026-09-30T18:34:14+00:00,2d280c7862041cee1dd36a2ac164af8b7f9dcec3,False,2023.1,,ZynqMP KV260 revB machine-id:a435d1c5,,all,,hw,,,,kria,not read (sensor only),2d280c7862041cee1dd36a2ac164af8b7f9dcec3,,,,sensor_only,1,True,,performance,1333333,"0,1,2",,no-overlay idle reference (before any bitstream load),SOM-rail power (INA260),VCC_SOM,hwmon,/sys/class/hwmon/hwmon2 name=ina260_u14,"{""update_interval_ms"": ""not exposed""}",10.000,9.984,0.2793,0,0,sample_only,363.362148,98.910364,1790793233.244552,2026-09-30T18:33:53.244+00:00,3.360000,0.666000,5.046000,power1_input=3360000uW curr1_input=666mA in1_input=5046mV
2026-09-30T18:34:14+00:00,2d280c7862041cee1dd36a2ac164af8b7f9dcec3,False,2023.1,,ZynqMP KV260 revB machine-id:a435d1c5,,all,,hw,,,,kria,not read (sensor only),2d280c7862041cee1dd36a2ac164af8b7f9dcec3,,,,sensor_only,1,True,,performance,1333333,"0,1,2",,no-overlay idle reference (before any bitstream load),SOM-rail power (INA260),VCC_SOM,hwmon,/sys/class/hwmon/hwmon2 name=ina260_u14,"{""update_interval_ms"": ""not exposed""}",10.000,9.984,0.2793,0,0,sample_only,363.462148,99.010364,1790793233.344552,2026-09-30T18:33:53.344+00:00,3.810000,0.753000,5.046000,power1_input=3810000uW curr1_input=753mA in1_input=5046mV
2026-09-30T18:34:14+00:00,2d280c7862041cee1dd36a2ac164af8b7f9dcec3,False,2023.1,,ZynqMP KV260 revB machine-id:a435d1c5,,all,,hw,,,,kria,not read (sensor only),2d280c7862041cee1dd36a2ac164af8b7f9dcec3,,,,sensor_only,1,True,,performance,1333333,"0,1,2",,no-overlay idle reference (before any bitstream load),SOM-rail power (INA260),VCC_SOM,hwmon,/sys/class/hwmon/hwmon2 name=ina260_u14,"{""update_interval_ms"": ""not exposed""}",10.000,9.984,0.2793,0,0,sample_only,363.562155,99.110372,1790793233.444560,2026-09-30T18:33:53.444+00:00,3.370000,0.666000,5.046000,power1_input=3370000uW curr1_input=666mA in1_input=5046mV
2026-09-30T18:34:14+00:00,2d280c7862041cee1dd36a2ac164af8b7f9dcec3,False,2023.1,,ZynqMP KV260 revB machine-id:a435d1c5,,all,,hw,,,,kria,not read (sensor only),2d280c7862041cee1dd36a2ac164af8b7f9dcec3,,,,sensor_only,1,True,,performance,1333333,"0,1,2",,no-overlay idle reference (before any bitstream load),SOM-rail power (INA260),VCC_SOM,hwmon,/sys/class/hwmon/hwmon2 name=ina260_u14,"{""update_interval_ms"": ""not exposed""}",10.000,9.984,0.2793,0,0,sample_only,363.662177,99.210394,1790793233.544582,2026-09-30T18:33:53.544+00:00,3.410000,0.675000,5.046000,power1_input=3410000uW curr1_input=675mA in1_input=5046mV
2026-09-30T18:34:14+00:00,2d280c7862041cee1dd36a2ac164af8b7f9dcec3,False,2023.1,,ZynqMP KV260 revB machine-id:a435d1c5,,all,,hw,,,,kria,not read (sensor only),2d280c7862041cee1dd36a2ac164af8b7f9dcec3,,,,sensor_only,1,True,,performance,1333333,"0,1,2",,no-overlay idle reference (before any bitstream load),SOM-rail power (INA260),VCC_SOM,hwmon,/sys/class/hwmon/hwmon2 name=ina260_u14,"{""update_interval_ms"": ""not exposed""}",10.000,9.984,0.2793,0,0,sample_only,363.762180,99.310396,1790793233.644584,2026-09-30T18:33:53.644+00:00,3.410000,0.675000,5.047000,power1_input=3410000uW curr1_input=675mA in1_input=5047mV
2026-09-30T18:34:14+00:00,2d280c7862041cee1dd36a2ac164af8b7f9dcec3,False,2023.1,,ZynqMP KV260 revB machine-id:a435d1c5,,all,,hw,,,,kria,not read (sensor only),2d280c7862041cee1dd36a2ac164af8b7f9dcec3,,,,sensor_only,1,True,,performance,1333333,"0,1,2",,no-overlay idle reference (before any bitstream load),SOM-rail power (INA260),VCC_SOM,hwmon,/sys/class/hwmon/hwmon2 name=ina260_u14,"{""update_interval_ms"": ""not exposed""}",10.000,9.984,0.2793,0,0,sample_only,363.862148,99.410365,1790793233.744552,2026-09-30T18:33:53.744+00:00,3.360000,0.666000,5.046000,power1_input=3360000uW curr1_input=666mA in1_input=5046mV
2026-09-30T18:34:14+00:00,2d280c7862041cee1dd36a2ac164af8b7f9dcec3,False,2023.1,,ZynqMP KV260 revB machine-id:a435d1c5,,all,,hw,,,,kria,not read (sensor only),2d280c7862041cee1dd36a2ac164af8b7f9dcec3,,,,sensor_only,1,True,,performance,1333333,"0,1,2",,no-overlay idle reference (before any bitstream load),SOM-rail power (INA260),VCC_SOM,hwmon,/sys/class/hwmon/hwmon2 name=ina260_u14,"{""update_interval_ms"": ""not exposed""}",10.000,9.984,0.2793,0,0,sample_only,363.962148,99.510364,1790793233.844552,2026-09-30T18:33:53.844+00:00,3.230000,0.666000,5.046000,power1_input=3230000uW curr1_input=666mA in1_input=5046mV
2026-09-30T18:34:14+00:00,2d280c7862041cee1dd36a2ac164af8b7f9dcec3,False,2023.1,,ZynqMP KV260 revB machine-id:a435d1c5,,all,,hw,,,,kria,not read (sensor only),2d280c7862041cee1dd36a2ac164af8b7f9dcec3,,,,sensor_only,1,True,,performance,1333333,"0,1,2",,no-overlay idle reference (before any bitstream load),SOM-rail power (INA260),VCC_SOM,hwmon,/sys/class/hwmon/hwmon2 name=ina260_u14,"{""update_interval_ms"": ""not exposed""}",10.000,9.984,0.2793,0,0,sample_only,364.062164,99.610381,1790793233.944569,2026-09-30T18:33:53.944+00:00,3.310000,0.655000,5.046000,power1_input=3310000uW curr1_input=655mA in1_input=5046mV
2026-09-30T18:34:14+00:00,2d280c7862041cee1dd36a2ac164af8b7f9dcec3,False,2023.1,,ZynqMP KV260 revB machine-id:a435d1c5,,all,,hw,,,,kria,not read (sensor only),2d280c7862041cee1dd36a2ac164af8b7f9dcec3,,,,sensor_only,1,True,,performance,1333333,"0,1,2",,no-overlay idle reference (before any bitstream load),SOM-rail power (INA260),VCC_SOM,hwmon,/sys/class/hwmon/hwmon2 name=ina260_u14,"{""update_interval_ms"": ""not exposed""}",10.000,9.984,0.2793,0,0,sample_only,364.162194,99.710411,1790793234.044599,2026-09-30T18:33:54.044+00:00,3.260000,0.645000,5.047000,power1_input=3260000uW curr1_input=645mA in1_input=5047mV
2026-09-30T18:34:14+00:00,2d280c7862041cee1dd36a2ac164af8b7f9dcec3,False,2023.1,,ZynqMP KV260 revB machine-id:a435d1c5,,all,,hw,,,,kria,not read (sensor only),2d280c7862041cee1dd36a2ac164af8b7f9dcec3,,,,sensor_only,1,True,,performance,1333333,"0,1,2",,no-overlay idle reference (before any bitstream load),SOM-rail power (INA260),VCC_SOM,hwmon,/sys/class/hwmon/hwmon2 name=ina260_u14,"{""update_interval_ms"": ""not exposed""}",10.000,9.984,0.2793,0,0,sample_only,364.262151,99.810367,1790793234.144556,2026-09-30T18:33:54.144+00:00,3.230000,0.671000,5.046000,power1_input=3230000uW curr1_input=671mA in1_input=5046mV
2026-09-30T18:34:14+00:00,2d280c7862041cee1dd36a2ac164af8b7f9dcec3,False,2023.1,,ZynqMP KV260 revB machine-id:a435d1c5,,all,,hw,,,,kria,not read (sensor only),2d280c7862041cee1dd36a2ac164af8b7f9dcec3,,,,sensor_only,1,True,,performance,1333333,"0,1,2",,no-overlay idle reference (before any bitstream load),SOM-rail power (INA260),VCC_SOM,hwmon,/sys/class/hwmon/hwmon2 name=ina260_u14,"{""update_interval_ms"": ""not exposed""}",10.000,9.984,0.2793,0,0,sample_only,364.362193,99.910409,1790793234.244597,2026-09-30T18:33:54.244+00:00,3.320000,0.658000,5.046000,power1_input=3320000uW curr1_input=658mA in1_input=5046mV
2026-09-30T18:34:14+00:00,2d280c7862041cee1dd36a2ac164af8b7f9dcec3,False,2023.1,,ZynqMP KV260 revB machine-id:a435d1c5,,all,,hw,,,,kria,not read (sensor only),2d280c7862041cee1dd36a2ac164af8b7f9dcec3,,,,sensor_only,1,True,,performance,1333333,"0,1,2",,no-overlay idle reference (before any bitstream load),SOM-rail power (INA260),VCC_SOM,hwmon,/sys/class/hwmon/hwmon2 name=ina260_u14,"{""update_interval_ms"": ""not exposed""}",10.000,9.984,0.2793,0,0,sample_only,364.462152,100.010368,1790793234.344557,2026-09-30T18:33:54.344+00:00,3.250000,0.643000,5.047000,power1_input=3250000uW curr1_input=643mA in1_input=5047mV
2026-09-30T18:34:14+00:00,2d280c7862041cee1dd36a2ac164af8b7f9dcec3,False,2023.1,,ZynqMP KV260 revB machine-id:a435d1c5,,all,,hw,,,,kria,not read (sensor only),2d280c7862041cee1dd36a2ac164af8b7f9dcec3,,,,sensor_only,1,True,,performance,1333333,"0,1,2",,no-overlay idle reference (before any bitstream load),SOM-rail power (INA260),VCC_SOM,hwmon,/sys/class/hwmon/hwmon2 name=ina260_u14,"{""update_interval_ms"": ""not exposed""}",10.000,9.984,0.2793,0,0,sample_only,364.562183,100.110399,1790793234.444587,2026-09-30T18:33:54.444+00:00,3.460000,0.686000,5.047000,power1_input=3460000uW curr1_input=686mA in1_input=5047mV
2026-09-30T18:34:14+00:00,2d280c7862041cee1dd36a2ac164af8b7f9dcec3,False,2023.1,,ZynqMP KV260 revB machine-id:a435d1c5,,all,,hw,,,,kria,not read (sensor only),2d280c7862041cee1dd36a2ac164af8b7f9dcec3,,,,sensor_only,1,True,,performance,1333333,"0,1,2",,no-overlay idle reference (before any bitstream load),SOM-rail power (INA260),VCC_SOM,hwmon,/sys/class/hwmon/hwmon2 name=ina260_u14,"{""update_interval_ms"": ""not exposed""}",10.000,9.984,0.2793,0,0,sample_only,364.662154,100.210370,1790793234.544559,2026-09-30T18:33:54.544+00:00,3.280000,0.648000,5.046000,power1_input=3280000uW curr1_input=648mA in1_input=5046mV
2026-09-30T18:34:14+00:00,2d280c7862041cee1dd36a2ac164af8b7f9dcec3,False,2023.1,,ZynqMP KV260 revB machine-id:a435d1c5,,all,,hw,,,,kria,not read (sensor only),2d280c7862041cee1dd36a2ac164af8b7f9dcec3,,,,sensor_only,1,True,,performance,1333333,"0,1,2",,no-overlay idle reference (before any bitstream load),SOM-rail power (INA260),VCC_SOM,hwmon,/sys/class/hwmon/hwmon2 name=ina260_u14,"{""update_interval_ms"": ""not exposed""}",10.000,9.984,0.2793,0,0,sample_only,364.762195,100.310412,1790793234.644600,2026-09-30T18:33:54.644+00:00,3.270000,0.646000,5.047000,power1_input=3270000uW curr1_input=646mA in1_input=5047mV
2026-09-30T18:34:14+00:00,2d280c7862041cee1dd36a2ac164af8b7f9dcec3,False,2023.1,,ZynqMP KV260 revB machine-id:a435d1c5,,all,,hw,,,,kria,not read (sensor only),2d280c7862041cee1dd36a2ac164af8b7f9dcec3,,,,sensor_only,1,True,,performance,1333333,"0,1,2",,no-overlay idle reference (before any bitstream load),SOM-rail power (INA260),VCC_SOM,hwmon,/sys/class/hwmon/hwmon2 name=ina260_u14,"{""update_interval_ms"": ""not exposed""}",10.000,9.984,0.2793,0,0,sample_only,364.862160,100.410376,1790793234.744565,2026-09-30T18:33:54.744+00:00,3.320000,0.658000,5.047000,power1_input=3320000uW curr1_input=658mA in1_input=5047mV
2026-09-30T18:34:14+00:00,2d280c7862041cee1dd36a2ac164af8b7f9dcec3,False,2023.1,,ZynqMP KV260 revB machine-id:a435d1c5,,all,,hw,,,,kria,not read (sensor only),2d280c7862041cee1dd36a2ac164af8b7f9dcec3,,,,sensor_only,1,True,,performance,1333333,"0,1,2",,no-overlay idle reference (before any bitstream load),SOM-rail power (INA260),VCC_SOM,hwmon,/sys/class/hwmon/hwmon2 name=ina260_u14,"{""update_interval_ms"": ""not exposed""}",10.000,9.984,0.2793,0,0,sample_only,364.962146,100.510363,1790793234.844551,2026-09-30T18:33:54.844+00:00,3.360000,0.658000,5.047000,power1_input=3360000uW curr1_input=658mA in1_input=5047mV
2026-09-30T18:34:14+00:00,2d280c7862041cee1dd36a2ac164af8b7f9dcec3,False,2023.1,,ZynqMP KV260 revB machine-id:a435d1c5,,all,,hw,,,,kria,not read (sensor only),2d280c7862041cee1dd36a2ac164af8b7f9dcec3,,,,sensor_only,1,True,,performance,1333333,"0,1,2",,no-overlay idle reference (before any bitstream load),SOM-rail power (INA260),VCC_SOM,hwmon,/sys/class/hwmon/hwmon2 name=ina260_u14,"{""update_interval_ms"": ""not exposed""}",10.000,9.984,0.2793,0,0,sample_only,365.062150,100.610367,1790793234.944555,2026-09-30T18:33:54.944+00:00,3.330000,0.658000,5.047000,power1_input=3330000uW curr1_input=658mA in1_input=5047mV
2026-09-30T18:34:14+00:00,2d280c7862041cee1dd36a2ac164af8b7f9dcec3,False,2023.1,,ZynqMP KV260 revB machine-id:a435d1c5,,all,,hw,,,,kria,not read (sensor only),2d280c7862041cee1dd36a2ac164af8b7f9dcec3,,,,sensor_only,1,True,,performance,1333333,"0,1,2",,no-overlay idle reference (before any bitstream load),SOM-rail power (INA260),VCC_SOM,hwmon,/sys/class/hwmon/hwmon2 name=ina260_u14,"{""update_interval_ms"": ""not exposed""}",10.000,9.984,0.2793,0,0,sample_only,365.162183,100.710400,1790793235.044588,2026-09-30T18:33:55.044+00:00,3.480000,0.687000,5.046000,power1_input=3480000uW curr1_input=687mA in1_input=5046mV
2026-09-30T18:34:14+00:00,2d280c7862041cee1dd36a2ac164af8b7f9dcec3,False,2023.1,,ZynqMP KV260 revB machine-id:a435d1c5,,all,,hw,,,,kria,not read (sensor only),2d280c7862041cee1dd36a2ac164af8b7f9dcec3,,,,sensor_only,1,True,,performance,1333333,"0,1,2",,no-overlay idle reference (before any bitstream load),SOM-rail power (INA260),VCC_SOM,hwmon,/sys/class/hwmon/hwmon2 name=ina260_u14,"{""update_interval_ms"": ""not exposed""}",10.000,9.984,0.2793,0,0,sample_only,365.262154,100.810371,1790793235.144559,2026-09-30T18:33:55.144+00:00,3.490000,0.691000,5.046000,power1_input=3490000uW curr1_input=691mA in1_input=5046mV
2026-09-30T18:34:14+00:00,2d280c7862041cee1dd36a2ac164af8b7f9dcec3,False,2023.1,,ZynqMP KV260 revB machine-id:a435d1c5,,all,,hw,,,,kria,not read (sensor only),2d280c7862041cee1dd36a2ac164af8b7f9dcec3,,,,sensor_only,1,True,,performance,1333333,"0,1,2",,no-overlay idle reference (before any bitstream load),SOM-rail power (INA260),VCC_SOM,hwmon,/sys/class/hwmon/hwmon2 name=ina260_u14,"{""update_interval_ms"": ""not exposed""}",10.000,9.984,0.2793,0,0,sample_only,365.362120,100.910336,1790793235.244524,2026-09-30T18:33:55.244+00:00,3.220000,0.638000,5.047000,power1_input=3220000uW curr1_input=638mA in1_input=5047mV
2026-09-30T18:34:14+00:00,2d280c7862041cee1dd36a2ac164af8b7f9dcec3,False,2023.1,,ZynqMP KV260 revB machine-id:a435d1c5,,all,,hw,,,,kria,not read (sensor only),2d280c7862041cee1dd36a2ac164af8b7f9dcec3,,,,sensor_only,1,True,,performance,1333333,"0,1,2",,no-overlay idle reference (before any bitstream load),SOM-rail power (INA260),VCC_SOM,hwmon,/sys/class/hwmon/hwmon2 name=ina260_u14,"{""update_interval_ms"": ""not exposed""}",10.000,9.984,0.2793,0,0,sample_only,365.462085,101.010302,1790793235.344489,2026-09-30T18:33:55.344+00:00,3.230000,0.640000,5.047000,power1_input=3230000uW curr1_input=640mA in1_input=5047mV
2026-09-30T18:34:14+00:00,2d280c7862041cee1dd36a2ac164af8b7f9dcec3,False,2023.1,,ZynqMP KV260 revB machine-id:a435d1c5,,all,,hw,,,,kria,not read (sensor only),2d280c7862041cee1dd36a2ac164af8b7f9dcec3,,,,sensor_only,1,True,,performance,1333333,"0,1,2",,no-overlay idle reference (before any bitstream load),SOM-rail power (INA260),VCC_SOM,hwmon,/sys/class/hwmon/hwmon2 name=ina260_u14,"{""update_interval_ms"": ""not exposed""}",10.000,9.984,0.2793,0,0,sample_only,365.562071,101.110287,1790793235.444474,2026-09-30T18:33:55.444+00:00,3.210000,0.636000,5.047000,power1_input=3210000uW curr1_input=636mA in1_input=5047mV
2026-09-30T18:34:14+00:00,2d280c7862041cee1dd36a2ac164af8b7f9dcec3,False,2023.1,,ZynqMP KV260 revB machine-id:a435d1c5,,all,,hw,,,,kria,not read (sensor only),2d280c7862041cee1dd36a2ac164af8b7f9dcec3,,,,sensor_only,1,True,,performance,1333333,"0,1,2",,no-overlay idle reference (before any bitstream load),SOM-rail power (INA260),VCC_SOM,hwmon,/sys/class/hwmon/hwmon2 name=ina260_u14,"{""update_interval_ms"": ""not exposed""}",10.000,9.984,0.2793,0,0,sample_only,365.662158,101.210374,1790793235.544563,2026-09-30T18:33:55.544+00:00,3.410000,0.683000,5.046000,power1_input=3410000uW curr1_input=683mA in1_input=5046mV
2026-09-30T18:34:14+00:00,2d280c7862041cee1dd36a2ac164af8b7f9dcec3,False,2023.1,,ZynqMP KV260 revB machine-id:a435d1c5,,all,,hw,,,,kria,not read (sensor only),2d280c7862041cee1dd36a2ac164af8b7f9dcec3,,,,sensor_only,1,True,,performance,1333333,"0,1,2",,no-overlay idle reference (before any bitstream load),SOM-rail power (INA260),VCC_SOM,hwmon,/sys/class/hwmon/hwmon2 name=ina260_u14,"{""update_interval_ms"": ""not exposed""}",10.000,9.984,0.2793,0,0,sample_only,365.762187,101.310404,1790793235.644592,2026-09-30T18:33:55.644+00:00,3.450000,0.685000,5.046000,power1_input=3450000uW curr1_input=685mA in1_input=5046mV
2026-09-30T18:34:14+00:00,2d280c7862041cee1dd36a2ac164af8b7f9dcec3,False,2023.1,,ZynqMP KV260 revB machine-id:a435d1c5,,all,,hw,,,,kria,not read (sensor only),2d280c7862041cee1dd36a2ac164af8b7f9dcec3,,,,sensor_only,1,True,,performance,1333333,"0,1,2",,no-overlay idle reference (before any bitstream load),SOM-rail power (INA260),VCC_SOM,hwmon,/sys/class/hwmon/hwmon2 name=ina260_u14,"{""update_interval_ms"": ""not exposed""}",10.000,9.984,0.2793,0,0,sample_only,365.862221,101.410437,1790793235.744625,2026-09-30T18:33:55.744+00:00,3.250000,0.643000,5.047000,power1_input=3250000uW curr1_input=643mA in1_input=5047mV
2026-09-30T18:34:14+00:00,2d280c7862041cee1dd36a2ac164af8b7f9dcec3,False,2023.1,,ZynqMP KV260 revB machine-id:a435d1c5,,all,,hw,,,,kria,not read (sensor only),2d280c7862041cee1dd36a2ac164af8b7f9dcec3,,,,sensor_only,1,True,,performance,1333333,"0,1,2",,no-overlay idle reference (before any bitstream load),SOM-rail power (INA260),VCC_SOM,hwmon,/sys/class/hwmon/hwmon2 name=ina260_u14,"{""update_interval_ms"": ""not exposed""}",10.000,9.984,0.2793,0,0,sample_only,365.962077,101.510293,1790793235.844481,2026-09-30T18:33:55.844+00:00,3.250000,0.647000,5.047000,power1_input=3250000uW curr1_input=647mA in1_input=5047mV
2026-09-30T18:34:14+00:00,2d280c7862041cee1dd36a2ac164af8b7f9dcec3,False,2023.1,,ZynqMP KV260 revB machine-id:a435d1c5,,all,,hw,,,,kria,not read (sensor only),2d280c7862041cee1dd36a2ac164af8b7f9dcec3,,,,sensor_only,1,True,,performance,1333333,"0,1,2",,no-overlay idle reference (before any bitstream load),SOM-rail power (INA260),VCC_SOM,hwmon,/sys/class/hwmon/hwmon2 name=ina260_u14,"{""update_interval_ms"": ""not exposed""}",10.000,9.984,0.2793,0,0,sample_only,366.062075,101.610291,1790793235.944479,2026-09-30T18:33:55.944+00:00,3.240000,0.642000,5.047000,power1_input=3240000uW curr1_input=642mA in1_input=5047mV
2026-09-30T18:34:14+00:00,2d280c7862041cee1dd36a2ac164af8b7f9dcec3,False,2023.1,,ZynqMP KV260 revB machine-id:a435d1c5,,all,,hw,,,,kria,not read (sensor only),2d280c7862041cee1dd36a2ac164af8b7f9dcec3,,,,sensor_only,1,True,,performance,1333333,"0,1,2",,no-overlay idle reference (before any bitstream load),SOM-rail power (INA260),VCC_SOM,hwmon,/sys/class/hwmon/hwmon2 name=ina260_u14,"{""update_interval_ms"": ""not exposed""}",10.000,9.984,0.2793,0,0,sample_only,366.162141,101.710358,1790793236.044546,2026-09-30T18:33:56.044+00:00,3.490000,0.691000,5.046000,power1_input=3490000uW curr1_input=691mA in1_input=5046mV
2026-09-30T18:34:14+00:00,2d280c7862041cee1dd36a2ac164af8b7f9dcec3,False,2023.1,,ZynqMP KV260 revB machine-id:a435d1c5,,all,,hw,,,,kria,not read (sensor only),2d280c7862041cee1dd36a2ac164af8b7f9dcec3,,,,sensor_only,1,True,,performance,1333333,"0,1,2",,no-overlay idle reference (before any bitstream load),SOM-rail power (INA260),VCC_SOM,hwmon,/sys/class/hwmon/hwmon2 name=ina260_u14,"{""update_interval_ms"": ""not exposed""}",10.000,9.984,0.2793,0,0,sample_only,366.262141,101.810357,1790793236.144545,2026-09-30T18:33:56.144+00:00,3.220000,0.637000,5.047000,power1_input=3220000uW curr1_input=637mA in1_input=5047mV
2026-09-30T18:34:14+00:00,2d280c7862041cee1dd36a2ac164af8b7f9dcec3,False,2023.1,,ZynqMP KV260 revB machine-id:a435d1c5,,all,,hw,,,,kria,not read (sensor only),2d280c7862041cee1dd36a2ac164af8b7f9dcec3,,,,sensor_only,1,True,,performance,1333333,"0,1,2",,no-overlay idle reference (before any bitstream load),SOM-rail power (INA260),VCC_SOM,hwmon,/sys/class/hwmon/hwmon2 name=ina260_u14,"{""update_interval_ms"": ""not exposed""}",10.000,9.984,0.2793,0,0,sample_only,366.362137,101.910354,1790793236.244542,2026-09-30T18:33:56.244+00:00,3.250000,0.643000,5.047000,power1_input=3250000uW curr1_input=643mA in1_input=5047mV
2026-09-30T18:34:14+00:00,2d280c7862041cee1dd36a2ac164af8b7f9dcec3,False,2023.1,,ZynqMP KV260 revB machine-id:a435d1c5,,all,,hw,,,,kria,not read (sensor only),2d280c7862041cee1dd36a2ac164af8b7f9dcec3,,,,sensor_only,1,True,,performance,1333333,"0,1,2",,no-overlay idle reference (before any bitstream load),SOM-rail power (INA260),VCC_SOM,hwmon,/sys/class/hwmon/hwmon2 name=ina260_u14,"{""update_interval_ms"": ""not exposed""}",10.000,9.984,0.2793,0,0,sample_only,366.462148,102.010364,1790793236.344553,2026-09-30T18:33:56.344+00:00,3.460000,0.685000,5.047000,power1_input=3460000uW curr1_input=685mA in1_input=5047mV
2026-09-30T18:34:14+00:00,2d280c7862041cee1dd36a2ac164af8b7f9dcec3,False,2023.1,,ZynqMP KV260 revB machine-id:a435d1c5,,all,,hw,,,,kria,not read (sensor only),2d280c7862041cee1dd36a2ac164af8b7f9dcec3,,,,sensor_only,1,True,,performance,1333333,"0,1,2",,no-overlay idle reference (before any bitstream load),SOM-rail power (INA260),VCC_SOM,hwmon,/sys/class/hwmon/hwmon2 name=ina260_u14,"{""update_interval_ms"": ""not exposed""}",10.000,9.984,0.2793,0,0,sample_only,366.562154,102.110370,1790793236.444558,2026-09-30T18:33:56.444+00:00,3.440000,0.681000,5.047000,power1_input=3440000uW curr1_input=681mA in1_input=5047mV
2026-09-30T18:34:14+00:00,2d280c7862041cee1dd36a2ac164af8b7f9dcec3,False,2023.1,,ZynqMP KV260 revB machine-id:a435d1c5,,all,,hw,,,,kria,not read (sensor only),2d280c7862041cee1dd36a2ac164af8b7f9dcec3,,,,sensor_only,1,True,,performance,1333333,"0,1,2",,no-overlay idle reference (before any bitstream load),SOM-rail power (INA260),VCC_SOM,hwmon,/sys/class/hwmon/hwmon2 name=ina260_u14,"{""update_interval_ms"": ""not exposed""}",10.000,9.984,0.2793,0,0,sample_only,366.662168,102.210384,1790793236.544572,2026-09-30T18:33:56.544+00:00,3.200000,0.635000,5.046000,power1_input=3200000uW curr1_input=635mA in1_input=5046mV
2026-09-30T18:34:14+00:00,2d280c7862041cee1dd36a2ac164af8b7f9dcec3,False,2023.1,,ZynqMP KV260 revB machine-id:a435d1c5,,all,,hw,,,,kria,not read (sensor only),2d280c7862041cee1dd36a2ac164af8b7f9dcec3,,,,sensor_only,1,True,,performance,1333333,"0,1,2",,no-overlay idle reference (before any bitstream load),SOM-rail power (INA260),VCC_SOM,hwmon,/sys/class/hwmon/hwmon2 name=ina260_u14,"{""update_interval_ms"": ""not exposed""}",10.000,9.984,0.2793,0,0,sample_only,366.762144,102.310361,1790793236.644549,2026-09-30T18:33:56.644+00:00,3.230000,0.641000,5.047000,power1_input=3230000uW curr1_input=641mA in1_input=5047mV
2026-09-30T18:34:14+00:00,2d280c7862041cee1dd36a2ac164af8b7f9dcec3,False,2023.1,,ZynqMP KV260 revB machine-id:a435d1c5,,all,,hw,,,,kria,not read (sensor only),2d280c7862041cee1dd36a2ac164af8b7f9dcec3,,,,sensor_only,1,True,,performance,1333333,"0,1,2",,no-overlay idle reference (before any bitstream load),SOM-rail power (INA260),VCC_SOM,hwmon,/sys/class/hwmon/hwmon2 name=ina260_u14,"{""update_interval_ms"": ""not exposed""}",10.000,9.984,0.2793,0,0,sample_only,366.862168,102.410384,1790793236.744572,2026-09-30T18:33:56.744+00:00,3.360000,0.665000,5.047000,power1_input=3360000uW curr1_input=665mA in1_input=5047mV
2026-09-30T18:34:14+00:00,2d280c7862041cee1dd36a2ac164af8b7f9dcec3,False,2023.1,,ZynqMP KV260 revB machine-id:a435d1c5,,all,,hw,,,,kria,not read (sensor only),2d280c7862041cee1dd36a2ac164af8b7f9dcec3,,,,sensor_only,1,True,,performance,1333333,"0,1,2",,no-overlay idle reference (before any bitstream load),SOM-rail power (INA260),VCC_SOM,hwmon,/sys/class/hwmon/hwmon2 name=ina260_u14,"{""update_interval_ms"": ""not exposed""}",10.000,9.984,0.2793,0,0,sample_only,366.962150,102.510366,1790793236.844554,2026-09-30T18:33:56.844+00:00,3.310000,0.662000,5.046000,power1_input=3310000uW curr1_input=662mA in1_input=5046mV
2026-09-30T18:34:14+00:00,2d280c7862041cee1dd36a2ac164af8b7f9dcec3,False,2023.1,,ZynqMP KV260 revB machine-id:a435d1c5,,all,,hw,,,,kria,not read (sensor only),2d280c7862041cee1dd36a2ac164af8b7f9dcec3,,,,sensor_only,1,True,,performance,1333333,"0,1,2",,no-overlay idle reference (before any bitstream load),SOM-rail power (INA260),VCC_SOM,hwmon,/sys/class/hwmon/hwmon2 name=ina260_u14,"{""update_interval_ms"": ""not exposed""}",10.000,9.984,0.2793,0,0,sample_only,367.062142,102.610359,1790793236.944547,2026-09-30T18:33:56.944+00:00,3.310000,0.656000,5.046000,power1_input=3310000uW curr1_input=656mA in1_input=5046mV
2026-09-30T18:34:14+00:00,2d280c7862041cee1dd36a2ac164af8b7f9dcec3,False,2023.1,,ZynqMP KV260 revB machine-id:a435d1c5,,all,,hw,,,,kria,not read (sensor only),2d280c7862041cee1dd36a2ac164af8b7f9dcec3,,,,sensor_only,1,True,,performance,1333333,"0,1,2",,no-overlay idle reference (before any bitstream load),SOM-rail power (INA260),VCC_SOM,hwmon,/sys/class/hwmon/hwmon2 name=ina260_u14,"{""update_interval_ms"": ""not exposed""}",10.000,9.984,0.2793,0,0,sample_only,367.162144,102.710361,1790793237.044549,2026-09-30T18:33:57.044+00:00,3.360000,0.665000,5.047000,power1_input=3360000uW curr1_input=665mA in1_input=5047mV
2026-09-30T18:34:14+00:00,2d280c7862041cee1dd36a2ac164af8b7f9dcec3,False,2023.1,,ZynqMP KV260 revB machine-id:a435d1c5,,all,,hw,,,,kria,not read (sensor only),2d280c7862041cee1dd36a2ac164af8b7f9dcec3,,,,sensor_only,1,True,,performance,1333333,"0,1,2",,no-overlay idle reference (before any bitstream load),SOM-rail power (INA260),VCC_SOM,hwmon,/sys/class/hwmon/hwmon2 name=ina260_u14,"{""update_interval_ms"": ""not exposed""}",10.000,9.984,0.2793,0,0,sample_only,367.262163,102.810379,1790793237.144567,2026-09-30T18:33:57.144+00:00,3.380000,0.668000,5.047000,power1_input=3380000uW curr1_input=668mA in1_input=5047mV
2026-09-30T18:34:14+00:00,2d280c7862041cee1dd36a2ac164af8b7f9dcec3,False,2023.1,,ZynqMP KV260 revB machine-id:a435d1c5,,all,,hw,,,,kria,not read (sensor only),2d280c7862041cee1dd36a2ac164af8b7f9dcec3,,,,sensor_only,1,True,,performance,1333333,"0,1,2",,no-overlay idle reference (before any bitstream load),SOM-rail power (INA260),VCC_SOM,hwmon,/sys/class/hwmon/hwmon2 name=ina260_u14,"{""update_interval_ms"": ""not exposed""}",10.000,9.984,0.2793,0,0,sample_only,367.362168,102.910384,1790793237.244572,2026-09-30T18:33:57.244+00:00,3.260000,0.646000,5.047000,power1_input=3260000uW curr1_input=646mA in1_input=5047mV
2026-09-30T18:34:14+00:00,2d280c7862041cee1dd36a2ac164af8b7f9dcec3,False,2023.1,,ZynqMP KV260 revB machine-id:a435d1c5,,all,,hw,,,,kria,not read (sensor only),2d280c7862041cee1dd36a2ac164af8b7f9dcec3,,,,sensor_only,1,True,,performance,1333333,"0,1,2",,no-overlay idle reference (before any bitstream load),SOM-rail power (INA260),VCC_SOM,hwmon,/sys/class/hwmon/hwmon2 name=ina260_u14,"{""update_interval_ms"": ""not exposed""}",10.000,9.984,0.2793,0,0,sample_only,367.462152,103.010369,1790793237.344557,2026-09-30T18:33:57.344+00:00,3.470000,0.686000,5.047000,power1_input=3470000uW curr1_input=686mA in1_input=5047mV
2026-09-30T18:34:14+00:00,2d280c7862041cee1dd36a2ac164af8b7f9dcec3,False,2023.1,,ZynqMP KV260 revB machine-id:a435d1c5,,all,,hw,,,,kria,not read (sensor only),2d280c7862041cee1dd36a2ac164af8b7f9dcec3,,,,sensor_only,1,True,,performance,1333333,"0,1,2",,no-overlay idle reference (before any bitstream load),SOM-rail power (INA260),VCC_SOM,hwmon,/sys/class/hwmon/hwmon2 name=ina260_u14,"{""update_interval_ms"": ""not exposed""}",10.000,9.984,0.2793,0,0,sample_only,367.562198,103.110414,1790793237.444603,2026-09-30T18:33:57.444+00:00,3.410000,0.675000,5.047000,power1_input=3410000uW curr1_input=675mA in1_input=5047mV
2026-09-30T18:34:14+00:00,2d280c7862041cee1dd36a2ac164af8b7f9dcec3,False,2023.1,,ZynqMP KV260 revB machine-id:a435d1c5,,all,,hw,,,,kria,not read (sensor only),2d280c7862041cee1dd36a2ac164af8b7f9dcec3,,,,sensor_only,1,True,,performance,1333333,"0,1,2",,no-overlay idle reference (before any bitstream load),SOM-rail power (INA260),VCC_SOM,hwmon,/sys/class/hwmon/hwmon2 name=ina260_u14,"{""update_interval_ms"": ""not exposed""}",10.000,9.984,0.2793,0,0,sample_only,367.662142,103.210358,1790793237.544546,2026-09-30T18:33:57.544+00:00,3.350000,0.643000,5.047000,power1_input=3350000uW curr1_input=643mA in1_input=5047mV
2026-09-30T18:34:14+00:00,2d280c7862041cee1dd36a2ac164af8b7f9dcec3,False,2023.1,,ZynqMP KV260 revB machine-id:a435d1c5,,all,,hw,,,,kria,not read (sensor only),2d280c7862041cee1dd36a2ac164af8b7f9dcec3,,,,sensor_only,1,True,,performance,1333333,"0,1,2",,no-overlay idle reference (before any bitstream load),SOM-rail power (INA260),VCC_SOM,hwmon,/sys/class/hwmon/hwmon2 name=ina260_u14,"{""update_interval_ms"": ""not exposed""}",10.000,9.984,0.2793,0,0,sample_only,367.762144,103.310361,1790793237.644548,2026-09-30T18:33:57.644+00:00,3.200000,0.635000,5.047000,power1_input=3200000uW curr1_input=635mA in1_input=5047mV
2026-09-30T18:34:14+00:00,2d280c7862041cee1dd36a2ac164af8b7f9dcec3,False,2023.1,,ZynqMP KV260 revB machine-id:a435d1c5,,all,,hw,,,,kria,not read (sensor only),2d280c7862041cee1dd36a2ac164af8b7f9dcec3,,,,sensor_only,1,True,,performance,1333333,"0,1,2",,no-overlay idle reference (before any bitstream load),SOM-rail power (INA260),VCC_SOM,hwmon,/sys/class/hwmon/hwmon2 name=ina260_u14,"{""update_interval_ms"": ""not exposed""}",10.000,9.984,0.2793,0,0,sample_only,367.862138,103.410354,1790793237.744542,2026-09-30T18:33:57.744+00:00,3.220000,0.637000,5.047000,power1_input=3220000uW curr1_input=637mA in1_input=5047mV
2026-09-30T18:34:14+00:00,2d280c7862041cee1dd36a2ac164af8b7f9dcec3,False,2023.1,,ZynqMP KV260 revB machine-id:a435d1c5,,all,,hw,,,,kria,not read (sensor only),2d280c7862041cee1dd36a2ac164af8b7f9dcec3,,,,sensor_only,1,True,,performance,1333333,"0,1,2",,no-overlay idle reference (before any bitstream load),SOM-rail power (INA260),VCC_SOM,hwmon,/sys/class/hwmon/hwmon2 name=ina260_u14,"{""update_interval_ms"": ""not exposed""}",10.000,9.984,0.2793,0,0,sample_only,367.962141,103.510358,1790793237.844546,2026-09-30T18:33:57.844+00:00,3.350000,0.663000,5.047000,power1_input=3350000uW curr1_input=663mA in1_input=5047mV
2026-09-30T18:34:14+00:00,2d280c7862041cee1dd36a2ac164af8b7f9dcec3,False,2023.1,,ZynqMP KV260 revB machine-id:a435d1c5,,all,,hw,,,,kria,not read (sensor only),2d280c7862041cee1dd36a2ac164af8b7f9dcec3,,,,sensor_only,1,True,,performance,1333333,"0,1,2",,no-overlay idle reference (before any bitstream load),SOM-rail power (INA260),VCC_SOM,hwmon,/sys/class/hwmon/hwmon2 name=ina260_u14,"{""update_interval_ms"": ""not exposed""}",10.000,9.984,0.2793,0,0,sample_only,368.062136,103.610352,1790793237.944540,2026-09-30T18:33:57.944+00:00,3.370000,0.667000,5.047000,power1_input=3370000uW curr1_input=667mA in1_input=5047mV
2026-09-30T18:34:14+00:00,2d280c7862041cee1dd36a2ac164af8b7f9dcec3,False,2023.1,,ZynqMP KV260 revB machine-id:a435d1c5,,all,,hw,,,,kria,not read (sensor only),2d280c7862041cee1dd36a2ac164af8b7f9dcec3,,,,sensor_only,1,True,,performance,1333333,"0,1,2",,no-overlay idle reference (before any bitstream load),SOM-rail power (INA260),VCC_SOM,hwmon,/sys/class/hwmon/hwmon2 name=ina260_u14,"{""update_interval_ms"": ""not exposed""}",10.000,9.984,0.2793,0,0,sample_only,368.162139,103.710355,1790793238.044543,2026-09-30T18:33:58.044+00:00,3.220000,0.637000,5.047000,power1_input=3220000uW curr1_input=637mA in1_input=5047mV
2026-09-30T18:34:14+00:00,2d280c7862041cee1dd36a2ac164af8b7f9dcec3,False,2023.1,,ZynqMP KV260 revB machine-id:a435d1c5,,all,,hw,,,,kria,not read (sensor only),2d280c7862041cee1dd36a2ac164af8b7f9dcec3,,,,sensor_only,1,True,,performance,1333333,"0,1,2",,no-overlay idle reference (before any bitstream load),SOM-rail power (INA260),VCC_SOM,hwmon,/sys/class/hwmon/hwmon2 name=ina260_u14,"{""update_interval_ms"": ""not exposed""}",10.000,9.984,0.2793,0,0,sample_only,368.262137,103.810353,1790793238.144541,2026-09-30T18:33:58.144+00:00,3.230000,0.640000,5.047000,power1_input=3230000uW curr1_input=640mA in1_input=5047mV
2026-09-30T18:34:14+00:00,2d280c7862041cee1dd36a2ac164af8b7f9dcec3,False,2023.1,,ZynqMP KV260 revB machine-id:a435d1c5,,all,,hw,,,,kria,not read (sensor only),2d280c7862041cee1dd36a2ac164af8b7f9dcec3,,,,sensor_only,1,True,,performance,1333333,"0,1,2",,no-overlay idle reference (before any bitstream load),SOM-rail power (INA260),VCC_SOM,hwmon,/sys/class/hwmon/hwmon2 name=ina260_u14,"{""update_interval_ms"": ""not exposed""}",10.000,9.984,0.2793,0,0,sample_only,368.362148,103.910364,1790793238.244552,2026-09-30T18:33:58.244+00:00,3.310000,0.706000,5.046000,power1_input=3310000uW curr1_input=706mA in1_input=5046mV
2026-09-30T18:34:14+00:00,2d280c7862041cee1dd36a2ac164af8b7f9dcec3,False,2023.1,,ZynqMP KV260 revB machine-id:a435d1c5,,all,,hw,,,,kria,not read (sensor only),2d280c7862041cee1dd36a2ac164af8b7f9dcec3,,,,sensor_only,1,True,,performance,1333333,"0,1,2",,no-overlay idle reference (before any bitstream load),SOM-rail power (INA260),VCC_SOM,hwmon,/sys/class/hwmon/hwmon2 name=ina260_u14,"{""update_interval_ms"": ""not exposed""}",10.000,9.984,0.2793,0,0,sample_only,368.462149,104.010365,1790793238.344554,2026-09-30T18:33:58.344+00:00,3.430000,0.680000,5.047000,power1_input=3430000uW curr1_input=680mA in1_input=5047mV
2026-09-30T18:34:14+00:00,2d280c7862041cee1dd36a2ac164af8b7f9dcec3,False,2023.1,,ZynqMP KV260 revB machine-id:a435d1c5,,all,,hw,,,,kria,not read (sensor only),2d280c7862041cee1dd36a2ac164af8b7f9dcec3,,,,sensor_only,1,True,,performance,1333333,"0,1,2",,no-overlay idle reference (before any bitstream load),SOM-rail power (INA260),VCC_SOM,hwmon,/sys/class/hwmon/hwmon2 name=ina260_u14,"{""update_interval_ms"": ""not exposed""}",10.000,9.984,0.2793,0,0,sample_only,368.562157,104.110373,1790793238.444561,2026-09-30T18:33:58.444+00:00,3.240000,0.642000,5.047000,power1_input=3240000uW curr1_input=642mA in1_input=5047mV
2026-09-30T18:34:14+00:00,2d280c7862041cee1dd36a2ac164af8b7f9dcec3,False,2023.1,,ZynqMP KV260 revB machine-id:a435d1c5,,all,,hw,,,,kria,not read (sensor only),2d280c7862041cee1dd36a2ac164af8b7f9dcec3,,,,sensor_only,1,True,,performance,1333333,"0,1,2",,no-overlay idle reference (before any bitstream load),SOM-rail power (INA260),VCC_SOM,hwmon,/sys/class/hwmon/hwmon2 name=ina260_u14,"{""update_interval_ms"": ""not exposed""}",10.000,9.984,0.2793,0,0,sample_only,368.662180,104.210396,1790793238.544584,2026-09-30T18:33:58.544+00:00,3.220000,0.647000,5.047000,power1_input=3220000uW curr1_input=647mA in1_input=5047mV
2026-09-30T18:34:14+00:00,2d280c7862041cee1dd36a2ac164af8b7f9dcec3,False,2023.1,,ZynqMP KV260 revB machine-id:a435d1c5,,all,,hw,,,,kria,not read (sensor only),2d280c7862041cee1dd36a2ac164af8b7f9dcec3,,,,sensor_only,1,True,,performance,1333333,"0,1,2",,no-overlay idle reference (before any bitstream load),SOM-rail power (INA260),VCC_SOM,hwmon,/sys/class/hwmon/hwmon2 name=ina260_u14,"{""update_interval_ms"": ""not exposed""}",10.000,9.984,0.2793,0,0,sample_only,368.762142,104.310358,1790793238.644546,2026-09-30T18:33:58.644+00:00,3.210000,0.636000,5.047000,power1_input=3210000uW curr1_input=636mA in1_input=5047mV
2026-09-30T18:34:14+00:00,2d280c7862041cee1dd36a2ac164af8b7f9dcec3,False,2023.1,,ZynqMP KV260 revB machine-id:a435d1c5,,all,,hw,,,,kria,not read (sensor only),2d280c7862041cee1dd36a2ac164af8b7f9dcec3,,,,sensor_only,1,True,,performance,1333333,"0,1,2",,no-overlay idle reference (before any bitstream load),SOM-rail power (INA260),VCC_SOM,hwmon,/sys/class/hwmon/hwmon2 name=ina260_u14,"{""update_interval_ms"": ""not exposed""}",10.000,9.984,0.2793,0,0,sample_only,368.862136,104.410352,1790793238.744540,2026-09-30T18:33:58.744+00:00,3.300000,0.653000,5.047000,power1_input=3300000uW curr1_input=653mA in1_input=5047mV
2026-09-30T18:34:14+00:00,2d280c7862041cee1dd36a2ac164af8b7f9dcec3,False,2023.1,,ZynqMP KV260 revB machine-id:a435d1c5,,all,,hw,,,,kria,not read (sensor only),2d280c7862041cee1dd36a2ac164af8b7f9dcec3,,,,sensor_only,1,True,,performance,1333333,"0,1,2",,no-overlay idle reference (before any bitstream load),SOM-rail power (INA260),VCC_SOM,hwmon,/sys/class/hwmon/hwmon2 name=ina260_u14,"{""update_interval_ms"": ""not exposed""}",10.000,9.984,0.2793,0,0,sample_only,368.962142,104.510358,1790793238.844546,2026-09-30T18:33:58.844+00:00,3.230000,0.638000,5.047000,power1_input=3230000uW curr1_input=638mA in1_input=5047mV
2026-09-30T18:34:14+00:00,2d280c7862041cee1dd36a2ac164af8b7f9dcec3,False,2023.1,,ZynqMP KV260 revB machine-id:a435d1c5,,all,,hw,,,,kria,not read (sensor only),2d280c7862041cee1dd36a2ac164af8b7f9dcec3,,,,sensor_only,1,True,,performance,1333333,"0,1,2",,no-overlay idle reference (before any bitstream load),SOM-rail power (INA260),VCC_SOM,hwmon,/sys/class/hwmon/hwmon2 name=ina260_u14,"{""update_interval_ms"": ""not exposed""}",10.000,9.984,0.2793,0,0,sample_only,369.062145,104.610362,1790793238.944550,2026-09-30T18:33:58.944+00:00,3.230000,0.638000,5.047000,power1_input=3230000uW curr1_input=638mA in1_input=5047mV
2026-09-30T18:34:14+00:00,2d280c7862041cee1dd36a2ac164af8b7f9dcec3,False,2023.1,,ZynqMP KV260 revB machine-id:a435d1c5,,all,,hw,,,,kria,not read (sensor only),2d280c7862041cee1dd36a2ac164af8b7f9dcec3,,,,sensor_only,1,True,,performance,1333333,"0,1,2",,no-overlay idle reference (before any bitstream load),SOM-rail power (INA260),VCC_SOM,hwmon,/sys/class/hwmon/hwmon2 name=ina260_u14,"{""update_interval_ms"": ""not exposed""}",10.000,9.984,0.2793,0,0,sample_only,369.162117,104.710333,1790793239.044522,2026-09-30T18:33:59.044+00:00,3.220000,0.637000,5.047000,power1_input=3220000uW curr1_input=637mA in1_input=5047mV
2026-09-30T18:34:14+00:00,2d280c7862041cee1dd36a2ac164af8b7f9dcec3,False,2023.1,,ZynqMP KV260 revB machine-id:a435d1c5,,all,,hw,,,,kria,not read (sensor only),2d280c7862041cee1dd36a2ac164af8b7f9dcec3,,,,sensor_only,1,True,,performance,1333333,"0,1,2",,no-overlay idle reference (before any bitstream load),SOM-rail power (INA260),VCC_SOM,hwmon,/sys/class/hwmon/hwmon2 name=ina260_u14,"{""update_interval_ms"": ""not exposed""}",10.000,9.984,0.2793,0,0,sample_only,369.262076,104.810292,1790793239.144480,2026-09-30T18:33:59.144+00:00,3.210000,0.636000,5.047000,power1_input=3210000uW curr1_input=636mA in1_input=5047mV
2026-09-30T18:34:14+00:00,2d280c7862041cee1dd36a2ac164af8b7f9dcec3,False,2023.1,,ZynqMP KV260 revB machine-id:a435d1c5,,all,,hw,,,,kria,not read (sensor only),2d280c7862041cee1dd36a2ac164af8b7f9dcec3,,,,sensor_only,1,True,,performance,1333333,"0,1,2",,no-overlay idle reference (before any bitstream load),SOM-rail power (INA260),VCC_SOM,hwmon,/sys/class/hwmon/hwmon2 name=ina260_u14,"{""update_interval_ms"": ""not exposed""}",10.000,9.984,0.2793,0,0,sample_only,369.362166,104.910382,1790793239.244570,2026-09-30T18:33:59.244+00:00,3.250000,0.676000,5.046000,power1_input=3250000uW curr1_input=676mA in1_input=5046mV
2026-09-30T18:34:14+00:00,2d280c7862041cee1dd36a2ac164af8b7f9dcec3,False,2023.1,,ZynqMP KV260 revB machine-id:a435d1c5,,all,,hw,,,,kria,not read (sensor only),2d280c7862041cee1dd36a2ac164af8b7f9dcec3,,,,sensor_only,1,True,,performance,1333333,"0,1,2",,no-overlay idle reference (before any bitstream load),SOM-rail power (INA260),VCC_SOM,hwmon,/sys/class/hwmon/hwmon2 name=ina260_u14,"{""update_interval_ms"": ""not exposed""}",10.000,9.984,0.2793,0,0,sample_only,369.462164,105.010381,1790793239.344568,2026-09-30T18:33:59.344+00:00,3.240000,0.641000,5.047000,power1_input=3240000uW curr1_input=641mA in1_input=5047mV
2026-09-30T18:34:14+00:00,2d280c7862041cee1dd36a2ac164af8b7f9dcec3,False,2023.1,,ZynqMP KV260 revB machine-id:a435d1c5,,all,,hw,,,,kria,not read (sensor only),2d280c7862041cee1dd36a2ac164af8b7f9dcec3,,,,sensor_only,1,True,,performance,1333333,"0,1,2",,no-overlay idle reference (before any bitstream load),SOM-rail power (INA260),VCC_SOM,hwmon,/sys/class/hwmon/hwmon2 name=ina260_u14,"{""update_interval_ms"": ""not exposed""}",10.000,9.984,0.2793,0,0,sample_only,369.562183,105.110399,1790793239.444587,2026-09-30T18:33:59.444+00:00,3.600000,0.715000,5.047000,power1_input=3600000uW curr1_input=715mA in1_input=5047mV
2026-09-30T18:34:14+00:00,2d280c7862041cee1dd36a2ac164af8b7f9dcec3,False,2023.1,,ZynqMP KV260 revB machine-id:a435d1c5,,all,,hw,,,,kria,not read (sensor only),2d280c7862041cee1dd36a2ac164af8b7f9dcec3,,,,sensor_only,1,True,,performance,1333333,"0,1,2",,no-overlay idle reference (before any bitstream load),SOM-rail power (INA260),VCC_SOM,hwmon,/sys/class/hwmon/hwmon2 name=ina260_u14,"{""update_interval_ms"": ""not exposed""}",10.000,9.984,0.2793,0,0,sample_only,369.662163,105.210380,1790793239.544568,2026-09-30T18:33:59.544+00:00,3.250000,0.673000,5.047000,power1_input=3250000uW curr1_input=673mA in1_input=5047mV
2026-09-30T18:34:14+00:00,2d280c7862041cee1dd36a2ac164af8b7f9dcec3,False,2023.1,,ZynqMP KV260 revB machine-id:a435d1c5,,all,,hw,,,,kria,not read (sensor only),2d280c7862041cee1dd36a2ac164af8b7f9dcec3,,,,sensor_only,1,True,,performance,1333333,"0,1,2",,no-overlay idle reference (before any bitstream load),SOM-rail power (INA260),VCC_SOM,hwmon,/sys/class/hwmon/hwmon2 name=ina260_u14,"{""update_interval_ms"": ""not exposed""}",10.000,9.984,0.2793,0,0,sample_only,369.762219,105.310435,1790793239.644623,2026-09-30T18:33:59.644+00:00,3.230000,0.640000,5.047000,power1_input=3230000uW curr1_input=640mA in1_input=5047mV
2026-09-30T18:34:14+00:00,2d280c7862041cee1dd36a2ac164af8b7f9dcec3,False,2023.1,,ZynqMP KV260 revB machine-id:a435d1c5,,all,,hw,,,,kria,not read (sensor only),2d280c7862041cee1dd36a2ac164af8b7f9dcec3,,,,sensor_only,1,True,,performance,1333333,"0,1,2",,no-overlay idle reference (before any bitstream load),SOM-rail power (INA260),VCC_SOM,hwmon,/sys/class/hwmon/hwmon2 name=ina260_u14,"{""update_interval_ms"": ""not exposed""}",10.000,9.984,0.2793,0,0,sample_only,369.862155,105.410372,1790793239.744560,2026-09-30T18:33:59.744+00:00,3.320000,0.656000,5.047000,power1_input=3320000uW curr1_input=656mA in1_input=5047mV
2026-09-30T18:34:14+00:00,2d280c7862041cee1dd36a2ac164af8b7f9dcec3,False,2023.1,,ZynqMP KV260 revB machine-id:a435d1c5,,all,,hw,,,,kria,not read (sensor only),2d280c7862041cee1dd36a2ac164af8b7f9dcec3,,,,sensor_only,1,True,,performance,1333333,"0,1,2",,no-overlay idle reference (before any bitstream load),SOM-rail power (INA260),VCC_SOM,hwmon,/sys/class/hwmon/hwmon2 name=ina260_u14,"{""update_interval_ms"": ""not exposed""}",10.000,9.984,0.2793,0,0,sample_only,369.962149,105.510366,1790793239.844553,2026-09-30T18:33:59.844+00:00,3.520000,0.697000,5.046000,power1_input=3520000uW curr1_input=697mA in1_input=5046mV
2026-09-30T18:34:14+00:00,2d280c7862041cee1dd36a2ac164af8b7f9dcec3,False,2023.1,,ZynqMP KV260 revB machine-id:a435d1c5,,all,,hw,,,,kria,not read (sensor only),2d280c7862041cee1dd36a2ac164af8b7f9dcec3,,,,sensor_only,1,True,,performance,1333333,"0,1,2",,no-overlay idle reference (before any bitstream load),SOM-rail power (INA260),VCC_SOM,hwmon,/sys/class/hwmon/hwmon2 name=ina260_u14,"{""update_interval_ms"": ""not exposed""}",10.000,9.984,0.2793,0,0,sample_only,370.062143,105.610359,1790793239.944547,2026-09-30T18:33:59.944+00:00,3.300000,0.655000,5.046000,power1_input=3300000uW curr1_input=655mA in1_input=5046mV
2026-09-30T18:34:14+00:00,2d280c7862041cee1dd36a2ac164af8b7f9dcec3,False,2023.1,,ZynqMP KV260 revB machine-id:a435d1c5,,all,,hw,,,,kria,not read (sensor only),2d280c7862041cee1dd36a2ac164af8b7f9dcec3,,,,sensor_only,1,True,,performance,1333333,"0,1,2",,no-overlay idle reference (before any bitstream load),SOM-rail power (INA260),VCC_SOM,hwmon,/sys/class/hwmon/hwmon2 name=ina260_u14,"{""update_interval_ms"": ""not exposed""}",10.000,9.984,0.2793,0,0,sample_only,370.162145,105.710361,1790793240.044550,2026-09-30T18:34:00.044+00:00,3.270000,0.646000,5.047000,power1_input=3270000uW curr1_input=646mA in1_input=5047mV
2026-09-30T18:34:14+00:00,2d280c7862041cee1dd36a2ac164af8b7f9dcec3,False,2023.1,,ZynqMP KV260 revB machine-id:a435d1c5,,all,,hw,,,,kria,not read (sensor only),2d280c7862041cee1dd36a2ac164af8b7f9dcec3,,,,sensor_only,1,True,,performance,1333333,"0,1,2",,no-overlay idle reference (before any bitstream load),SOM-rail power (INA260),VCC_SOM,hwmon,/sys/class/hwmon/hwmon2 name=ina260_u14,"{""update_interval_ms"": ""not exposed""}",10.000,9.984,0.2793,0,0,sample_only,370.262150,105.810366,1790793240.144555,2026-09-30T18:34:00.144+00:00,3.290000,0.651000,5.046000,power1_input=3290000uW curr1_input=651mA in1_input=5046mV
2026-09-30T18:34:14+00:00,2d280c7862041cee1dd36a2ac164af8b7f9dcec3,False,2023.1,,ZynqMP KV260 revB machine-id:a435d1c5,,all,,hw,,,,kria,not read (sensor only),2d280c7862041cee1dd36a2ac164af8b7f9dcec3,,,,sensor_only,1,True,,performance,1333333,"0,1,2",,no-overlay idle reference (before any bitstream load),SOM-rail power (INA260),VCC_SOM,hwmon,/sys/class/hwmon/hwmon2 name=ina260_u14,"{""update_interval_ms"": ""not exposed""}",10.000,9.984,0.2793,0,0,sample_only,370.362145,105.910362,1790793240.244550,2026-09-30T18:34:00.244+00:00,3.340000,0.686000,5.047000,power1_input=3340000uW curr1_input=686mA in1_input=5047mV
2026-09-30T18:34:14+00:00,2d280c7862041cee1dd36a2ac164af8b7f9dcec3,False,2023.1,,ZynqMP KV260 revB machine-id:a435d1c5,,all,,hw,,,,kria,not read (sensor only),2d280c7862041cee1dd36a2ac164af8b7f9dcec3,,,,sensor_only,1,True,,performance,1333333,"0,1,2",,no-overlay idle reference (before any bitstream load),SOM-rail power (INA260),VCC_SOM,hwmon,/sys/class/hwmon/hwmon2 name=ina260_u14,"{""update_interval_ms"": ""not exposed""}",10.000,9.984,0.2793,0,0,sample_only,370.462166,106.010382,1790793240.344571,2026-09-30T18:34:00.344+00:00,3.270000,0.648000,5.047000,power1_input=3270000uW curr1_input=648mA in1_input=5047mV
2026-09-30T18:34:14+00:00,2d280c7862041cee1dd36a2ac164af8b7f9dcec3,False,2023.1,,ZynqMP KV260 revB machine-id:a435d1c5,,all,,hw,,,,kria,not read (sensor only),2d280c7862041cee1dd36a2ac164af8b7f9dcec3,,,,sensor_only,1,True,,performance,1333333,"0,1,2",,no-overlay idle reference (before any bitstream load),SOM-rail power (INA260),VCC_SOM,hwmon,/sys/class/hwmon/hwmon2 name=ina260_u14,"{""update_interval_ms"": ""not exposed""}",10.000,9.984,0.2793,0,0,sample_only,370.562156,106.110372,1790793240.444560,2026-09-30T18:34:00.444+00:00,3.500000,0.693000,5.046000,power1_input=3500000uW curr1_input=693mA in1_input=5046mV
2026-09-30T18:34:14+00:00,2d280c7862041cee1dd36a2ac164af8b7f9dcec3,False,2023.1,,ZynqMP KV260 revB machine-id:a435d1c5,,all,,hw,,,,kria,not read (sensor only),2d280c7862041cee1dd36a2ac164af8b7f9dcec3,,,,sensor_only,1,True,,performance,1333333,"0,1,2",,no-overlay idle reference (before any bitstream load),SOM-rail power (INA260),VCC_SOM,hwmon,/sys/class/hwmon/hwmon2 name=ina260_u14,"{""update_interval_ms"": ""not exposed""}",10.000,9.984,0.2793,0,0,sample_only,370.662137,106.210354,1790793240.544542,2026-09-30T18:34:00.544+00:00,3.220000,0.637000,5.047000,power1_input=3220000uW curr1_input=637mA in1_input=5047mV
2026-09-30T18:34:14+00:00,2d280c7862041cee1dd36a2ac164af8b7f9dcec3,False,2023.1,,ZynqMP KV260 revB machine-id:a435d1c5,,all,,hw,,,,kria,not read (sensor only),2d280c7862041cee1dd36a2ac164af8b7f9dcec3,,,,sensor_only,1,True,,performance,1333333,"0,1,2",,no-overlay idle reference (before any bitstream load),SOM-rail power (INA260),VCC_SOM,hwmon,/sys/class/hwmon/hwmon2 name=ina260_u14,"{""update_interval_ms"": ""not exposed""}",10.000,9.984,0.2793,0,0,sample_only,370.762148,106.310364,1790793240.644552,2026-09-30T18:34:00.644+00:00,3.280000,0.650000,5.047000,power1_input=3280000uW curr1_input=650mA in1_input=5047mV
2026-09-30T18:34:14+00:00,2d280c7862041cee1dd36a2ac164af8b7f9dcec3,False,2023.1,,ZynqMP KV260 revB machine-id:a435d1c5,,all,,hw,,,,kria,not read (sensor only),2d280c7862041cee1dd36a2ac164af8b7f9dcec3,,,,sensor_only,1,True,,performance,1333333,"0,1,2",,no-overlay idle reference (before any bitstream load),SOM-rail power (INA260),VCC_SOM,hwmon,/sys/class/hwmon/hwmon2 name=ina260_u14,"{""update_interval_ms"": ""not exposed""}",10.000,9.984,0.2793,0,0,sample_only,370.862146,106.410363,1790793240.744551,2026-09-30T18:34:00.744+00:00,3.300000,0.655000,5.047000,power1_input=3300000uW curr1_input=655mA in1_input=5047mV
2026-09-30T18:34:14+00:00,2d280c7862041cee1dd36a2ac164af8b7f9dcec3,False,2023.1,,ZynqMP KV260 revB machine-id:a435d1c5,,all,,hw,,,,kria,not read (sensor only),2d280c7862041cee1dd36a2ac164af8b7f9dcec3,,,,sensor_only,1,True,,performance,1333333,"0,1,2",,no-overlay idle reference (before any bitstream load),SOM-rail power (INA260),VCC_SOM,hwmon,/sys/class/hwmon/hwmon2 name=ina260_u14,"{""update_interval_ms"": ""not exposed""}",10.000,9.984,0.2793,0,0,sample_only,370.962141,106.510358,1790793240.844546,2026-09-30T18:34:00.844+00:00,3.270000,0.648000,5.047000,power1_input=3270000uW curr1_input=648mA in1_input=5047mV
2026-09-30T18:34:14+00:00,2d280c7862041cee1dd36a2ac164af8b7f9dcec3,False,2023.1,,ZynqMP KV260 revB machine-id:a435d1c5,,all,,hw,,,,kria,not read (sensor only),2d280c7862041cee1dd36a2ac164af8b7f9dcec3,,,,sensor_only,1,True,,performance,1333333,"0,1,2",,no-overlay idle reference (before any bitstream load),SOM-rail power (INA260),VCC_SOM,hwmon,/sys/class/hwmon/hwmon2 name=ina260_u14,"{""update_interval_ms"": ""not exposed""}",10.000,9.984,0.2793,0,0,sample_only,371.062165,106.610381,1790793240.944569,2026-09-30T18:34:00.944+00:00,3.290000,0.702000,5.046000,power1_input=3290000uW curr1_input=702mA in1_input=5046mV
2026-09-30T18:34:14+00:00,2d280c7862041cee1dd36a2ac164af8b7f9dcec3,False,2023.1,,ZynqMP KV260 revB machine-id:a435d1c5,,all,,hw,,,,kria,not read (sensor only),2d280c7862041cee1dd36a2ac164af8b7f9dcec3,,,,sensor_only,1,True,,performance,1333333,"0,1,2",,no-overlay idle reference (before any bitstream load),SOM-rail power (INA260),VCC_SOM,hwmon,/sys/class/hwmon/hwmon2 name=ina260_u14,"{""update_interval_ms"": ""not exposed""}",10.000,9.984,0.2793,0,0,sample_only,371.162145,106.710362,1790793241.044550,2026-09-30T18:34:01.044+00:00,3.380000,0.670000,5.047000,power1_input=3380000uW curr1_input=670mA in1_input=5047mV
2026-09-30T18:34:14+00:00,2d280c7862041cee1dd36a2ac164af8b7f9dcec3,False,2023.1,,ZynqMP KV260 revB machine-id:a435d1c5,,all,,hw,,,,kria,not read (sensor only),2d280c7862041cee1dd36a2ac164af8b7f9dcec3,,,,sensor_only,1,True,,performance,1333333,"0,1,2",,no-overlay idle reference (before any bitstream load),SOM-rail power (INA260),VCC_SOM,hwmon,/sys/class/hwmon/hwmon2 name=ina260_u14,"{""update_interval_ms"": ""not exposed""}",10.000,9.984,0.2793,0,0,sample_only,371.262150,106.810366,1790793241.144554,2026-09-30T18:34:01.144+00:00,3.480000,0.688000,5.047000,power1_input=3480000uW curr1_input=688mA in1_input=5047mV
2026-09-30T18:34:14+00:00,2d280c7862041cee1dd36a2ac164af8b7f9dcec3,False,2023.1,,ZynqMP KV260 revB machine-id:a435d1c5,,all,,hw,,,,kria,not read (sensor only),2d280c7862041cee1dd36a2ac164af8b7f9dcec3,,,,sensor_only,1,True,,performance,1333333,"0,1,2",,no-overlay idle reference (before any bitstream load),SOM-rail power (INA260),VCC_SOM,hwmon,/sys/class/hwmon/hwmon2 name=ina260_u14,"{""update_interval_ms"": ""not exposed""}",10.000,9.984,0.2793,0,0,sample_only,371.362151,106.910368,1790793241.244556,2026-09-30T18:34:01.244+00:00,3.230000,0.667000,5.047000,power1_input=3230000uW curr1_input=667mA in1_input=5047mV
2026-09-30T18:34:14+00:00,2d280c7862041cee1dd36a2ac164af8b7f9dcec3,False,2023.1,,ZynqMP KV260 revB machine-id:a435d1c5,,all,,hw,,,,kria,not read (sensor only),2d280c7862041cee1dd36a2ac164af8b7f9dcec3,,,,sensor_only,1,True,,performance,1333333,"0,1,2",,no-overlay idle reference (before any bitstream load),SOM-rail power (INA260),VCC_SOM,hwmon,/sys/class/hwmon/hwmon2 name=ina260_u14,"{""update_interval_ms"": ""not exposed""}",10.000,9.984,0.2793,0,0,sample_only,371.462170,107.010387,1790793241.344575,2026-09-30T18:34:01.344+00:00,3.210000,0.636000,5.047000,power1_input=3210000uW curr1_input=636mA in1_input=5047mV
2026-09-30T18:34:14+00:00,2d280c7862041cee1dd36a2ac164af8b7f9dcec3,False,2023.1,,ZynqMP KV260 revB machine-id:a435d1c5,,all,,hw,,,,kria,not read (sensor only),2d280c7862041cee1dd36a2ac164af8b7f9dcec3,,,,sensor_only,1,True,,performance,1333333,"0,1,2",,no-overlay idle reference (before any bitstream load),SOM-rail power (INA260),VCC_SOM,hwmon,/sys/class/hwmon/hwmon2 name=ina260_u14,"{""update_interval_ms"": ""not exposed""}",10.000,9.984,0.2793,0,0,sample_only,371.562177,107.110393,1790793241.444582,2026-09-30T18:34:01.444+00:00,3.300000,0.655000,5.047000,power1_input=3300000uW curr1_input=655mA in1_input=5047mV
2026-09-30T18:34:14+00:00,2d280c7862041cee1dd36a2ac164af8b7f9dcec3,False,2023.1,,ZynqMP KV260 revB machine-id:a435d1c5,,all,,hw,,,,kria,not read (sensor only),2d280c7862041cee1dd36a2ac164af8b7f9dcec3,,,,sensor_only,1,True,,performance,1333333,"0,1,2",,no-overlay idle reference (before any bitstream load),SOM-rail power (INA260),VCC_SOM,hwmon,/sys/class/hwmon/hwmon2 name=ina260_u14,"{""update_interval_ms"": ""not exposed""}",10.000,9.984,0.2793,0,0,sample_only,371.662144,107.210360,1790793241.544548,2026-09-30T18:34:01.544+00:00,3.240000,0.641000,5.047000,power1_input=3240000uW curr1_input=641mA in1_input=5047mV
2026-09-30T18:34:14+00:00,2d280c7862041cee1dd36a2ac164af8b7f9dcec3,False,2023.1,,ZynqMP KV260 revB machine-id:a435d1c5,,all,,hw,,,,kria,not read (sensor only),2d280c7862041cee1dd36a2ac164af8b7f9dcec3,,,,sensor_only,1,True,,performance,1333333,"0,1,2",,no-overlay idle reference (before any bitstream load),SOM-rail power (INA260),VCC_SOM,hwmon,/sys/class/hwmon/hwmon2 name=ina260_u14,"{""update_interval_ms"": ""not exposed""}",10.000,9.984,0.2793,0,0,sample_only,371.762145,107.310361,1790793241.644550,2026-09-30T18:34:01.644+00:00,3.460000,0.683000,5.046000,power1_input=3460000uW curr1_input=683mA in1_input=5046mV
2026-09-30T18:34:14+00:00,2d280c7862041cee1dd36a2ac164af8b7f9dcec3,False,2023.1,,ZynqMP KV260 revB machine-id:a435d1c5,,all,,hw,,,,kria,not read (sensor only),2d280c7862041cee1dd36a2ac164af8b7f9dcec3,,,,sensor_only,1,True,,performance,1333333,"0,1,2",,no-overlay idle reference (before any bitstream load),SOM-rail power (INA260),VCC_SOM,hwmon,/sys/class/hwmon/hwmon2 name=ina260_u14,"{""update_interval_ms"": ""not exposed""}",10.000,9.984,0.2793,0,0,sample_only,371.862142,107.410358,1790793241.744547,2026-09-30T18:34:01.744+00:00,3.280000,0.648000,5.047000,power1_input=3280000uW curr1_input=648mA in1_input=5047mV
2026-09-30T18:34:14+00:00,2d280c7862041cee1dd36a2ac164af8b7f9dcec3,False,2023.1,,ZynqMP KV260 revB machine-id:a435d1c5,,all,,hw,,,,kria,not read (sensor only),2d280c7862041cee1dd36a2ac164af8b7f9dcec3,,,,sensor_only,1,True,,performance,1333333,"0,1,2",,no-overlay idle reference (before any bitstream load),SOM-rail power (INA260),VCC_SOM,hwmon,/sys/class/hwmon/hwmon2 name=ina260_u14,"{""update_interval_ms"": ""not exposed""}",10.000,9.984,0.2793,0,0,sample_only,371.962139,107.510356,1790793241.844544,2026-09-30T18:34:01.844+00:00,3.330000,0.660000,5.047000,power1_input=3330000uW curr1_input=660mA in1_input=5047mV
2026-09-30T18:34:14+00:00,2d280c7862041cee1dd36a2ac164af8b7f9dcec3,False,2023.1,,ZynqMP KV260 revB machine-id:a435d1c5,,all,,hw,,,,kria,not read (sensor only),2d280c7862041cee1dd36a2ac164af8b7f9dcec3,,,,sensor_only,1,True,,performance,1333333,"0,1,2",,no-overlay idle reference (before any bitstream load),SOM-rail power (INA260),VCC_SOM,hwmon,/sys/class/hwmon/hwmon2 name=ina260_u14,"{""update_interval_ms"": ""not exposed""}",10.000,9.984,0.2793,0,0,sample_only,372.062143,107.610359,1790793241.944547,2026-09-30T18:34:01.944+00:00,3.470000,0.645000,5.047000,power1_input=3470000uW curr1_input=645mA in1_input=5047mV
2026-09-30T18:34:14+00:00,2d280c7862041cee1dd36a2ac164af8b7f9dcec3,False,2023.1,,ZynqMP KV260 revB machine-id:a435d1c5,,all,,hw,,,,kria,not read (sensor only),2d280c7862041cee1dd36a2ac164af8b7f9dcec3,,,,sensor_only,1,True,,performance,1333333,"0,1,2",,no-overlay idle reference (before any bitstream load),SOM-rail power (INA260),VCC_SOM,hwmon,/sys/class/hwmon/hwmon2 name=ina260_u14,"{""update_interval_ms"": ""not exposed""}",10.000,9.984,0.2793,0,0,sample_only,372.162148,107.710365,1790793242.044553,2026-09-30T18:34:02.044+00:00,3.280000,0.650000,5.047000,power1_input=3280000uW curr1_input=650mA in1_input=5047mV
2026-09-30T18:34:14+00:00,2d280c7862041cee1dd36a2ac164af8b7f9dcec3,False,2023.1,,ZynqMP KV260 revB machine-id:a435d1c5,,all,,hw,,,,kria,not read (sensor only),2d280c7862041cee1dd36a2ac164af8b7f9dcec3,,,,sensor_only,1,True,,performance,1333333,"0,1,2",,no-overlay idle reference (before any bitstream load),SOM-rail power (INA260),VCC_SOM,hwmon,/sys/class/hwmon/hwmon2 name=ina260_u14,"{""update_interval_ms"": ""not exposed""}",10.000,9.984,0.2793,0,0,sample_only,372.262151,107.810368,1790793242.144556,2026-09-30T18:34:02.144+00:00,3.340000,0.661000,5.047000,power1_input=3340000uW curr1_input=661mA in1_input=5047mV
2026-09-30T18:34:14+00:00,2d280c7862041cee1dd36a2ac164af8b7f9dcec3,False,2023.1,,ZynqMP KV260 revB machine-id:a435d1c5,,all,,hw,,,,kria,not read (sensor only),2d280c7862041cee1dd36a2ac164af8b7f9dcec3,,,,sensor_only,1,True,,performance,1333333,"0,1,2",,no-overlay idle reference (before any bitstream load),SOM-rail power (INA260),VCC_SOM,hwmon,/sys/class/hwmon/hwmon2 name=ina260_u14,"{""update_interval_ms"": ""not exposed""}",10.000,9.984,0.2793,0,0,sample_only,372.362149,107.910365,1790793242.244554,2026-09-30T18:34:02.244+00:00,3.340000,0.678000,5.047000,power1_input=3340000uW curr1_input=678mA in1_input=5047mV
2026-09-30T18:34:14+00:00,2d280c7862041cee1dd36a2ac164af8b7f9dcec3,False,2023.1,,ZynqMP KV260 revB machine-id:a435d1c5,,all,,hw,,,,kria,not read (sensor only),2d280c7862041cee1dd36a2ac164af8b7f9dcec3,,,,sensor_only,1,True,,performance,1333333,"0,1,2",,no-overlay idle reference (before any bitstream load),SOM-rail power (INA260),VCC_SOM,hwmon,/sys/class/hwmon/hwmon2 name=ina260_u14,"{""update_interval_ms"": ""not exposed""}",10.000,9.984,0.2793,0,0,sample_only,372.462183,108.010399,1790793242.344587,2026-09-30T18:34:02.344+00:00,3.500000,0.692000,5.046000,power1_input=3500000uW curr1_input=692mA in1_input=5046mV
2026-09-30T18:34:14+00:00,2d280c7862041cee1dd36a2ac164af8b7f9dcec3,False,2023.1,,ZynqMP KV260 revB machine-id:a435d1c5,,all,,hw,,,,kria,not read (sensor only),2d280c7862041cee1dd36a2ac164af8b7f9dcec3,,,,sensor_only,1,True,,performance,1333333,"0,1,2",,no-overlay idle reference (before any bitstream load),SOM-rail power (INA260),VCC_SOM,hwmon,/sys/class/hwmon/hwmon2 name=ina260_u14,"{""update_interval_ms"": ""not exposed""}",10.000,9.984,0.2793,0,0,sample_only,372.562201,108.110418,1790793242.444606,2026-09-30T18:34:02.444+00:00,3.470000,0.687000,5.047000,power1_input=3470000uW curr1_input=687mA in1_input=5047mV
2026-09-30T18:34:14+00:00,2d280c7862041cee1dd36a2ac164af8b7f9dcec3,False,2023.1,,ZynqMP KV260 revB machine-id:a435d1c5,,all,,hw,,,,kria,not read (sensor only),2d280c7862041cee1dd36a2ac164af8b7f9dcec3,,,,sensor_only,1,True,,performance,1333333,"0,1,2",,no-overlay idle reference (before any bitstream load),SOM-rail power (INA260),VCC_SOM,hwmon,/sys/class/hwmon/hwmon2 name=ina260_u14,"{""update_interval_ms"": ""not exposed""}",10.000,9.984,0.2793,0,0,sample_only,372.662182,108.210399,1790793242.544587,2026-09-30T18:34:02.544+00:00,3.430000,0.680000,5.046000,power1_input=3430000uW curr1_input=680mA in1_input=5046mV
2026-09-30T18:34:14+00:00,2d280c7862041cee1dd36a2ac164af8b7f9dcec3,False,2023.1,,ZynqMP KV260 revB machine-id:a435d1c5,,all,,hw,,,,kria,not read (sensor only),2d280c7862041cee1dd36a2ac164af8b7f9dcec3,,,,sensor_only,1,True,,performance,1333333,"0,1,2",,no-overlay idle reference (before any bitstream load),SOM-rail power (INA260),VCC_SOM,hwmon,/sys/class/hwmon/hwmon2 name=ina260_u14,"{""update_interval_ms"": ""not exposed""}",10.000,9.984,0.2793,0,0,sample_only,372.762188,108.310404,1790793242.644592,2026-09-30T18:34:02.644+00:00,3.340000,0.661000,5.047000,power1_input=3340000uW curr1_input=661mA in1_input=5047mV
2026-09-30T18:34:14+00:00,2d280c7862041cee1dd36a2ac164af8b7f9dcec3,False,2023.1,,ZynqMP KV260 revB machine-id:a435d1c5,,all,,hw,,,,kria,not read (sensor only),2d280c7862041cee1dd36a2ac164af8b7f9dcec3,,,,sensor_only,1,True,,performance,1333333,"0,1,2",,no-overlay idle reference (before any bitstream load),SOM-rail power (INA260),VCC_SOM,hwmon,/sys/class/hwmon/hwmon2 name=ina260_u14,"{""update_interval_ms"": ""not exposed""}",10.000,9.984,0.2793,0,0,sample_only,372.862253,108.410469,1790793242.744658,2026-09-30T18:34:02.744+00:00,3.250000,0.642000,5.046000,power1_input=3250000uW curr1_input=642mA in1_input=5046mV
2026-09-30T18:34:14+00:00,2d280c7862041cee1dd36a2ac164af8b7f9dcec3,False,2023.1,,ZynqMP KV260 revB machine-id:a435d1c5,,all,,hw,,,,kria,not read (sensor only),2d280c7862041cee1dd36a2ac164af8b7f9dcec3,,,,sensor_only,1,True,,performance,1333333,"0,1,2",,no-overlay idle reference (before any bitstream load),SOM-rail power (INA260),VCC_SOM,hwmon,/sys/class/hwmon/hwmon2 name=ina260_u14,"{""update_interval_ms"": ""not exposed""}",10.000,9.984,0.2793,0,0,sample_only,372.962162,108.510379,1790793242.844567,2026-09-30T18:34:02.844+00:00,3.220000,0.637000,5.047000,power1_input=3220000uW curr1_input=637mA in1_input=5047mV
2026-09-30T18:34:14+00:00,2d280c7862041cee1dd36a2ac164af8b7f9dcec3,False,2023.1,,ZynqMP KV260 revB machine-id:a435d1c5,,all,,hw,,,,kria,not read (sensor only),2d280c7862041cee1dd36a2ac164af8b7f9dcec3,,,,sensor_only,1,True,,performance,1333333,"0,1,2",,no-overlay idle reference (before any bitstream load),SOM-rail power (INA260),VCC_SOM,hwmon,/sys/class/hwmon/hwmon2 name=ina260_u14,"{""update_interval_ms"": ""not exposed""}",10.000,9.984,0.2793,0,0,sample_only,373.062209,108.610425,1790793242.944613,2026-09-30T18:34:02.944+00:00,3.220000,0.647000,5.047000,power1_input=3220000uW curr1_input=647mA in1_input=5047mV
2026-09-30T18:34:14+00:00,2d280c7862041cee1dd36a2ac164af8b7f9dcec3,False,2023.1,,ZynqMP KV260 revB machine-id:a435d1c5,,all,,hw,,,,kria,not read (sensor only),2d280c7862041cee1dd36a2ac164af8b7f9dcec3,,,,sensor_only,1,True,,performance,1333333,"0,1,2",,no-overlay idle reference (before any bitstream load),SOM-rail power (INA260),VCC_SOM,hwmon,/sys/class/hwmon/hwmon2 name=ina260_u14,"{""update_interval_ms"": ""not exposed""}",10.000,9.984,0.2793,0,0,sample_only,373.162148,108.710364,1790793243.044553,2026-09-30T18:34:03.044+00:00,3.210000,0.636000,5.047000,power1_input=3210000uW curr1_input=636mA in1_input=5047mV
2026-09-30T18:34:14+00:00,2d280c7862041cee1dd36a2ac164af8b7f9dcec3,False,2023.1,,ZynqMP KV260 revB machine-id:a435d1c5,,all,,hw,,,,kria,not read (sensor only),2d280c7862041cee1dd36a2ac164af8b7f9dcec3,,,,sensor_only,1,True,,performance,1333333,"0,1,2",,no-overlay idle reference (before any bitstream load),SOM-rail power (INA260),VCC_SOM,hwmon,/sys/class/hwmon/hwmon2 name=ina260_u14,"{""update_interval_ms"": ""not exposed""}",10.000,9.984,0.2793,0,0,sample_only,373.262147,108.810363,1790793243.144552,2026-09-30T18:34:03.144+00:00,3.330000,0.661000,5.046000,power1_input=3330000uW curr1_input=661mA in1_input=5046mV
2026-09-30T18:34:14+00:00,2d280c7862041cee1dd36a2ac164af8b7f9dcec3,False,2023.1,,ZynqMP KV260 revB machine-id:a435d1c5,,all,,hw,,,,kria,not read (sensor only),2d280c7862041cee1dd36a2ac164af8b7f9dcec3,,,,sensor_only,1,True,,performance,1333333,"0,1,2",,no-overlay idle reference (before any bitstream load),SOM-rail power (INA260),VCC_SOM,hwmon,/sys/class/hwmon/hwmon2 name=ina260_u14,"{""update_interval_ms"": ""not exposed""}",10.000,9.984,0.2793,0,0,sample_only,373.362143,108.910360,1790793243.244548,2026-09-30T18:34:03.244+00:00,3.270000,0.648000,5.046000,power1_input=3270000uW curr1_input=648mA in1_input=5046mV
2026-09-30T18:34:14+00:00,2d280c7862041cee1dd36a2ac164af8b7f9dcec3,False,2023.1,,ZynqMP KV260 revB machine-id:a435d1c5,,all,,hw,,,,kria,not read (sensor only),2d280c7862041cee1dd36a2ac164af8b7f9dcec3,,,,sensor_only,1,True,,performance,1333333,"0,1,2",,no-overlay idle reference (before any bitstream load),SOM-rail power (INA260),VCC_SOM,hwmon,/sys/class/hwmon/hwmon2 name=ina260_u14,"{""update_interval_ms"": ""not exposed""}",10.000,9.984,0.2793,0,0,sample_only,373.462143,109.010359,1790793243.344548,2026-09-30T18:34:03.344+00:00,3.500000,0.691000,5.047000,power1_input=3500000uW curr1_input=691mA in1_input=5047mV
2026-09-30T18:34:14+00:00,2d280c7862041cee1dd36a2ac164af8b7f9dcec3,False,2023.1,,ZynqMP KV260 revB machine-id:a435d1c5,,all,,hw,,,,kria,not read (sensor only),2d280c7862041cee1dd36a2ac164af8b7f9dcec3,,,,sensor_only,1,True,,performance,1333333,"0,1,2",,no-overlay idle reference (before any bitstream load),SOM-rail power (INA260),VCC_SOM,hwmon,/sys/class/hwmon/hwmon2 name=ina260_u14,"{""update_interval_ms"": ""not exposed""}",10.000,9.984,0.2793,0,0,sample_only,373.562061,109.110277,1790793243.444464,2026-09-30T18:34:03.444+00:00,3.200000,0.635000,5.047000,power1_input=3200000uW curr1_input=635mA in1_input=5047mV
2026-09-30T18:34:14+00:00,2d280c7862041cee1dd36a2ac164af8b7f9dcec3,False,2023.1,,ZynqMP KV260 revB machine-id:a435d1c5,,all,,hw,,,,kria,not read (sensor only),2d280c7862041cee1dd36a2ac164af8b7f9dcec3,,,,sensor_only,1,True,,performance,1333333,"0,1,2",,no-overlay idle reference (before any bitstream load),SOM-rail power (INA260),VCC_SOM,hwmon,/sys/class/hwmon/hwmon2 name=ina260_u14,"{""update_interval_ms"": ""not exposed""}",10.000,9.984,0.2793,0,0,sample_only,373.662116,109.210332,1790793243.544520,2026-09-30T18:34:03.544+00:00,3.350000,0.663000,5.047000,power1_input=3350000uW curr1_input=663mA in1_input=5047mV
2026-09-30T18:34:14+00:00,2d280c7862041cee1dd36a2ac164af8b7f9dcec3,False,2023.1,,ZynqMP KV260 revB machine-id:a435d1c5,,all,,hw,,,,kria,not read (sensor only),2d280c7862041cee1dd36a2ac164af8b7f9dcec3,,,,sensor_only,1,True,,performance,1333333,"0,1,2",,no-overlay idle reference (before any bitstream load),SOM-rail power (INA260),VCC_SOM,hwmon,/sys/class/hwmon/hwmon2 name=ina260_u14,"{""update_interval_ms"": ""not exposed""}",10.000,9.984,0.2793,0,0,sample_only,373.762148,109.310364,1790793243.644552,2026-09-30T18:34:03.644+00:00,3.330000,0.672000,5.047000,power1_input=3330000uW curr1_input=672mA in1_input=5047mV
2026-09-30T18:34:14+00:00,2d280c7862041cee1dd36a2ac164af8b7f9dcec3,False,2023.1,,ZynqMP KV260 revB machine-id:a435d1c5,,all,,hw,,,,kria,not read (sensor only),2d280c7862041cee1dd36a2ac164af8b7f9dcec3,,,,sensor_only,1,True,,performance,1333333,"0,1,2",,no-overlay idle reference (before any bitstream load),SOM-rail power (INA260),VCC_SOM,hwmon,/sys/class/hwmon/hwmon2 name=ina260_u14,"{""update_interval_ms"": ""not exposed""}",10.000,9.984,0.2793,0,0,sample_only,373.862176,109.410393,1790793243.744581,2026-09-30T18:34:03.744+00:00,3.390000,0.671000,5.046000,power1_input=3390000uW curr1_input=671mA in1_input=5046mV
2026-09-30T18:34:14+00:00,2d280c7862041cee1dd36a2ac164af8b7f9dcec3,False,2023.1,,ZynqMP KV260 revB machine-id:a435d1c5,,all,,hw,,,,kria,not read (sensor only),2d280c7862041cee1dd36a2ac164af8b7f9dcec3,,,,sensor_only,1,True,,performance,1333333,"0,1,2",,no-overlay idle reference (before any bitstream load),SOM-rail power (INA260),VCC_SOM,hwmon,/sys/class/hwmon/hwmon2 name=ina260_u14,"{""update_interval_ms"": ""not exposed""}",10.000,9.984,0.2793,0,0,sample_only,373.962261,109.510477,1790793243.844665,2026-09-30T18:34:03.844+00:00,3.260000,0.646000,5.047000,power1_input=3260000uW curr1_input=646mA in1_input=5047mV
2026-09-30T18:34:14+00:00,2d280c7862041cee1dd36a2ac164af8b7f9dcec3,False,2023.1,,ZynqMP KV260 revB machine-id:a435d1c5,,all,,hw,,,,kria,not read (sensor only),2d280c7862041cee1dd36a2ac164af8b7f9dcec3,,,,sensor_only,1,True,,performance,1333333,"0,1,2",,no-overlay idle reference (before any bitstream load),SOM-rail power (INA260),VCC_SOM,hwmon,/sys/class/hwmon/hwmon2 name=ina260_u14,"{""update_interval_ms"": ""not exposed""}",10.000,9.984,0.2793,0,0,sample_only,374.062175,109.610391,1790793243.944579,2026-09-30T18:34:03.944+00:00,3.320000,0.656000,5.047000,power1_input=3320000uW curr1_input=656mA in1_input=5047mV
2026-09-30T18:34:14+00:00,2d280c7862041cee1dd36a2ac164af8b7f9dcec3,False,2023.1,,ZynqMP KV260 revB machine-id:a435d1c5,,all,,hw,,,,kria,not read (sensor only),2d280c7862041cee1dd36a2ac164af8b7f9dcec3,,,,sensor_only,1,True,,performance,1333333,"0,1,2",,no-overlay idle reference (before any bitstream load),SOM-rail power (INA260),VCC_SOM,hwmon,/sys/class/hwmon/hwmon2 name=ina260_u14,"{""update_interval_ms"": ""not exposed""}",10.000,9.984,0.2793,0,0,sample_only,374.162160,109.710376,1790793244.044564,2026-09-30T18:34:04.044+00:00,3.340000,0.661000,5.047000,power1_input=3340000uW curr1_input=661mA in1_input=5047mV
2026-09-30T18:34:14+00:00,2d280c7862041cee1dd36a2ac164af8b7f9dcec3,False,2023.1,,ZynqMP KV260 revB machine-id:a435d1c5,,all,,hw,,,,kria,not read (sensor only),2d280c7862041cee1dd36a2ac164af8b7f9dcec3,,,,sensor_only,1,True,,performance,1333333,"0,1,2",,no-overlay idle reference (before any bitstream load),SOM-rail power (INA260),VCC_SOM,hwmon,/sys/class/hwmon/hwmon2 name=ina260_u14,"{""update_interval_ms"": ""not exposed""}",10.000,9.984,0.2793,0,0,sample_only,374.262149,109.810365,1790793244.144553,2026-09-30T18:34:04.144+00:00,3.240000,0.642000,5.046000,power1_input=3240000uW curr1_input=642mA in1_input=5046mV
2026-09-30T18:34:14+00:00,2d280c7862041cee1dd36a2ac164af8b7f9dcec3,False,2023.1,,ZynqMP KV260 revB machine-id:a435d1c5,,all,,hw,,,,kria,not read (sensor only),2d280c7862041cee1dd36a2ac164af8b7f9dcec3,,,,sensor_only,1,True,,performance,1333333,"0,1,2",,no-overlay idle reference (before any bitstream load),SOM-rail power (INA260),VCC_SOM,hwmon,/sys/class/hwmon/hwmon2 name=ina260_u14,"{""update_interval_ms"": ""not exposed""}",10.000,9.984,0.2793,0,0,sample_only,374.362144,109.910360,1790793244.244548,2026-09-30T18:34:04.244+00:00,3.370000,0.667000,5.047000,power1_input=3370000uW curr1_input=667mA in1_input=5047mV
2026-09-30T18:34:14+00:00,2d280c7862041cee1dd36a2ac164af8b7f9dcec3,False,2023.1,,ZynqMP KV260 revB machine-id:a435d1c5,,all,,hw,,,,kria,not read (sensor only),2d280c7862041cee1dd36a2ac164af8b7f9dcec3,,,,sensor_only,1,True,,performance,1333333,"0,1,2",,no-overlay idle reference (before any bitstream load),SOM-rail power (INA260),VCC_SOM,hwmon,/sys/class/hwmon/hwmon2 name=ina260_u14,"{""update_interval_ms"": ""not exposed""}",10.000,9.984,0.2793,0,0,sample_only,374.462149,110.010365,1790793244.344553,2026-09-30T18:34:04.344+00:00,3.450000,0.683000,5.047000,power1_input=3450000uW curr1_input=683mA in1_input=5047mV
2026-09-30T18:34:14+00:00,2d280c7862041cee1dd36a2ac164af8b7f9dcec3,False,2023.1,,ZynqMP KV260 revB machine-id:a435d1c5,,all,,hw,,,,kria,not read (sensor only),2d280c7862041cee1dd36a2ac164af8b7f9dcec3,,,,sensor_only,1,True,,performance,1333333,"0,1,2",,no-overlay idle reference (before any bitstream load),SOM-rail power (INA260),VCC_SOM,hwmon,/sys/class/hwmon/hwmon2 name=ina260_u14,"{""update_interval_ms"": ""not exposed""}",10.000,9.984,0.2793,0,0,sample_only,374.562152,110.110368,1790793244.444557,2026-09-30T18:34:04.444+00:00,3.370000,0.667000,5.047000,power1_input=3370000uW curr1_input=667mA in1_input=5047mV
2026-09-30T18:34:14+00:00,2d280c7862041cee1dd36a2ac164af8b7f9dcec3,False,2023.1,,ZynqMP KV260 revB machine-id:a435d1c5,,all,,hw,,,,kria,not read (sensor only),2d280c7862041cee1dd36a2ac164af8b7f9dcec3,,,,sensor_only,1,True,,performance,1333333,"0,1,2",,no-overlay idle reference (before any bitstream load),SOM-rail power (INA260),VCC_SOM,hwmon,/sys/class/hwmon/hwmon2 name=ina260_u14,"{""update_interval_ms"": ""not exposed""}",10.000,9.984,0.2793,0,0,sample_only,374.662195,110.210411,1790793244.544600,2026-09-30T18:34:04.544+00:00,3.210000,0.636000,5.047000,power1_input=3210000uW curr1_input=636mA in1_input=5047mV
2026-09-30T18:34:14+00:00,2d280c7862041cee1dd36a2ac164af8b7f9dcec3,False,2023.1,,ZynqMP KV260 revB machine-id:a435d1c5,,all,,hw,,,,kria,not read (sensor only),2d280c7862041cee1dd36a2ac164af8b7f9dcec3,,,,sensor_only,1,True,,performance,1333333,"0,1,2",,no-overlay idle reference (before any bitstream load),SOM-rail power (INA260),VCC_SOM,hwmon,/sys/class/hwmon/hwmon2 name=ina260_u14,"{""update_interval_ms"": ""not exposed""}",10.000,9.984,0.2793,0,0,sample_only,374.762107,110.310323,1790793244.644511,2026-09-30T18:34:04.644+00:00,3.200000,0.633000,5.046000,power1_input=3200000uW curr1_input=633mA in1_input=5046mV
2026-09-30T18:34:14+00:00,2d280c7862041cee1dd36a2ac164af8b7f9dcec3,False,2023.1,,ZynqMP KV260 revB machine-id:a435d1c5,,all,,hw,,,,kria,not read (sensor only),2d280c7862041cee1dd36a2ac164af8b7f9dcec3,,,,sensor_only,1,True,,performance,1333333,"0,1,2",,no-overlay idle reference (before any bitstream load),SOM-rail power (INA260),VCC_SOM,hwmon,/sys/class/hwmon/hwmon2 name=ina260_u14,"{""update_interval_ms"": ""not exposed""}",10.000,9.984,0.2793,0,0,sample_only,374.862124,110.410340,1790793244.744528,2026-09-30T18:34:04.744+00:00,3.260000,0.647000,5.047000,power1_input=3260000uW curr1_input=647mA in1_input=5047mV
2026-09-30T18:34:14+00:00,2d280c7862041cee1dd36a2ac164af8b7f9dcec3,False,2023.1,,ZynqMP KV260 revB machine-id:a435d1c5,,all,,hw,,,,kria,not read (sensor only),2d280c7862041cee1dd36a2ac164af8b7f9dcec3,,,,sensor_only,1,True,,performance,1333333,"0,1,2",,no-overlay idle reference (before any bitstream load),SOM-rail power (INA260),VCC_SOM,hwmon,/sys/class/hwmon/hwmon2 name=ina260_u14,"{""update_interval_ms"": ""not exposed""}",10.000,9.984,0.2793,0,0,sample_only,374.962069,110.510286,1790793244.844473,2026-09-30T18:34:04.844+00:00,3.210000,0.636000,5.046000,power1_input=3210000uW curr1_input=636mA in1_input=5046mV
2026-09-30T18:34:14+00:00,2d280c7862041cee1dd36a2ac164af8b7f9dcec3,False,2023.1,,ZynqMP KV260 revB machine-id:a435d1c5,,all,,hw,,,,kria,not read (sensor only),2d280c7862041cee1dd36a2ac164af8b7f9dcec3,,,,sensor_only,1,True,,performance,1333333,"0,1,2",,no-overlay idle reference (before any bitstream load),SOM-rail power (INA260),VCC_SOM,hwmon,/sys/class/hwmon/hwmon2 name=ina260_u14,"{""update_interval_ms"": ""not exposed""}",10.000,9.984,0.2793,0,0,sample_only,375.062058,110.610274,1790793244.944462,2026-09-30T18:34:04.944+00:00,3.210000,0.636000,5.047000,power1_input=3210000uW curr1_input=636mA in1_input=5047mV
2026-09-30T18:34:14+00:00,2d280c7862041cee1dd36a2ac164af8b7f9dcec3,False,2023.1,,ZynqMP KV260 revB machine-id:a435d1c5,,all,,hw,,,,kria,not read (sensor only),2d280c7862041cee1dd36a2ac164af8b7f9dcec3,,,,sensor_only,1,True,,performance,1333333,"0,1,2",,no-overlay idle reference (before any bitstream load),SOM-rail power (INA260),VCC_SOM,hwmon,/sys/class/hwmon/hwmon2 name=ina260_u14,"{""update_interval_ms"": ""not exposed""}",10.000,9.984,0.2793,0,0,sample_only,375.162064,110.710281,1790793245.044468,2026-09-30T18:34:05.044+00:00,3.210000,0.637000,5.046000,power1_input=3210000uW curr1_input=637mA in1_input=5046mV
2026-09-30T18:34:14+00:00,2d280c7862041cee1dd36a2ac164af8b7f9dcec3,False,2023.1,,ZynqMP KV260 revB machine-id:a435d1c5,,all,,hw,,,,kria,not read (sensor only),2d280c7862041cee1dd36a2ac164af8b7f9dcec3,,,,sensor_only,1,True,,performance,1333333,"0,1,2",,no-overlay idle reference (before any bitstream load),SOM-rail power (INA260),VCC_SOM,hwmon,/sys/class/hwmon/hwmon2 name=ina260_u14,"{""update_interval_ms"": ""not exposed""}",10.000,9.984,0.2793,0,0,sample_only,375.262055,110.810271,1790793245.144458,2026-09-30T18:34:05.144+00:00,3.210000,0.636000,5.048000,power1_input=3210000uW curr1_input=636mA in1_input=5048mV
2026-09-30T18:34:14+00:00,2d280c7862041cee1dd36a2ac164af8b7f9dcec3,False,2023.1,,ZynqMP KV260 revB machine-id:a435d1c5,,all,,hw,,,,kria,not read (sensor only),2d280c7862041cee1dd36a2ac164af8b7f9dcec3,,,,sensor_only,1,True,,performance,1333333,"0,1,2",,no-overlay idle reference (before any bitstream load),SOM-rail power (INA260),VCC_SOM,hwmon,/sys/class/hwmon/hwmon2 name=ina260_u14,"{""update_interval_ms"": ""not exposed""}",10.000,9.984,0.2793,0,0,sample_only,375.362052,110.910269,1790793245.244456,2026-09-30T18:34:05.244+00:00,3.220000,0.637000,5.047000,power1_input=3220000uW curr1_input=637mA in1_input=5047mV
2026-09-30T18:34:14+00:00,2d280c7862041cee1dd36a2ac164af8b7f9dcec3,False,2023.1,,ZynqMP KV260 revB machine-id:a435d1c5,,all,,hw,,,,kria,not read (sensor only),2d280c7862041cee1dd36a2ac164af8b7f9dcec3,,,,sensor_only,1,True,,performance,1333333,"0,1,2",,no-overlay idle reference (before any bitstream load),SOM-rail power (INA260),VCC_SOM,hwmon,/sys/class/hwmon/hwmon2 name=ina260_u14,"{""update_interval_ms"": ""not exposed""}",10.000,9.984,0.2793,0,0,sample_only,375.462076,111.010293,1790793245.344480,2026-09-30T18:34:05.344+00:00,3.260000,0.646000,5.047000,power1_input=3260000uW curr1_input=646mA in1_input=5047mV
2026-09-30T18:34:14+00:00,2d280c7862041cee1dd36a2ac164af8b7f9dcec3,False,2023.1,,ZynqMP KV260 revB machine-id:a435d1c5,,all,,hw,,,,kria,not read (sensor only),2d280c7862041cee1dd36a2ac164af8b7f9dcec3,,,,sensor_only,1,True,,performance,1333333,"0,1,2",,no-overlay idle reference (before any bitstream load),SOM-rail power (INA260),VCC_SOM,hwmon,/sys/class/hwmon/hwmon2 name=ina260_u14,"{""update_interval_ms"": ""not exposed""}",10.000,9.984,0.2793,0,0,sample_only,375.562057,111.110273,1790793245.444460,2026-09-30T18:34:05.444+00:00,3.230000,0.640000,5.047000,power1_input=3230000uW curr1_input=640mA in1_input=5047mV
2026-09-30T18:34:14+00:00,2d280c7862041cee1dd36a2ac164af8b7f9dcec3,False,2023.1,,ZynqMP KV260 revB machine-id:a435d1c5,,all,,hw,,,,kria,not read (sensor only),2d280c7862041cee1dd36a2ac164af8b7f9dcec3,,,,sensor_only,1,True,,performance,1333333,"0,1,2",,no-overlay idle reference (before any bitstream load),SOM-rail power (INA260),VCC_SOM,hwmon,/sys/class/hwmon/hwmon2 name=ina260_u14,"{""update_interval_ms"": ""not exposed""}",10.000,9.984,0.2793,0,0,sample_only,375.662055,111.210272,1790793245.544459,2026-09-30T18:34:05.544+00:00,3.210000,0.637000,5.047000,power1_input=3210000uW curr1_input=637mA in1_input=5047mV
2026-09-30T18:34:14+00:00,2d280c7862041cee1dd36a2ac164af8b7f9dcec3,False,2023.1,,ZynqMP KV260 revB machine-id:a435d1c5,,all,,hw,,,,kria,not read (sensor only),2d280c7862041cee1dd36a2ac164af8b7f9dcec3,,,,sensor_only,1,True,,performance,1333333,"0,1,2",,no-overlay idle reference (before any bitstream load),SOM-rail power (INA260),VCC_SOM,hwmon,/sys/class/hwmon/hwmon2 name=ina260_u14,"{""update_interval_ms"": ""not exposed""}",10.000,9.984,0.2793,0,0,sample_only,375.762048,111.310264,1790793245.644451,2026-09-30T18:34:05.644+00:00,3.210000,0.640000,5.046000,power1_input=3210000uW curr1_input=640mA in1_input=5046mV
2026-09-30T18:34:14+00:00,2d280c7862041cee1dd36a2ac164af8b7f9dcec3,False,2023.1,,ZynqMP KV260 revB machine-id:a435d1c5,,all,,hw,,,,kria,not read (sensor only),2d280c7862041cee1dd36a2ac164af8b7f9dcec3,,,,sensor_only,1,True,,performance,1333333,"0,1,2",,no-overlay idle reference (before any bitstream load),SOM-rail power (INA260),VCC_SOM,hwmon,/sys/class/hwmon/hwmon2 name=ina260_u14,"{""update_interval_ms"": ""not exposed""}",10.000,9.984,0.2793,0,0,sample_only,375.862063,111.410279,1790793245.744467,2026-09-30T18:34:05.744+00:00,3.240000,0.641000,5.047000,power1_input=3240000uW curr1_input=641mA in1_input=5047mV
2026-09-30T18:34:14+00:00,2d280c7862041cee1dd36a2ac164af8b7f9dcec3,False,2023.1,,ZynqMP KV260 revB machine-id:a435d1c5,,all,,hw,,,,kria,not read (sensor only),2d280c7862041cee1dd36a2ac164af8b7f9dcec3,,,,sensor_only,1,True,,performance,1333333,"0,1,2",,no-overlay idle reference (before any bitstream load),SOM-rail power (INA260),VCC_SOM,hwmon,/sys/class/hwmon/hwmon2 name=ina260_u14,"{""update_interval_ms"": ""not exposed""}",10.000,9.984,0.2793,0,0,sample_only,375.962059,111.510276,1790793245.844463,2026-09-30T18:34:05.844+00:00,3.230000,0.638000,5.047000,power1_input=3230000uW curr1_input=638mA in1_input=5047mV
2026-09-30T18:34:14+00:00,2d280c7862041cee1dd36a2ac164af8b7f9dcec3,False,2023.1,,ZynqMP KV260 revB machine-id:a435d1c5,,all,,hw,,,,kria,not read (sensor only),2d280c7862041cee1dd36a2ac164af8b7f9dcec3,,,,sensor_only,1,True,,performance,1333333,"0,1,2",,no-overlay idle reference (before any bitstream load),SOM-rail power (INA260),VCC_SOM,hwmon,/sys/class/hwmon/hwmon2 name=ina260_u14,"{""update_interval_ms"": ""not exposed""}",10.000,9.984,0.2793,0,0,sample_only,376.062093,111.610310,1790793245.944497,2026-09-30T18:34:05.944+00:00,3.220000,0.637000,5.046000,power1_input=3220000uW curr1_input=637mA in1_input=5046mV
2026-09-30T18:34:14+00:00,2d280c7862041cee1dd36a2ac164af8b7f9dcec3,False,2023.1,,ZynqMP KV260 revB machine-id:a435d1c5,,all,,hw,,,,kria,not read (sensor only),2d280c7862041cee1dd36a2ac164af8b7f9dcec3,,,,sensor_only,1,True,,performance,1333333,"0,1,2",,no-overlay idle reference (before any bitstream load),SOM-rail power (INA260),VCC_SOM,hwmon,/sys/class/hwmon/hwmon2 name=ina260_u14,"{""update_interval_ms"": ""not exposed""}",10.000,9.984,0.2793,0,0,sample_only,376.162116,111.710333,1790793246.044520,2026-09-30T18:34:06.044+00:00,3.230000,0.640000,5.047000,power1_input=3230000uW curr1_input=640mA in1_input=5047mV
2026-09-30T18:34:14+00:00,2d280c7862041cee1dd36a2ac164af8b7f9dcec3,False,2023.1,,ZynqMP KV260 revB machine-id:a435d1c5,,all,,hw,,,,kria,not read (sensor only),2d280c7862041cee1dd36a2ac164af8b7f9dcec3,,,,sensor_only,1,True,,performance,1333333,"0,1,2",,no-overlay idle reference (before any bitstream load),SOM-rail power (INA260),VCC_SOM,hwmon,/sys/class/hwmon/hwmon2 name=ina260_u14,"{""update_interval_ms"": ""not exposed""}",10.000,9.984,0.2793,0,0,sample_only,376.262056,111.810273,1790793246.144460,2026-09-30T18:34:06.144+00:00,3.240000,0.641000,5.047000,power1_input=3240000uW curr1_input=641mA in1_input=5047mV
2026-09-30T18:34:14+00:00,2d280c7862041cee1dd36a2ac164af8b7f9dcec3,False,2023.1,,ZynqMP KV260 revB machine-id:a435d1c5,,all,,hw,,,,kria,not read (sensor only),2d280c7862041cee1dd36a2ac164af8b7f9dcec3,,,,sensor_only,1,True,,performance,1333333,"0,1,2",,no-overlay idle reference (before any bitstream load),SOM-rail power (INA260),VCC_SOM,hwmon,/sys/class/hwmon/hwmon2 name=ina260_u14,"{""update_interval_ms"": ""not exposed""}",10.000,9.984,0.2793,0,0,sample_only,376.362049,111.910266,1790793246.244453,2026-09-30T18:34:06.244+00:00,3.230000,0.640000,5.046000,power1_input=3230000uW curr1_input=640mA in1_input=5046mV
2026-09-30T18:34:14+00:00,2d280c7862041cee1dd36a2ac164af8b7f9dcec3,False,2023.1,,ZynqMP KV260 revB machine-id:a435d1c5,,all,,hw,,,,kria,not read (sensor only),2d280c7862041cee1dd36a2ac164af8b7f9dcec3,,,,sensor_only,1,True,,performance,1333333,"0,1,2",,no-overlay idle reference (before any bitstream load),SOM-rail power (INA260),VCC_SOM,hwmon,/sys/class/hwmon/hwmon2 name=ina260_u14,"{""update_interval_ms"": ""not exposed""}",10.000,9.984,0.2793,0,0,sample_only,376.462094,112.010310,1790793246.344497,2026-09-30T18:34:06.344+00:00,3.210000,0.636000,5.047000,power1_input=3210000uW curr1_input=636mA in1_input=5047mV
2026-09-30T18:34:14+00:00,2d280c7862041cee1dd36a2ac164af8b7f9dcec3,False,2023.1,,ZynqMP KV260 revB machine-id:a435d1c5,,all,,hw,,,,kria,not read (sensor only),2d280c7862041cee1dd36a2ac164af8b7f9dcec3,,,,sensor_only,1,True,,performance,1333333,"0,1,2",,no-overlay idle reference (before any bitstream load),SOM-rail power (INA260),VCC_SOM,hwmon,/sys/class/hwmon/hwmon2 name=ina260_u14,"{""update_interval_ms"": ""not exposed""}",10.000,9.984,0.2793,0,0,sample_only,376.562043,112.110260,1790793246.444447,2026-09-30T18:34:06.444+00:00,3.230000,0.640000,5.047000,power1_input=3230000uW curr1_input=640mA in1_input=5047mV
2026-09-30T18:34:14+00:00,2d280c7862041cee1dd36a2ac164af8b7f9dcec3,False,2023.1,,ZynqMP KV260 revB machine-id:a435d1c5,,all,,hw,,,,kria,not read (sensor only),2d280c7862041cee1dd36a2ac164af8b7f9dcec3,,,,sensor_only,1,True,,performance,1333333,"0,1,2",,no-overlay idle reference (before any bitstream load),SOM-rail power (INA260),VCC_SOM,hwmon,/sys/class/hwmon/hwmon2 name=ina260_u14,"{""update_interval_ms"": ""not exposed""}",10.000,9.984,0.2793,0,0,sample_only,376.662049,112.210266,1790793246.544453,2026-09-30T18:34:06.544+00:00,3.220000,0.637000,5.047000,power1_input=3220000uW curr1_input=637mA in1_input=5047mV
2026-09-30T18:34:14+00:00,2d280c7862041cee1dd36a2ac164af8b7f9dcec3,False,2023.1,,ZynqMP KV260 revB machine-id:a435d1c5,,all,,hw,,,,kria,not read (sensor only),2d280c7862041cee1dd36a2ac164af8b7f9dcec3,,,,sensor_only,1,True,,performance,1333333,"0,1,2",,no-overlay idle reference (before any bitstream load),SOM-rail power (INA260),VCC_SOM,hwmon,/sys/class/hwmon/hwmon2 name=ina260_u14,"{""update_interval_ms"": ""not exposed""}",10.000,9.984,0.2793,0,0,sample_only,376.762047,112.310263,1790793246.644450,2026-09-30T18:34:06.644+00:00,3.210000,0.643000,5.047000,power1_input=3210000uW curr1_input=643mA in1_input=5047mV
2026-09-30T18:34:14+00:00,2d280c7862041cee1dd36a2ac164af8b7f9dcec3,False,2023.1,,ZynqMP KV260 revB machine-id:a435d1c5,,all,,hw,,,,kria,not read (sensor only),2d280c7862041cee1dd36a2ac164af8b7f9dcec3,,,,sensor_only,1,True,,performance,1333333,"0,1,2",,no-overlay idle reference (before any bitstream load),SOM-rail power (INA260),VCC_SOM,hwmon,/sys/class/hwmon/hwmon2 name=ina260_u14,"{""update_interval_ms"": ""not exposed""}",10.000,9.984,0.2793,0,0,sample_only,376.862097,112.410313,1790793246.744501,2026-09-30T18:34:06.744+00:00,3.230000,0.640000,5.046000,power1_input=3230000uW curr1_input=640mA in1_input=5046mV
2026-09-30T18:34:14+00:00,2d280c7862041cee1dd36a2ac164af8b7f9dcec3,False,2023.1,,ZynqMP KV260 revB machine-id:a435d1c5,,all,,hw,,,,kria,not read (sensor only),2d280c7862041cee1dd36a2ac164af8b7f9dcec3,,,,sensor_only,1,True,,performance,1333333,"0,1,2",,no-overlay idle reference (before any bitstream load),SOM-rail power (INA260),VCC_SOM,hwmon,/sys/class/hwmon/hwmon2 name=ina260_u14,"{""update_interval_ms"": ""not exposed""}",10.000,9.984,0.2793,0,0,sample_only,376.962058,112.510275,1790793246.844462,2026-09-30T18:34:06.844+00:00,3.220000,0.638000,5.046000,power1_input=3220000uW curr1_input=638mA in1_input=5046mV
2026-09-30T18:34:14+00:00,2d280c7862041cee1dd36a2ac164af8b7f9dcec3,False,2023.1,,ZynqMP KV260 revB machine-id:a435d1c5,,all,,hw,,,,kria,not read (sensor only),2d280c7862041cee1dd36a2ac164af8b7f9dcec3,,,,sensor_only,1,True,,performance,1333333,"0,1,2",,no-overlay idle reference (before any bitstream load),SOM-rail power (INA260),VCC_SOM,hwmon,/sys/class/hwmon/hwmon2 name=ina260_u14,"{""update_interval_ms"": ""not exposed""}",10.000,9.984,0.2793,0,0,sample_only,377.062119,112.610336,1790793246.944523,2026-09-30T18:34:06.944+00:00,3.220000,0.638000,5.047000,power1_input=3220000uW curr1_input=638mA in1_input=5047mV
2026-09-30T18:34:14+00:00,2d280c7862041cee1dd36a2ac164af8b7f9dcec3,False,2023.1,,ZynqMP KV260 revB machine-id:a435d1c5,,all,,hw,,,,kria,not read (sensor only),2d280c7862041cee1dd36a2ac164af8b7f9dcec3,,,,sensor_only,1,True,,performance,1333333,"0,1,2",,no-overlay idle reference (before any bitstream load),SOM-rail power (INA260),VCC_SOM,hwmon,/sys/class/hwmon/hwmon2 name=ina260_u14,"{""update_interval_ms"": ""not exposed""}",10.000,9.984,0.2793,0,0,sample_only,377.162125,112.710342,1790793247.044530,2026-09-30T18:34:07.044+00:00,3.220000,0.638000,5.047000,power1_input=3220000uW curr1_input=638mA in1_input=5047mV
2026-09-30T18:34:14+00:00,2d280c7862041cee1dd36a2ac164af8b7f9dcec3,False,2023.1,,ZynqMP KV260 revB machine-id:a435d1c5,,all,,hw,,,,kria,not read (sensor only),2d280c7862041cee1dd36a2ac164af8b7f9dcec3,,,,sensor_only,1,True,,performance,1333333,"0,1,2",,no-overlay idle reference (before any bitstream load),SOM-rail power (INA260),VCC_SOM,hwmon,/sys/class/hwmon/hwmon2 name=ina260_u14,"{""update_interval_ms"": ""not exposed""}",10.000,9.984,0.2793,0,0,sample_only,377.262110,112.810327,1790793247.144514,2026-09-30T18:34:07.144+00:00,3.210000,0.636000,5.046000,power1_input=3210000uW curr1_input=636mA in1_input=5046mV
2026-09-30T18:34:14+00:00,2d280c7862041cee1dd36a2ac164af8b7f9dcec3,False,2023.1,,ZynqMP KV260 revB machine-id:a435d1c5,,all,,hw,,,,kria,not read (sensor only),2d280c7862041cee1dd36a2ac164af8b7f9dcec3,,,,sensor_only,1,True,,performance,1333333,"0,1,2",,no-overlay idle reference (before any bitstream load),SOM-rail power (INA260),VCC_SOM,hwmon,/sys/class/hwmon/hwmon2 name=ina260_u14,"{""update_interval_ms"": ""not exposed""}",10.000,9.984,0.2793,0,0,sample_only,377.362049,112.910266,1790793247.244453,2026-09-30T18:34:07.244+00:00,3.240000,0.642000,5.047000,power1_input=3240000uW curr1_input=642mA in1_input=5047mV
2026-09-30T18:34:14+00:00,2d280c7862041cee1dd36a2ac164af8b7f9dcec3,False,2023.1,,ZynqMP KV260 revB machine-id:a435d1c5,,all,,hw,,,,kria,not read (sensor only),2d280c7862041cee1dd36a2ac164af8b7f9dcec3,,,,sensor_only,1,True,,performance,1333333,"0,1,2",,no-overlay idle reference (before any bitstream load),SOM-rail power (INA260),VCC_SOM,hwmon,/sys/class/hwmon/hwmon2 name=ina260_u14,"{""update_interval_ms"": ""not exposed""}",10.000,9.984,0.2793,0,0,sample_only,377.462108,113.010324,1790793247.344512,2026-09-30T18:34:07.344+00:00,3.210000,0.635000,5.047000,power1_input=3210000uW curr1_input=635mA in1_input=5047mV
2026-09-30T18:34:14+00:00,2d280c7862041cee1dd36a2ac164af8b7f9dcec3,False,2023.1,,ZynqMP KV260 revB machine-id:a435d1c5,,all,,hw,,,,kria,not read (sensor only),2d280c7862041cee1dd36a2ac164af8b7f9dcec3,,,,sensor_only,1,True,,performance,1333333,"0,1,2",,no-overlay idle reference (before any bitstream load),SOM-rail power (INA260),VCC_SOM,hwmon,/sys/class/hwmon/hwmon2 name=ina260_u14,"{""update_interval_ms"": ""not exposed""}",10.000,9.984,0.2793,0,0,sample_only,377.562064,113.110280,1790793247.444467,2026-09-30T18:34:07.444+00:00,3.230000,0.640000,5.047000,power1_input=3230000uW curr1_input=640mA in1_input=5047mV
2026-09-30T18:34:14+00:00,2d280c7862041cee1dd36a2ac164af8b7f9dcec3,False,2023.1,,ZynqMP KV260 revB machine-id:a435d1c5,,all,,hw,,,,kria,not read (sensor only),2d280c7862041cee1dd36a2ac164af8b7f9dcec3,,,,sensor_only,1,True,,performance,1333333,"0,1,2",,no-overlay idle reference (before any bitstream load),SOM-rail power (INA260),VCC_SOM,hwmon,/sys/class/hwmon/hwmon2 name=ina260_u14,"{""update_interval_ms"": ""not exposed""}",10.000,9.984,0.2793,0,0,sample_only,377.662062,113.210278,1790793247.544465,2026-09-30T18:34:07.544+00:00,3.210000,0.636000,5.047000,power1_input=3210000uW curr1_input=636mA in1_input=5047mV
2026-09-30T18:34:14+00:00,2d280c7862041cee1dd36a2ac164af8b7f9dcec3,False,2023.1,,ZynqMP KV260 revB machine-id:a435d1c5,,all,,hw,,,,kria,not read (sensor only),2d280c7862041cee1dd36a2ac164af8b7f9dcec3,,,,sensor_only,1,True,,performance,1333333,"0,1,2",,no-overlay idle reference (before any bitstream load),SOM-rail power (INA260),VCC_SOM,hwmon,/sys/class/hwmon/hwmon2 name=ina260_u14,"{""update_interval_ms"": ""not exposed""}",10.000,9.984,0.2793,0,0,sample_only,377.762047,113.310263,1790793247.644450,2026-09-30T18:34:07.644+00:00,3.210000,0.636000,5.047000,power1_input=3210000uW curr1_input=636mA in1_input=5047mV
2026-09-30T18:34:14+00:00,2d280c7862041cee1dd36a2ac164af8b7f9dcec3,False,2023.1,,ZynqMP KV260 revB machine-id:a435d1c5,,all,,hw,,,,kria,not read (sensor only),2d280c7862041cee1dd36a2ac164af8b7f9dcec3,,,,sensor_only,1,True,,performance,1333333,"0,1,2",,no-overlay idle reference (before any bitstream load),SOM-rail power (INA260),VCC_SOM,hwmon,/sys/class/hwmon/hwmon2 name=ina260_u14,"{""update_interval_ms"": ""not exposed""}",10.000,9.984,0.2793,0,0,sample_only,377.862117,113.410334,1790793247.744521,2026-09-30T18:34:07.744+00:00,3.230000,0.640000,5.046000,power1_input=3230000uW curr1_input=640mA in1_input=5046mV
2026-09-30T18:34:14+00:00,2d280c7862041cee1dd36a2ac164af8b7f9dcec3,False,2023.1,,ZynqMP KV260 revB machine-id:a435d1c5,,all,,hw,,,,kria,not read (sensor only),2d280c7862041cee1dd36a2ac164af8b7f9dcec3,,,,sensor_only,1,True,,performance,1333333,"0,1,2",,no-overlay idle reference (before any bitstream load),SOM-rail power (INA260),VCC_SOM,hwmon,/sys/class/hwmon/hwmon2 name=ina260_u14,"{""update_interval_ms"": ""not exposed""}",10.000,9.984,0.2793,0,0,sample_only,377.962079,113.510296,1790793247.844483,2026-09-30T18:34:07.844+00:00,3.220000,0.637000,5.047000,power1_input=3220000uW curr1_input=637mA in1_input=5047mV
2026-09-30T18:34:14+00:00,2d280c7862041cee1dd36a2ac164af8b7f9dcec3,False,2023.1,,ZynqMP KV260 revB machine-id:a435d1c5,,all,,hw,,,,kria,not read (sensor only),2d280c7862041cee1dd36a2ac164af8b7f9dcec3,,,,sensor_only,1,True,,performance,1333333,"0,1,2",,no-overlay idle reference (before any bitstream load),SOM-rail power (INA260),VCC_SOM,hwmon,/sys/class/hwmon/hwmon2 name=ina260_u14,"{""update_interval_ms"": ""not exposed""}",10.000,9.984,0.2793,0,0,sample_only,378.062058,113.610274,1790793247.944461,2026-09-30T18:34:07.944+00:00,3.230000,0.640000,5.047000,power1_input=3230000uW curr1_input=640mA in1_input=5047mV
2026-09-30T18:34:14+00:00,2d280c7862041cee1dd36a2ac164af8b7f9dcec3,False,2023.1,,ZynqMP KV260 revB machine-id:a435d1c5,,all,,hw,,,,kria,not read (sensor only),2d280c7862041cee1dd36a2ac164af8b7f9dcec3,,,,sensor_only,1,True,,performance,1333333,"0,1,2",,no-overlay idle reference (before any bitstream load),SOM-rail power (INA260),VCC_SOM,hwmon,/sys/class/hwmon/hwmon2 name=ina260_u14,"{""update_interval_ms"": ""not exposed""}",10.000,9.984,0.2793,0,0,sample_only,378.162118,113.710335,1790793248.044523,2026-09-30T18:34:08.044+00:00,3.230000,0.640000,5.047000,power1_input=3230000uW curr1_input=640mA in1_input=5047mV
2026-09-30T18:34:14+00:00,2d280c7862041cee1dd36a2ac164af8b7f9dcec3,False,2023.1,,ZynqMP KV260 revB machine-id:a435d1c5,,all,,hw,,,,kria,not read (sensor only),2d280c7862041cee1dd36a2ac164af8b7f9dcec3,,,,sensor_only,1,True,,performance,1333333,"0,1,2",,no-overlay idle reference (before any bitstream load),SOM-rail power (INA260),VCC_SOM,hwmon,/sys/class/hwmon/hwmon2 name=ina260_u14,"{""update_interval_ms"": ""not exposed""}",10.000,9.984,0.2793,0,0,sample_only,378.262062,113.810279,1790793248.144466,2026-09-30T18:34:08.144+00:00,3.230000,0.640000,5.047000,power1_input=3230000uW curr1_input=640mA in1_input=5047mV
2026-09-30T18:34:14+00:00,2d280c7862041cee1dd36a2ac164af8b7f9dcec3,False,2023.1,,ZynqMP KV260 revB machine-id:a435d1c5,,all,,hw,,,,kria,not read (sensor only),2d280c7862041cee1dd36a2ac164af8b7f9dcec3,,,,sensor_only,1,True,,performance,1333333,"0,1,2",,no-overlay idle reference (before any bitstream load),SOM-rail power (INA260),VCC_SOM,hwmon,/sys/class/hwmon/hwmon2 name=ina260_u14,"{""update_interval_ms"": ""not exposed""}",10.000,9.984,0.2793,0,0,sample_only,378.362069,113.910286,1790793248.244473,2026-09-30T18:34:08.244+00:00,3.240000,0.641000,5.047000,power1_input=3240000uW curr1_input=641mA in1_input=5047mV
2026-09-30T18:34:14+00:00,2d280c7862041cee1dd36a2ac164af8b7f9dcec3,False,2023.1,,ZynqMP KV260 revB machine-id:a435d1c5,,all,,hw,,,,kria,not read (sensor only),2d280c7862041cee1dd36a2ac164af8b7f9dcec3,,,,sensor_only,1,True,,performance,1333333,"0,1,2",,no-overlay idle reference (before any bitstream load),SOM-rail power (INA260),VCC_SOM,hwmon,/sys/class/hwmon/hwmon2 name=ina260_u14,"{""update_interval_ms"": ""not exposed""}",10.000,9.984,0.2793,0,0,sample_only,378.462097,114.010314,1790793248.344501,2026-09-30T18:34:08.344+00:00,3.210000,0.638000,5.047000,power1_input=3210000uW curr1_input=638mA in1_input=5047mV
2026-09-30T18:34:14+00:00,2d280c7862041cee1dd36a2ac164af8b7f9dcec3,False,2023.1,,ZynqMP KV260 revB machine-id:a435d1c5,,all,,hw,,,,kria,not read (sensor only),2d280c7862041cee1dd36a2ac164af8b7f9dcec3,,,,sensor_only,1,True,,performance,1333333,"0,1,2",,no-overlay idle reference (before any bitstream load),SOM-rail power (INA260),VCC_SOM,hwmon,/sys/class/hwmon/hwmon2 name=ina260_u14,"{""update_interval_ms"": ""not exposed""}",10.000,9.984,0.2793,0,0,sample_only,378.562051,114.110267,1790793248.444454,2026-09-30T18:34:08.444+00:00,3.200000,0.636000,5.046000,power1_input=3200000uW curr1_input=636mA in1_input=5046mV
2026-09-30T18:34:14+00:00,2d280c7862041cee1dd36a2ac164af8b7f9dcec3,False,2023.1,,ZynqMP KV260 revB machine-id:a435d1c5,,all,,hw,,,,kria,not read (sensor only),2d280c7862041cee1dd36a2ac164af8b7f9dcec3,,,,sensor_only,1,True,,performance,1333333,"0,1,2",,no-overlay idle reference (before any bitstream load),SOM-rail power (INA260),VCC_SOM,hwmon,/sys/class/hwmon/hwmon2 name=ina260_u14,"{""update_interval_ms"": ""not exposed""}",10.000,9.984,0.2793,0,0,sample_only,378.662056,114.210272,1790793248.544460,2026-09-30T18:34:08.544+00:00,3.240000,0.642000,5.047000,power1_input=3240000uW curr1_input=642mA in1_input=5047mV
2026-09-30T18:34:14+00:00,2d280c7862041cee1dd36a2ac164af8b7f9dcec3,False,2023.1,,ZynqMP KV260 revB machine-id:a435d1c5,,all,,hw,,,,kria,not read (sensor only),2d280c7862041cee1dd36a2ac164af8b7f9dcec3,,,,sensor_only,1,True,,performance,1333333,"0,1,2",,no-overlay idle reference (before any bitstream load),SOM-rail power (INA260),VCC_SOM,hwmon,/sys/class/hwmon/hwmon2 name=ina260_u14,"{""update_interval_ms"": ""not exposed""}",10.000,9.984,0.2793,0,0,sample_only,378.762044,114.310260,1790793248.644447,2026-09-30T18:34:08.644+00:00,3.220000,0.638000,5.047000,power1_input=3220000uW curr1_input=638mA in1_input=5047mV
2026-09-30T18:34:14+00:00,2d280c7862041cee1dd36a2ac164af8b7f9dcec3,False,2023.1,,ZynqMP KV260 revB machine-id:a435d1c5,,all,,hw,,,,kria,not read (sensor only),2d280c7862041cee1dd36a2ac164af8b7f9dcec3,,,,sensor_only,1,True,,performance,1333333,"0,1,2",,no-overlay idle reference (before any bitstream load),SOM-rail power (INA260),VCC_SOM,hwmon,/sys/class/hwmon/hwmon2 name=ina260_u14,"{""update_interval_ms"": ""not exposed""}",10.000,9.984,0.2793,0,0,sample_only,378.862104,114.410321,1790793248.744509,2026-09-30T18:34:08.744+00:00,3.330000,0.660000,5.046000,power1_input=3330000uW curr1_input=660mA in1_input=5046mV
2026-09-30T18:34:14+00:00,2d280c7862041cee1dd36a2ac164af8b7f9dcec3,False,2023.1,,ZynqMP KV260 revB machine-id:a435d1c5,,all,,hw,,,,kria,not read (sensor only),2d280c7862041cee1dd36a2ac164af8b7f9dcec3,,,,sensor_only,1,True,,performance,1333333,"0,1,2",,no-overlay idle reference (before any bitstream load),SOM-rail power (INA260),VCC_SOM,hwmon,/sys/class/hwmon/hwmon2 name=ina260_u14,"{""update_interval_ms"": ""not exposed""}",10.000,9.984,0.2793,0,0,sample_only,378.962118,114.510335,1790793248.844522,2026-09-30T18:34:08.844+00:00,3.210000,0.636000,5.046000,power1_input=3210000uW curr1_input=636mA in1_input=5046mV
2026-09-30T18:34:14+00:00,2d280c7862041cee1dd36a2ac164af8b7f9dcec3,False,2023.1,,ZynqMP KV260 revB machine-id:a435d1c5,,all,,hw,,,,kria,not read (sensor only),2d280c7862041cee1dd36a2ac164af8b7f9dcec3,,,,sensor_only,1,True,,performance,1333333,"0,1,2",,no-overlay idle reference (before any bitstream load),SOM-rail power (INA260),VCC_SOM,hwmon,/sys/class/hwmon/hwmon2 name=ina260_u14,"{""update_interval_ms"": ""not exposed""}",10.000,9.984,0.2793,0,0,sample_only,379.062100,114.610316,1790793248.944504,2026-09-30T18:34:08.944+00:00,3.220000,0.638000,5.047000,power1_input=3220000uW curr1_input=638mA in1_input=5047mV
2026-09-30T18:34:14+00:00,2d280c7862041cee1dd36a2ac164af8b7f9dcec3,False,2023.1,,ZynqMP KV260 revB machine-id:a435d1c5,,all,,hw,,,,kria,not read (sensor only),2d280c7862041cee1dd36a2ac164af8b7f9dcec3,,,,sensor_only,1,True,,performance,1333333,"0,1,2",,no-overlay idle reference (before any bitstream load),SOM-rail power (INA260),VCC_SOM,hwmon,/sys/class/hwmon/hwmon2 name=ina260_u14,"{""update_interval_ms"": ""not exposed""}",10.000,9.984,0.2793,0,0,sample_only,379.162054,114.710271,1790793249.044458,2026-09-30T18:34:09.044+00:00,3.220000,0.636000,5.047000,power1_input=3220000uW curr1_input=636mA in1_input=5047mV
2026-09-30T18:34:14+00:00,2d280c7862041cee1dd36a2ac164af8b7f9dcec3,False,2023.1,,ZynqMP KV260 revB machine-id:a435d1c5,,all,,hw,,,,kria,not read (sensor only),2d280c7862041cee1dd36a2ac164af8b7f9dcec3,,,,sensor_only,1,True,,performance,1333333,"0,1,2",,no-overlay idle reference (before any bitstream load),SOM-rail power (INA260),VCC_SOM,hwmon,/sys/class/hwmon/hwmon2 name=ina260_u14,"{""update_interval_ms"": ""not exposed""}",10.000,9.984,0.2793,0,0,sample_only,379.262094,114.810311,1790793249.144498,2026-09-30T18:34:09.144+00:00,3.210000,0.636000,5.046000,power1_input=3210000uW curr1_input=636mA in1_input=5046mV
2026-09-30T18:34:14+00:00,2d280c7862041cee1dd36a2ac164af8b7f9dcec3,False,2023.1,,ZynqMP KV260 revB machine-id:a435d1c5,,all,,hw,,,,kria,not read (sensor only),2d280c7862041cee1dd36a2ac164af8b7f9dcec3,,,,sensor_only,1,True,,performance,1333333,"0,1,2",,no-overlay idle reference (before any bitstream load),SOM-rail power (INA260),VCC_SOM,hwmon,/sys/class/hwmon/hwmon2 name=ina260_u14,"{""update_interval_ms"": ""not exposed""}",10.000,9.984,0.2793,0,0,sample_only,379.362057,114.910274,1790793249.244461,2026-09-30T18:34:09.244+00:00,3.210000,0.635000,5.046000,power1_input=3210000uW curr1_input=635mA in1_input=5046mV
2026-09-30T18:34:14+00:00,2d280c7862041cee1dd36a2ac164af8b7f9dcec3,False,2023.1,,ZynqMP KV260 revB machine-id:a435d1c5,,all,,hw,,,,kria,not read (sensor only),2d280c7862041cee1dd36a2ac164af8b7f9dcec3,,,,sensor_only,1,True,,performance,1333333,"0,1,2",,no-overlay idle reference (before any bitstream load),SOM-rail power (INA260),VCC_SOM,hwmon,/sys/class/hwmon/hwmon2 name=ina260_u14,"{""update_interval_ms"": ""not exposed""}",10.000,9.984,0.2793,0,0,sample_only,379.462136,115.010352,1790793249.344540,2026-09-30T18:34:09.344+00:00,3.590000,0.681000,5.046000,power1_input=3590000uW curr1_input=681mA in1_input=5046mV
2026-09-30T18:34:14+00:00,2d280c7862041cee1dd36a2ac164af8b7f9dcec3,False,2023.1,,ZynqMP KV260 revB machine-id:a435d1c5,,all,,hw,,,,kria,not read (sensor only),2d280c7862041cee1dd36a2ac164af8b7f9dcec3,,,,sensor_only,1,True,,performance,1333333,"0,1,2",,no-overlay idle reference (before any bitstream load),SOM-rail power (INA260),VCC_SOM,hwmon,/sys/class/hwmon/hwmon2 name=ina260_u14,"{""update_interval_ms"": ""not exposed""}",10.000,9.984,0.2793,0,0,sample_only,379.562069,115.110285,1790793249.444473,2026-09-30T18:34:09.444+00:00,3.220000,0.637000,5.046000,power1_input=3220000uW curr1_input=637mA in1_input=5046mV
2026-09-30T18:34:14+00:00,2d280c7862041cee1dd36a2ac164af8b7f9dcec3,False,2023.1,,ZynqMP KV260 revB machine-id:a435d1c5,,all,,hw,,,,kria,not read (sensor only),2d280c7862041cee1dd36a2ac164af8b7f9dcec3,,,,sensor_only,1,True,,performance,1333333,"0,1,2",,no-overlay idle reference (before any bitstream load),SOM-rail power (INA260),VCC_SOM,hwmon,/sys/class/hwmon/hwmon2 name=ina260_u14,"{""update_interval_ms"": ""not exposed""}",10.000,9.984,0.2793,0,0,sample_only,379.662074,115.210290,1790793249.544478,2026-09-30T18:34:09.544+00:00,3.240000,0.642000,5.046000,power1_input=3240000uW curr1_input=642mA in1_input=5046mV
2026-09-30T18:34:14+00:00,2d280c7862041cee1dd36a2ac164af8b7f9dcec3,False,2023.1,,ZynqMP KV260 revB machine-id:a435d1c5,,all,,hw,,,,kria,not read (sensor only),2d280c7862041cee1dd36a2ac164af8b7f9dcec3,,,,sensor_only,1,True,,performance,1333333,"0,1,2",,no-overlay idle reference (before any bitstream load),SOM-rail power (INA260),VCC_SOM,hwmon,/sys/class/hwmon/hwmon2 name=ina260_u14,"{""update_interval_ms"": ""not exposed""}",10.000,9.984,0.2793,0,0,sample_only,379.762098,115.310314,1790793249.644502,2026-09-30T18:34:09.644+00:00,3.220000,0.637000,5.047000,power1_input=3220000uW curr1_input=637mA in1_input=5047mV
2026-09-30T18:34:14+00:00,2d280c7862041cee1dd36a2ac164af8b7f9dcec3,False,2023.1,,ZynqMP KV260 revB machine-id:a435d1c5,,all,,hw,,,,kria,not read (sensor only),2d280c7862041cee1dd36a2ac164af8b7f9dcec3,,,,sensor_only,1,True,,performance,1333333,"0,1,2",,no-overlay idle reference (before any bitstream load),SOM-rail power (INA260),VCC_SOM,hwmon,/sys/class/hwmon/hwmon2 name=ina260_u14,"{""update_interval_ms"": ""not exposed""}",10.000,9.984,0.2793,0,0,sample_only,379.862135,115.410351,1790793249.744539,2026-09-30T18:34:09.744+00:00,3.240000,0.642000,5.046000,power1_input=3240000uW curr1_input=642mA in1_input=5046mV
2026-09-30T18:34:14+00:00,2d280c7862041cee1dd36a2ac164af8b7f9dcec3,False,2023.1,,ZynqMP KV260 revB machine-id:a435d1c5,,all,,hw,,,,kria,not read (sensor only),2d280c7862041cee1dd36a2ac164af8b7f9dcec3,,,,sensor_only,1,True,,performance,1333333,"0,1,2",,no-overlay idle reference (before any bitstream load),SOM-rail power (INA260),VCC_SOM,hwmon,/sys/class/hwmon/hwmon2 name=ina260_u14,"{""update_interval_ms"": ""not exposed""}",10.000,9.984,0.2793,0,0,sample_only,379.962066,115.510283,1790793249.844470,2026-09-30T18:34:09.844+00:00,3.210000,0.636000,5.047000,power1_input=3210000uW curr1_input=636mA in1_input=5047mV
2026-09-30T18:34:14+00:00,2d280c7862041cee1dd36a2ac164af8b7f9dcec3,False,2023.1,,ZynqMP KV260 revB machine-id:a435d1c5,,all,,hw,,,,kria,not read (sensor only),2d280c7862041cee1dd36a2ac164af8b7f9dcec3,,,,sensor_only,1,True,,performance,1333333,"0,1,2",,no-overlay idle reference (before any bitstream load),SOM-rail power (INA260),VCC_SOM,hwmon,/sys/class/hwmon/hwmon2 name=ina260_u14,"{""update_interval_ms"": ""not exposed""}",10.000,9.984,0.2793,0,0,sample_only,380.062055,115.610271,1790793249.944458,2026-09-30T18:34:09.944+00:00,3.220000,0.637000,5.047000,power1_input=3220000uW curr1_input=637mA in1_input=5047mV
2026-09-30T18:34:14+00:00,2d280c7862041cee1dd36a2ac164af8b7f9dcec3,False,2023.1,,ZynqMP KV260 revB machine-id:a435d1c5,,all,,hw,,,,kria,not read (sensor only),2d280c7862041cee1dd36a2ac164af8b7f9dcec3,,,,sensor_only,1,True,,performance,1333333,"0,1,2",,no-overlay idle reference (before any bitstream load),SOM-rail power (INA260),VCC_SOM,hwmon,/sys/class/hwmon/hwmon2 name=ina260_u14,"{""update_interval_ms"": ""not exposed""}",10.000,9.984,0.2793,0,0,sample_only,380.162068,115.710285,1790793250.044472,2026-09-30T18:34:10.044+00:00,3.220000,0.636000,5.047000,power1_input=3220000uW curr1_input=636mA in1_input=5047mV
2026-09-30T18:34:14+00:00,2d280c7862041cee1dd36a2ac164af8b7f9dcec3,False,2023.1,,ZynqMP KV260 revB machine-id:a435d1c5,,all,,hw,,,,kria,not read (sensor only),2d280c7862041cee1dd36a2ac164af8b7f9dcec3,,,,sensor_only,1,True,,performance,1333333,"0,1,2",,no-overlay idle reference (before any bitstream load),SOM-rail power (INA260),VCC_SOM,hwmon,/sys/class/hwmon/hwmon2 name=ina260_u14,"{""update_interval_ms"": ""not exposed""}",10.000,9.984,0.2793,0,0,sample_only,380.262058,115.810274,1790793250.144461,2026-09-30T18:34:10.144+00:00,3.220000,0.637000,5.048000,power1_input=3220000uW curr1_input=637mA in1_input=5048mV
2026-09-30T18:34:14+00:00,2d280c7862041cee1dd36a2ac164af8b7f9dcec3,False,2023.1,,ZynqMP KV260 revB machine-id:a435d1c5,,all,,hw,,,,kria,not read (sensor only),2d280c7862041cee1dd36a2ac164af8b7f9dcec3,,,,sensor_only,1,True,,performance,1333333,"0,1,2",,no-overlay idle reference (before any bitstream load),SOM-rail power (INA260),VCC_SOM,hwmon,/sys/class/hwmon/hwmon2 name=ina260_u14,"{""update_interval_ms"": ""not exposed""}",10.000,9.984,0.2793,0,0,sample_only,380.362095,115.910311,1790793250.244498,2026-09-30T18:34:10.244+00:00,3.220000,0.637000,5.047000,power1_input=3220000uW curr1_input=637mA in1_input=5047mV
2026-09-30T18:34:14+00:00,2d280c7862041cee1dd36a2ac164af8b7f9dcec3,False,2023.1,,ZynqMP KV260 revB machine-id:a435d1c5,,all,,hw,,,,kria,not read (sensor only),2d280c7862041cee1dd36a2ac164af8b7f9dcec3,,,,sensor_only,1,True,,performance,1333333,"0,1,2",,no-overlay idle reference (before any bitstream load),SOM-rail power (INA260),VCC_SOM,hwmon,/sys/class/hwmon/hwmon2 name=ina260_u14,"{""update_interval_ms"": ""not exposed""}",10.000,9.984,0.2793,0,0,sample_only,380.462141,116.010357,1790793250.344545,2026-09-30T18:34:10.344+00:00,3.470000,0.655000,5.047000,power1_input=3470000uW curr1_input=655mA in1_input=5047mV
2026-09-30T18:34:14+00:00,2d280c7862041cee1dd36a2ac164af8b7f9dcec3,False,2023.1,,ZynqMP KV260 revB machine-id:a435d1c5,,all,,hw,,,,kria,not read (sensor only),2d280c7862041cee1dd36a2ac164af8b7f9dcec3,,,,sensor_only,1,True,,performance,1333333,"0,1,2",,no-overlay idle reference (before any bitstream load),SOM-rail power (INA260),VCC_SOM,hwmon,/sys/class/hwmon/hwmon2 name=ina260_u14,"{""update_interval_ms"": ""not exposed""}",10.000,9.984,0.2793,0,0,sample_only,380.562139,116.110356,1790793250.444544,2026-09-30T18:34:10.444+00:00,3.430000,0.678000,5.046000,power1_input=3430000uW curr1_input=678mA in1_input=5046mV
2026-09-30T18:34:14+00:00,2d280c7862041cee1dd36a2ac164af8b7f9dcec3,False,2023.1,,ZynqMP KV260 revB machine-id:a435d1c5,,all,,hw,,,,kria,not read (sensor only),2d280c7862041cee1dd36a2ac164af8b7f9dcec3,,,,sensor_only,1,True,,performance,1333333,"0,1,2",,no-overlay idle reference (before any bitstream load),SOM-rail power (INA260),VCC_SOM,hwmon,/sys/class/hwmon/hwmon2 name=ina260_u14,"{""update_interval_ms"": ""not exposed""}",10.000,9.984,0.2793,0,0,sample_only,380.662142,116.210359,1790793250.544547,2026-09-30T18:34:10.544+00:00,3.390000,0.671000,5.047000,power1_input=3390000uW curr1_input=671mA in1_input=5047mV
2026-09-30T18:34:14+00:00,2d280c7862041cee1dd36a2ac164af8b7f9dcec3,False,2023.1,,ZynqMP KV260 revB machine-id:a435d1c5,,all,,hw,,,,kria,not read (sensor only),2d280c7862041cee1dd36a2ac164af8b7f9dcec3,,,,sensor_only,1,True,,performance,1333333,"0,1,2",,no-overlay idle reference (before any bitstream load),SOM-rail power (INA260),VCC_SOM,hwmon,/sys/class/hwmon/hwmon2 name=ina260_u14,"{""update_interval_ms"": ""not exposed""}",10.000,9.984,0.2793,0,0,sample_only,380.762140,116.310356,1790793250.644544,2026-09-30T18:34:10.644+00:00,3.410000,0.675000,5.046000,power1_input=3410000uW curr1_input=675mA in1_input=5046mV
2026-09-30T18:34:14+00:00,2d280c7862041cee1dd36a2ac164af8b7f9dcec3,False,2023.1,,ZynqMP KV260 revB machine-id:a435d1c5,,all,,hw,,,,kria,not read (sensor only),2d280c7862041cee1dd36a2ac164af8b7f9dcec3,,,,sensor_only,1,True,,performance,1333333,"0,1,2",,no-overlay idle reference (before any bitstream load),SOM-rail power (INA260),VCC_SOM,hwmon,/sys/class/hwmon/hwmon2 name=ina260_u14,"{""update_interval_ms"": ""not exposed""}",10.000,9.984,0.2793,0,0,sample_only,380.862133,116.410349,1790793250.744538,2026-09-30T18:34:10.744+00:00,3.430000,0.678000,5.047000,power1_input=3430000uW curr1_input=678mA in1_input=5047mV
2026-09-30T18:34:14+00:00,2d280c7862041cee1dd36a2ac164af8b7f9dcec3,False,2023.1,,ZynqMP KV260 revB machine-id:a435d1c5,,all,,hw,,,,kria,not read (sensor only),2d280c7862041cee1dd36a2ac164af8b7f9dcec3,,,,sensor_only,1,True,,performance,1333333,"0,1,2",,no-overlay idle reference (before any bitstream load),SOM-rail power (INA260),VCC_SOM,hwmon,/sys/class/hwmon/hwmon2 name=ina260_u14,"{""update_interval_ms"": ""not exposed""}",10.000,9.984,0.2793,0,0,sample_only,380.962137,116.510353,1790793250.844541,2026-09-30T18:34:10.844+00:00,3.400000,0.672000,5.047000,power1_input=3400000uW curr1_input=672mA in1_input=5047mV
2026-09-30T18:34:14+00:00,2d280c7862041cee1dd36a2ac164af8b7f9dcec3,False,2023.1,,ZynqMP KV260 revB machine-id:a435d1c5,,all,,hw,,,,kria,not read (sensor only),2d280c7862041cee1dd36a2ac164af8b7f9dcec3,,,,sensor_only,1,True,,performance,1333333,"0,1,2",,no-overlay idle reference (before any bitstream load),SOM-rail power (INA260),VCC_SOM,hwmon,/sys/class/hwmon/hwmon2 name=ina260_u14,"{""update_interval_ms"": ""not exposed""}",10.000,9.984,0.2793,0,0,sample_only,381.062129,116.610346,1790793250.944534,2026-09-30T18:34:10.944+00:00,3.380000,0.670000,5.047000,power1_input=3380000uW curr1_input=670mA in1_input=5047mV
2026-09-30T18:34:14+00:00,2d280c7862041cee1dd36a2ac164af8b7f9dcec3,False,2023.1,,ZynqMP KV260 revB machine-id:a435d1c5,,all,,hw,,,,kria,not read (sensor only),2d280c7862041cee1dd36a2ac164af8b7f9dcec3,,,,sensor_only,1,True,,performance,1333333,"0,1,2",,no-overlay idle reference (before any bitstream load),SOM-rail power (INA260),VCC_SOM,hwmon,/sys/class/hwmon/hwmon2 name=ina260_u14,"{""update_interval_ms"": ""not exposed""}",10.000,9.984,0.2793,0,0,sample_only,381.162135,116.710351,1790793251.044539,2026-09-30T18:34:11.044+00:00,3.390000,0.675000,5.046000,power1_input=3390000uW curr1_input=675mA in1_input=5046mV
2026-09-30T18:34:14+00:00,2d280c7862041cee1dd36a2ac164af8b7f9dcec3,False,2023.1,,ZynqMP KV260 revB machine-id:a435d1c5,,all,,hw,,,,kria,not read (sensor only),2d280c7862041cee1dd36a2ac164af8b7f9dcec3,,,,sensor_only,1,True,,performance,1333333,"0,1,2",,no-overlay idle reference (before any bitstream load),SOM-rail power (INA260),VCC_SOM,hwmon,/sys/class/hwmon/hwmon2 name=ina260_u14,"{""update_interval_ms"": ""not exposed""}",10.000,9.984,0.2793,0,0,sample_only,381.262125,116.810341,1790793251.144529,2026-09-30T18:34:11.144+00:00,3.380000,0.670000,5.047000,power1_input=3380000uW curr1_input=670mA in1_input=5047mV
2026-09-30T18:34:14+00:00,2d280c7862041cee1dd36a2ac164af8b7f9dcec3,False,2023.1,,ZynqMP KV260 revB machine-id:a435d1c5,,all,,hw,,,,kria,not read (sensor only),2d280c7862041cee1dd36a2ac164af8b7f9dcec3,,,,sensor_only,1,True,,performance,1333333,"0,1,2",,no-overlay idle reference (before any bitstream load),SOM-rail power (INA260),VCC_SOM,hwmon,/sys/class/hwmon/hwmon2 name=ina260_u14,"{""update_interval_ms"": ""not exposed""}",10.000,9.984,0.2793,0,0,sample_only,381.362135,116.910351,1790793251.244539,2026-09-30T18:34:11.244+00:00,3.520000,0.697000,5.046000,power1_input=3520000uW curr1_input=697mA in1_input=5046mV
2026-09-30T18:34:14+00:00,2d280c7862041cee1dd36a2ac164af8b7f9dcec3,False,2023.1,,ZynqMP KV260 revB machine-id:a435d1c5,,all,,hw,,,,kria,not read (sensor only),2d280c7862041cee1dd36a2ac164af8b7f9dcec3,,,,sensor_only,1,True,,performance,1333333,"0,1,2",,no-overlay idle reference (before any bitstream load),SOM-rail power (INA260),VCC_SOM,hwmon,/sys/class/hwmon/hwmon2 name=ina260_u14,"{""update_interval_ms"": ""not exposed""}",10.000,9.984,0.2793,0,0,sample_only,381.462143,117.010359,1790793251.344547,2026-09-30T18:34:11.344+00:00,3.400000,0.673000,5.047000,power1_input=3400000uW curr1_input=673mA in1_input=5047mV
2026-09-30T18:34:14+00:00,2d280c7862041cee1dd36a2ac164af8b7f9dcec3,False,2023.1,,ZynqMP KV260 revB machine-id:a435d1c5,,all,,hw,,,,kria,not read (sensor only),2d280c7862041cee1dd36a2ac164af8b7f9dcec3,,,,sensor_only,1,True,,performance,1333333,"0,1,2",,no-overlay idle reference (before any bitstream load),SOM-rail power (INA260),VCC_SOM,hwmon,/sys/class/hwmon/hwmon2 name=ina260_u14,"{""update_interval_ms"": ""not exposed""}",10.000,9.984,0.2793,0,0,sample_only,381.562198,117.110415,1790793251.444602,2026-09-30T18:34:11.444+00:00,3.390000,0.670000,5.047000,power1_input=3390000uW curr1_input=670mA in1_input=5047mV
2026-09-30T18:34:14+00:00,2d280c7862041cee1dd36a2ac164af8b7f9dcec3,False,2023.1,,ZynqMP KV260 revB machine-id:a435d1c5,,all,,hw,,,,kria,not read (sensor only),2d280c7862041cee1dd36a2ac164af8b7f9dcec3,,,,sensor_only,1,True,,performance,1333333,"0,1,2",,no-overlay idle reference (before any bitstream load),SOM-rail power (INA260),VCC_SOM,hwmon,/sys/class/hwmon/hwmon2 name=ina260_u14,"{""update_interval_ms"": ""not exposed""}",10.000,9.984,0.2793,0,0,sample_only,381.662132,117.210348,1790793251.544536,2026-09-30T18:34:11.544+00:00,3.390000,0.670000,5.047000,power1_input=3390000uW curr1_input=670mA in1_input=5047mV
2026-09-30T18:34:14+00:00,2d280c7862041cee1dd36a2ac164af8b7f9dcec3,False,2023.1,,ZynqMP KV260 revB machine-id:a435d1c5,,all,,hw,,,,kria,not read (sensor only),2d280c7862041cee1dd36a2ac164af8b7f9dcec3,,,,sensor_only,1,True,,performance,1333333,"0,1,2",,no-overlay idle reference (before any bitstream load),SOM-rail power (INA260),VCC_SOM,hwmon,/sys/class/hwmon/hwmon2 name=ina260_u14,"{""update_interval_ms"": ""not exposed""}",10.000,9.984,0.2793,0,0,sample_only,381.762169,117.310385,1790793251.644573,2026-09-30T18:34:11.644+00:00,3.380000,0.668000,5.046000,power1_input=3380000uW curr1_input=668mA in1_input=5046mV
2026-09-30T18:34:14+00:00,2d280c7862041cee1dd36a2ac164af8b7f9dcec3,False,2023.1,,ZynqMP KV260 revB machine-id:a435d1c5,,all,,hw,,,,kria,not read (sensor only),2d280c7862041cee1dd36a2ac164af8b7f9dcec3,,,,sensor_only,1,True,,performance,1333333,"0,1,2",,no-overlay idle reference (before any bitstream load),SOM-rail power (INA260),VCC_SOM,hwmon,/sys/class/hwmon/hwmon2 name=ina260_u14,"{""update_interval_ms"": ""not exposed""}",10.000,9.984,0.2793,0,0,sample_only,381.862154,117.410371,1790793251.744559,2026-09-30T18:34:11.744+00:00,3.400000,0.681000,5.047000,power1_input=3400000uW curr1_input=681mA in1_input=5047mV
2026-09-30T18:34:14+00:00,2d280c7862041cee1dd36a2ac164af8b7f9dcec3,False,2023.1,,ZynqMP KV260 revB machine-id:a435d1c5,,all,,hw,,,,kria,not read (sensor only),2d280c7862041cee1dd36a2ac164af8b7f9dcec3,,,,sensor_only,1,True,,performance,1333333,"0,1,2",,no-overlay idle reference (before any bitstream load),SOM-rail power (INA260),VCC_SOM,hwmon,/sys/class/hwmon/hwmon2 name=ina260_u14,"{""update_interval_ms"": ""not exposed""}",10.000,9.984,0.2793,0,0,sample_only,381.962196,117.510412,1790793251.844600,2026-09-30T18:34:11.844+00:00,3.380000,0.668000,5.047000,power1_input=3380000uW curr1_input=668mA in1_input=5047mV
2026-09-30T18:34:14+00:00,2d280c7862041cee1dd36a2ac164af8b7f9dcec3,False,2023.1,,ZynqMP KV260 revB machine-id:a435d1c5,,all,,hw,,,,kria,not read (sensor only),2d280c7862041cee1dd36a2ac164af8b7f9dcec3,,,,sensor_only,1,True,,performance,1333333,"0,1,2",,no-overlay idle reference (before any bitstream load),SOM-rail power (INA260),VCC_SOM,hwmon,/sys/class/hwmon/hwmon2 name=ina260_u14,"{""update_interval_ms"": ""not exposed""}",10.000,9.984,0.2793,0,0,sample_only,382.062137,117.610353,1790793251.944541,2026-09-30T18:34:11.944+00:00,3.380000,0.670000,5.047000,power1_input=3380000uW curr1_input=670mA in1_input=5047mV
2026-09-30T18:34:14+00:00,2d280c7862041cee1dd36a2ac164af8b7f9dcec3,False,2023.1,,ZynqMP KV260 revB machine-id:a435d1c5,,all,,hw,,,,kria,not read (sensor only),2d280c7862041cee1dd36a2ac164af8b7f9dcec3,,,,sensor_only,1,True,,performance,1333333,"0,1,2",,no-overlay idle reference (before any bitstream load),SOM-rail power (INA260),VCC_SOM,hwmon,/sys/class/hwmon/hwmon2 name=ina260_u14,"{""update_interval_ms"": ""not exposed""}",10.000,9.984,0.2793,0,0,sample_only,382.162144,117.710360,1790793252.044548,2026-09-30T18:34:12.044+00:00,3.380000,0.676000,5.047000,power1_input=3380000uW curr1_input=676mA in1_input=5047mV
2026-09-30T18:34:14+00:00,2d280c7862041cee1dd36a2ac164af8b7f9dcec3,False,2023.1,,ZynqMP KV260 revB machine-id:a435d1c5,,all,,hw,,,,kria,not read (sensor only),2d280c7862041cee1dd36a2ac164af8b7f9dcec3,,,,sensor_only,1,True,,performance,1333333,"0,1,2",,no-overlay idle reference (before any bitstream load),SOM-rail power (INA260),VCC_SOM,hwmon,/sys/class/hwmon/hwmon2 name=ina260_u14,"{""update_interval_ms"": ""not exposed""}",10.000,9.984,0.2793,0,0,sample_only,382.262150,117.810366,1790793252.144554,2026-09-30T18:34:12.144+00:00,3.430000,0.677000,5.046000,power1_input=3430000uW curr1_input=677mA in1_input=5046mV
2026-09-30T18:34:14+00:00,2d280c7862041cee1dd36a2ac164af8b7f9dcec3,False,2023.1,,ZynqMP KV260 revB machine-id:a435d1c5,,all,,hw,,,,kria,not read (sensor only),2d280c7862041cee1dd36a2ac164af8b7f9dcec3,,,,sensor_only,1,True,,performance,1333333,"0,1,2",,no-overlay idle reference (before any bitstream load),SOM-rail power (INA260),VCC_SOM,hwmon,/sys/class/hwmon/hwmon2 name=ina260_u14,"{""update_interval_ms"": ""not exposed""}",10.000,9.984,0.2793,0,0,sample_only,382.362137,117.910353,1790793252.244542,2026-09-30T18:34:12.244+00:00,3.390000,0.672000,5.047000,power1_input=3390000uW curr1_input=672mA in1_input=5047mV
2026-09-30T18:34:14+00:00,2d280c7862041cee1dd36a2ac164af8b7f9dcec3,False,2023.1,,ZynqMP KV260 revB machine-id:a435d1c5,,all,,hw,,,,kria,not read (sensor only),2d280c7862041cee1dd36a2ac164af8b7f9dcec3,,,,sensor_only,1,True,,performance,1333333,"0,1,2",,no-overlay idle reference (before any bitstream load),SOM-rail power (INA260),VCC_SOM,hwmon,/sys/class/hwmon/hwmon2 name=ina260_u14,"{""update_interval_ms"": ""not exposed""}",10.000,9.984,0.2793,0,0,sample_only,382.462125,118.010342,1790793252.344530,2026-09-30T18:34:12.344+00:00,3.390000,0.670000,5.046000,power1_input=3390000uW curr1_input=670mA in1_input=5046mV
2026-09-30T18:34:14+00:00,2d280c7862041cee1dd36a2ac164af8b7f9dcec3,False,2023.1,,ZynqMP KV260 revB machine-id:a435d1c5,,all,,hw,,,,kria,not read (sensor only),2d280c7862041cee1dd36a2ac164af8b7f9dcec3,,,,sensor_only,1,True,,performance,1333333,"0,1,2",,no-overlay idle reference (before any bitstream load),SOM-rail power (INA260),VCC_SOM,hwmon,/sys/class/hwmon/hwmon2 name=ina260_u14,"{""update_interval_ms"": ""not exposed""}",10.000,9.984,0.2793,0,0,sample_only,382.562138,118.110354,1790793252.444542,2026-09-30T18:34:12.444+00:00,3.390000,0.670000,5.047000,power1_input=3390000uW curr1_input=670mA in1_input=5047mV
2026-09-30T18:34:14+00:00,2d280c7862041cee1dd36a2ac164af8b7f9dcec3,False,2023.1,,ZynqMP KV260 revB machine-id:a435d1c5,,all,,hw,,,,kria,not read (sensor only),2d280c7862041cee1dd36a2ac164af8b7f9dcec3,,,,sensor_only,1,True,,performance,1333333,"0,1,2",,no-overlay idle reference (before any bitstream load),SOM-rail power (INA260),VCC_SOM,hwmon,/sys/class/hwmon/hwmon2 name=ina260_u14,"{""update_interval_ms"": ""not exposed""}",10.000,9.984,0.2793,0,0,sample_only,382.662239,118.210455,1790793252.544643,2026-09-30T18:34:12.544+00:00,3.520000,0.697000,5.047000,power1_input=3520000uW curr1_input=697mA in1_input=5047mV
2026-09-30T18:34:14+00:00,2d280c7862041cee1dd36a2ac164af8b7f9dcec3,False,2023.1,,ZynqMP KV260 revB machine-id:a435d1c5,,all,,hw,,,,kria,not read (sensor only),2d280c7862041cee1dd36a2ac164af8b7f9dcec3,,,,sensor_only,1,True,,performance,1333333,"0,1,2",,no-overlay idle reference (before any bitstream load),SOM-rail power (INA260),VCC_SOM,hwmon,/sys/class/hwmon/hwmon2 name=ina260_u14,"{""update_interval_ms"": ""not exposed""}",10.000,9.984,0.2793,0,0,sample_only,382.762141,118.310357,1790793252.644545,2026-09-30T18:34:12.644+00:00,3.390000,0.671000,5.047000,power1_input=3390000uW curr1_input=671mA in1_input=5047mV
2026-09-30T18:34:14+00:00,2d280c7862041cee1dd36a2ac164af8b7f9dcec3,False,2023.1,,ZynqMP KV260 revB machine-id:a435d1c5,,all,,hw,,,,kria,not read (sensor only),2d280c7862041cee1dd36a2ac164af8b7f9dcec3,,,,sensor_only,1,True,,performance,1333333,"0,1,2",,no-overlay idle reference (before any bitstream load),SOM-rail power (INA260),VCC_SOM,hwmon,/sys/class/hwmon/hwmon2 name=ina260_u14,"{""update_interval_ms"": ""not exposed""}",10.000,9.984,0.2793,0,0,sample_only,382.862133,118.410350,1790793252.744538,2026-09-30T18:34:12.744+00:00,3.390000,0.676000,5.047000,power1_input=3390000uW curr1_input=676mA in1_input=5047mV
2026-09-30T18:34:14+00:00,2d280c7862041cee1dd36a2ac164af8b7f9dcec3,False,2023.1,,ZynqMP KV260 revB machine-id:a435d1c5,,all,,hw,,,,kria,not read (sensor only),2d280c7862041cee1dd36a2ac164af8b7f9dcec3,,,,sensor_only,1,True,,performance,1333333,"0,1,2",,no-overlay idle reference (before any bitstream load),SOM-rail power (INA260),VCC_SOM,hwmon,/sys/class/hwmon/hwmon2 name=ina260_u14,"{""update_interval_ms"": ""not exposed""}",10.000,9.984,0.2793,0,0,sample_only,382.962141,118.510357,1790793252.844546,2026-09-30T18:34:12.844+00:00,3.380000,0.671000,5.046000,power1_input=3380000uW curr1_input=671mA in1_input=5046mV
2026-09-30T18:34:14+00:00,2d280c7862041cee1dd36a2ac164af8b7f9dcec3,False,2023.1,,ZynqMP KV260 revB machine-id:a435d1c5,,all,,hw,,,,kria,not read (sensor only),2d280c7862041cee1dd36a2ac164af8b7f9dcec3,,,,sensor_only,1,True,,performance,1333333,"0,1,2",,no-overlay idle reference (before any bitstream load),SOM-rail power (INA260),VCC_SOM,hwmon,/sys/class/hwmon/hwmon2 name=ina260_u14,"{""update_interval_ms"": ""not exposed""}",10.000,9.984,0.2793,0,0,sample_only,383.062132,118.610348,1790793252.944536,2026-09-30T18:34:12.944+00:00,3.380000,0.670000,5.046000,power1_input=3380000uW curr1_input=670mA in1_input=5046mV
2026-09-30T18:34:14+00:00,2d280c7862041cee1dd36a2ac164af8b7f9dcec3,False,2023.1,,ZynqMP KV260 revB machine-id:a435d1c5,,all,,hw,,,,kria,not read (sensor only),2d280c7862041cee1dd36a2ac164af8b7f9dcec3,,,,sensor_only,1,True,,performance,1333333,"0,1,2",,no-overlay idle reference (before any bitstream load),SOM-rail power (INA260),VCC_SOM,hwmon,/sys/class/hwmon/hwmon2 name=ina260_u14,"{""update_interval_ms"": ""not exposed""}",10.000,9.984,0.2793,0,0,sample_only,383.162143,118.710360,1790793253.044548,2026-09-30T18:34:13.044+00:00,3.450000,0.676000,5.047000,power1_input=3450000uW curr1_input=676mA in1_input=5047mV
2026-09-30T18:34:14+00:00,2d280c7862041cee1dd36a2ac164af8b7f9dcec3,False,2023.1,,ZynqMP KV260 revB machine-id:a435d1c5,,all,,hw,,,,kria,not read (sensor only),2d280c7862041cee1dd36a2ac164af8b7f9dcec3,,,,sensor_only,1,True,,performance,1333333,"0,1,2",,no-overlay idle reference (before any bitstream load),SOM-rail power (INA260),VCC_SOM,hwmon,/sys/class/hwmon/hwmon2 name=ina260_u14,"{""update_interval_ms"": ""not exposed""}",10.000,9.984,0.2793,0,0,sample_only,383.262139,118.810356,1790793253.144544,2026-09-30T18:34:13.144+00:00,3.250000,0.643000,5.047000,power1_input=3250000uW curr1_input=643mA in1_input=5047mV
2026-09-30T18:34:14+00:00,2d280c7862041cee1dd36a2ac164af8b7f9dcec3,False,2023.1,,ZynqMP KV260 revB machine-id:a435d1c5,,all,,hw,,,,kria,not read (sensor only),2d280c7862041cee1dd36a2ac164af8b7f9dcec3,,,,sensor_only,1,True,,performance,1333333,"0,1,2",,no-overlay idle reference (before any bitstream load),SOM-rail power (INA260),VCC_SOM,hwmon,/sys/class/hwmon/hwmon2 name=ina260_u14,"{""update_interval_ms"": ""not exposed""}",10.000,9.984,0.2793,0,0,sample_only,383.362137,118.910353,1790793253.244541,2026-09-30T18:34:13.244+00:00,3.210000,0.636000,5.047000,power1_input=3210000uW curr1_input=636mA in1_input=5047mV
2026-09-30T18:34:14+00:00,2d280c7862041cee1dd36a2ac164af8b7f9dcec3,False,2023.1,,ZynqMP KV260 revB machine-id:a435d1c5,,all,,hw,,,,kria,not read (sensor only),2d280c7862041cee1dd36a2ac164af8b7f9dcec3,,,,sensor_only,1,True,,performance,1333333,"0,1,2",,no-overlay idle reference (before any bitstream load),SOM-rail power (INA260),VCC_SOM,hwmon,/sys/class/hwmon/hwmon2 name=ina260_u14,"{""update_interval_ms"": ""not exposed""}",10.000,9.984,0.2793,0,0,sample_only,383.462166,119.010382,1790793253.344570,2026-09-30T18:34:13.344+00:00,3.220000,0.638000,5.047000,power1_input=3220000uW curr1_input=638mA in1_input=5047mV
2026-09-30T18:34:14+00:00,2d280c7862041cee1dd36a2ac164af8b7f9dcec3,False,2023.1,,ZynqMP KV260 revB machine-id:a435d1c5,,all,,hw,,,,kria,not read (sensor only),2d280c7862041cee1dd36a2ac164af8b7f9dcec3,,,,sensor_only,1,True,,performance,1333333,"0,1,2",,no-overlay idle reference (before any bitstream load),SOM-rail power (INA260),VCC_SOM,hwmon,/sys/class/hwmon/hwmon2 name=ina260_u14,"{""update_interval_ms"": ""not exposed""}",10.000,9.984,0.2793,0,0,sample_only,383.562186,119.110402,1790793253.444590,2026-09-30T18:34:13.444+00:00,3.200000,0.633000,5.046000,power1_input=3200000uW curr1_input=633mA in1_input=5046mV
2026-09-30T18:34:14+00:00,2d280c7862041cee1dd36a2ac164af8b7f9dcec3,False,2023.1,,ZynqMP KV260 revB machine-id:a435d1c5,,all,,hw,,,,kria,not read (sensor only),2d280c7862041cee1dd36a2ac164af8b7f9dcec3,,,,sensor_only,1,True,,performance,1333333,"0,1,2",,no-overlay idle reference (before any bitstream load),SOM-rail power (INA260),VCC_SOM,hwmon,/sys/class/hwmon/hwmon2 name=ina260_u14,"{""update_interval_ms"": ""not exposed""}",10.000,9.984,0.2793,0,0,sample_only,383.662163,119.210380,1790793253.544568,2026-09-30T18:34:13.544+00:00,3.200000,0.633000,5.047000,power1_input=3200000uW curr1_input=633mA in1_input=5047mV
2026-09-30T18:34:14+00:00,2d280c7862041cee1dd36a2ac164af8b7f9dcec3,False,2023.1,,ZynqMP KV260 revB machine-id:a435d1c5,,all,,hw,,,,kria,not read (sensor only),2d280c7862041cee1dd36a2ac164af8b7f9dcec3,,,,sensor_only,1,True,,performance,1333333,"0,1,2",,no-overlay idle reference (before any bitstream load),SOM-rail power (INA260),VCC_SOM,hwmon,/sys/class/hwmon/hwmon2 name=ina260_u14,"{""update_interval_ms"": ""not exposed""}",10.000,9.984,0.2793,0,0,sample_only,383.762142,119.310359,1790793253.644547,2026-09-30T18:34:13.644+00:00,3.620000,0.717000,5.046000,power1_input=3620000uW curr1_input=717mA in1_input=5046mV
2026-09-30T18:34:14+00:00,2d280c7862041cee1dd36a2ac164af8b7f9dcec3,False,2023.1,,ZynqMP KV260 revB machine-id:a435d1c5,,all,,hw,,,,kria,not read (sensor only),2d280c7862041cee1dd36a2ac164af8b7f9dcec3,,,,sensor_only,1,True,,performance,1333333,"0,1,2",,no-overlay idle reference (before any bitstream load),SOM-rail power (INA260),VCC_SOM,hwmon,/sys/class/hwmon/hwmon2 name=ina260_u14,"{""update_interval_ms"": ""not exposed""}",10.000,9.984,0.2793,0,0,sample_only,383.862137,119.410353,1790793253.744541,2026-09-30T18:34:13.744+00:00,3.260000,0.648000,5.046000,power1_input=3260000uW curr1_input=648mA in1_input=5046mV
2026-09-30T18:34:14+00:00,2d280c7862041cee1dd36a2ac164af8b7f9dcec3,False,2023.1,,ZynqMP KV260 revB machine-id:a435d1c5,,all,,hw,,,,kria,not read (sensor only),2d280c7862041cee1dd36a2ac164af8b7f9dcec3,,,,sensor_only,1,True,,performance,1333333,"0,1,2",,no-overlay idle reference (before any bitstream load),SOM-rail power (INA260),VCC_SOM,hwmon,/sys/class/hwmon/hwmon2 name=ina260_u14,"{""update_interval_ms"": ""not exposed""}",10.000,9.984,0.2793,0,0,sample_only,383.962185,119.510402,1790793253.844590,2026-09-30T18:34:13.844+00:00,3.200000,0.635000,5.046000,power1_input=3200000uW curr1_input=635mA in1_input=5046mV
2026-09-30T18:34:14+00:00,2d280c7862041cee1dd36a2ac164af8b7f9dcec3,False,2023.1,,ZynqMP KV260 revB machine-id:a435d1c5,,all,,hw,,,,kria,not read (sensor only),2d280c7862041cee1dd36a2ac164af8b7f9dcec3,,,,sensor_only,1,True,,performance,1333333,"0,1,2",,no-overlay idle reference (before any bitstream load),SOM-rail power (INA260),VCC_SOM,hwmon,/sys/class/hwmon/hwmon2 name=ina260_u14,"{""update_interval_ms"": ""not exposed""}",10.000,9.984,0.2793,0,0,sample_only,384.062136,119.610352,1790793253.944540,2026-09-30T18:34:13.944+00:00,3.200000,0.635000,5.046000,power1_input=3200000uW curr1_input=635mA in1_input=5046mV
2026-09-30T18:34:14+00:00,2d280c7862041cee1dd36a2ac164af8b7f9dcec3,False,2023.1,,ZynqMP KV260 revB machine-id:a435d1c5,,all,,hw,,,,kria,not read (sensor only),2d280c7862041cee1dd36a2ac164af8b7f9dcec3,,,,sensor_only,1,True,,performance,1333333,"0,1,2",,no-overlay idle reference (before any bitstream load),SOM-rail power (INA260),VCC_SOM,hwmon,/sys/class/hwmon/hwmon2 name=ina260_u14,"{""update_interval_ms"": ""not exposed""}",10.000,9.984,0.2793,0,0,sample_only,384.162069,119.710286,1790793254.044474,2026-09-30T18:34:14.044+00:00,3.230000,0.640000,5.047000,power1_input=3230000uW curr1_input=640mA in1_input=5047mV
2026-09-30T18:34:14+00:00,2d280c7862041cee1dd36a2ac164af8b7f9dcec3,False,2023.1,,ZynqMP KV260 revB machine-id:a435d1c5,,all,,hw,,,,kria,not read (sensor only),2d280c7862041cee1dd36a2ac164af8b7f9dcec3,,,,sensor_only,1,True,,performance,1333333,"0,1,2",,no-overlay idle reference (before any bitstream load),SOM-rail power (INA260),VCC_SOM,hwmon,/sys/class/hwmon/hwmon2 name=ina260_u14,"{""update_interval_ms"": ""not exposed""}",10.000,9.984,0.2793,0,0,sample_only,384.262137,119.810354,1790793254.144542,2026-09-30T18:34:14.144+00:00,3.230000,0.641000,5.047000,power1_input=3230000uW curr1_input=641mA in1_input=5047mV
2026-09-30T18:34:14+00:00,2d280c7862041cee1dd36a2ac164af8b7f9dcec3,False,2023.1,,ZynqMP KV260 revB machine-id:a435d1c5,,all,,hw,,,,kria,not read (sensor only),2d280c7862041cee1dd36a2ac164af8b7f9dcec3,,,,sensor_only,1,True,,performance,1333333,"0,1,2",,no-overlay idle reference (before any bitstream load),SOM-rail power (INA260),VCC_SOM,hwmon,/sys/class/hwmon/hwmon2 name=ina260_u14,"{""update_interval_ms"": ""not exposed""}",10.000,9.984,0.2793,0,0,sample_only,384.362157,119.910373,1790793254.244561,2026-09-30T18:34:14.244+00:00,3.270000,0.647000,5.047000,power1_input=3270000uW curr1_input=647mA in1_input=5047mV
