timestamp,git_commit,git_dirty,vivado_version,bitstream_sha256,board_id,net,layer,clock_mhz,source,duration_s,num_inferences,build_id_hw,board_hostname,clock_source,scripts_commit,data_manifest_sha256,data_git_commit,data_git_dirty,backend,session_index,paper_grade,env_step,cpu_governor,cpu_freq_khz,cpu_affinity,die_temp_start_c,env_note,metric_file,metric,key,n_sessions,session_indices,per_session,mean,between_sd,min,max,range,cv_pct,input_git_commits,input_paper_grade,note
2026-10-02T09:36:39+00:00,2d280c7862041cee1dd36a2ac164af8b7f9dcec3,False,2023.1,7b2dac6026acf6ae9e6d87f80a457fb07b6e56c167dd2a168593b2105c9e130e,ZynqMP KV260 revB machine-id:a435d1c5,cifar10,all,250.0,hw,,,,,,,,,,,1,True,,,,,,,hw_a1_accuracy.csv,hw_accuracy_pct,"{""net"": ""cifar10""}",1,1,"{""1"": 78.52}",78.520000,,78.520000,78.520000,0.000000,,2d280c786204,True,only sessions [1]
2026-10-02T09:36:39+00:00,2d280c7862041cee1dd36a2ac164af8b7f9dcec3,False,2023.1,7b2dac6026acf6ae9e6d87f80a457fb07b6e56c167dd2a168593b2105c9e130e,ZynqMP KV260 revB machine-id:a435d1c5,lenet5,all,250.0,hw,,,,,,,,,,,1,True,,,,,,,hw_a1_accuracy.csv,hw_accuracy_pct,"{""net"": ""lenet5""}",1,1,"{""1"": 98.79}",98.790000,,98.790000,98.790000,0.000000,,2d280c786204,True,only sessions [1]
2026-10-02T09:36:39+00:00,2d280c7862041cee1dd36a2ac164af8b7f9dcec3,False,2023.1,7b2dac6026acf6ae9e6d87f80a457fb07b6e56c167dd2a168593b2105c9e130e,ZynqMP KV260 revB machine-id:a435d1c5,cifar10,all,250.0,hw,,,,,,,,,,,1,True,,,,,,,hw_a1_accuracy.csv,logit_mismatch_images,"{""net"": ""cifar10""}",1,1,"{""1"": 0.0}",0.000000,,0.000000,0.000000,0.000000,,2d280c786204,True,only sessions [1]
2026-10-02T09:36:39+00:00,2d280c7862041cee1dd36a2ac164af8b7f9dcec3,False,2023.1,7b2dac6026acf6ae9e6d87f80a457fb07b6e56c167dd2a168593b2105c9e130e,ZynqMP KV260 revB machine-id:a435d1c5,lenet5,all,250.0,hw,,,,,,,,,,,1,True,,,,,,,hw_a1_accuracy.csv,logit_mismatch_images,"{""net"": ""lenet5""}",1,1,"{""1"": 0.0}",0.000000,,0.000000,0.000000,0.000000,,2d280c786204,True,only sessions [1]
2026-10-02T09:36:39+00:00,2d280c7862041cee1dd36a2ac164af8b7f9dcec3,False,2023.1,7b2dac6026acf6ae9e6d87f80a457fb07b6e56c167dd2a168593b2105c9e130e,ZynqMP KV260 revB machine-id:a435d1c5,cifar10,total,250.0,hw,,,,,,,,,,,1,True,,,,,,,hw_a2_a3_cycles.csv,hw_cycles,"{""net"": ""cifar10""}",1,1,"{""1"": 104247.0}",104247.000000,,104247.000000,104247.000000,0.000000,,2d280c786204,True,only sessions [1]
2026-10-02T09:36:39+00:00,2d280c7862041cee1dd36a2ac164af8b7f9dcec3,False,2023.1,7b2dac6026acf6ae9e6d87f80a457fb07b6e56c167dd2a168593b2105c9e130e,ZynqMP KV260 revB machine-id:a435d1c5,lenet5,total,250.0,hw,,,,,,,,,,,1,True,,,,,,,hw_a2_a3_cycles.csv,hw_cycles,"{""net"": ""lenet5""}",1,1,"{""1"": 16436.0}",16436.000000,,16436.000000,16436.000000,0.000000,,2d280c786204,True,only sessions [1]
2026-10-02T09:36:39+00:00,2d280c7862041cee1dd36a2ac164af8b7f9dcec3,False,2023.1,7b2dac6026acf6ae9e6d87f80a457fb07b6e56c167dd2a168593b2105c9e130e,ZynqMP KV260 revB machine-id:a435d1c5,cifar10,total,250.0,hw,,,,,,,,,,,1,True,,,,,,,hw_a2_a3_cycles.csv,hw_us,"{""net"": ""cifar10""}",1,1,"{""1"": 416.9922}",416.992200,,416.992200,416.992200,0.000000,,2d280c786204,True,only sessions [1]
2026-10-02T09:36:39+00:00,2d280c7862041cee1dd36a2ac164af8b7f9dcec3,False,2023.1,7b2dac6026acf6ae9e6d87f80a457fb07b6e56c167dd2a168593b2105c9e130e,ZynqMP KV260 revB machine-id:a435d1c5,lenet5,total,250.0,hw,,,,,,,,,,,1,True,,,,,,,hw_a2_a3_cycles.csv,hw_us,"{""net"": ""lenet5""}",1,1,"{""1"": 65.7447}",65.744700,,65.744700,65.744700,0.000000,,2d280c786204,True,only sessions [1]
2026-10-02T09:36:39+00:00,2d280c7862041cee1dd36a2ac164af8b7f9dcec3,False,2023.1,7b2dac6026acf6ae9e6d87f80a457fb07b6e56c167dd2a168593b2105c9e130e,ZynqMP KV260 revB machine-id:a435d1c5,cifar10,total,250.0,hw,,,,,,,,,,,1,True,,,,,,,hw_a2_a3_cycles.csv,wall_us_median,"{""net"": ""cifar10""}",1,1,"{""1"": 1493.244}",1493.244000,,1493.244000,1493.244000,0.000000,,2d280c786204,True,only sessions [1]
2026-10-02T09:36:39+00:00,2d280c7862041cee1dd36a2ac164af8b7f9dcec3,False,2023.1,7b2dac6026acf6ae9e6d87f80a457fb07b6e56c167dd2a168593b2105c9e130e,ZynqMP KV260 revB machine-id:a435d1c5,lenet5,total,250.0,hw,,,,,,,,,,,1,True,,,,,,,hw_a2_a3_cycles.csv,wall_us_median,"{""net"": ""lenet5""}",1,1,"{""1"": 589.791}",589.791000,,589.791000,589.791000,0.000000,,2d280c786204,True,only sessions [1]
2026-10-02T09:36:39+00:00,mixed,False,2023.1,7b2dac6026acf6ae9e6d87f80a457fb07b6e56c167dd2a168593b2105c9e130e,ZynqMP KV260 revB machine-id:a435d1c5,cifar10,all,250.0,hw,,,,,,,,,,,"1,2,3",True,,,,,,,hw_b1_power_ina260_summary_*.csv,accel_dp_net_w,"{""net"": ""cifar10""}",3,"1,2,3","{""1"": 0.057137, ""2"": 0.051087, ""3"": 0.051395}",0.053206,0.003408,0.051087,0.057137,0.006050,6.4044,2d280c786204 e91657aa272f,True,sessions from different scripts commits
2026-10-02T09:36:39+00:00,mixed,False,2023.1,7b2dac6026acf6ae9e6d87f80a457fb07b6e56c167dd2a168593b2105c9e130e,ZynqMP KV260 revB machine-id:a435d1c5,lenet5,all,250.0,hw,,,,,,,,,,,"1,2,3",True,,,,,,,hw_b1_power_ina260_summary_*.csv,accel_dp_net_w,"{""net"": ""lenet5""}",3,"1,2,3","{""1"": 0.029026, ""2"": 0.029306, ""3"": 0.02422}",0.027517,0.002859,0.024220,0.029306,0.005086,10.3898,2d280c786204 e91657aa272f,True,sessions from different scripts commits
2026-10-02T09:36:39+00:00,mixed,False,2023.1,7b2dac6026acf6ae9e6d87f80a457fb07b6e56c167dd2a168593b2105c9e130e,ZynqMP KV260 revB machine-id:a435d1c5,cifar10,all,250.0,hw,,,,,,,,,,,"1,2,3",True,,,,,,,hw_b1_power_ina260_summary_*.csv,accel_dp_w,"{""net"": ""cifar10""}",3,"1,2,3","{""1"": 0.262812, ""2"": 0.262395, ""3"": 0.263917}",0.263041,0.000786,0.262395,0.263917,0.001522,0.2990,2d280c786204 e91657aa272f,True,sessions from different scripts commits
2026-10-02T09:36:39+00:00,mixed,False,2023.1,7b2dac6026acf6ae9e6d87f80a457fb07b6e56c167dd2a168593b2105c9e130e,ZynqMP KV260 revB machine-id:a435d1c5,lenet5,all,250.0,hw,,,,,,,,,,,"1,2,3",True,,,,,,,hw_b1_power_ina260_summary_*.csv,accel_dp_w,"{""net"": ""lenet5""}",3,"1,2,3","{""1"": 0.251387, ""2"": 0.254487, ""3"": 0.241123}",0.248999,0.006995,0.241123,0.254487,0.013364,2.8091,2d280c786204 e91657aa272f,True,sessions from different scripts commits
2026-10-02T09:36:39+00:00,mixed,False,2023.1,7b2dac6026acf6ae9e6d87f80a457fb07b6e56c167dd2a168593b2105c9e130e,ZynqMP KV260 revB machine-id:a435d1c5,cifar10,all,250.0,hw,,,,,,,,,,,"1,2,3",True,,,,,,,hw_b1_power_ina260_summary_*.csv,accel_e_comp_mj,"{""net"": ""cifar10""}",3,"1,2,3","{""1"": 0.109591, ""2"": 0.109417, ""3"": 0.110052}",0.109687,0.000328,0.109417,0.110052,0.000635,0.2992,2d280c786204 e91657aa272f,True,sessions from different scripts commits
2026-10-02T09:36:39+00:00,mixed,False,2023.1,7b2dac6026acf6ae9e6d87f80a457fb07b6e56c167dd2a168593b2105c9e130e,ZynqMP KV260 revB machine-id:a435d1c5,lenet5,all,250.0,hw,,,,,,,,,,,"1,2,3",True,,,,,,,hw_b1_power_ina260_summary_*.csv,accel_e_comp_mj,"{""net"": ""lenet5""}",3,"1,2,3","{""1"": 0.016527, ""2"": 0.016731, ""3"": 0.015853}",0.016370,0.000459,0.015853,0.016731,0.000878,2.8068,2d280c786204 e91657aa272f,True,sessions from different scripts commits
2026-10-02T09:36:39+00:00,mixed,False,2023.1,7b2dac6026acf6ae9e6d87f80a457fb07b6e56c167dd2a168593b2105c9e130e,ZynqMP KV260 revB machine-id:a435d1c5,cifar10,all,250.0,hw,,,,,,,,,,,"1,2,3",True,,,,,,,hw_b1_power_ina260_summary_*.csv,accel_energy_per_image_mj,"{""net"": ""cifar10""}",3,"1,2,3","{""1"": 0.161241, ""2"": 0.160953, ""3"": 0.162117}",0.161437,0.000606,0.160953,0.162117,0.001164,0.3755,2d280c786204 e91657aa272f,True,sessions from different scripts commits
2026-10-02T09:36:39+00:00,mixed,False,2023.1,7b2dac6026acf6ae9e6d87f80a457fb07b6e56c167dd2a168593b2105c9e130e,ZynqMP KV260 revB machine-id:a435d1c5,lenet5,all,250.0,hw,,,,,,,,,,,"1,2,3",True,,,,,,,hw_b1_power_ina260_summary_*.csv,accel_energy_per_image_mj,"{""net"": ""lenet5""}",3,"1,2,3","{""1"": 0.065082, ""2"": 0.066307, ""3"": 0.06246}",0.064616,0.001965,0.062460,0.066307,0.003847,3.0415,2d280c786204 e91657aa272f,True,sessions from different scripts commits
2026-10-02T09:36:39+00:00,mixed,False,2023.1,7b2dac6026acf6ae9e6d87f80a457fb07b6e56c167dd2a168593b2105c9e130e,ZynqMP KV260 revB machine-id:a435d1c5,cifar10,all,250.0,hw,,,,,,,,,,,"1,2,3",True,,,,,,,hw_b1_power_ina260_summary_*.csv,accel_p_idle_w,"{""net"": ""cifar10""}",3,"1,2,3","{""1"": 3.391519, ""2"": 3.443811, ""3"": 3.433378}",3.422903,0.027675,3.391519,3.443811,0.052292,0.8085,2d280c786204 e91657aa272f,True,sessions from different scripts commits
2026-10-02T09:36:39+00:00,mixed,False,2023.1,7b2dac6026acf6ae9e6d87f80a457fb07b6e56c167dd2a168593b2105c9e130e,ZynqMP KV260 revB machine-id:a435d1c5,lenet5,all,250.0,hw,,,,,,,,,,,"1,2,3",True,,,,,,,hw_b1_power_ina260_summary_*.csv,accel_p_idle_w,"{""net"": ""lenet5""}",3,"1,2,3","{""1"": 3.396094, ""2"": 3.443, ""3"": 3.441922}",3.427005,0.026775,3.396094,3.443000,0.046906,0.7813,2d280c786204 e91657aa272f,True,sessions from different scripts commits
2026-10-02T09:36:39+00:00,mixed,False,2023.1,7b2dac6026acf6ae9e6d87f80a457fb07b6e56c167dd2a168593b2105c9e130e,ZynqMP KV260 revB machine-id:a435d1c5,cifar10,all,250.0,hw,,,,,,,,,,,"1,2,3",True,,,,,,,hw_b1_power_ina260_summary_*.csv,control_dp_w,"{""net"": ""cifar10""}",3,"1,2,3","{""1"": 0.205675, ""2"": 0.211308, ""3"": 0.212522}",0.209835,0.003653,0.205675,0.212522,0.006847,1.7411,2d280c786204 e91657aa272f,True,sessions from different scripts commits
2026-10-02T09:36:39+00:00,mixed,False,2023.1,7b2dac6026acf6ae9e6d87f80a457fb07b6e56c167dd2a168593b2105c9e130e,ZynqMP KV260 revB machine-id:a435d1c5,lenet5,all,250.0,hw,,,,,,,,,,,"1,2,3",True,,,,,,,hw_b1_power_ina260_summary_*.csv,control_dp_w,"{""net"": ""lenet5""}",3,"1,2,3","{""1"": 0.222361, ""2"": 0.225181, ""3"": 0.216903}",0.221482,0.004208,0.216903,0.225181,0.008278,1.9001,2d280c786204 e91657aa272f,True,sessions from different scripts commits
2026-10-02T09:36:39+00:00,mixed,False,2023.1,7b2dac6026acf6ae9e6d87f80a457fb07b6e56c167dd2a168593b2105c9e130e,ZynqMP KV260 revB machine-id:a435d1c5,cifar10,all,250.0,hw,,,,,,,,,,,"1,2,3",True,,,,,,,hw_b1_power_ina260_summary_*.csv,cpu_dp_w,"{""net"": ""cifar10""}",3,"1,2,3","{""1"": 0.810614, ""2"": 0.820361, ""3"": 0.817222}",0.816066,0.004975,0.810614,0.820361,0.009747,0.6097,2d280c786204 e91657aa272f,True,sessions from different scripts commits
2026-10-02T09:36:39+00:00,mixed,False,2023.1,7b2dac6026acf6ae9e6d87f80a457fb07b6e56c167dd2a168593b2105c9e130e,ZynqMP KV260 revB machine-id:a435d1c5,lenet5,all,250.0,hw,,,,,,,,,,,"1,2,3",True,,,,,,,hw_b1_power_ina260_summary_*.csv,cpu_dp_w,"{""net"": ""lenet5""}",3,"1,2,3","{""1"": 0.715375, ""2"": 0.7254, ""3"": 0.724353}",0.721709,0.005511,0.715375,0.725400,0.010025,0.7636,2d280c786204 e91657aa272f,True,sessions from different scripts commits
2026-10-02T09:36:39+00:00,mixed,False,2023.1,7b2dac6026acf6ae9e6d87f80a457fb07b6e56c167dd2a168593b2105c9e130e,ZynqMP KV260 revB machine-id:a435d1c5,cifar10,all,250.0,hw,,,,,,,,,,,"1,2,3",True,,,,,,,hw_b1_power_ina260_summary_*.csv,cpu_energy_per_image_mj,"{""net"": ""cifar10""}",3,"1,2,3","{""1"": 0.893372, ""2"": 0.906485, ""3"": 0.894663}",0.898173,0.007227,0.893372,0.906485,0.013113,0.8046,2d280c786204 e91657aa272f,True,sessions from different scripts commits
2026-10-02T09:36:39+00:00,mixed,False,2023.1,7b2dac6026acf6ae9e6d87f80a457fb07b6e56c167dd2a168593b2105c9e130e,ZynqMP KV260 revB machine-id:a435d1c5,lenet5,all,250.0,hw,,,,,,,,,,,"1,2,3",True,,,,,,,hw_b1_power_ina260_summary_*.csv,cpu_energy_per_image_mj,"{""net"": ""lenet5""}",3,"1,2,3","{""1"": 0.453721, ""2"": 0.454993, ""3"": 0.451453}",0.453389,0.001793,0.451453,0.454993,0.003540,0.3955,2d280c786204 e91657aa272f,True,sessions from different scripts commits
2026-10-02T09:36:39+00:00,mixed,False,2023.1,7b2dac6026acf6ae9e6d87f80a457fb07b6e56c167dd2a168593b2105c9e130e,ZynqMP KV260 revB machine-id:a435d1c5,cifar10,all,250.0,hw,,,,,,,,,,,"1,2,3",True,,,,,,,hw_b3_breakdown.csv,median_us,"{""net"": ""cifar10"", ""phase"": ""counter_read""}",3,"1,2,3","{""1"": 110.229, ""2"": 107.271, ""3"": 106.87}",108.123333,1.834550,106.870000,110.229000,3.359000,1.6967,2d280c786204 e91657aa272f,True,sessions from different scripts commits
2026-10-02T09:36:39+00:00,mixed,False,2023.1,7b2dac6026acf6ae9e6d87f80a457fb07b6e56c167dd2a168593b2105c9e130e,ZynqMP KV260 revB machine-id:a435d1c5,cifar10,all,250.0,hw,,,,,,,,,,,"1,2,3",True,,,,,,,hw_b3_breakdown.csv,median_us,"{""net"": ""cifar10"", ""phase"": ""end_to_end""}",3,"1,2,3","{""1"": 1461.081, ""2"": 1445.084, ""3"": 1448.082}",1451.415667,8.503588,1445.084000,1461.081000,15.997000,0.5859,2d280c786204 e91657aa272f,True,sessions from different scripts commits
2026-10-02T09:36:39+00:00,mixed,False,2023.1,7b2dac6026acf6ae9e6d87f80a457fb07b6e56c167dd2a168593b2105c9e130e,ZynqMP KV260 revB machine-id:a435d1c5,cifar10,all,250.0,hw,,,,,,,,,,,"1,2,3",True,,,,,,,hw_b3_breakdown.csv,median_us,"{""net"": ""cifar10"", ""phase"": ""input_write""}",3,"1,2,3","{""1"": 790.538, ""2"": 784.233, ""3"": 783.582}",786.117667,3.841934,783.582000,790.538000,6.956000,0.4887,2d280c786204 e91657aa272f,True,sessions from different scripts commits
2026-10-02T09:36:39+00:00,mixed,False,2023.1,7b2dac6026acf6ae9e6d87f80a457fb07b6e56c167dd2a168593b2105c9e130e,ZynqMP KV260 revB machine-id:a435d1c5,cifar10,all,250.0,hw,,,,,,,,,,,"1,2,3",True,,,,,,,hw_b3_breakdown.csv,median_us,"{""net"": ""cifar10"", ""phase"": ""logit_read""}",3,"1,2,3","{""1"": 103.844, ""2"": 102.971, ""3"": 102.88}",103.231667,0.532245,102.880000,103.844000,0.964000,0.5156,2d280c786204 e91657aa272f,True,sessions from different scripts commits
2026-10-02T09:36:39+00:00,mixed,False,2023.1,7b2dac6026acf6ae9e6d87f80a457fb07b6e56c167dd2a168593b2105c9e130e,ZynqMP KV260 revB machine-id:a435d1c5,cifar10,all,250.0,hw,,,,,,,,,,,"1,2,3",True,,,,,,,hw_b3_breakdown.csv,median_us,"{""net"": ""cifar10"", ""phase"": ""pl_compute""}",3,"1,2,3","{""1"": 416.992, ""2"": 416.992, ""3"": 416.992}",416.992000,0.000000,416.992000,416.992000,0.000000,0.0000,2d280c786204 e91657aa272f,True,sessions from different scripts commits
2026-10-02T09:36:39+00:00,mixed,False,2023.1,7b2dac6026acf6ae9e6d87f80a457fb07b6e56c167dd2a168593b2105c9e130e,ZynqMP KV260 revB machine-id:a435d1c5,cifar10,all,250.0,hw,,,,,,,,,,,"1,2,3",True,,,,,,,hw_b3_breakdown.csv,median_us,"{""net"": ""cifar10"", ""phase"": ""poll""}",3,"1,2,3","{""1"": 428.915, ""2"": 428.135, ""3"": 430.803}",429.284333,1.371810,428.135000,430.803000,2.668000,0.3196,2d280c786204 e91657aa272f,True,sessions from different scripts commits
2026-10-02T09:36:39+00:00,mixed,False,2023.1,7b2dac6026acf6ae9e6d87f80a457fb07b6e56c167dd2a168593b2105c9e130e,ZynqMP KV260 revB machine-id:a435d1c5,cifar10,all,250.0,hw,,,,,,,,,,,"1,2,3",True,,,,,,,hw_b3_breakdown.csv,median_us,"{""net"": ""cifar10"", ""phase"": ""ps_dequant""}",3,"1,2,3","{""1"": 82.978, ""2"": 81.101, ""3"": 82.73}",82.269667,1.019663,81.101000,82.978000,1.877000,1.2394,2d280c786204 e91657aa272f,True,sessions from different scripts commits
2026-10-02T09:36:39+00:00,mixed,False,2023.1,7b2dac6026acf6ae9e6d87f80a457fb07b6e56c167dd2a168593b2105c9e130e,ZynqMP KV260 revB machine-id:a435d1c5,cifar10,all,250.0,hw,,,,,,,,,,,"1,2,3",True,,,,,,,hw_b3_breakdown.csv,median_us,"{""net"": ""cifar10"", ""phase"": ""start_done""}",3,"1,2,3","{""1"": 438.616, ""2"": 437.719, ""3"": 440.342}",438.892333,1.333155,437.719000,440.342000,2.623000,0.3038,2d280c786204 e91657aa272f,True,sessions from different scripts commits
2026-10-02T09:36:39+00:00,mixed,False,2023.1,7b2dac6026acf6ae9e6d87f80a457fb07b6e56c167dd2a168593b2105c9e130e,ZynqMP KV260 revB machine-id:a435d1c5,cifar10,all,250.0,hw,,,,,,,,,,,"1,2,3",True,,,,,,,hw_b3_breakdown.csv,median_us,"{""net"": ""cifar10"", ""phase"": ""start_write""}",3,"1,2,3","{""1"": 9.641, ""2"": 9.53, ""3"": 9.56}",9.577000,0.057420,9.530000,9.641000,0.111000,0.5996,2d280c786204 e91657aa272f,True,sessions from different scripts commits
2026-10-02T09:36:39+00:00,mixed,False,2023.1,7b2dac6026acf6ae9e6d87f80a457fb07b6e56c167dd2a168593b2105c9e130e,ZynqMP KV260 revB machine-id:a435d1c5,cifar10,all,250.0,hw,,,,,,,,,,,"1,2,3",True,,,,,,,hw_b3_breakdown.csv,median_us,"{""net"": ""cifar10"", ""phase"": ""status_clear""}",3,"1,2,3","{""1"": 39.451, ""2"": 38.3, ""3"": 38.45}",38.733667,0.625740,38.300000,39.451000,1.151000,1.6155,2d280c786204 e91657aa272f,True,sessions from different scripts commits
2026-10-02T09:36:39+00:00,mixed,False,2023.1,7b2dac6026acf6ae9e6d87f80a457fb07b6e56c167dd2a168593b2105c9e130e,ZynqMP KV260 revB machine-id:a435d1c5,lenet5,all,250.0,hw,,,,,,,,,,,"1,2,3",True,,,,,,,hw_b3_breakdown.csv,median_us,"{""net"": ""lenet5"", ""phase"": ""counter_read""}",3,"1,2,3","{""1"": 118.759, ""2"": 115.306, ""3"": 116.452}",116.839000,1.758729,115.306000,118.759000,3.453000,1.5053,2d280c786204 e91657aa272f,True,sessions from different scripts commits
2026-10-02T09:36:39+00:00,mixed,False,2023.1,7b2dac6026acf6ae9e6d87f80a457fb07b6e56c167dd2a168593b2105c9e130e,ZynqMP KV260 revB machine-id:a435d1c5,lenet5,all,250.0,hw,,,,,,,,,,,"1,2,3",True,,,,,,,hw_b3_breakdown.csv,median_us,"{""net"": ""lenet5"", ""phase"": ""end_to_end""}",3,"1,2,3","{""1"": 565.73, ""2"": 560.881, ""3"": 560.162}",562.257667,3.028542,560.162000,565.730000,5.568000,0.5386,2d280c786204 e91657aa272f,True,sessions from different scripts commits
2026-10-02T09:36:39+00:00,mixed,False,2023.1,7b2dac6026acf6ae9e6d87f80a457fb07b6e56c167dd2a168593b2105c9e130e,ZynqMP KV260 revB machine-id:a435d1c5,lenet5,all,250.0,hw,,,,,,,,,,,"1,2,3",True,,,,,,,hw_b3_breakdown.csv,median_us,"{""net"": ""lenet5"", ""phase"": ""input_write""}",3,"1,2,3","{""1"": 250.249, ""2"": 248.193, ""3"": 247.384}",248.608667,1.477038,247.384000,250.249000,2.865000,0.5941,2d280c786204 e91657aa272f,True,sessions from different scripts commits
2026-10-02T09:36:39+00:00,mixed,False,2023.1,7b2dac6026acf6ae9e6d87f80a457fb07b6e56c167dd2a168593b2105c9e130e,ZynqMP KV260 revB machine-id:a435d1c5,lenet5,all,250.0,hw,,,,,,,,,,,"1,2,3",True,,,,,,,hw_b3_breakdown.csv,median_us,"{""net"": ""lenet5"", ""phase"": ""logit_read""}",3,"1,2,3","{""1"": 105.444, ""2"": 104.611, ""3"": 104.318}",104.791000,0.584182,104.318000,105.444000,1.126000,0.5575,2d280c786204 e91657aa272f,True,sessions from different scripts commits
2026-10-02T09:36:39+00:00,mixed,False,2023.1,7b2dac6026acf6ae9e6d87f80a457fb07b6e56c167dd2a168593b2105c9e130e,ZynqMP KV260 revB machine-id:a435d1c5,lenet5,all,250.0,hw,,,,,,,,,,,"1,2,3",True,,,,,,,hw_b3_breakdown.csv,median_us,"{""net"": ""lenet5"", ""phase"": ""pl_compute""}",3,"1,2,3","{""1"": 65.745, ""2"": 65.745, ""3"": 65.745}",65.745000,0.000000,65.745000,65.745000,0.000000,0.0000,2d280c786204 e91657aa272f,True,sessions from different scripts commits
2026-10-02T09:36:39+00:00,mixed,False,2023.1,7b2dac6026acf6ae9e6d87f80a457fb07b6e56c167dd2a168593b2105c9e130e,ZynqMP KV260 revB machine-id:a435d1c5,lenet5,all,250.0,hw,,,,,,,,,,,"1,2,3",True,,,,,,,hw_b3_breakdown.csv,median_us,"{""net"": ""lenet5"", ""phase"": ""poll""}",3,"1,2,3","{""1"": 77.058, ""2"": 76.711, ""3"": 80.404}",78.057667,2.039378,76.711000,80.404000,3.693000,2.6127,2d280c786204 e91657aa272f,True,sessions from different scripts commits
2026-10-02T09:36:39+00:00,mixed,False,2023.1,7b2dac6026acf6ae9e6d87f80a457fb07b6e56c167dd2a168593b2105c9e130e,ZynqMP KV260 revB machine-id:a435d1c5,lenet5,all,250.0,hw,,,,,,,,,,,"1,2,3",True,,,,,,,hw_b3_breakdown.csv,median_us,"{""net"": ""lenet5"", ""phase"": ""ps_dequant""}",3,"1,2,3","{""1"": 81.643, ""2"": 80.771, ""3"": 81.348}",81.254000,0.443535,80.771000,81.643000,0.872000,0.5459,2d280c786204 e91657aa272f,True,sessions from different scripts commits
2026-10-02T09:36:39+00:00,mixed,False,2023.1,7b2dac6026acf6ae9e6d87f80a457fb07b6e56c167dd2a168593b2105c9e130e,ZynqMP KV260 revB machine-id:a435d1c5,lenet5,all,250.0,hw,,,,,,,,,,,"1,2,3",True,,,,,,,hw_b3_breakdown.csv,median_us,"{""net"": ""lenet5"", ""phase"": ""start_done""}",3,"1,2,3","{""1"": 87.413, ""2"": 87.176, ""3"": 89.828}",88.139000,1.467509,87.176000,89.828000,2.652000,1.6650,2d280c786204 e91657aa272f,True,sessions from different scripts commits
2026-10-02T09:36:39+00:00,mixed,False,2023.1,7b2dac6026acf6ae9e6d87f80a457fb07b6e56c167dd2a168593b2105c9e130e,ZynqMP KV260 revB machine-id:a435d1c5,lenet5,all,250.0,hw,,,,,,,,,,,"1,2,3",True,,,,,,,hw_b3_breakdown.csv,median_us,"{""net"": ""lenet5"", ""phase"": ""start_write""}",3,"1,2,3","{""1"": 9.82, ""2"": 9.61, ""3"": 9.61}",9.680000,0.121244,9.610000,9.820000,0.210000,1.2525,2d280c786204 e91657aa272f,True,sessions from different scripts commits
2026-10-02T09:36:39+00:00,mixed,False,2023.1,7b2dac6026acf6ae9e6d87f80a457fb07b6e56c167dd2a168593b2105c9e130e,ZynqMP KV260 revB machine-id:a435d1c5,lenet5,all,250.0,hw,,,,,,,,,,,"1,2,3",True,,,,,,,hw_b3_breakdown.csv,median_us,"{""net"": ""lenet5"", ""phase"": ""status_clear""}",3,"1,2,3","{""1"": 40.031, ""2"": 38.13, ""3"": 38.32}",38.827000,1.047013,38.130000,40.031000,1.901000,2.6966,2d280c786204 e91657aa272f,True,sessions from different scripts commits
2026-10-02T09:36:39+00:00,mixed,False,2023.1,7b2dac6026acf6ae9e6d87f80a457fb07b6e56c167dd2a168593b2105c9e130e,ZynqMP KV260 revB machine-id:a435d1c5,cifar10,all,250.0,hw,,,,,,,,,,,"1,2,3",True,,,,,,,hw_b3_breakdown.csv,p95_us,"{""net"": ""cifar10"", ""phase"": ""counter_read""}",3,"1,2,3","{""1"": 157.253, ""2"": 109.071, ""3"": 107.95}",124.758000,28.147077,107.950000,157.253000,49.303000,22.5613,2d280c786204 e91657aa272f,True,sessions from different scripts commits
2026-10-02T09:36:39+00:00,mixed,False,2023.1,7b2dac6026acf6ae9e6d87f80a457fb07b6e56c167dd2a168593b2105c9e130e,ZynqMP KV260 revB machine-id:a435d1c5,cifar10,all,250.0,hw,,,,,,,,,,,"1,2,3",True,,,,,,,hw_b3_breakdown.csv,p95_us,"{""net"": ""cifar10"", ""phase"": ""end_to_end""}",3,"1,2,3","{""1"": 1793.098, ""2"": 1465.233, ""3"": 1469.171}",1575.834000,188.166446,1465.233000,1793.098000,327.865000,11.9408,2d280c786204 e91657aa272f,True,sessions from different scripts commits
2026-10-02T09:36:39+00:00,mixed,False,2023.1,7b2dac6026acf6ae9e6d87f80a457fb07b6e56c167dd2a168593b2105c9e130e,ZynqMP KV260 revB machine-id:a435d1c5,cifar10,all,250.0,hw,,,,,,,,,,,"1,2,3",True,,,,,,,hw_b3_breakdown.csv,p95_us,"{""net"": ""cifar10"", ""phase"": ""input_write""}",3,"1,2,3","{""1"": 995.224, ""2"": 801.239, ""3"": 801.142}",865.868333,112.025304,801.142000,995.224000,194.082000,12.9379,2d280c786204 e91657aa272f,True,sessions from different scripts commits
2026-10-02T09:36:39+00:00,mixed,False,2023.1,7b2dac6026acf6ae9e6d87f80a457fb07b6e56c167dd2a168593b2105c9e130e,ZynqMP KV260 revB machine-id:a435d1c5,cifar10,all,250.0,hw,,,,,,,,,,,"1,2,3",True,,,,,,,hw_b3_breakdown.csv,p95_us,"{""net"": ""cifar10"", ""phase"": ""logit_read""}",3,"1,2,3","{""1"": 150.421, ""2"": 104.645, ""3"": 104.38}",119.815333,26.505616,104.380000,150.421000,46.041000,22.1221,2d280c786204 e91657aa272f,True,sessions from different scripts commits
2026-10-02T09:36:39+00:00,mixed,False,2023.1,7b2dac6026acf6ae9e6d87f80a457fb07b6e56c167dd2a168593b2105c9e130e,ZynqMP KV260 revB machine-id:a435d1c5,cifar10,all,250.0,hw,,,,,,,,,,,"1,2,3",True,,,,,,,hw_b3_breakdown.csv,p95_us,"{""net"": ""cifar10"", ""phase"": ""pl_compute""}",3,"1,2,3","{""1"": 416.992, ""2"": 416.992, ""3"": 416.992}",416.992000,0.000000,416.992000,416.992000,0.000000,0.0000,2d280c786204 e91657aa272f,True,sessions from different scripts commits
2026-10-02T09:36:39+00:00,mixed,False,2023.1,7b2dac6026acf6ae9e6d87f80a457fb07b6e56c167dd2a168593b2105c9e130e,ZynqMP KV260 revB machine-id:a435d1c5,cifar10,all,250.0,hw,,,,,,,,,,,"1,2,3",True,,,,,,,hw_b3_breakdown.csv,p95_us,"{""net"": ""cifar10"", ""phase"": ""poll""}",3,"1,2,3","{""1"": 439.024, ""2"": 432.594, ""3"": 432.599}",434.739000,3.710920,432.594000,439.024000,6.430000,0.8536,2d280c786204 e91657aa272f,True,sessions from different scripts commits
2026-10-02T09:36:39+00:00,mixed,False,2023.1,7b2dac6026acf6ae9e6d87f80a457fb07b6e56c167dd2a168593b2105c9e130e,ZynqMP KV260 revB machine-id:a435d1c5,cifar10,all,250.0,hw,,,,,,,,,,,"1,2,3",True,,,,,,,hw_b3_breakdown.csv,p95_us,"{""net"": ""cifar10"", ""phase"": ""ps_dequant""}",3,"1,2,3","{""1"": 166.578, ""2"": 83.313, ""3"": 85.014}",111.635000,47.589634,83.313000,166.578000,83.265000,42.6297,2d280c786204 e91657aa272f,True,sessions from different scripts commits
2026-10-02T09:36:39+00:00,mixed,False,2023.1,7b2dac6026acf6ae9e6d87f80a457fb07b6e56c167dd2a168593b2105c9e130e,ZynqMP KV260 revB machine-id:a435d1c5,cifar10,all,250.0,hw,,,,,,,,,,,"1,2,3",True,,,,,,,hw_b3_breakdown.csv,p95_us,"{""net"": ""cifar10"", ""phase"": ""start_done""}",3,"1,2,3","{""1"": 456.467, ""2"": 442.145, ""3"": 442.153}",446.921667,8.266502,442.145000,456.467000,14.322000,1.8497,2d280c786204 e91657aa272f,True,sessions from different scripts commits
2026-10-02T09:36:39+00:00,mixed,False,2023.1,7b2dac6026acf6ae9e6d87f80a457fb07b6e56c167dd2a168593b2105c9e130e,ZynqMP KV260 revB machine-id:a435d1c5,cifar10,all,250.0,hw,,,,,,,,,,,"1,2,3",True,,,,,,,hw_b3_breakdown.csv,p95_us,"{""net"": ""cifar10"", ""phase"": ""start_write""}",3,"1,2,3","{""1"": 10.981, ""2"": 9.78, ""3"": 9.79}",10.183667,0.690529,9.780000,10.981000,1.201000,6.7808,2d280c786204 e91657aa272f,True,sessions from different scripts commits
2026-10-02T09:36:39+00:00,mixed,False,2023.1,7b2dac6026acf6ae9e6d87f80a457fb07b6e56c167dd2a168593b2105c9e130e,ZynqMP KV260 revB machine-id:a435d1c5,cifar10,all,250.0,hw,,,,,,,,,,,"1,2,3",True,,,,,,,hw_b3_breakdown.csv,p95_us,"{""net"": ""cifar10"", ""phase"": ""status_clear""}",3,"1,2,3","{""1"": 74.031, ""2"": 39.431, ""3"": 39.651}",51.037667,19.913115,39.431000,74.031000,34.600000,39.0165,2d280c786204 e91657aa272f,True,sessions from different scripts commits
2026-10-02T09:36:39+00:00,mixed,False,2023.1,7b2dac6026acf6ae9e6d87f80a457fb07b6e56c167dd2a168593b2105c9e130e,ZynqMP KV260 revB machine-id:a435d1c5,lenet5,all,250.0,hw,,,,,,,,,,,"1,2,3",True,,,,,,,hw_b3_breakdown.csv,p95_us,"{""net"": ""lenet5"", ""phase"": ""counter_read""}",3,"1,2,3","{""1"": 168.667, ""2"": 117.092, ""3"": 118.666}",134.808333,29.333025,117.092000,168.667000,51.575000,21.7591,2d280c786204 e91657aa272f,True,sessions from different scripts commits
2026-10-02T09:36:39+00:00,mixed,False,2023.1,7b2dac6026acf6ae9e6d87f80a457fb07b6e56c167dd2a168593b2105c9e130e,ZynqMP KV260 revB machine-id:a435d1c5,lenet5,all,250.0,hw,,,,,,,,,,,"1,2,3",True,,,,,,,hw_b3_breakdown.csv,p95_us,"{""net"": ""lenet5"", ""phase"": ""end_to_end""}",3,"1,2,3","{""1"": 789.528, ""2"": 577.267, ""3"": 575.604}",647.466333,123.031822,575.604000,789.528000,213.924000,19.0020,2d280c786204 e91657aa272f,True,sessions from different scripts commits
2026-10-02T09:36:39+00:00,mixed,False,2023.1,7b2dac6026acf6ae9e6d87f80a457fb07b6e56c167dd2a168593b2105c9e130e,ZynqMP KV260 revB machine-id:a435d1c5,lenet5,all,250.0,hw,,,,,,,,,,,"1,2,3",True,,,,,,,hw_b3_breakdown.csv,p95_us,"{""net"": ""lenet5"", ""phase"": ""input_write""}",3,"1,2,3","{""1"": 339.56, ""2"": 259.532, ""3"": 258.815}",285.969000,46.412552,258.815000,339.560000,80.745000,16.2299,2d280c786204 e91657aa272f,True,sessions from different scripts commits
2026-10-02T09:36:39+00:00,mixed,False,2023.1,7b2dac6026acf6ae9e6d87f80a457fb07b6e56c167dd2a168593b2105c9e130e,ZynqMP KV260 revB machine-id:a435d1c5,lenet5,all,250.0,hw,,,,,,,,,,,"1,2,3",True,,,,,,,hw_b3_breakdown.csv,p95_us,"{""net"": ""lenet5"", ""phase"": ""logit_read""}",3,"1,2,3","{""1"": 150.522, ""2"": 105.761, ""3"": 105.669}",120.650667,25.869374,105.669000,150.522000,44.853000,21.4416,2d280c786204 e91657aa272f,True,sessions from different scripts commits
2026-10-02T09:36:39+00:00,mixed,False,2023.1,7b2dac6026acf6ae9e6d87f80a457fb07b6e56c167dd2a168593b2105c9e130e,ZynqMP KV260 revB machine-id:a435d1c5,lenet5,all,250.0,hw,,,,,,,,,,,"1,2,3",True,,,,,,,hw_b3_breakdown.csv,p95_us,"{""net"": ""lenet5"", ""phase"": ""pl_compute""}",3,"1,2,3","{""1"": 65.745, ""2"": 65.745, ""3"": 65.745}",65.745000,0.000000,65.745000,65.745000,0.000000,0.0000,2d280c786204 e91657aa272f,True,sessions from different scripts commits
2026-10-02T09:36:39+00:00,mixed,False,2023.1,7b2dac6026acf6ae9e6d87f80a457fb07b6e56c167dd2a168593b2105c9e130e,ZynqMP KV260 revB machine-id:a435d1c5,lenet5,all,250.0,hw,,,,,,,,,,,"1,2,3",True,,,,,,,hw_b3_breakdown.csv,p95_us,"{""net"": ""lenet5"", ""phase"": ""poll""}",3,"1,2,3","{""1"": 100.203, ""2"": 81.591, ""3"": 81.239}",87.677667,10.848685,81.239000,100.203000,18.964000,12.3734,2d280c786204 e91657aa272f,True,sessions from different scripts commits
2026-10-02T09:36:39+00:00,mixed,False,2023.1,7b2dac6026acf6ae9e6d87f80a457fb07b6e56c167dd2a168593b2105c9e130e,ZynqMP KV260 revB machine-id:a435d1c5,lenet5,all,250.0,hw,,,,,,,,,,,"1,2,3",True,,,,,,,hw_b3_breakdown.csv,p95_us,"{""net"": ""lenet5"", ""phase"": ""ps_dequant""}",3,"1,2,3","{""1"": 142.676, ""2"": 81.832, ""3"": 82.589}",102.365667,34.911825,81.832000,142.676000,60.844000,34.1050,2d280c786204 e91657aa272f,True,sessions from different scripts commits
2026-10-02T09:36:39+00:00,mixed,False,2023.1,7b2dac6026acf6ae9e6d87f80a457fb07b6e56c167dd2a168593b2105c9e130e,ZynqMP KV260 revB machine-id:a435d1c5,lenet5,all,250.0,hw,,,,,,,,,,,"1,2,3",True,,,,,,,hw_b3_breakdown.csv,p95_us,"{""net"": ""lenet5"", ""phase"": ""start_done""}",3,"1,2,3","{""1"": 115.203, ""2"": 91.141, ""3"": 90.778}",99.040667,13.998168,90.778000,115.203000,24.425000,14.1338,2d280c786204 e91657aa272f,True,sessions from different scripts commits
2026-10-02T09:36:39+00:00,mixed,False,2023.1,7b2dac6026acf6ae9e6d87f80a457fb07b6e56c167dd2a168593b2105c9e130e,ZynqMP KV260 revB machine-id:a435d1c5,lenet5,all,250.0,hw,,,,,,,,,,,"1,2,3",True,,,,,,,hw_b3_breakdown.csv,p95_us,"{""net"": ""lenet5"", ""phase"": ""start_write""}",3,"1,2,3","{""1"": 11.601, ""2"": 10.56, ""3"": 10.63}",10.930333,0.581868,10.560000,11.601000,1.041000,5.3234,2d280c786204 e91657aa272f,True,sessions from different scripts commits
2026-10-02T09:36:39+00:00,mixed,False,2023.1,7b2dac6026acf6ae9e6d87f80a457fb07b6e56c167dd2a168593b2105c9e130e,ZynqMP KV260 revB machine-id:a435d1c5,lenet5,all,250.0,hw,,,,,,,,,,,"1,2,3",True,,,,,,,hw_b3_breakdown.csv,p95_us,"{""net"": ""lenet5"", ""phase"": ""status_clear""}",3,"1,2,3","{""1"": 71.484, ""2"": 40.781, ""3"": 40.469}",50.911333,17.817135,40.469000,71.484000,31.015000,34.9964,2d280c786204 e91657aa272f,True,sessions from different scripts commits
2026-10-02T09:36:39+00:00,mixed,False,2023.1,7b2dac6026acf6ae9e6d87f80a457fb07b6e56c167dd2a168593b2105c9e130e,ZynqMP KV260 revB machine-id:a435d1c5,cifar10,all,250.0,hw,,,,,,,,,,,"1,2,3",True,,,,,,,hw_b3_breakdown_cpu.csv,median_us,"{""net"": ""cifar10"", ""phase"": ""cpu_compute""}",3,"1,2,3","{""1"": 57034.056, ""2"": 53505.795, ""3"": 53320.217}",54620.022667,2092.672334,53320.217000,57034.056000,3713.839000,3.8313,2d280c786204 e91657aa272f,True,sessions from different scripts commits
2026-10-02T09:36:39+00:00,mixed,False,2023.1,7b2dac6026acf6ae9e6d87f80a457fb07b6e56c167dd2a168593b2105c9e130e,ZynqMP KV260 revB machine-id:a435d1c5,cifar10,all,250.0,hw,,,,,,,,,,,"1,2,3",True,,,,,,,hw_b3_breakdown_cpu.csv,median_us,"{""net"": ""cifar10"", ""phase"": ""end_to_end""}",3,"1,2,3","{""1"": 57073.201, ""2"": 53536.276, ""3"": 53351.079}",54653.518667,2097.551293,53351.079000,57073.201000,3722.122000,3.8379,2d280c786204 e91657aa272f,True,sessions from different scripts commits
2026-10-02T09:36:39+00:00,mixed,False,2023.1,7b2dac6026acf6ae9e6d87f80a457fb07b6e56c167dd2a168593b2105c9e130e,ZynqMP KV260 revB machine-id:a435d1c5,lenet5,all,250.0,hw,,,,,,,,,,,"1,2,3",True,,,,,,,hw_b3_breakdown_cpu.csv,median_us,"{""net"": ""lenet5"", ""phase"": ""cpu_compute""}",3,"1,2,3","{""1"": 48007.684, ""2"": 44740.008, ""3"": 44682.377}",45810.023000,1903.448380,44682.377000,48007.684000,3325.307000,4.1551,2d280c786204 e91657aa272f,True,sessions from different scripts commits
2026-10-02T09:36:39+00:00,mixed,False,2023.1,7b2dac6026acf6ae9e6d87f80a457fb07b6e56c167dd2a168593b2105c9e130e,ZynqMP KV260 revB machine-id:a435d1c5,lenet5,all,250.0,hw,,,,,,,,,,,"1,2,3",True,,,,,,,hw_b3_breakdown_cpu.csv,median_us,"{""net"": ""lenet5"", ""phase"": ""end_to_end""}",3,"1,2,3","{""1"": 48039.19, ""2"": 44770.056, ""3"": 44712.378}",45840.541333,1904.303982,44712.378000,48039.190000,3326.812000,4.1542,2d280c786204 e91657aa272f,True,sessions from different scripts commits
2026-10-02T09:36:39+00:00,mixed,False,2023.1,7b2dac6026acf6ae9e6d87f80a457fb07b6e56c167dd2a168593b2105c9e130e,ZynqMP KV260 revB machine-id:a435d1c5,cifar10,all,250.0,hw,,,,,,,,,,,"1,2,3",True,,,,,,,hw_b3_breakdown_cpu.csv,p95_us,"{""net"": ""cifar10"", ""phase"": ""cpu_compute""}",3,"1,2,3","{""1"": 60433.216, ""2"": 53725.952, ""3"": 53557.271}",55905.479667,3922.041630,53557.271000,60433.216000,6875.945000,7.0155,2d280c786204 e91657aa272f,True,sessions from different scripts commits
2026-10-02T09:36:39+00:00,mixed,False,2023.1,7b2dac6026acf6ae9e6d87f80a457fb07b6e56c167dd2a168593b2105c9e130e,ZynqMP KV260 revB machine-id:a435d1c5,cifar10,all,250.0,hw,,,,,,,,,,,"1,2,3",True,,,,,,,hw_b3_breakdown_cpu.csv,p95_us,"{""net"": ""cifar10"", ""phase"": ""end_to_end""}",3,"1,2,3","{""1"": 60465.336, ""2"": 53756.03, ""3"": 53587.592}",55936.319333,3923.147565,53587.592000,60465.336000,6877.744000,7.0136,2d280c786204 e91657aa272f,True,sessions from different scripts commits
2026-10-02T09:36:39+00:00,mixed,False,2023.1,7b2dac6026acf6ae9e6d87f80a457fb07b6e56c167dd2a168593b2105c9e130e,ZynqMP KV260 revB machine-id:a435d1c5,lenet5,all,250.0,hw,,,,,,,,,,,"1,2,3",True,,,,,,,hw_b3_breakdown_cpu.csv,p95_us,"{""net"": ""lenet5"", ""phase"": ""cpu_compute""}",3,"1,2,3","{""1"": 52053.682, ""2"": 44979.529, ""3"": 44952.662}",47328.624333,4092.042024,44952.662000,52053.682000,7101.020000,8.6460,2d280c786204 e91657aa272f,True,sessions from different scripts commits
2026-10-02T09:36:39+00:00,mixed,False,2023.1,7b2dac6026acf6ae9e6d87f80a457fb07b6e56c167dd2a168593b2105c9e130e,ZynqMP KV260 revB machine-id:a435d1c5,lenet5,all,250.0,hw,,,,,,,,,,,"1,2,3",True,,,,,,,hw_b3_breakdown_cpu.csv,p95_us,"{""net"": ""lenet5"", ""phase"": ""end_to_end""}",3,"1,2,3","{""1"": 52084.651, ""2"": 45009.443, ""3"": 44983.59}",47359.228000,4092.356777,44983.590000,52084.651000,7101.061000,8.6411,2d280c786204 e91657aa272f,True,sessions from different scripts commits
2026-10-02T09:36:39+00:00,mixed,False,2023.1,7b2dac6026acf6ae9e6d87f80a457fb07b6e56c167dd2a168593b2105c9e130e,ZynqMP KV260 revB machine-id:a435d1c5,cifar10,all,250.0,hw,,,,,,,,,,,"1,2,3",True,,,,,,,hw_b3_breakdown_fast.csv,median_us,"{""net"": ""cifar10"", ""phase"": ""counter_read""}",3,"1,2,3","{""1"": 66.582, ""2"": 65.411, ""3"": 65.389}",65.794000,0.682517,65.389000,66.582000,1.193000,1.0374,2d280c786204 e91657aa272f,True,sessions from different scripts commits
2026-10-02T09:36:39+00:00,mixed,False,2023.1,7b2dac6026acf6ae9e6d87f80a457fb07b6e56c167dd2a168593b2105c9e130e,ZynqMP KV260 revB machine-id:a435d1c5,cifar10,all,250.0,hw,,,,,,,,,,,"1,2,3",True,,,,,,,hw_b3_breakdown_fast.csv,median_us,"{""net"": ""cifar10"", ""phase"": ""end_to_end""}",3,"1,2,3","{""1"": 580.521, ""2"": 576.885, ""3"": 578.533}",578.646333,1.820648,576.885000,580.521000,3.636000,0.3146,2d280c786204 e91657aa272f,True,sessions from different scripts commits
2026-10-02T09:36:39+00:00,mixed,False,2023.1,7b2dac6026acf6ae9e6d87f80a457fb07b6e56c167dd2a168593b2105c9e130e,ZynqMP KV260 revB machine-id:a435d1c5,cifar10,all,250.0,hw,,,,,,,,,,,"1,2,3",True,,,,,,,hw_b3_breakdown_fast.csv,median_us,"{""net"": ""cifar10"", ""phase"": ""input_write""}",3,"1,2,3","{""1"": 30.441, ""2"": 29.63, ""3"": 29.76}",29.943667,0.435580,29.630000,30.441000,0.811000,1.4547,2d280c786204 e91657aa272f,True,sessions from different scripts commits
2026-10-02T09:36:39+00:00,mixed,False,2023.1,7b2dac6026acf6ae9e6d87f80a457fb07b6e56c167dd2a168593b2105c9e130e,ZynqMP KV260 revB machine-id:a435d1c5,cifar10,all,250.0,hw,,,,,,,,,,,"1,2,3",True,,,,,,,hw_b3_breakdown_fast.csv,median_us,"{""net"": ""cifar10"", ""phase"": ""logit_read""}",3,"1,2,3","{""1"": 22.621, ""2"": 22.721, ""3"": 22.92}",22.754000,0.152207,22.621000,22.920000,0.299000,0.6689,2d280c786204 e91657aa272f,True,sessions from different scripts commits
2026-10-02T09:36:39+00:00,mixed,False,2023.1,7b2dac6026acf6ae9e6d87f80a457fb07b6e56c167dd2a168593b2105c9e130e,ZynqMP KV260 revB machine-id:a435d1c5,cifar10,all,250.0,hw,,,,,,,,,,,"1,2,3",True,,,,,,,hw_b3_breakdown_fast.csv,median_us,"{""net"": ""cifar10"", ""phase"": ""pl_compute""}",3,"1,2,3","{""1"": 416.992, ""2"": 416.992, ""3"": 416.992}",416.992000,0.000000,416.992000,416.992000,0.000000,0.0000,2d280c786204 e91657aa272f,True,sessions from different scripts commits
2026-10-02T09:36:39+00:00,mixed,False,2023.1,7b2dac6026acf6ae9e6d87f80a457fb07b6e56c167dd2a168593b2105c9e130e,ZynqMP KV260 revB machine-id:a435d1c5,cifar10,all,250.0,hw,,,,,,,,,,,"1,2,3",True,,,,,,,hw_b3_breakdown_fast.csv,median_us,"{""net"": ""cifar10"", ""phase"": ""poll""}",3,"1,2,3","{""1"": 427.94, ""2"": 427.204, ""3"": 427.358}",427.500667,0.388187,427.204000,427.940000,0.736000,0.0908,2d280c786204 e91657aa272f,True,sessions from different scripts commits
2026-10-02T09:36:39+00:00,mixed,False,2023.1,7b2dac6026acf6ae9e6d87f80a457fb07b6e56c167dd2a168593b2105c9e130e,ZynqMP KV260 revB machine-id:a435d1c5,cifar10,all,250.0,hw,,,,,,,,,,,"1,2,3",True,,,,,,,hw_b3_breakdown_fast.csv,median_us,"{""net"": ""cifar10"", ""phase"": ""ps_dequant""}",3,"1,2,3","{""1"": 81.273, ""2"": 80.486, ""3"": 81.16}",80.973000,0.425522,80.486000,81.273000,0.787000,0.5255,2d280c786204 e91657aa272f,True,sessions from different scripts commits
2026-10-02T09:36:39+00:00,mixed,False,2023.1,7b2dac6026acf6ae9e6d87f80a457fb07b6e56c167dd2a168593b2105c9e130e,ZynqMP KV260 revB machine-id:a435d1c5,cifar10,all,250.0,hw,,,,,,,,,,,"1,2,3",True,,,,,,,hw_b3_breakdown_fast.csv,median_us,"{""net"": ""cifar10"", ""phase"": ""start_done""}",3,"1,2,3","{""1"": 429.5, ""2"": 428.645, ""3"": 428.839}",428.994667,0.448253,428.645000,429.500000,0.855000,0.1045,2d280c786204 e91657aa272f,True,sessions from different scripts commits
2026-10-02T09:36:39+00:00,mixed,False,2023.1,7b2dac6026acf6ae9e6d87f80a457fb07b6e56c167dd2a168593b2105c9e130e,ZynqMP KV260 revB machine-id:a435d1c5,cifar10,all,250.0,hw,,,,,,,,,,,"1,2,3",True,,,,,,,hw_b3_breakdown_fast.csv,median_us,"{""net"": ""cifar10"", ""phase"": ""start_write""}",3,"1,2,3","{""1"": 1.55, ""2"": 1.44, ""3"": 1.48}",1.490000,0.055678,1.440000,1.550000,0.110000,3.7368,2d280c786204 e91657aa272f,True,sessions from different scripts commits
2026-10-02T09:36:39+00:00,mixed,False,2023.1,7b2dac6026acf6ae9e6d87f80a457fb07b6e56c167dd2a168593b2105c9e130e,ZynqMP KV260 revB machine-id:a435d1c5,cifar10,all,250.0,hw,,,,,,,,,,,"1,2,3",True,,,,,,,hw_b3_breakdown_fast.csv,median_us,"{""net"": ""cifar10"", ""phase"": ""status_clear""}",3,"1,2,3","{""1"": 15.935, ""2"": 15.32, ""3"": 15.82}",15.691667,0.326968,15.320000,15.935000,0.615000,2.0837,2d280c786204 e91657aa272f,True,sessions from different scripts commits
2026-10-02T09:36:39+00:00,mixed,False,2023.1,7b2dac6026acf6ae9e6d87f80a457fb07b6e56c167dd2a168593b2105c9e130e,ZynqMP KV260 revB machine-id:a435d1c5,lenet5,all,250.0,hw,,,,,,,,,,,"1,2,3",True,,,,,,,hw_b3_breakdown_fast.csv,median_us,"{""net"": ""lenet5"", ""phase"": ""counter_read""}",3,"1,2,3","{""1"": 69.813, ""2"": 67.69, ""3"": 67.538}",68.347000,1.271866,67.538000,69.813000,2.275000,1.8609,2d280c786204 e91657aa272f,True,sessions from different scripts commits
2026-10-02T09:36:39+00:00,mixed,False,2023.1,7b2dac6026acf6ae9e6d87f80a457fb07b6e56c167dd2a168593b2105c9e130e,ZynqMP KV260 revB machine-id:a435d1c5,lenet5,all,250.0,hw,,,,,,,,,,,"1,2,3",True,,,,,,,hw_b3_breakdown_fast.csv,median_us,"{""net"": ""lenet5"", ""phase"": ""end_to_end""}",3,"1,2,3","{""1"": 225.403, ""2"": 223.287, ""3"": 224.495}",224.395000,1.061539,223.287000,225.403000,2.116000,0.4731,2d280c786204 e91657aa272f,True,sessions from different scripts commits
2026-10-02T09:36:39+00:00,mixed,False,2023.1,7b2dac6026acf6ae9e6d87f80a457fb07b6e56c167dd2a168593b2105c9e130e,ZynqMP KV260 revB machine-id:a435d1c5,lenet5,all,250.0,hw,,,,,,,,,,,"1,2,3",True,,,,,,,hw_b3_breakdown_fast.csv,median_us,"{""net"": ""lenet5"", ""phase"": ""input_write""}",3,"1,2,3","{""1"": 27.331, ""2"": 26.15, ""3"": 26.239}",26.573333,0.657666,26.150000,27.331000,1.181000,2.4749,2d280c786204 e91657aa272f,True,sessions from different scripts commits
2026-10-02T09:36:39+00:00,mixed,False,2023.1,7b2dac6026acf6ae9e6d87f80a457fb07b6e56c167dd2a168593b2105c9e130e,ZynqMP KV260 revB machine-id:a435d1c5,lenet5,all,250.0,hw,,,,,,,,,,,"1,2,3",True,,,,,,,hw_b3_breakdown_fast.csv,median_us,"{""net"": ""lenet5"", ""phase"": ""logit_read""}",3,"1,2,3","{""1"": 22.351, ""2"": 22.641, ""3"": 22.729}",22.573667,0.197791,22.351000,22.729000,0.378000,0.8762,2d280c786204 e91657aa272f,True,sessions from different scripts commits
2026-10-02T09:36:39+00:00,mixed,False,2023.1,7b2dac6026acf6ae9e6d87f80a457fb07b6e56c167dd2a168593b2105c9e130e,ZynqMP KV260 revB machine-id:a435d1c5,lenet5,all,250.0,hw,,,,,,,,,,,"1,2,3",True,,,,,,,hw_b3_breakdown_fast.csv,median_us,"{""net"": ""lenet5"", ""phase"": ""pl_compute""}",3,"1,2,3","{""1"": 65.745, ""2"": 65.745, ""3"": 65.745}",65.745000,0.000000,65.745000,65.745000,0.000000,0.0000,2d280c786204 e91657aa272f,True,sessions from different scripts commits
2026-10-02T09:36:39+00:00,mixed,False,2023.1,7b2dac6026acf6ae9e6d87f80a457fb07b6e56c167dd2a168593b2105c9e130e,ZynqMP KV260 revB machine-id:a435d1c5,lenet5,all,250.0,hw,,,,,,,,,,,"1,2,3",True,,,,,,,hw_b3_breakdown_fast.csv,median_us,"{""net"": ""lenet5"", ""phase"": ""poll""}",3,"1,2,3","{""1"": 76.703, ""2"": 76.081, ""3"": 76.818}",76.534000,0.396501,76.081000,76.818000,0.737000,0.5181,2d280c786204 e91657aa272f,True,sessions from different scripts commits
2026-10-02T09:36:39+00:00,mixed,False,2023.1,7b2dac6026acf6ae9e6d87f80a457fb07b6e56c167dd2a168593b2105c9e130e,ZynqMP KV260 revB machine-id:a435d1c5,lenet5,all,250.0,hw,,,,,,,,,,,"1,2,3",True,,,,,,,hw_b3_breakdown_fast.csv,median_us,"{""net"": ""lenet5"", ""phase"": ""ps_dequant""}",3,"1,2,3","{""1"": 81.283, ""2"": 80.601, ""3"": 81.029}",80.971000,0.344680,80.601000,81.283000,0.682000,0.4257,2d280c786204 e91657aa272f,True,sessions from different scripts commits
2026-10-02T09:36:39+00:00,mixed,False,2023.1,7b2dac6026acf6ae9e6d87f80a457fb07b6e56c167dd2a168593b2105c9e130e,ZynqMP KV260 revB machine-id:a435d1c5,lenet5,all,250.0,hw,,,,,,,,,,,"1,2,3",True,,,,,,,hw_b3_breakdown_fast.csv,median_us,"{""net"": ""lenet5"", ""phase"": ""start_done""}",3,"1,2,3","{""1"": 78.368, ""2"": 77.701, ""3"": 78.403}",78.157333,0.395584,77.701000,78.403000,0.702000,0.5061,2d280c786204 e91657aa272f,True,sessions from different scripts commits
2026-10-02T09:36:39+00:00,mixed,False,2023.1,7b2dac6026acf6ae9e6d87f80a457fb07b6e56c167dd2a168593b2105c9e130e,ZynqMP KV260 revB machine-id:a435d1c5,lenet5,all,250.0,hw,,,,,,,,,,,"1,2,3",True,,,,,,,hw_b3_breakdown_fast.csv,median_us,"{""net"": ""lenet5"", ""phase"": ""start_write""}",3,"1,2,3","{""1"": 1.66, ""2"": 1.62, ""3"": 1.58}",1.620000,0.040000,1.580000,1.660000,0.080000,2.4691,2d280c786204 e91657aa272f,True,sessions from different scripts commits
2026-10-02T09:36:39+00:00,mixed,False,2023.1,7b2dac6026acf6ae9e6d87f80a457fb07b6e56c167dd2a168593b2105c9e130e,ZynqMP KV260 revB machine-id:a435d1c5,lenet5,all,250.0,hw,,,,,,,,,,,"1,2,3",True,,,,,,,hw_b3_breakdown_fast.csv,median_us,"{""net"": ""lenet5"", ""phase"": ""status_clear""}",3,"1,2,3","{""1"": 16.37, ""2"": 15.49, ""3"": 15.83}",15.896667,0.443772,15.490000,16.370000,0.880000,2.7916,2d280c786204 e91657aa272f,True,sessions from different scripts commits
2026-10-02T09:36:39+00:00,mixed,False,2023.1,7b2dac6026acf6ae9e6d87f80a457fb07b6e56c167dd2a168593b2105c9e130e,ZynqMP KV260 revB machine-id:a435d1c5,cifar10,all,250.0,hw,,,,,,,,,,,"1,2,3",True,,,,,,,hw_b3_breakdown_fast.csv,p95_us,"{""net"": ""cifar10"", ""phase"": ""counter_read""}",3,"1,2,3","{""1"": 108.756, ""2"": 66.171, ""3"": 66.071}",80.332667,24.615380,66.071000,108.756000,42.685000,30.6418,2d280c786204 e91657aa272f,True,sessions from different scripts commits
2026-10-02T09:36:39+00:00,mixed,False,2023.1,7b2dac6026acf6ae9e6d87f80a457fb07b6e56c167dd2a168593b2105c9e130e,ZynqMP KV260 revB machine-id:a435d1c5,cifar10,all,250.0,hw,,,,,,,,,,,"1,2,3",True,,,,,,,hw_b3_breakdown_fast.csv,p95_us,"{""net"": ""cifar10"", ""phase"": ""end_to_end""}",3,"1,2,3","{""1"": 699.876, ""2"": 580.717, ""3"": 582.52}",621.037667,68.281951,580.717000,699.876000,119.159000,10.9948,2d280c786204 e91657aa272f,True,sessions from different scripts commits
2026-10-02T09:36:39+00:00,mixed,False,2023.1,7b2dac6026acf6ae9e6d87f80a457fb07b6e56c167dd2a168593b2105c9e130e,ZynqMP KV260 revB machine-id:a435d1c5,cifar10,all,250.0,hw,,,,,,,,,,,"1,2,3",True,,,,,,,hw_b3_breakdown_fast.csv,p95_us,"{""net"": ""cifar10"", ""phase"": ""input_write""}",3,"1,2,3","{""1"": 61.593, ""2"": 30.08, ""3"": 30.23}",40.634333,18.150893,30.080000,61.593000,31.513000,44.6689,2d280c786204 e91657aa272f,True,sessions from different scripts commits
2026-10-02T09:36:39+00:00,mixed,False,2023.1,7b2dac6026acf6ae9e6d87f80a457fb07b6e56c167dd2a168593b2105c9e130e,ZynqMP KV260 revB machine-id:a435d1c5,cifar10,all,250.0,hw,,,,,,,,,,,"1,2,3",True,,,,,,,hw_b3_breakdown_fast.csv,p95_us,"{""net"": ""cifar10"", ""phase"": ""logit_read""}",3,"1,2,3","{""1"": 43.377, ""2"": 23.81, ""3"": 24.002}",30.396333,11.241997,23.810000,43.377000,19.567000,36.9847,2d280c786204 e91657aa272f,True,sessions from different scripts commits
2026-10-02T09:36:39+00:00,mixed,False,2023.1,7b2dac6026acf6ae9e6d87f80a457fb07b6e56c167dd2a168593b2105c9e130e,ZynqMP KV260 revB machine-id:a435d1c5,cifar10,all,250.0,hw,,,,,,,,,,,"1,2,3",True,,,,,,,hw_b3_breakdown_fast.csv,p95_us,"{""net"": ""cifar10"", ""phase"": ""pl_compute""}",3,"1,2,3","{""1"": 416.992, ""2"": 416.992, ""3"": 416.992}",416.992000,0.000000,416.992000,416.992000,0.000000,0.0000,2d280c786204 e91657aa272f,True,sessions from different scripts commits
2026-10-02T09:36:39+00:00,mixed,False,2023.1,7b2dac6026acf6ae9e6d87f80a457fb07b6e56c167dd2a168593b2105c9e130e,ZynqMP KV260 revB machine-id:a435d1c5,cifar10,all,250.0,hw,,,,,,,,,,,"1,2,3",True,,,,,,,hw_b3_breakdown_fast.csv,p95_us,"{""net"": ""cifar10"", ""phase"": ""poll""}",3,"1,2,3","{""1"": 444.829, ""2"": 428.325, ""3"": 428.421}",433.858333,9.500997,428.325000,444.829000,16.504000,2.1899,2d280c786204 e91657aa272f,True,sessions from different scripts commits
2026-10-02T09:36:39+00:00,mixed,False,2023.1,7b2dac6026acf6ae9e6d87f80a457fb07b6e56c167dd2a168593b2105c9e130e,ZynqMP KV260 revB machine-id:a435d1c5,cifar10,all,250.0,hw,,,,,,,,,,,"1,2,3",True,,,,,,,hw_b3_breakdown_fast.csv,p95_us,"{""net"": ""cifar10"", ""phase"": ""ps_dequant""}",3,"1,2,3","{""1"": 138.149, ""2"": 81.342, ""3"": 82.364}",100.618333,32.506527,81.342000,138.149000,56.807000,32.3068,2d280c786204 e91657aa272f,True,sessions from different scripts commits
2026-10-02T09:36:39+00:00,mixed,False,2023.1,7b2dac6026acf6ae9e6d87f80a457fb07b6e56c167dd2a168593b2105c9e130e,ZynqMP KV260 revB machine-id:a435d1c5,cifar10,all,250.0,hw,,,,,,,,,,,"1,2,3",True,,,,,,,hw_b3_breakdown_fast.csv,p95_us,"{""net"": ""cifar10"", ""phase"": ""start_done""}",3,"1,2,3","{""1"": 447.468, ""2"": 429.786, ""3"": 429.899}",435.717667,10.176244,429.786000,447.468000,17.682000,2.3355,2d280c786204 e91657aa272f,True,sessions from different scripts commits
2026-10-02T09:36:39+00:00,mixed,False,2023.1,7b2dac6026acf6ae9e6d87f80a457fb07b6e56c167dd2a168593b2105c9e130e,ZynqMP KV260 revB machine-id:a435d1c5,cifar10,all,250.0,hw,,,,,,,,,,,"1,2,3",True,,,,,,,hw_b3_breakdown_fast.csv,p95_us,"{""net"": ""cifar10"", ""phase"": ""start_write""}",3,"1,2,3","{""1"": 1.76, ""2"": 1.52, ""3"": 1.55}",1.610000,0.130767,1.520000,1.760000,0.240000,8.1222,2d280c786204 e91657aa272f,True,sessions from different scripts commits
2026-10-02T09:36:39+00:00,mixed,False,2023.1,7b2dac6026acf6ae9e6d87f80a457fb07b6e56c167dd2a168593b2105c9e130e,ZynqMP KV260 revB machine-id:a435d1c5,cifar10,all,250.0,hw,,,,,,,,,,,"1,2,3",True,,,,,,,hw_b3_breakdown_fast.csv,p95_us,"{""net"": ""cifar10"", ""phase"": ""status_clear""}",3,"1,2,3","{""1"": 26.149, ""2"": 15.6, ""3"": 16.11}",19.286333,5.948712,15.600000,26.149000,10.549000,30.8442,2d280c786204 e91657aa272f,True,sessions from different scripts commits
2026-10-02T09:36:39+00:00,mixed,False,2023.1,7b2dac6026acf6ae9e6d87f80a457fb07b6e56c167dd2a168593b2105c9e130e,ZynqMP KV260 revB machine-id:a435d1c5,lenet5,all,250.0,hw,,,,,,,,,,,"1,2,3",True,,,,,,,hw_b3_breakdown_fast.csv,p95_us,"{""net"": ""lenet5"", ""phase"": ""counter_read""}",3,"1,2,3","{""1"": 111.325, ""2"": 69.831, ""3"": 70.239}",83.798333,23.839665,69.831000,111.325000,41.494000,28.4489,2d280c786204 e91657aa272f,True,sessions from different scripts commits
2026-10-02T09:36:39+00:00,mixed,False,2023.1,7b2dac6026acf6ae9e6d87f80a457fb07b6e56c167dd2a168593b2105c9e130e,ZynqMP KV260 revB machine-id:a435d1c5,lenet5,all,250.0,hw,,,,,,,,,,,"1,2,3",True,,,,,,,hw_b3_breakdown_fast.csv,p95_us,"{""net"": ""lenet5"", ""phase"": ""end_to_end""}",3,"1,2,3","{""1"": 332.743, ""2"": 226.582, ""3"": 226.767}",262.030667,61.238747,226.582000,332.743000,106.161000,23.3708,2d280c786204 e91657aa272f,True,sessions from different scripts commits
2026-10-02T09:36:39+00:00,mixed,False,2023.1,7b2dac6026acf6ae9e6d87f80a457fb07b6e56c167dd2a168593b2105c9e130e,ZynqMP KV260 revB machine-id:a435d1c5,lenet5,all,250.0,hw,,,,,,,,,,,"1,2,3",True,,,,,,,hw_b3_breakdown_fast.csv,p95_us,"{""net"": ""lenet5"", ""phase"": ""input_write""}",3,"1,2,3","{""1"": 59.493, ""2"": 26.63, ""3"": 26.7}",37.607667,18.953287,26.630000,59.493000,32.863000,50.3974,2d280c786204 e91657aa272f,True,sessions from different scripts commits
2026-10-02T09:36:39+00:00,mixed,False,2023.1,7b2dac6026acf6ae9e6d87f80a457fb07b6e56c167dd2a168593b2105c9e130e,ZynqMP KV260 revB machine-id:a435d1c5,lenet5,all,250.0,hw,,,,,,,,,,,"1,2,3",True,,,,,,,hw_b3_breakdown_fast.csv,p95_us,"{""net"": ""lenet5"", ""phase"": ""logit_read""}",3,"1,2,3","{""1"": 41.65, ""2"": 23.15, ""3"": 23.53}",29.443333,10.572991,23.150000,41.650000,18.500000,35.9096,2d280c786204 e91657aa272f,True,sessions from different scripts commits
2026-10-02T09:36:39+00:00,mixed,False,2023.1,7b2dac6026acf6ae9e6d87f80a457fb07b6e56c167dd2a168593b2105c9e130e,ZynqMP KV260 revB machine-id:a435d1c5,lenet5,all,250.0,hw,,,,,,,,,,,"1,2,3",True,,,,,,,hw_b3_breakdown_fast.csv,p95_us,"{""net"": ""lenet5"", ""phase"": ""pl_compute""}",3,"1,2,3","{""1"": 65.745, ""2"": 65.745, ""3"": 65.745}",65.745000,0.000000,65.745000,65.745000,0.000000,0.0000,2d280c786204 e91657aa272f,True,sessions from different scripts commits
2026-10-02T09:36:39+00:00,mixed,False,2023.1,7b2dac6026acf6ae9e6d87f80a457fb07b6e56c167dd2a168593b2105c9e130e,ZynqMP KV260 revB machine-id:a435d1c5,lenet5,all,250.0,hw,,,,,,,,,,,"1,2,3",True,,,,,,,hw_b3_breakdown_fast.csv,p95_us,"{""net"": ""lenet5"", ""phase"": ""poll""}",3,"1,2,3","{""1"": 98.746, ""2"": 77.38, ""3"": 77.299}",84.475000,12.359115,77.299000,98.746000,21.447000,14.6305,2d280c786204 e91657aa272f,True,sessions from different scripts commits
2026-10-02T09:36:39+00:00,mixed,False,2023.1,7b2dac6026acf6ae9e6d87f80a457fb07b6e56c167dd2a168593b2105c9e130e,ZynqMP KV260 revB machine-id:a435d1c5,lenet5,all,250.0,hw,,,,,,,,,,,"1,2,3",True,,,,,,,hw_b3_breakdown_fast.csv,p95_us,"{""net"": ""lenet5"", ""phase"": ""ps_dequant""}",3,"1,2,3","{""1"": 133.186, ""2"": 81.463, ""3"": 81.96}",98.869667,29.719855,81.463000,133.186000,51.723000,30.0596,2d280c786204 e91657aa272f,True,sessions from different scripts commits
2026-10-02T09:36:39+00:00,mixed,False,2023.1,7b2dac6026acf6ae9e6d87f80a457fb07b6e56c167dd2a168593b2105c9e130e,ZynqMP KV260 revB machine-id:a435d1c5,lenet5,all,250.0,hw,,,,,,,,,,,"1,2,3",True,,,,,,,hw_b3_breakdown_fast.csv,p95_us,"{""net"": ""lenet5"", ""phase"": ""start_done""}",3,"1,2,3","{""1"": 100.738, ""2"": 78.991, ""3"": 78.899}",86.209333,12.582279,78.899000,100.738000,21.839000,14.5950,2d280c786204 e91657aa272f,True,sessions from different scripts commits
2026-10-02T09:36:39+00:00,mixed,False,2023.1,7b2dac6026acf6ae9e6d87f80a457fb07b6e56c167dd2a168593b2105c9e130e,ZynqMP KV260 revB machine-id:a435d1c5,lenet5,all,250.0,hw,,,,,,,,,,,"1,2,3",True,,,,,,,hw_b3_breakdown_fast.csv,p95_us,"{""net"": ""lenet5"", ""phase"": ""start_write""}",3,"1,2,3","{""1"": 1.831, ""2"": 1.71, ""3"": 1.67}",1.737000,0.083827,1.670000,1.831000,0.161000,4.8260,2d280c786204 e91657aa272f,True,sessions from different scripts commits
2026-10-02T09:36:39+00:00,mixed,False,2023.1,7b2dac6026acf6ae9e6d87f80a457fb07b6e56c167dd2a168593b2105c9e130e,ZynqMP KV260 revB machine-id:a435d1c5,lenet5,all,250.0,hw,,,,,,,,,,,"1,2,3",True,,,,,,,hw_b3_breakdown_fast.csv,p95_us,"{""net"": ""lenet5"", ""phase"": ""status_clear""}",3,"1,2,3","{""1"": 25.283, ""2"": 17.32, ""3"": 16.92}",19.841000,4.717152,16.920000,25.283000,8.363000,23.7748,2d280c786204 e91657aa272f,True,sessions from different scripts commits
2026-10-02T09:36:39+00:00,mixed,False,,,ZynqMP KV260 revB machine-id:a435d1c5,cifar10,all,nan,hw,,,,,,,,,,,"1,2,3",True,,,,,,,hw_cpu_baseline.csv,median_us,"{""kind"": ""cpu_fp32_numpy"", ""mode"": ""compute"", ""net"": ""cifar10"", ""threads"": ""1""}",3,"1,2,3","{""1"": 6198.641, ""2"": 6176.982, ""3"": 6124.911}",6166.844667,37.895941,6124.911000,6198.641000,73.730000,0.6145,2d280c786204 e91657aa272f,True,sessions from different scripts commits
2026-10-02T09:36:39+00:00,mixed,False,,,ZynqMP KV260 revB machine-id:a435d1c5,cifar10,all,nan,hw,,,,,,,,,,,"1,2,3",True,,,,,,,hw_cpu_baseline.csv,median_us,"{""kind"": ""cpu_fp32_numpy"", ""mode"": ""compute"", ""net"": ""cifar10"", ""threads"": ""4""}",3,"1,2,3","{""1"": 5468.114, ""2"": 5466.611, ""3"": 5470.856}",5468.527000,2.152425,5466.611000,5470.856000,4.245000,0.0394,2d280c786204 e91657aa272f,True,sessions from different scripts commits
2026-10-02T09:36:39+00:00,mixed,False,,,ZynqMP KV260 revB machine-id:a435d1c5,lenet5,all,nan,hw,,,,,,,,,,,"1,2,3",True,,,,,,,hw_cpu_baseline.csv,median_us,"{""kind"": ""cpu_fp32_numpy"", ""mode"": ""compute"", ""net"": ""lenet5"", ""threads"": ""1""}",3,"1,2,3","{""1"": 2112.226, ""2"": 2091.163, ""3"": 2101.049}",2101.479333,10.538092,2091.163000,2112.226000,21.063000,0.5015,2d280c786204 e91657aa272f,True,sessions from different scripts commits
2026-10-02T09:36:39+00:00,mixed,False,,,ZynqMP KV260 revB machine-id:a435d1c5,lenet5,all,nan,hw,,,,,,,,,,,"1,2,3",True,,,,,,,hw_cpu_baseline.csv,median_us,"{""kind"": ""cpu_fp32_numpy"", ""mode"": ""compute"", ""net"": ""lenet5"", ""threads"": ""4""}",3,"1,2,3","{""1"": 43953.89, ""2"": 2721.784, ""3"": 2085.567}",16253.747000,23991.136586,2085.567000,43953.890000,41868.323000,147.6037,2d280c786204 e91657aa272f,True,sessions from different scripts commits
2026-10-02T09:36:39+00:00,mixed,False,,,ZynqMP KV260 revB machine-id:a435d1c5,cifar10,all,nan,hw,,,,,,,,,,,"1,2,3",True,,,,,,,hw_cpu_baseline.csv,median_us,"{""kind"": ""cpu_fp32_numpy"", ""mode"": ""e2e"", ""net"": ""cifar10"", ""threads"": ""1""}",3,"1,2,3","{""1"": 6290.659, ""2"": 6289.698, ""3"": 6249.153}",6276.503333,23.690957,6249.153000,6290.659000,41.506000,0.3775,2d280c786204 e91657aa272f,True,sessions from different scripts commits
2026-10-02T09:36:39+00:00,mixed,False,,,ZynqMP KV260 revB machine-id:a435d1c5,cifar10,all,nan,hw,,,,,,,,,,,"1,2,3",True,,,,,,,hw_cpu_baseline.csv,median_us,"{""kind"": ""cpu_fp32_numpy"", ""mode"": ""e2e"", ""net"": ""cifar10"", ""threads"": ""4""}",3,"1,2,3","{""1"": 5600.11, ""2"": 5605.017, ""3"": 5581.253}",5595.460000,12.545868,5581.253000,5605.017000,23.764000,0.2242,2d280c786204 e91657aa272f,True,sessions from different scripts commits
2026-10-02T09:36:39+00:00,mixed,False,,,ZynqMP KV260 revB machine-id:a435d1c5,lenet5,all,nan,hw,,,,,,,,,,,"1,2,3",True,,,,,,,hw_cpu_baseline.csv,median_us,"{""kind"": ""cpu_fp32_numpy"", ""mode"": ""e2e"", ""net"": ""lenet5"", ""threads"": ""1""}",3,"1,2,3","{""1"": 2181.448, ""2"": 2170.194, ""3"": 2186.026}",2179.222667,8.147217,2170.194000,2186.026000,15.832000,0.3739,2d280c786204 e91657aa272f,True,sessions from different scripts commits
2026-10-02T09:36:39+00:00,mixed,False,,,ZynqMP KV260 revB machine-id:a435d1c5,lenet5,all,nan,hw,,,,,,,,,,,"1,2,3",True,,,,,,,hw_cpu_baseline.csv,median_us,"{""kind"": ""cpu_fp32_numpy"", ""mode"": ""e2e"", ""net"": ""lenet5"", ""threads"": ""4""}",3,"1,2,3","{""1"": 47452.549, ""2"": 2859.36, ""3"": 2178.63}",17496.846333,25944.632201,2178.630000,47452.549000,45273.919000,148.2818,2d280c786204 e91657aa272f,True,sessions from different scripts commits
2026-10-02T09:36:39+00:00,mixed,False,,,ZynqMP KV260 revB machine-id:a435d1c5,cifar10,all,nan,hw,,,,,,,,,,,"1,2,3",True,,,,,,,hw_cpu_baseline.csv,median_us,"{""kind"": ""cpu_int8_ref"", ""mode"": ""compute"", ""net"": ""cifar10"", ""threads"": ""1""}",3,"1,2,3","{""1"": 53157.268, ""2"": 53101.04, ""3"": 53153.586}",53137.298000,31.454272,53101.040000,53157.268000,56.228000,0.0592,2d280c786204 e91657aa272f,True,sessions from different scripts commits
2026-10-02T09:36:39+00:00,mixed,False,,,ZynqMP KV260 revB machine-id:a435d1c5,cifar10,all,nan,hw,,,,,,,,,,,"1,2,3",True,,,,,,,hw_cpu_baseline.csv,median_us,"{""kind"": ""cpu_int8_ref"", ""mode"": ""compute"", ""net"": ""cifar10"", ""threads"": ""4""}",3,"1,2,3","{""1"": 67172.496, ""2"": 53569.679, ""3"": 53561.379}",58101.184667,7855.987156,53561.379000,67172.496000,13611.117000,13.5212,2d280c786204 e91657aa272f,True,sessions from different scripts commits
2026-10-02T09:36:39+00:00,mixed,False,,,ZynqMP KV260 revB machine-id:a435d1c5,lenet5,all,nan,hw,,,,,,,,,,,"1,2,3",True,,,,,,,hw_cpu_baseline.csv,median_us,"{""kind"": ""cpu_int8_ref"", ""mode"": ""compute"", ""net"": ""lenet5"", ""threads"": ""1""}",3,"1,2,3","{""1"": 48450.715, ""2"": 44661.042, ""3"": 44493.738}",45868.498333,2237.829270,44493.738000,48450.715000,3956.977000,4.8788,2d280c786204 e91657aa272f,True,sessions from different scripts commits
2026-10-02T09:36:39+00:00,mixed,False,,,ZynqMP KV260 revB machine-id:a435d1c5,lenet5,all,nan,hw,,,,,,,,,,,"1,2,3",True,,,,,,,hw_cpu_baseline.csv,median_us,"{""kind"": ""cpu_int8_ref"", ""mode"": ""compute"", ""net"": ""lenet5"", ""threads"": ""4""}",3,"1,2,3","{""1"": 44571.797, ""2"": 44860.59, ""3"": 44702.641}",44711.676000,144.608342,44571.797000,44860.590000,288.793000,0.3234,2d280c786204 e91657aa272f,True,sessions from different scripts commits
2026-10-02T09:36:39+00:00,mixed,False,,,ZynqMP KV260 revB machine-id:a435d1c5,cifar10,all,nan,hw,,,,,,,,,,,"1,2,3",True,,,,,,,hw_cpu_baseline.csv,median_us,"{""kind"": ""cpu_int8_ref"", ""mode"": ""e2e"", ""net"": ""cifar10"", ""threads"": ""1""}",3,"1,2,3","{""1"": 53518.25, ""2"": 53390.141, ""3"": 53505.547}",53471.312667,70.583080,53390.141000,53518.250000,128.109000,0.1320,2d280c786204 e91657aa272f,True,sessions from different scripts commits
2026-10-02T09:36:39+00:00,mixed,False,,,ZynqMP KV260 revB machine-id:a435d1c5,cifar10,all,nan,hw,,,,,,,,,,,"1,2,3",True,,,,,,,hw_cpu_baseline.csv,median_us,"{""kind"": ""cpu_int8_ref"", ""mode"": ""e2e"", ""net"": ""cifar10"", ""threads"": ""4""}",3,"1,2,3","{""1"": 67598.542, ""2"": 53999.776, ""3"": 53813.671}",58470.663000,7905.522756,53813.671000,67598.542000,13784.871000,13.5205,2d280c786204 e91657aa272f,True,sessions from different scripts commits
2026-10-02T09:36:39+00:00,mixed,False,,,ZynqMP KV260 revB machine-id:a435d1c5,lenet5,all,nan,hw,,,,,,,,,,,"1,2,3",True,,,,,,,hw_cpu_baseline.csv,median_us,"{""kind"": ""cpu_int8_ref"", ""mode"": ""e2e"", ""net"": ""lenet5"", ""threads"": ""1""}",3,"1,2,3","{""1"": 47730.364, ""2"": 44737.827, ""3"": 44614.791}",45694.327333,1764.332294,44614.791000,47730.364000,3115.573000,3.8612,2d280c786204 e91657aa272f,True,sessions from different scripts commits
2026-10-02T09:36:39+00:00,mixed,False,,,ZynqMP KV260 revB machine-id:a435d1c5,lenet5,all,nan,hw,,,,,,,,,,,"1,2,3",True,,,,,,,hw_cpu_baseline.csv,median_us,"{""kind"": ""cpu_int8_ref"", ""mode"": ""e2e"", ""net"": ""lenet5"", ""threads"": ""4""}",3,"1,2,3","{""1"": 44697.316, ""2"": 45007.954, ""3"": 44818.55}",44841.273333,156.560704,44697.316000,45007.954000,310.638000,0.3491,2d280c786204 e91657aa272f,True,sessions from different scripts commits
2026-10-02T09:36:39+00:00,mixed,False,,,ZynqMP KV260 revB machine-id:a435d1c5,cifar10,all,nan,hw,,,,,,,,,,,"1,2,3",True,,,,,,,hw_cpu_baseline.csv,median_us,"{""kind"": ""cpu_ort_fp32"", ""mode"": ""compute"", ""net"": ""cifar10"", ""threads"": ""1""}",3,"1,2,3","{""1"": 3200.799, ""2"": 3223.792, ""3"": 3331.364}",3251.985000,69.698915,3200.799000,3331.364000,130.565000,2.1433,2d280c786204 e91657aa272f,True,sessions from different scripts commits
2026-10-02T09:36:39+00:00,mixed,False,,,ZynqMP KV260 revB machine-id:a435d1c5,cifar10,all,nan,hw,,,,,,,,,,,"1,2,3",True,,,,,,,hw_cpu_baseline.csv,median_us,"{""kind"": ""cpu_ort_fp32"", ""mode"": ""compute"", ""net"": ""cifar10"", ""threads"": ""4""}",3,"1,2,3","{""1"": 1803.544, ""2"": 1805.101, ""3"": 1787.164}",1798.603000,9.937007,1787.164000,1805.101000,17.937000,0.5525,2d280c786204 e91657aa272f,True,sessions from different scripts commits
2026-10-02T09:36:39+00:00,mixed,False,,,ZynqMP KV260 revB machine-id:a435d1c5,lenet5,all,nan,hw,,,,,,,,,,,"1,2,3",True,,,,,,,hw_cpu_baseline.csv,median_us,"{""kind"": ""cpu_ort_fp32"", ""mode"": ""compute"", ""net"": ""lenet5"", ""threads"": ""1""}",3,"1,2,3","{""1"": 792.829, ""2"": 741.292, ""3"": 738.479}",757.533333,30.599286,738.479000,792.829000,54.350000,4.0393,2d280c786204 e91657aa272f,True,sessions from different scripts commits
2026-10-02T09:36:39+00:00,mixed,False,,,ZynqMP KV260 revB machine-id:a435d1c5,lenet5,all,nan,hw,,,,,,,,,,,"1,2,3",True,,,,,,,hw_cpu_baseline.csv,median_us,"{""kind"": ""cpu_ort_fp32"", ""mode"": ""compute"", ""net"": ""lenet5"", ""threads"": ""4""}",3,"1,2,3","{""1"": 690.235, ""2"": 769.866, ""3"": 604.016}",688.039000,82.946805,604.016000,769.866000,165.850000,12.0555,2d280c786204 e91657aa272f,True,sessions from different scripts commits
2026-10-02T09:36:39+00:00,mixed,False,,,ZynqMP KV260 revB machine-id:a435d1c5,cifar10,all,nan,hw,,,,,,,,,,,"1,2,3",True,,,,,,,hw_cpu_baseline.csv,median_us,"{""kind"": ""cpu_ort_fp32"", ""mode"": ""e2e"", ""net"": ""cifar10"", ""threads"": ""1""}",3,"1,2,3","{""1"": 3374.155, ""2"": 3414.122, ""3"": 3507.05}",3431.775667,68.183643,3374.155000,3507.050000,132.895000,1.9868,2d280c786204 e91657aa272f,True,sessions from different scripts commits
2026-10-02T09:36:39+00:00,mixed,False,,,ZynqMP KV260 revB machine-id:a435d1c5,cifar10,all,nan,hw,,,,,,,,,,,"1,2,3",True,,,,,,,hw_cpu_baseline.csv,median_us,"{""kind"": ""cpu_ort_fp32"", ""mode"": ""e2e"", ""net"": ""cifar10"", ""threads"": ""4""}",3,"1,2,3","{""1"": 2006.171, ""2"": 2022.703, ""3"": 1996.526}",2008.466667,13.238633,1996.526000,2022.703000,26.177000,0.6591,2d280c786204 e91657aa272f,True,sessions from different scripts commits
2026-10-02T09:36:39+00:00,mixed,False,,,ZynqMP KV260 revB machine-id:a435d1c5,lenet5,all,nan,hw,,,,,,,,,,,"1,2,3",True,,,,,,,hw_cpu_baseline.csv,median_us,"{""kind"": ""cpu_ort_fp32"", ""mode"": ""e2e"", ""net"": ""lenet5"", ""threads"": ""1""}",3,"1,2,3","{""1"": 925.983, ""2"": 848.007, ""3"": 846.266}",873.418667,45.530370,846.266000,925.983000,79.717000,5.2129,2d280c786204 e91657aa272f,True,sessions from different scripts commits
2026-10-02T09:36:39+00:00,mixed,False,,,ZynqMP KV260 revB machine-id:a435d1c5,lenet5,all,nan,hw,,,,,,,,,,,"1,2,3",True,,,,,,,hw_cpu_baseline.csv,median_us,"{""kind"": ""cpu_ort_fp32"", ""mode"": ""e2e"", ""net"": ""lenet5"", ""threads"": ""4""}",3,"1,2,3","{""1"": 890.687, ""2"": 974.544, ""3"": 746.815}",870.682000,115.174973,746.815000,974.544000,227.729000,13.2281,2d280c786204 e91657aa272f,True,sessions from different scripts commits
2026-10-02T09:36:39+00:00,mixed,False,,,ZynqMP KV260 revB machine-id:a435d1c5,cifar10,all,nan,hw,,,,,,,,,,,"1,2,3",True,,,,,,,hw_cpu_baseline.csv,median_us,"{""kind"": ""cpu_ort_int8"", ""mode"": ""compute"", ""net"": ""cifar10"", ""threads"": ""1""}",3,"1,2,3","{""1"": 2186.853, ""2"": 2163.744, ""3"": 2164.767}",2171.788000,13.056696,2163.744000,2186.853000,23.109000,0.6012,2d280c786204 e91657aa272f,True,sessions from different scripts commits
2026-10-02T09:36:39+00:00,mixed,False,,,ZynqMP KV260 revB machine-id:a435d1c5,cifar10,all,nan,hw,,,,,,,,,,,"1,2,3",True,,,,,,,hw_cpu_baseline.csv,median_us,"{""kind"": ""cpu_ort_int8"", ""mode"": ""compute"", ""net"": ""cifar10"", ""threads"": ""4""}",3,"1,2,3","{""1"": 1078.738, ""2"": 1073.792, ""3"": 1064.805}",1072.445000,7.063493,1064.805000,1078.738000,13.933000,0.6586,2d280c786204 e91657aa272f,True,sessions from different scripts commits
2026-10-02T09:36:39+00:00,mixed,False,,,ZynqMP KV260 revB machine-id:a435d1c5,lenet5,all,nan,hw,,,,,,,,,,,"1,2,3",True,,,,,,,hw_cpu_baseline.csv,median_us,"{""kind"": ""cpu_ort_int8"", ""mode"": ""compute"", ""net"": ""lenet5"", ""threads"": ""1""}",3,"1,2,3","{""1"": 823.88, ""2"": 799.052, ""3"": 798.217}",807.049667,14.581474,798.217000,823.880000,25.663000,1.8068,2d280c786204 e91657aa272f,True,sessions from different scripts commits
2026-10-02T09:36:39+00:00,mixed,False,,,ZynqMP KV260 revB machine-id:a435d1c5,lenet5,all,nan,hw,,,,,,,,,,,"1,2,3",True,,,,,,,hw_cpu_baseline.csv,median_us,"{""kind"": ""cpu_ort_int8"", ""mode"": ""compute"", ""net"": ""lenet5"", ""threads"": ""4""}",3,"1,2,3","{""1"": 610.837, ""2"": 620.216, ""3"": 618.358}",616.470333,4.966274,610.837000,620.216000,9.379000,0.8056,2d280c786204 e91657aa272f,True,sessions from different scripts commits
2026-10-02T09:36:39+00:00,mixed,False,,,ZynqMP KV260 revB machine-id:a435d1c5,cifar10,all,nan,hw,,,,,,,,,,,"1,2,3",True,,,,,,,hw_cpu_baseline.csv,median_us,"{""kind"": ""cpu_ort_int8"", ""mode"": ""e2e"", ""net"": ""cifar10"", ""threads"": ""1""}",3,"1,2,3","{""1"": 2327.428, ""2"": 2308.665, ""3"": 2315.731}",2317.274667,9.476272,2308.665000,2327.428000,18.763000,0.4089,2d280c786204 e91657aa272f,True,sessions from different scripts commits
2026-10-02T09:36:39+00:00,mixed,False,,,ZynqMP KV260 revB machine-id:a435d1c5,cifar10,all,nan,hw,,,,,,,,,,,"1,2,3",True,,,,,,,hw_cpu_baseline.csv,median_us,"{""kind"": ""cpu_ort_int8"", ""mode"": ""e2e"", ""net"": ""cifar10"", ""threads"": ""4""}",3,"1,2,3","{""1"": 1228.059, ""2"": 1222.892, ""3"": 1216.655}",1222.535333,5.710360,1216.655000,1228.059000,11.404000,0.4671,2d280c786204 e91657aa272f,True,sessions from different scripts commits
2026-10-02T09:36:39+00:00,mixed,False,,,ZynqMP KV260 revB machine-id:a435d1c5,lenet5,all,nan,hw,,,,,,,,,,,"1,2,3",True,,,,,,,hw_cpu_baseline.csv,median_us,"{""kind"": ""cpu_ort_int8"", ""mode"": ""e2e"", ""net"": ""lenet5"", ""threads"": ""1""}",3,"1,2,3","{""1"": 991.555, ""2"": 878.168, ""3"": 879.48}",916.401000,65.088579,878.168000,991.555000,113.387000,7.1026,2d280c786204 e91657aa272f,True,sessions from different scripts commits
2026-10-02T09:36:39+00:00,mixed,False,,,ZynqMP KV260 revB machine-id:a435d1c5,lenet5,all,nan,hw,,,,,,,,,,,"1,2,3",True,,,,,,,hw_cpu_baseline.csv,median_us,"{""kind"": ""cpu_ort_int8"", ""mode"": ""e2e"", ""net"": ""lenet5"", ""threads"": ""4""}",3,"1,2,3","{""1"": 695.21, ""2"": 696.93, ""3"": 702.23}",698.123333,3.658980,695.210000,702.230000,7.020000,0.5241,2d280c786204 e91657aa272f,True,sessions from different scripts commits
2026-10-02T09:36:39+00:00,mixed,False,,,ZynqMP KV260 revB machine-id:a435d1c5,cifar10,all,nan,hw,,,,,,,,,,,"1,2,3",True,,,,,,,hw_cpu_baseline.csv,p95_us,"{""kind"": ""cpu_fp32_numpy"", ""mode"": ""compute"", ""net"": ""cifar10"", ""threads"": ""1""}",3,"1,2,3","{""1"": 6301.174, ""2"": 6327.662, ""3"": 6223.216}",6284.017333,54.295535,6223.216000,6327.662000,104.446000,0.8640,2d280c786204 e91657aa272f,True,sessions from different scripts commits
2026-10-02T09:36:39+00:00,mixed,False,,,ZynqMP KV260 revB machine-id:a435d1c5,cifar10,all,nan,hw,,,,,,,,,,,"1,2,3",True,,,,,,,hw_cpu_baseline.csv,p95_us,"{""kind"": ""cpu_fp32_numpy"", ""mode"": ""compute"", ""net"": ""cifar10"", ""threads"": ""4""}",3,"1,2,3","{""1"": 5590.363, ""2"": 5595.278, ""3"": 5563.371}",5583.004000,17.179357,5563.371000,5595.278000,31.907000,0.3077,2d280c786204 e91657aa272f,True,sessions from different scripts commits
2026-10-02T09:36:39+00:00,mixed,False,,,ZynqMP KV260 revB machine-id:a435d1c5,lenet5,all,nan,hw,,,,,,,,,,,"1,2,3",True,,,,,,,hw_cpu_baseline.csv,p95_us,"{""kind"": ""cpu_fp32_numpy"", ""mode"": ""compute"", ""net"": ""lenet5"", ""threads"": ""1""}",3,"1,2,3","{""1"": 2307.454, ""2"": 2130.651, ""3"": 2147.489}",2195.198000,97.580412,2130.651000,2307.454000,176.803000,4.4452,2d280c786204 e91657aa272f,True,sessions from different scripts commits
2026-10-02T09:36:39+00:00,mixed,False,,,ZynqMP KV260 revB machine-id:a435d1c5,lenet5,all,nan,hw,,,,,,,,,,,"1,2,3",True,,,,,,,hw_cpu_baseline.csv,p95_us,"{""kind"": ""cpu_fp32_numpy"", ""mode"": ""compute"", ""net"": ""lenet5"", ""threads"": ""4""}",3,"1,2,3","{""1"": 54294.385, ""2"": 2803.248, ""3"": 2159.962}",19752.531667,29915.851617,2159.962000,54294.385000,52134.423000,151.4533,2d280c786204 e91657aa272f,True,sessions from different scripts commits
2026-10-02T09:36:39+00:00,mixed,False,,,ZynqMP KV260 revB machine-id:a435d1c5,cifar10,all,nan,hw,,,,,,,,,,,"1,2,3",True,,,,,,,hw_cpu_baseline.csv,p95_us,"{""kind"": ""cpu_fp32_numpy"", ""mode"": ""e2e"", ""net"": ""cifar10"", ""threads"": ""1""}",3,"1,2,3","{""1"": 6419.873, ""2"": 6407.127, ""3"": 6364.894}",6397.298000,28.777240,6364.894000,6419.873000,54.979000,0.4498,2d280c786204 e91657aa272f,True,sessions from different scripts commits
2026-10-02T09:36:39+00:00,mixed,False,,,ZynqMP KV260 revB machine-id:a435d1c5,cifar10,all,nan,hw,,,,,,,,,,,"1,2,3",True,,,,,,,hw_cpu_baseline.csv,p95_us,"{""kind"": ""cpu_fp32_numpy"", ""mode"": ""e2e"", ""net"": ""cifar10"", ""threads"": ""4""}",3,"1,2,3","{""1"": 5710.999, ""2"": 6166.978, ""3"": 5694.552}",5857.509667,268.133573,5694.552000,6166.978000,472.426000,4.5776,2d280c786204 e91657aa272f,True,sessions from different scripts commits
2026-10-02T09:36:39+00:00,mixed,False,,,ZynqMP KV260 revB machine-id:a435d1c5,lenet5,all,nan,hw,,,,,,,,,,,"1,2,3",True,,,,,,,hw_cpu_baseline.csv,p95_us,"{""kind"": ""cpu_fp32_numpy"", ""mode"": ""e2e"", ""net"": ""lenet5"", ""threads"": ""1""}",3,"1,2,3","{""1"": 2247.189, ""2"": 2203.622, ""3"": 2239.737}",2230.182667,23.302035,2203.622000,2247.189000,43.567000,1.0448,2d280c786204 e91657aa272f,True,sessions from different scripts commits
2026-10-02T09:36:39+00:00,mixed,False,,,ZynqMP KV260 revB machine-id:a435d1c5,lenet5,all,nan,hw,,,,,,,,,,,"1,2,3",True,,,,,,,hw_cpu_baseline.csv,p95_us,"{""kind"": ""cpu_fp32_numpy"", ""mode"": ""e2e"", ""net"": ""lenet5"", ""threads"": ""4""}",3,"1,2,3","{""1"": 52221.256, ""2"": 2908.09, ""3"": 2219.854}",19116.400000,28671.711412,2219.854000,52221.256000,50001.402000,149.9849,2d280c786204 e91657aa272f,True,sessions from different scripts commits
2026-10-02T09:36:39+00:00,mixed,False,,,ZynqMP KV260 revB machine-id:a435d1c5,cifar10,all,nan,hw,,,,,,,,,,,"1,2,3",True,,,,,,,hw_cpu_baseline.csv,p95_us,"{""kind"": ""cpu_int8_ref"", ""mode"": ""compute"", ""net"": ""cifar10"", ""threads"": ""1""}",3,"1,2,3","{""1"": 53429.08, ""2"": 53387.165, ""3"": 53424.363}",53413.536000,22.959415,53387.165000,53429.080000,41.915000,0.0430,2d280c786204 e91657aa272f,True,sessions from different scripts commits
2026-10-02T09:36:39+00:00,mixed,False,,,ZynqMP KV260 revB machine-id:a435d1c5,cifar10,all,nan,hw,,,,,,,,,,,"1,2,3",True,,,,,,,hw_cpu_baseline.csv,p95_us,"{""kind"": ""cpu_int8_ref"", ""mode"": ""compute"", ""net"": ""cifar10"", ""threads"": ""4""}",3,"1,2,3","{""1"": 67438.75, ""2"": 53784.564, ""3"": 53763.443}",58328.919000,7889.352138,53763.443000,67438.750000,13675.307000,13.5256,2d280c786204 e91657aa272f,True,sessions from different scripts commits
2026-10-02T09:36:39+00:00,mixed,False,,,ZynqMP KV260 revB machine-id:a435d1c5,lenet5,all,nan,hw,,,,,,,,,,,"1,2,3",True,,,,,,,hw_cpu_baseline.csv,p95_us,"{""kind"": ""cpu_int8_ref"", ""mode"": ""compute"", ""net"": ""lenet5"", ""threads"": ""1""}",3,"1,2,3","{""1"": 52078.069, ""2"": 44934.437, ""3"": 44790.033}",47267.513000,4166.689321,44790.033000,52078.069000,7288.036000,8.8151,2d280c786204 e91657aa272f,True,sessions from different scripts commits
2026-10-02T09:36:39+00:00,mixed,False,,,ZynqMP KV260 revB machine-id:a435d1c5,lenet5,all,nan,hw,,,,,,,,,,,"1,2,3",True,,,,,,,hw_cpu_baseline.csv,p95_us,"{""kind"": ""cpu_int8_ref"", ""mode"": ""compute"", ""net"": ""lenet5"", ""threads"": ""4""}",3,"1,2,3","{""1"": 45504.592, ""2"": 45231.328, ""3"": 44931.532}",45222.484000,286.632348,44931.532000,45504.592000,573.060000,0.6338,2d280c786204 e91657aa272f,True,sessions from different scripts commits
2026-10-02T09:36:39+00:00,mixed,False,,,ZynqMP KV260 revB machine-id:a435d1c5,cifar10,all,nan,hw,,,,,,,,,,,"1,2,3",True,,,,,,,hw_cpu_baseline.csv,p95_us,"{""kind"": ""cpu_int8_ref"", ""mode"": ""e2e"", ""net"": ""cifar10"", ""threads"": ""1""}",3,"1,2,3","{""1"": 53777.668, ""2"": 53588.049, ""3"": 53703.146}",53689.621000,95.530286,53588.049000,53777.668000,189.619000,0.1779,2d280c786204 e91657aa272f,True,sessions from different scripts commits
2026-10-02T09:36:39+00:00,mixed,False,,,ZynqMP KV260 revB machine-id:a435d1c5,cifar10,all,nan,hw,,,,,,,,,,,"1,2,3",True,,,,,,,hw_cpu_baseline.csv,p95_us,"{""kind"": ""cpu_int8_ref"", ""mode"": ""e2e"", ""net"": ""cifar10"", ""threads"": ""4""}",3,"1,2,3","{""1"": 67892.548, ""2"": 54128.622, ""3"": 54019.099}",58680.089667,7978.410884,54019.099000,67892.548000,13873.449000,13.5965,2d280c786204 e91657aa272f,True,sessions from different scripts commits
2026-10-02T09:36:39+00:00,mixed,False,,,ZynqMP KV260 revB machine-id:a435d1c5,lenet5,all,nan,hw,,,,,,,,,,,"1,2,3",True,,,,,,,hw_cpu_baseline.csv,p95_us,"{""kind"": ""cpu_int8_ref"", ""mode"": ""e2e"", ""net"": ""lenet5"", ""threads"": ""1""}",3,"1,2,3","{""1"": 49562.293, ""2"": 45019.565, ""3"": 44835.313}",46472.390333,2677.519574,44835.313000,49562.293000,4726.980000,5.7615,2d280c786204 e91657aa272f,True,sessions from different scripts commits
2026-10-02T09:36:39+00:00,mixed,False,,,ZynqMP KV260 revB machine-id:a435d1c5,lenet5,all,nan,hw,,,,,,,,,,,"1,2,3",True,,,,,,,hw_cpu_baseline.csv,p95_us,"{""kind"": ""cpu_int8_ref"", ""mode"": ""e2e"", ""net"": ""lenet5"", ""threads"": ""4""}",3,"1,2,3","{""1"": 45589.78, ""2"": 45215.364, ""3"": 45016.316}",45273.820000,291.166735,45016.316000,45589.780000,573.464000,0.6431,2d280c786204 e91657aa272f,True,sessions from different scripts commits
2026-10-02T09:36:39+00:00,mixed,False,,,ZynqMP KV260 revB machine-id:a435d1c5,cifar10,all,nan,hw,,,,,,,,,,,"1,2,3",True,,,,,,,hw_cpu_baseline.csv,p95_us,"{""kind"": ""cpu_ort_fp32"", ""mode"": ""compute"", ""net"": ""cifar10"", ""threads"": ""1""}",3,"1,2,3","{""1"": 3307.849, ""2"": 3332.813, ""3"": 3406.637}",3349.099667,51.368364,3307.849000,3406.637000,98.788000,1.5338,2d280c786204 e91657aa272f,True,sessions from different scripts commits
2026-10-02T09:36:39+00:00,mixed,False,,,ZynqMP KV260 revB machine-id:a435d1c5,cifar10,all,nan,hw,,,,,,,,,,,"1,2,3",True,,,,,,,hw_cpu_baseline.csv,p95_us,"{""kind"": ""cpu_ort_fp32"", ""mode"": ""compute"", ""net"": ""cifar10"", ""threads"": ""4""}",3,"1,2,3","{""1"": 1918.774, ""2"": 1875.744, ""3"": 1835.87}",1876.796000,41.462011,1835.870000,1918.774000,82.904000,2.2092,2d280c786204 e91657aa272f,True,sessions from different scripts commits
2026-10-02T09:36:39+00:00,mixed,False,,,ZynqMP KV260 revB machine-id:a435d1c5,lenet5,all,nan,hw,,,,,,,,,,,"1,2,3",True,,,,,,,hw_cpu_baseline.csv,p95_us,"{""kind"": ""cpu_ort_fp32"", ""mode"": ""compute"", ""net"": ""lenet5"", ""threads"": ""1""}",3,"1,2,3","{""1"": 1161.549, ""2"": 771.991, ""3"": 769.184}",900.908000,225.726091,769.184000,1161.549000,392.365000,25.0554,2d280c786204 e91657aa272f,True,sessions from different scripts commits
2026-10-02T09:36:39+00:00,mixed,False,,,ZynqMP KV260 revB machine-id:a435d1c5,lenet5,all,nan,hw,,,,,,,,,,,"1,2,3",True,,,,,,,hw_cpu_baseline.csv,p95_us,"{""kind"": ""cpu_ort_fp32"", ""mode"": ""compute"", ""net"": ""lenet5"", ""threads"": ""4""}",3,"1,2,3","{""1"": 937.744, ""2"": 812.862, ""3"": 642.193}",797.599667,148.365436,642.193000,937.744000,295.551000,18.6015,2d280c786204 e91657aa272f,True,sessions from different scripts commits
2026-10-02T09:36:39+00:00,mixed,False,,,ZynqMP KV260 revB machine-id:a435d1c5,cifar10,all,nan,hw,,,,,,,,,,,"1,2,3",True,,,,,,,hw_cpu_baseline.csv,p95_us,"{""kind"": ""cpu_ort_fp32"", ""mode"": ""e2e"", ""net"": ""cifar10"", ""threads"": ""1""}",3,"1,2,3","{""1"": 3439.762, ""2"": 3532.373, ""3"": 3572.992}",3515.042333,68.284861,3439.762000,3572.992000,133.230000,1.9426,2d280c786204 e91657aa272f,True,sessions from different scripts commits
2026-10-02T09:36:39+00:00,mixed,False,,,ZynqMP KV260 revB machine-id:a435d1c5,cifar10,all,nan,hw,,,,,,,,,,,"1,2,3",True,,,,,,,hw_cpu_baseline.csv,p95_us,"{""kind"": ""cpu_ort_fp32"", ""mode"": ""e2e"", ""net"": ""cifar10"", ""threads"": ""4""}",3,"1,2,3","{""1"": 2097.983, ""2"": 2195.873, ""3"": 2047.61}",2113.822000,75.389885,2047.610000,2195.873000,148.263000,3.5665,2d280c786204 e91657aa272f,True,sessions from different scripts commits
2026-10-02T09:36:39+00:00,mixed,False,,,ZynqMP KV260 revB machine-id:a435d1c5,lenet5,all,nan,hw,,,,,,,,,,,"1,2,3",True,,,,,,,hw_cpu_baseline.csv,p95_us,"{""kind"": ""cpu_ort_fp32"", ""mode"": ""e2e"", ""net"": ""lenet5"", ""threads"": ""1""}",3,"1,2,3","{""1"": 1217.25, ""2"": 904.716, ""3"": 885.276}",1002.414000,186.307162,885.276000,1217.250000,331.974000,18.5858,2d280c786204 e91657aa272f,True,sessions from different scripts commits
2026-10-02T09:36:39+00:00,mixed,False,,,ZynqMP KV260 revB machine-id:a435d1c5,lenet5,all,nan,hw,,,,,,,,,,,"1,2,3",True,,,,,,,hw_cpu_baseline.csv,p95_us,"{""kind"": ""cpu_ort_fp32"", ""mode"": ""e2e"", ""net"": ""lenet5"", ""threads"": ""4""}",3,"1,2,3","{""1"": 1203.031, ""2"": 1037.849, ""3"": 819.491}",1020.123667,192.383402,819.491000,1203.031000,383.540000,18.8588,2d280c786204 e91657aa272f,True,sessions from different scripts commits
2026-10-02T09:36:39+00:00,mixed,False,,,ZynqMP KV260 revB machine-id:a435d1c5,cifar10,all,nan,hw,,,,,,,,,,,"1,2,3",True,,,,,,,hw_cpu_baseline.csv,p95_us,"{""kind"": ""cpu_ort_int8"", ""mode"": ""compute"", ""net"": ""cifar10"", ""threads"": ""1""}",3,"1,2,3","{""1"": 2233.128, ""2"": 2225.858, ""3"": 2217.517}",2225.501000,7.811621,2217.517000,2233.128000,15.611000,0.3510,2d280c786204 e91657aa272f,True,sessions from different scripts commits
2026-10-02T09:36:39+00:00,mixed,False,,,ZynqMP KV260 revB machine-id:a435d1c5,cifar10,all,nan,hw,,,,,,,,,,,"1,2,3",True,,,,,,,hw_cpu_baseline.csv,p95_us,"{""kind"": ""cpu_ort_int8"", ""mode"": ""compute"", ""net"": ""cifar10"", ""threads"": ""4""}",3,"1,2,3","{""1"": 1123.184, ""2"": 1115.153, ""3"": 1099.764}",1112.700333,11.901083,1099.764000,1123.184000,23.420000,1.0696,2d280c786204 e91657aa272f,True,sessions from different scripts commits
2026-10-02T09:36:39+00:00,mixed,False,,,ZynqMP KV260 revB machine-id:a435d1c5,lenet5,all,nan,hw,,,,,,,,,,,"1,2,3",True,,,,,,,hw_cpu_baseline.csv,p95_us,"{""kind"": ""cpu_ort_int8"", ""mode"": ""compute"", ""net"": ""lenet5"", ""threads"": ""1""}",3,"1,2,3","{""1"": 943.334, ""2"": 815.414, ""3"": 818.623}",859.123667,72.945936,815.414000,943.334000,127.920000,8.4907,2d280c786204 e91657aa272f,True,sessions from different scripts commits
2026-10-02T09:36:39+00:00,mixed,False,,,ZynqMP KV260 revB machine-id:a435d1c5,lenet5,all,nan,hw,,,,,,,,,,,"1,2,3",True,,,,,,,hw_cpu_baseline.csv,p95_us,"{""kind"": ""cpu_ort_int8"", ""mode"": ""compute"", ""net"": ""lenet5"", ""threads"": ""4""}",3,"1,2,3","{""1"": 638.026, ""2"": 636.535, ""3"": 635.649}",636.736667,1.201264,635.649000,638.026000,2.377000,0.1887,2d280c786204 e91657aa272f,True,sessions from different scripts commits
2026-10-02T09:36:39+00:00,mixed,False,,,ZynqMP KV260 revB machine-id:a435d1c5,cifar10,all,nan,hw,,,,,,,,,,,"1,2,3",True,,,,,,,hw_cpu_baseline.csv,p95_us,"{""kind"": ""cpu_ort_int8"", ""mode"": ""e2e"", ""net"": ""cifar10"", ""threads"": ""1""}",3,"1,2,3","{""1"": 2390.158, ""2"": 2374.916, ""3"": 2368.802}",2377.958667,10.998320,2368.802000,2390.158000,21.356000,0.4625,2d280c786204 e91657aa272f,True,sessions from different scripts commits
2026-10-02T09:36:39+00:00,mixed,False,,,ZynqMP KV260 revB machine-id:a435d1c5,cifar10,all,nan,hw,,,,,,,,,,,"1,2,3",True,,,,,,,hw_cpu_baseline.csv,p95_us,"{""kind"": ""cpu_ort_int8"", ""mode"": ""e2e"", ""net"": ""cifar10"", ""threads"": ""4""}",3,"1,2,3","{""1"": 1265.298, ""2"": 1266.204, ""3"": 1257.771}",1263.091000,4.629472,1257.771000,1266.204000,8.433000,0.3665,2d280c786204 e91657aa272f,True,sessions from different scripts commits
2026-10-02T09:36:39+00:00,mixed,False,,,ZynqMP KV260 revB machine-id:a435d1c5,lenet5,all,nan,hw,,,,,,,,,,,"1,2,3",True,,,,,,,hw_cpu_baseline.csv,p95_us,"{""kind"": ""cpu_ort_int8"", ""mode"": ""e2e"", ""net"": ""lenet5"", ""threads"": ""1""}",3,"1,2,3","{""1"": 1180.351, ""2"": 902.745, ""3"": 901.301}",994.799000,160.694368,901.301000,1180.351000,279.050000,16.1535,2d280c786204 e91657aa272f,True,sessions from different scripts commits
2026-10-02T09:36:39+00:00,mixed,False,,,ZynqMP KV260 revB machine-id:a435d1c5,lenet5,all,nan,hw,,,,,,,,,,,"1,2,3",True,,,,,,,hw_cpu_baseline.csv,p95_us,"{""kind"": ""cpu_ort_int8"", ""mode"": ""e2e"", ""net"": ""lenet5"", ""threads"": ""4""}",3,"1,2,3","{""1"": 726.482, ""2"": 730.928, ""3"": 726.189}",727.866333,2.655525,726.189000,730.928000,4.739000,0.3648,2d280c786204 e91657aa272f,True,sessions from different scripts commits
2026-10-02T09:36:39+00:00,mixed,False,,,ZynqMP KV260 revB machine-id:a435d1c5,cifar10,all,nan,hw,,,,,,,,,,,"1,2,3",True,,,,,,,hw_cpu_baseline.csv,p99_us,"{""kind"": ""cpu_fp32_numpy"", ""mode"": ""compute"", ""net"": ""cifar10"", ""threads"": ""1""}",3,"1,2,3","{""1"": 6429.166, ""2"": 6795.927, ""3"": 6248.573}",6491.222000,278.903766,6248.573000,6795.927000,547.354000,4.2966,2d280c786204 e91657aa272f,True,sessions from different scripts commits
2026-10-02T09:36:39+00:00,mixed,False,,,ZynqMP KV260 revB machine-id:a435d1c5,cifar10,all,nan,hw,,,,,,,,,,,"1,2,3",True,,,,,,,hw_cpu_baseline.csv,p99_us,"{""kind"": ""cpu_fp32_numpy"", ""mode"": ""compute"", ""net"": ""cifar10"", ""threads"": ""4""}",3,"1,2,3","{""1"": 11474.206, ""2"": 5897.516, ""3"": 5635.95}",7669.224000,3297.805362,5635.950000,11474.206000,5838.256000,43.0005,2d280c786204 e91657aa272f,True,sessions from different scripts commits
2026-10-02T09:36:39+00:00,mixed,False,,,ZynqMP KV260 revB machine-id:a435d1c5,lenet5,all,nan,hw,,,,,,,,,,,"1,2,3",True,,,,,,,hw_cpu_baseline.csv,p99_us,"{""kind"": ""cpu_fp32_numpy"", ""mode"": ""compute"", ""net"": ""lenet5"", ""threads"": ""1""}",3,"1,2,3","{""1"": 2401.089, ""2"": 2161.408, ""3"": 2167.589}",2243.362000,136.630546,2161.408000,2401.089000,239.681000,6.0904,2d280c786204 e91657aa272f,True,sessions from different scripts commits
2026-10-02T09:36:39+00:00,mixed,False,,,ZynqMP KV260 revB machine-id:a435d1c5,lenet5,all,nan,hw,,,,,,,,,,,"1,2,3",True,,,,,,,hw_cpu_baseline.csv,p99_us,"{""kind"": ""cpu_fp32_numpy"", ""mode"": ""compute"", ""net"": ""lenet5"", ""threads"": ""4""}",3,"1,2,3","{""1"": 60027.244, ""2"": 2900.064, ""3"": 2229.558}",21718.955333,33177.645034,2229.558000,60027.244000,57797.686000,152.7589,2d280c786204 e91657aa272f,True,sessions from different scripts commits
2026-10-02T09:36:39+00:00,mixed,False,,,ZynqMP KV260 revB machine-id:a435d1c5,cifar10,all,nan,hw,,,,,,,,,,,"1,2,3",True,,,,,,,hw_cpu_baseline.csv,p99_us,"{""kind"": ""cpu_fp32_numpy"", ""mode"": ""e2e"", ""net"": ""cifar10"", ""threads"": ""1""}",3,"1,2,3","{""1"": 6555.076, ""2"": 6453.416, ""3"": 7098.515}",6702.335667,346.846129,6453.416000,7098.515000,645.099000,5.1750,2d280c786204 e91657aa272f,True,sessions from different scripts commits
2026-10-02T09:36:39+00:00,mixed,False,,,ZynqMP KV260 revB machine-id:a435d1c5,cifar10,all,nan,hw,,,,,,,,,,,"1,2,3",True,,,,,,,hw_cpu_baseline.csv,p99_us,"{""kind"": ""cpu_fp32_numpy"", ""mode"": ""e2e"", ""net"": ""cifar10"", ""threads"": ""4""}",3,"1,2,3","{""1"": 6105.265, ""2"": 11987.835, ""3"": 5908.078}",8000.392667,3454.633548,5908.078000,11987.835000,6079.757000,43.1808,2d280c786204 e91657aa272f,True,sessions from different scripts commits
2026-10-02T09:36:39+00:00,mixed,False,,,ZynqMP KV260 revB machine-id:a435d1c5,lenet5,all,nan,hw,,,,,,,,,,,"1,2,3",True,,,,,,,hw_cpu_baseline.csv,p99_us,"{""kind"": ""cpu_fp32_numpy"", ""mode"": ""e2e"", ""net"": ""lenet5"", ""threads"": ""1""}",3,"1,2,3","{""1"": 2431.982, ""2"": 2236.882, ""3"": 2273.273}",2314.045667,103.743965,2236.882000,2431.982000,195.100000,4.4832,2d280c786204 e91657aa272f,True,sessions from different scripts commits
2026-10-02T09:36:39+00:00,mixed,False,,,ZynqMP KV260 revB machine-id:a435d1c5,lenet5,all,nan,hw,,,,,,,,,,,"1,2,3",True,,,,,,,hw_cpu_baseline.csv,p99_us,"{""kind"": ""cpu_fp32_numpy"", ""mode"": ""e2e"", ""net"": ""lenet5"", ""threads"": ""4""}",3,"1,2,3","{""1"": 56118.69, ""2"": 2959.275, ""3"": 2260.331}",20446.098667,30895.346899,2260.331000,56118.690000,53858.359000,151.1063,2d280c786204 e91657aa272f,True,sessions from different scripts commits
2026-10-02T09:36:39+00:00,mixed,False,,,ZynqMP KV260 revB machine-id:a435d1c5,cifar10,all,nan,hw,,,,,,,,,,,"1,2,3",True,,,,,,,hw_cpu_baseline.csv,p99_us,"{""kind"": ""cpu_int8_ref"", ""mode"": ""compute"", ""net"": ""cifar10"", ""threads"": ""1""}",3,"1,2,3","{""1"": 53711.945, ""2"": 53785.506, ""3"": 53721.688}",53739.713000,39.955984,53711.945000,53785.506000,73.561000,0.0744,2d280c786204 e91657aa272f,True,sessions from different scripts commits
2026-10-02T09:36:39+00:00,mixed,False,,,ZynqMP KV260 revB machine-id:a435d1c5,cifar10,all,nan,hw,,,,,,,,,,,"1,2,3",True,,,,,,,hw_cpu_baseline.csv,p99_us,"{""kind"": ""cpu_int8_ref"", ""mode"": ""compute"", ""net"": ""cifar10"", ""threads"": ""4""}",3,"1,2,3","{""1"": 67584.573, ""2"": 54053.128, ""3"": 54041.691}",58559.797333,7815.687083,54041.691000,67584.573000,13542.882000,13.3465,2d280c786204 e91657aa272f,True,sessions from different scripts commits
2026-10-02T09:36:39+00:00,mixed,False,,,ZynqMP KV260 revB machine-id:a435d1c5,lenet5,all,nan,hw,,,,,,,,,,,"1,2,3",True,,,,,,,hw_cpu_baseline.csv,p99_us,"{""kind"": ""cpu_int8_ref"", ""mode"": ""compute"", ""net"": ""lenet5"", ""threads"": ""1""}",3,"1,2,3","{""1"": 52770.804, ""2"": 45050.184, ""3"": 45161.101}",47660.696333,4425.830534,45050.184000,52770.804000,7720.620000,9.2861,2d280c786204 e91657aa272f,True,sessions from different scripts commits
2026-10-02T09:36:39+00:00,mixed,False,,,ZynqMP KV260 revB machine-id:a435d1c5,lenet5,all,nan,hw,,,,,,,,,,,"1,2,3",True,,,,,,,hw_cpu_baseline.csv,p99_us,"{""kind"": ""cpu_int8_ref"", ""mode"": ""compute"", ""net"": ""lenet5"", ""threads"": ""4""}",3,"1,2,3","{""1"": 45668.786, ""2"": 45541.379, ""3"": 45052.633}",45420.932667,325.256236,45052.633000,45668.786000,616.153000,0.7161,2d280c786204 e91657aa272f,True,sessions from different scripts commits
2026-10-02T09:36:39+00:00,mixed,False,,,ZynqMP KV260 revB machine-id:a435d1c5,cifar10,all,nan,hw,,,,,,,,,,,"1,2,3",True,,,,,,,hw_cpu_baseline.csv,p99_us,"{""kind"": ""cpu_int8_ref"", ""mode"": ""e2e"", ""net"": ""cifar10"", ""threads"": ""1""}",3,"1,2,3","{""1"": 53968.289, ""2"": 54032.25, ""3"": 53964.27}",53988.269667,38.141059,53964.270000,54032.250000,67.980000,0.0706,2d280c786204 e91657aa272f,True,sessions from different scripts commits
2026-10-02T09:36:39+00:00,mixed,False,,,ZynqMP KV260 revB machine-id:a435d1c5,cifar10,all,nan,hw,,,,,,,,,,,"1,2,3",True,,,,,,,hw_cpu_baseline.csv,p99_us,"{""kind"": ""cpu_int8_ref"", ""mode"": ""e2e"", ""net"": ""cifar10"", ""threads"": ""4""}",3,"1,2,3","{""1"": 68406.291, ""2"": 54246.111, ""3"": 54221.187}",58957.863000,8182.588164,54221.187000,68406.291000,14185.104000,13.8787,2d280c786204 e91657aa272f,True,sessions from different scripts commits
2026-10-02T09:36:39+00:00,mixed,False,,,ZynqMP KV260 revB machine-id:a435d1c5,lenet5,all,nan,hw,,,,,,,,,,,"1,2,3",True,,,,,,,hw_cpu_baseline.csv,p99_us,"{""kind"": ""cpu_int8_ref"", ""mode"": ""e2e"", ""net"": ""lenet5"", ""threads"": ""1""}",3,"1,2,3","{""1"": 50672.321, ""2"": 45134.411, ""3"": 45140.975}",46982.569000,3195.420651,45134.411000,50672.321000,5537.910000,6.8013,2d280c786204 e91657aa272f,True,sessions from different scripts commits
2026-10-02T09:36:39+00:00,mixed,False,,,ZynqMP KV260 revB machine-id:a435d1c5,lenet5,all,nan,hw,,,,,,,,,,,"1,2,3",True,,,,,,,hw_cpu_baseline.csv,p99_us,"{""kind"": ""cpu_int8_ref"", ""mode"": ""e2e"", ""net"": ""lenet5"", ""threads"": ""4""}",3,"1,2,3","{""1"": 45762.557, ""2"": 45504.2, ""3"": 45264.3}",45510.352333,249.185469,45264.300000,45762.557000,498.257000,0.5475,2d280c786204 e91657aa272f,True,sessions from different scripts commits
2026-10-02T09:36:39+00:00,mixed,False,,,ZynqMP KV260 revB machine-id:a435d1c5,cifar10,all,nan,hw,,,,,,,,,,,"1,2,3",True,,,,,,,hw_cpu_baseline.csv,p99_us,"{""kind"": ""cpu_ort_fp32"", ""mode"": ""compute"", ""net"": ""cifar10"", ""threads"": ""1""}",3,"1,2,3","{""1"": 3438.919, ""2"": 3389.738, ""3"": 3437.03}",3421.895667,27.865368,3389.738000,3438.919000,49.181000,0.8143,2d280c786204 e91657aa272f,True,sessions from different scripts commits
2026-10-02T09:36:39+00:00,mixed,False,,,ZynqMP KV260 revB machine-id:a435d1c5,cifar10,all,nan,hw,,,,,,,,,,,"1,2,3",True,,,,,,,hw_cpu_baseline.csv,p99_us,"{""kind"": ""cpu_ort_fp32"", ""mode"": ""compute"", ""net"": ""cifar10"", ""threads"": ""4""}",3,"1,2,3","{""1"": 4982.857, ""2"": 1936.461, ""3"": 1886.129}",2935.149000,1773.545705,1886.129000,4982.857000,3096.728000,60.4244,2d280c786204 e91657aa272f,True,sessions from different scripts commits
2026-10-02T09:36:39+00:00,mixed,False,,,ZynqMP KV260 revB machine-id:a435d1c5,lenet5,all,nan,hw,,,,,,,,,,,"1,2,3",True,,,,,,,hw_cpu_baseline.csv,p99_us,"{""kind"": ""cpu_ort_fp32"", ""mode"": ""compute"", ""net"": ""lenet5"", ""threads"": ""1""}",3,"1,2,3","{""1"": 1216.402, ""2"": 798.245, ""3"": 821.275}",945.307333,235.057087,798.245000,1216.402000,418.157000,24.8657,2d280c786204 e91657aa272f,True,sessions from different scripts commits
2026-10-02T09:36:39+00:00,mixed,False,,,ZynqMP KV260 revB machine-id:a435d1c5,lenet5,all,nan,hw,,,,,,,,,,,"1,2,3",True,,,,,,,hw_cpu_baseline.csv,p99_us,"{""kind"": ""cpu_ort_fp32"", ""mode"": ""compute"", ""net"": ""lenet5"", ""threads"": ""4""}",3,"1,2,3","{""1"": 993.192, ""2"": 835.887, ""3"": 648.526}",825.868333,172.551277,648.526000,993.192000,344.666000,20.8933,2d280c786204 e91657aa272f,True,sessions from different scripts commits
2026-10-02T09:36:39+00:00,mixed,False,,,ZynqMP KV260 revB machine-id:a435d1c5,cifar10,all,nan,hw,,,,,,,,,,,"1,2,3",True,,,,,,,hw_cpu_baseline.csv,p99_us,"{""kind"": ""cpu_ort_fp32"", ""mode"": ""e2e"", ""net"": ""cifar10"", ""threads"": ""1""}",3,"1,2,3","{""1"": 3515.03, ""2"": 3589.567, ""3"": 3633.541}",3579.379333,59.908728,3515.030000,3633.541000,118.511000,1.6737,2d280c786204 e91657aa272f,True,sessions from different scripts commits
2026-10-02T09:36:39+00:00,mixed,False,,,ZynqMP KV260 revB machine-id:a435d1c5,cifar10,all,nan,hw,,,,,,,,,,,"1,2,3",True,,,,,,,hw_cpu_baseline.csv,p99_us,"{""kind"": ""cpu_ort_fp32"", ""mode"": ""e2e"", ""net"": ""cifar10"", ""threads"": ""4""}",3,"1,2,3","{""1"": 2215.995, ""2"": 7676.945, ""3"": 2177.78}",4023.573333,3163.970369,2177.780000,7676.945000,5499.165000,78.6358,2d280c786204 e91657aa272f,True,sessions from different scripts commits
2026-10-02T09:36:39+00:00,mixed,False,,,ZynqMP KV260 revB machine-id:a435d1c5,lenet5,all,nan,hw,,,,,,,,,,,"1,2,3",True,,,,,,,hw_cpu_baseline.csv,p99_us,"{""kind"": ""cpu_ort_fp32"", ""mode"": ""e2e"", ""net"": ""lenet5"", ""threads"": ""1""}",3,"1,2,3","{""1"": 1293.648, ""2"": 933.629, ""3"": 906.432}",1044.569667,216.136372,906.432000,1293.648000,387.216000,20.6914,2d280c786204 e91657aa272f,True,sessions from different scripts commits
2026-10-02T09:36:39+00:00,mixed,False,,,ZynqMP KV260 revB machine-id:a435d1c5,lenet5,all,nan,hw,,,,,,,,,,,"1,2,3",True,,,,,,,hw_cpu_baseline.csv,p99_us,"{""kind"": ""cpu_ort_fp32"", ""mode"": ""e2e"", ""net"": ""lenet5"", ""threads"": ""4""}",3,"1,2,3","{""1"": 1293.503, ""2"": 1047.553, ""3"": 854.979}",1065.345000,219.802732,854.979000,1293.503000,438.524000,20.6321,2d280c786204 e91657aa272f,True,sessions from different scripts commits
2026-10-02T09:36:39+00:00,mixed,False,,,ZynqMP KV260 revB machine-id:a435d1c5,cifar10,all,nan,hw,,,,,,,,,,,"1,2,3",True,,,,,,,hw_cpu_baseline.csv,p99_us,"{""kind"": ""cpu_ort_int8"", ""mode"": ""compute"", ""net"": ""cifar10"", ""threads"": ""1""}",3,"1,2,3","{""1"": 2255.589, ""2"": 2247.102, ""3"": 2226.184}",2242.958333,15.134100,2226.184000,2255.589000,29.405000,0.6747,2d280c786204 e91657aa272f,True,sessions from different scripts commits
2026-10-02T09:36:39+00:00,mixed,False,,,ZynqMP KV260 revB machine-id:a435d1c5,cifar10,all,nan,hw,,,,,,,,,,,"1,2,3",True,,,,,,,hw_cpu_baseline.csv,p99_us,"{""kind"": ""cpu_ort_int8"", ""mode"": ""compute"", ""net"": ""cifar10"", ""threads"": ""4""}",3,"1,2,3","{""1"": 1177.75, ""2"": 1189.092, ""3"": 1139.544}",1168.795333,25.959403,1139.544000,1189.092000,49.548000,2.2210,2d280c786204 e91657aa272f,True,sessions from different scripts commits
2026-10-02T09:36:39+00:00,mixed,False,,,ZynqMP KV260 revB machine-id:a435d1c5,lenet5,all,nan,hw,,,,,,,,,,,"1,2,3",True,,,,,,,hw_cpu_baseline.csv,p99_us,"{""kind"": ""cpu_ort_int8"", ""mode"": ""compute"", ""net"": ""lenet5"", ""threads"": ""1""}",3,"1,2,3","{""1"": 1006.88, ""2"": 823.221, ""3"": 856.867}",895.656000,97.780862,823.221000,1006.880000,183.659000,10.9172,2d280c786204 e91657aa272f,True,sessions from different scripts commits
2026-10-02T09:36:39+00:00,mixed,False,,,ZynqMP KV260 revB machine-id:a435d1c5,lenet5,all,nan,hw,,,,,,,,,,,"1,2,3",True,,,,,,,hw_cpu_baseline.csv,p99_us,"{""kind"": ""cpu_ort_int8"", ""mode"": ""compute"", ""net"": ""lenet5"", ""threads"": ""4""}",3,"1,2,3","{""1"": 674.006, ""2"": 646.501, ""3"": 643.009}",654.505333,16.978089,643.009000,674.006000,30.997000,2.5940,2d280c786204 e91657aa272f,True,sessions from different scripts commits
2026-10-02T09:36:39+00:00,mixed,False,,,ZynqMP KV260 revB machine-id:a435d1c5,cifar10,all,nan,hw,,,,,,,,,,,"1,2,3",True,,,,,,,hw_cpu_baseline.csv,p99_us,"{""kind"": ""cpu_ort_int8"", ""mode"": ""e2e"", ""net"": ""cifar10"", ""threads"": ""1""}",3,"1,2,3","{""1"": 2442.107, ""2"": 2539.669, ""3"": 2439.894}",2473.890000,56.977030,2439.894000,2539.669000,99.775000,2.3031,2d280c786204 e91657aa272f,True,sessions from different scripts commits
2026-10-02T09:36:39+00:00,mixed,False,,,ZynqMP KV260 revB machine-id:a435d1c5,cifar10,all,nan,hw,,,,,,,,,,,"1,2,3",True,,,,,,,hw_cpu_baseline.csv,p99_us,"{""kind"": ""cpu_ort_int8"", ""mode"": ""e2e"", ""net"": ""cifar10"", ""threads"": ""4""}",3,"1,2,3","{""1"": 1320.927, ""2"": 1292.842, ""3"": 1329.889}",1314.552667,19.328584,1292.842000,1329.889000,37.047000,1.4704,2d280c786204 e91657aa272f,True,sessions from different scripts commits
2026-10-02T09:36:39+00:00,mixed,False,,,ZynqMP KV260 revB machine-id:a435d1c5,lenet5,all,nan,hw,,,,,,,,,,,"1,2,3",True,,,,,,,hw_cpu_baseline.csv,p99_us,"{""kind"": ""cpu_ort_int8"", ""mode"": ""e2e"", ""net"": ""lenet5"", ""threads"": ""1""}",3,"1,2,3","{""1"": 1292.41, ""2"": 910.8, ""3"": 923.534}",1042.248000,216.740186,910.800000,1292.410000,381.610000,20.7955,2d280c786204 e91657aa272f,True,sessions from different scripts commits
2026-10-02T09:36:39+00:00,mixed,False,,,ZynqMP KV260 revB machine-id:a435d1c5,lenet5,all,nan,hw,,,,,,,,,,,"1,2,3",True,,,,,,,hw_cpu_baseline.csv,p99_us,"{""kind"": ""cpu_ort_int8"", ""mode"": ""e2e"", ""net"": ""lenet5"", ""threads"": ""4""}",3,"1,2,3","{""1"": 806.019, ""2"": 753.249, ""3"": 744.015}",767.761000,33.452543,744.015000,806.019000,62.004000,4.3572,2d280c786204 e91657aa272f,True,sessions from different scripts commits
2026-10-02T09:36:39+00:00,28d0602987cf1c482a73dbfa656d040059df0e26,False,,0b0baebd6e7c3d96cfbd946da8dcd054e7f529a136300f3e54e5e1989213db0b,ZynqMP KV260 revB machine-id:a435d1c5,cifar10,all,66.7,hw,,,,,,,,,,,1,True,,,,,,,hw_dpu_accuracy.csv,accuracy_pct,"{""net"": ""cifar10""}",1,1,"{""1"": 78.43}",78.430000,,78.430000,78.430000,0.000000,,28d0602987cf,True,only sessions [1]
2026-10-02T09:36:39+00:00,28d0602987cf1c482a73dbfa656d040059df0e26,False,,0b0baebd6e7c3d96cfbd946da8dcd054e7f529a136300f3e54e5e1989213db0b,ZynqMP KV260 revB machine-id:a435d1c5,lenet5,all,66.7,hw,,,,,,,,,,,1,True,,,,,,,hw_dpu_accuracy.csv,accuracy_pct,"{""net"": ""lenet5""}",1,1,"{""1"": 98.82}",98.820000,,98.820000,98.820000,0.000000,,28d0602987cf,True,only sessions [1]
2026-10-02T09:36:39+00:00,28d0602987cf1c482a73dbfa656d040059df0e26,False,,0b0baebd6e7c3d96cfbd946da8dcd054e7f529a136300f3e54e5e1989213db0b,ZynqMP KV260 revB machine-id:a435d1c5,cifar10,all,66.7,hw,,,,,,,,,,,1,True,,,,,,,hw_dpu_latency.csv,p50,"{""metric"": ""dpu_runner"", ""net"": ""cifar10""}",1,1,"{""1"": 182.413}",182.413000,,182.413000,182.413000,0.000000,,28d0602987cf,True,only sessions [1]
2026-10-02T09:36:39+00:00,28d0602987cf1c482a73dbfa656d040059df0e26,False,,0b0baebd6e7c3d96cfbd946da8dcd054e7f529a136300f3e54e5e1989213db0b,ZynqMP KV260 revB machine-id:a435d1c5,lenet5,all,66.7,hw,,,,,,,,,,,1,True,,,,,,,hw_dpu_latency.csv,p50,"{""metric"": ""dpu_runner"", ""net"": ""lenet5""}",1,1,"{""1"": 194.996}",194.996000,,194.996000,194.996000,0.000000,,28d0602987cf,True,only sessions [1]
2026-10-02T09:36:39+00:00,28d0602987cf1c482a73dbfa656d040059df0e26,False,,0b0baebd6e7c3d96cfbd946da8dcd054e7f529a136300f3e54e5e1989213db0b,ZynqMP KV260 revB machine-id:a435d1c5,cifar10,all,66.7,hw,,,,,,,,,,,1,True,,,,,,,hw_dpu_latency.csv,p50,"{""metric"": ""end_to_end"", ""net"": ""cifar10""}",1,1,"{""1"": 352.771}",352.771000,,352.771000,352.771000,0.000000,,28d0602987cf,True,only sessions [1]
2026-10-02T09:36:39+00:00,28d0602987cf1c482a73dbfa656d040059df0e26,False,,0b0baebd6e7c3d96cfbd946da8dcd054e7f529a136300f3e54e5e1989213db0b,ZynqMP KV260 revB machine-id:a435d1c5,lenet5,all,66.7,hw,,,,,,,,,,,1,True,,,,,,,hw_dpu_latency.csv,p50,"{""metric"": ""end_to_end"", ""net"": ""lenet5""}",1,1,"{""1"": 345.606}",345.606000,,345.606000,345.606000,0.000000,,28d0602987cf,True,only sessions [1]
2026-10-02T09:36:39+00:00,28d0602987cf1c482a73dbfa656d040059df0e26,False,,0b0baebd6e7c3d96cfbd946da8dcd054e7f529a136300f3e54e5e1989213db0b,ZynqMP KV260 revB machine-id:a435d1c5,cifar10,all,66.7,hw,,,,,,,,,,,1,True,,,,,,,hw_dpu_latency.csv,p50,"{""metric"": ""post"", ""net"": ""cifar10""}",1,1,"{""1"": 27.7}",27.700000,,27.700000,27.700000,0.000000,,28d0602987cf,True,only sessions [1]
2026-10-02T09:36:39+00:00,28d0602987cf1c482a73dbfa656d040059df0e26,False,,0b0baebd6e7c3d96cfbd946da8dcd054e7f529a136300f3e54e5e1989213db0b,ZynqMP KV260 revB machine-id:a435d1c5,lenet5,all,66.7,hw,,,,,,,,,,,1,True,,,,,,,hw_dpu_latency.csv,p50,"{""metric"": ""post"", ""net"": ""lenet5""}",1,1,"{""1"": 27.671}",27.671000,,27.671000,27.671000,0.000000,,28d0602987cf,True,only sessions [1]
2026-10-02T09:36:39+00:00,28d0602987cf1c482a73dbfa656d040059df0e26,False,,0b0baebd6e7c3d96cfbd946da8dcd054e7f529a136300f3e54e5e1989213db0b,ZynqMP KV260 revB machine-id:a435d1c5,cifar10,all,66.7,hw,,,,,,,,,,,1,True,,,,,,,hw_dpu_latency.csv,p50,"{""metric"": ""pre"", ""net"": ""cifar10""}",1,1,"{""1"": 142.512}",142.512000,,142.512000,142.512000,0.000000,,28d0602987cf,True,only sessions [1]
2026-10-02T09:36:39+00:00,28d0602987cf1c482a73dbfa656d040059df0e26,False,,0b0baebd6e7c3d96cfbd946da8dcd054e7f529a136300f3e54e5e1989213db0b,ZynqMP KV260 revB machine-id:a435d1c5,lenet5,all,66.7,hw,,,,,,,,,,,1,True,,,,,,,hw_dpu_latency.csv,p50,"{""metric"": ""pre"", ""net"": ""lenet5""}",1,1,"{""1"": 122.783}",122.783000,,122.783000,122.783000,0.000000,,28d0602987cf,True,only sessions [1]
2026-10-02T09:36:39+00:00,28d0602987cf1c482a73dbfa656d040059df0e26,False,,0b0baebd6e7c3d96cfbd946da8dcd054e7f529a136300f3e54e5e1989213db0b,ZynqMP KV260 revB machine-id:a435d1c5,cifar10,all,66.7,hw,,,,,,,,,,,1,True,,,,,,,hw_dpu_latency.csv,p95,"{""metric"": ""dpu_runner"", ""net"": ""cifar10""}",1,1,"{""1"": 191.334}",191.334000,,191.334000,191.334000,0.000000,,28d0602987cf,True,only sessions [1]
2026-10-02T09:36:39+00:00,28d0602987cf1c482a73dbfa656d040059df0e26,False,,0b0baebd6e7c3d96cfbd946da8dcd054e7f529a136300f3e54e5e1989213db0b,ZynqMP KV260 revB machine-id:a435d1c5,lenet5,all,66.7,hw,,,,,,,,,,,1,True,,,,,,,hw_dpu_latency.csv,p95,"{""metric"": ""dpu_runner"", ""net"": ""lenet5""}",1,1,"{""1"": 202.576}",202.576000,,202.576000,202.576000,0.000000,,28d0602987cf,True,only sessions [1]
2026-10-02T09:36:39+00:00,28d0602987cf1c482a73dbfa656d040059df0e26,False,,0b0baebd6e7c3d96cfbd946da8dcd054e7f529a136300f3e54e5e1989213db0b,ZynqMP KV260 revB machine-id:a435d1c5,cifar10,all,66.7,hw,,,,,,,,,,,1,True,,,,,,,hw_dpu_latency.csv,p95,"{""metric"": ""end_to_end"", ""net"": ""cifar10""}",1,1,"{""1"": 368.107}",368.107000,,368.107000,368.107000,0.000000,,28d0602987cf,True,only sessions [1]
2026-10-02T09:36:39+00:00,28d0602987cf1c482a73dbfa656d040059df0e26,False,,0b0baebd6e7c3d96cfbd946da8dcd054e7f529a136300f3e54e5e1989213db0b,ZynqMP KV260 revB machine-id:a435d1c5,lenet5,all,66.7,hw,,,,,,,,,,,1,True,,,,,,,hw_dpu_latency.csv,p95,"{""metric"": ""end_to_end"", ""net"": ""lenet5""}",1,1,"{""1"": 360.022}",360.022000,,360.022000,360.022000,0.000000,,28d0602987cf,True,only sessions [1]
2026-10-02T09:36:39+00:00,28d0602987cf1c482a73dbfa656d040059df0e26,False,,0b0baebd6e7c3d96cfbd946da8dcd054e7f529a136300f3e54e5e1989213db0b,ZynqMP KV260 revB machine-id:a435d1c5,cifar10,all,66.7,hw,,,,,,,,,,,1,True,,,,,,,hw_dpu_latency.csv,p95,"{""metric"": ""post"", ""net"": ""cifar10""}",1,1,"{""1"": 28.241}",28.241000,,28.241000,28.241000,0.000000,,28d0602987cf,True,only sessions [1]
2026-10-02T09:36:39+00:00,28d0602987cf1c482a73dbfa656d040059df0e26,False,,0b0baebd6e7c3d96cfbd946da8dcd054e7f529a136300f3e54e5e1989213db0b,ZynqMP KV260 revB machine-id:a435d1c5,lenet5,all,66.7,hw,,,,,,,,,,,1,True,,,,,,,hw_dpu_latency.csv,p95,"{""metric"": ""post"", ""net"": ""lenet5""}",1,1,"{""1"": 28.19}",28.190000,,28.190000,28.190000,0.000000,,28d0602987cf,True,only sessions [1]
2026-10-02T09:36:39+00:00,28d0602987cf1c482a73dbfa656d040059df0e26,False,,0b0baebd6e7c3d96cfbd946da8dcd054e7f529a136300f3e54e5e1989213db0b,ZynqMP KV260 revB machine-id:a435d1c5,cifar10,all,66.7,hw,,,,,,,,,,,1,True,,,,,,,hw_dpu_latency.csv,p95,"{""metric"": ""pre"", ""net"": ""cifar10""}",1,1,"{""1"": 144.923}",144.923000,,144.923000,144.923000,0.000000,,28d0602987cf,True,only sessions [1]
2026-10-02T09:36:39+00:00,28d0602987cf1c482a73dbfa656d040059df0e26,False,,0b0baebd6e7c3d96cfbd946da8dcd054e7f529a136300f3e54e5e1989213db0b,ZynqMP KV260 revB machine-id:a435d1c5,lenet5,all,66.7,hw,,,,,,,,,,,1,True,,,,,,,hw_dpu_latency.csv,p95,"{""metric"": ""pre"", ""net"": ""lenet5""}",1,1,"{""1"": 125.284}",125.284000,,125.284000,125.284000,0.000000,,28d0602987cf,True,only sessions [1]
2026-10-02T09:36:39+00:00,28d0602987cf1c482a73dbfa656d040059df0e26,False,,0b0baebd6e7c3d96cfbd946da8dcd054e7f529a136300f3e54e5e1989213db0b,ZynqMP KV260 revB machine-id:a435d1c5,cifar10,all,66.7,hw,,,,,,,,,,,1,True,,,,,,,hw_dpu_latency.csv,p99,"{""metric"": ""dpu_runner"", ""net"": ""cifar10""}",1,1,"{""1"": 204.524}",204.524000,,204.524000,204.524000,0.000000,,28d0602987cf,True,only sessions [1]
2026-10-02T09:36:39+00:00,28d0602987cf1c482a73dbfa656d040059df0e26,False,,0b0baebd6e7c3d96cfbd946da8dcd054e7f529a136300f3e54e5e1989213db0b,ZynqMP KV260 revB machine-id:a435d1c5,lenet5,all,66.7,hw,,,,,,,,,,,1,True,,,,,,,hw_dpu_latency.csv,p99,"{""metric"": ""dpu_runner"", ""net"": ""lenet5""}",1,1,"{""1"": 239.039}",239.039000,,239.039000,239.039000,0.000000,,28d0602987cf,True,only sessions [1]
2026-10-02T09:36:39+00:00,28d0602987cf1c482a73dbfa656d040059df0e26,False,,0b0baebd6e7c3d96cfbd946da8dcd054e7f529a136300f3e54e5e1989213db0b,ZynqMP KV260 revB machine-id:a435d1c5,cifar10,all,66.7,hw,,,,,,,,,,,1,True,,,,,,,hw_dpu_latency.csv,p99,"{""metric"": ""end_to_end"", ""net"": ""cifar10""}",1,1,"{""1"": 393.927}",393.927000,,393.927000,393.927000,0.000000,,28d0602987cf,True,only sessions [1]
2026-10-02T09:36:39+00:00,28d0602987cf1c482a73dbfa656d040059df0e26,False,,0b0baebd6e7c3d96cfbd946da8dcd054e7f529a136300f3e54e5e1989213db0b,ZynqMP KV260 revB machine-id:a435d1c5,lenet5,all,66.7,hw,,,,,,,,,,,1,True,,,,,,,hw_dpu_latency.csv,p99,"{""metric"": ""end_to_end"", ""net"": ""lenet5""}",1,1,"{""1"": 392.662}",392.662000,,392.662000,392.662000,0.000000,,28d0602987cf,True,only sessions [1]
2026-10-02T09:36:39+00:00,28d0602987cf1c482a73dbfa656d040059df0e26,False,,0b0baebd6e7c3d96cfbd946da8dcd054e7f529a136300f3e54e5e1989213db0b,ZynqMP KV260 revB machine-id:a435d1c5,cifar10,all,66.7,hw,,,,,,,,,,,1,True,,,,,,,hw_dpu_latency.csv,p99,"{""metric"": ""post"", ""net"": ""cifar10""}",1,1,"{""1"": 30.39}",30.390000,,30.390000,30.390000,0.000000,,28d0602987cf,True,only sessions [1]
2026-10-02T09:36:39+00:00,28d0602987cf1c482a73dbfa656d040059df0e26,False,,0b0baebd6e7c3d96cfbd946da8dcd054e7f529a136300f3e54e5e1989213db0b,ZynqMP KV260 revB machine-id:a435d1c5,lenet5,all,66.7,hw,,,,,,,,,,,1,True,,,,,,,hw_dpu_latency.csv,p99,"{""metric"": ""post"", ""net"": ""lenet5""}",1,1,"{""1"": 39.102}",39.102000,,39.102000,39.102000,0.000000,,28d0602987cf,True,only sessions [1]
2026-10-02T09:36:39+00:00,28d0602987cf1c482a73dbfa656d040059df0e26,False,,0b0baebd6e7c3d96cfbd946da8dcd054e7f529a136300f3e54e5e1989213db0b,ZynqMP KV260 revB machine-id:a435d1c5,cifar10,all,66.7,hw,,,,,,,,,,,1,True,,,,,,,hw_dpu_latency.csv,p99,"{""metric"": ""pre"", ""net"": ""cifar10""}",1,1,"{""1"": 160.242}",160.242000,,160.242000,160.242000,0.000000,,28d0602987cf,True,only sessions [1]
2026-10-02T09:36:39+00:00,28d0602987cf1c482a73dbfa656d040059df0e26,False,,0b0baebd6e7c3d96cfbd946da8dcd054e7f529a136300f3e54e5e1989213db0b,ZynqMP KV260 revB machine-id:a435d1c5,lenet5,all,66.7,hw,,,,,,,,,,,1,True,,,,,,,hw_dpu_latency.csv,p99,"{""metric"": ""pre"", ""net"": ""lenet5""}",1,1,"{""1"": 138.865}",138.865000,,138.865000,138.865000,0.000000,,28d0602987cf,True,only sessions [1]
2026-10-02T09:36:39+00:00,28d0602987cf1c482a73dbfa656d040059df0e26,False,,0b0baebd6e7c3d96cfbd946da8dcd054e7f529a136300f3e54e5e1989213db0b,ZynqMP KV260 revB machine-id:a435d1c5,cifar10,all,66.7,hw,,,,,,,,,,,1,True,,,,,,,hw_dpu_power_ina260_summary_*.csv,accel_dp_w,"{""net"": ""cifar10""}",1,1,"{""1"": 0.455323}",0.455323,,0.455323,0.455323,0.000000,,28d0602987cf,True,only sessions [1]
2026-10-02T09:36:39+00:00,28d0602987cf1c482a73dbfa656d040059df0e26,False,,0b0baebd6e7c3d96cfbd946da8dcd054e7f529a136300f3e54e5e1989213db0b,ZynqMP KV260 revB machine-id:a435d1c5,lenet5,all,66.7,hw,,,,,,,,,,,1,True,,,,,,,hw_dpu_power_ina260_summary_*.csv,accel_dp_w,"{""net"": ""lenet5""}",1,1,"{""1"": 0.355383}",0.355383,,0.355383,0.355383,0.000000,,28d0602987cf,True,only sessions [1]
2026-10-02T09:36:39+00:00,28d0602987cf1c482a73dbfa656d040059df0e26,False,,0b0baebd6e7c3d96cfbd946da8dcd054e7f529a136300f3e54e5e1989213db0b,ZynqMP KV260 revB machine-id:a435d1c5,cifar10,all,66.7,hw,,,,,,,,,,,1,True,,,,,,,hw_dpu_power_ina260_summary_*.csv,accel_energy_per_image_mj,"{""net"": ""cifar10""}",1,1,"{""1"": 0.165746}",0.165746,,0.165746,0.165746,0.000000,,28d0602987cf,True,only sessions [1]
2026-10-02T09:36:39+00:00,28d0602987cf1c482a73dbfa656d040059df0e26,False,,0b0baebd6e7c3d96cfbd946da8dcd054e7f529a136300f3e54e5e1989213db0b,ZynqMP KV260 revB machine-id:a435d1c5,lenet5,all,66.7,hw,,,,,,,,,,,1,True,,,,,,,hw_dpu_power_ina260_summary_*.csv,accel_energy_per_image_mj,"{""net"": ""lenet5""}",1,1,"{""1"": 0.124493}",0.124493,,0.124493,0.124493,0.000000,,28d0602987cf,True,only sessions [1]
2026-10-02T09:36:39+00:00,28d0602987cf1c482a73dbfa656d040059df0e26,False,,0b0baebd6e7c3d96cfbd946da8dcd054e7f529a136300f3e54e5e1989213db0b,ZynqMP KV260 revB machine-id:a435d1c5,cifar10,all,66.7,hw,,,,,,,,,,,1,True,,,,,,,hw_dpu_power_ina260_summary_*.csv,accel_p_idle_w,"{""net"": ""cifar10""}",1,1,"{""1"": 4.361322}",4.361322,,4.361322,4.361322,0.000000,,28d0602987cf,True,only sessions [1]
2026-10-02T09:36:39+00:00,28d0602987cf1c482a73dbfa656d040059df0e26,False,,0b0baebd6e7c3d96cfbd946da8dcd054e7f529a136300f3e54e5e1989213db0b,ZynqMP KV260 revB machine-id:a435d1c5,lenet5,all,66.7,hw,,,,,,,,,,,1,True,,,,,,,hw_dpu_power_ina260_summary_*.csv,accel_p_idle_w,"{""net"": ""lenet5""}",1,1,"{""1"": 4.361739}",4.361739,,4.361739,4.361739,0.000000,,28d0602987cf,True,only sessions [1]
2026-10-02T09:36:39+00:00,28d0602987cf1c482a73dbfa656d040059df0e26,False,,0b0baebd6e7c3d96cfbd946da8dcd054e7f529a136300f3e54e5e1989213db0b,ZynqMP KV260 revB machine-id:a435d1c5,cifar10,all,66.7,hw,,,,,,,,,,,1,True,,,,,,,hw_dpu_power_ina260_summary_*.csv,accel_p_run_w,"{""net"": ""cifar10""}",1,1,"{""1"": 4.816644}",4.816644,,4.816644,4.816644,0.000000,,28d0602987cf,True,only sessions [1]
2026-10-02T09:36:39+00:00,28d0602987cf1c482a73dbfa656d040059df0e26,False,,0b0baebd6e7c3d96cfbd946da8dcd054e7f529a136300f3e54e5e1989213db0b,ZynqMP KV260 revB machine-id:a435d1c5,lenet5,all,66.7,hw,,,,,,,,,,,1,True,,,,,,,hw_dpu_power_ina260_summary_*.csv,accel_p_run_w,"{""net"": ""lenet5""}",1,1,"{""1"": 4.717122}",4.717122,,4.717122,4.717122,0.000000,,28d0602987cf,True,only sessions [1]
2026-10-02T09:36:39+00:00,mixed,False,2023.1,7b2dac6026acf6ae9e6d87f80a457fb07b6e56c167dd2a168593b2105c9e130e,ZynqMP KV260 revB machine-id:a435d1c5,lenet5+cifar10,all,250.0,hw,,,,,,,,,,,"1,2,3",True,,,,,,,hw_fclk_cal_s*.csv,f_meas_mhz,{},3,"1,2,3","{""1"": 249.928133, ""2"": 249.893993, ""3"": 249.837114}",249.886413,0.045980,249.837114,249.928133,0.091019,0.0184,2d280c786204 e91657aa272f,True,sessions from different scripts commits
