timestamp,git_commit,git_dirty,vivado_version,bitstream_sha256,board_id,net,layer,clock_mhz,source,duration_s,num_inferences,build_id_hw,board_hostname,clock_source,scripts_commit,data_manifest_sha256,data_git_commit,data_git_dirty,backend,session_index,paper_grade,env_step,cpu_governor,cpu_freq_khz,cpu_affinity,die_temp_start_c,env_note,label,job_id,job_name,category,order_index,n_layers,expect_refuse,out_kind,status,err_code_hw,err_code_expected,refuse_ok,output_exact,out_words,bytes_checked,bytes_mismatched,max_abs_err,hw_layer_cycles,model_layer_cycles,rtl_layer_cycles,hw_total,model_total,rtl_total,hw_mac_active,model_mac,rtl_mac,hw_stall,violation,cycles_eq_model,cycles_eq_rtl,rtl_status,polls,job_wall_ms,pass,error,jobs_total,jobs_completed,capped,budget_s,elapsed_s,order_seed,categories_total,categories_covered,outputs_exact,refuse_jobs,refuse_ok_n,cycles_eq_model_n,cycles_eq_rtl_n,rtl_compared,max_abs_err_all,jobs_failed,shapeset_sha256,ship_sha256,shapes_seed,f_readback_mhz,f_meas_mhz,f_meas_ci_lo_mhz,f_meas_ci_hi_mhz,f_used_mhz,f_used_source
2026-09-30T18:40:17+00:00,2d280c7862041cee1dd36a2ac164af8b7f9dcec3,False,2023.1,7b2dac6026acf6ae9e6d87f80a457fb07b6e56c167dd2a168593b2105c9e130e,ZynqMP KV260 revB machine-id:a435d1c5,shapes,157,249.997500,hw,,1,fd880d43,kria,pynq Clocks.fclk0_mhz readback,2d280c7862041cee1dd36a2ac164af8b7f9dcec3,857066b70a20fcf478744032dc28a5339a5dee80d668b3c5fdc4d4bd75aeeb5d,2d280c7862041cee1dd36a2ac164af8b7f9dcec3,False,pynq,1,True,s2.shapes,performance,1333333,3,36.309,paper-grade environment,"A3-general random shapes, measured on KV260",157,J0157,conv_pool,0,1,False,act1,done,0x00000000,0x00000000,,True,1300,6500,0,0,122879,122879,122879,122882,122882,122882,122850,122850,122850,0,0,True,True,compared,47,72.274,True,,,,,,,,,,,,,,,,,,37bdfbaacba1dc000701ad690b261df81455d7636899da8f14a207513c831280,857066b70a20fcf478744032dc28a5339a5dee80d668b3c5fdc4d4bd75aeeb5d,20260929,249.997500,249.730535,249.611552,249.822465,249.997500,"f_readback (pl_clk0 PLL read-back, clock of record; f_meas is a cross-check only)"
2026-09-30T18:40:17+00:00,2d280c7862041cee1dd36a2ac164af8b7f9dcec3,False,2023.1,7b2dac6026acf6ae9e6d87f80a457fb07b6e56c167dd2a168593b2105c9e130e,ZynqMP KV260 revB machine-id:a435d1c5,shapes,50,249.997500,hw,,1,fd880d43,kria,pynq Clocks.fclk0_mhz readback,2d280c7862041cee1dd36a2ac164af8b7f9dcec3,857066b70a20fcf478744032dc28a5339a5dee80d668b3c5fdc4d4bd75aeeb5d,2d280c7862041cee1dd36a2ac164af8b7f9dcec3,False,pynq,1,True,s2.shapes,performance,1333333,3,36.309,paper-grade environment,"A3-general random shapes, measured on KV260",50,J0050,large,1,1,False,act1,done,0x00000000,0x00000000,,True,3816,22896,0,0,378029,378029,378029,378032,378032,378032,378000,378000,378000,0,0,True,True,compared,180,217.717,True,,,,,,,,,,,,,,,,,,37bdfbaacba1dc000701ad690b261df81455d7636899da8f14a207513c831280,857066b70a20fcf478744032dc28a5339a5dee80d668b3c5fdc4d4bd75aeeb5d,20260929,249.997500,249.730535,249.611552,249.822465,249.997500,"f_readback (pl_clk0 PLL read-back, clock of record; f_meas is a cross-check only)"
2026-09-30T18:40:17+00:00,2d280c7862041cee1dd36a2ac164af8b7f9dcec3,False,2023.1,7b2dac6026acf6ae9e6d87f80a457fb07b6e56c167dd2a168593b2105c9e130e,ZynqMP KV260 revB machine-id:a435d1c5,shapes,274,249.997500,hw,,1,fd880d43,kria,pynq Clocks.fclk0_mhz readback,2d280c7862041cee1dd36a2ac164af8b7f9dcec3,857066b70a20fcf478744032dc28a5339a5dee80d668b3c5fdc4d4bd75aeeb5d,2d280c7862041cee1dd36a2ac164af8b7f9dcec3,False,pynq,1,True,s2.shapes,performance,1333333,3,36.309,paper-grade environment,"A3-general random shapes, measured on KV260",274,J0274,refuse,2,1,True,refuse,error,0x00000300,0x00000300,True,,,,,,0,,,3,3,,0,,,0,0,True,,refuse job (not compared),,1.124,True,job refused: ERR_CODE=0x00000300 rule 3 (K < 8) at layer 0; STATUS=0x4,,,,,,,,,,,,,,,,,37bdfbaacba1dc000701ad690b261df81455d7636899da8f14a207513c831280,857066b70a20fcf478744032dc28a5339a5dee80d668b3c5fdc4d4bd75aeeb5d,20260929,249.997500,249.730535,249.611552,249.822465,249.997500,"f_readback (pl_clk0 PLL read-back, clock of record; f_meas is a cross-check only)"
2026-09-30T18:40:17+00:00,2d280c7862041cee1dd36a2ac164af8b7f9dcec3,False,2023.1,7b2dac6026acf6ae9e6d87f80a457fb07b6e56c167dd2a168593b2105c9e130e,ZynqMP KV260 revB machine-id:a435d1c5,shapes,182,249.997500,hw,,1,fd880d43,kria,pynq Clocks.fclk0_mhz readback,2d280c7862041cee1dd36a2ac164af8b7f9dcec3,857066b70a20fcf478744032dc28a5339a5dee80d668b3c5fdc4d4bd75aeeb5d,2d280c7862041cee1dd36a2ac164af8b7f9dcec3,False,pynq,1,True,s2.shapes,performance,1333333,3,36.309,paper-grade environment,"A3-general random shapes, measured on KV260",182,J0182,fc,3,1,False,raw,done,0x00000000,0x00000000,,True,12,48,0,0,929,929,929,932,932,932,900,900,900,0,0,True,True,compared,1,28.115,True,,,,,,,,,,,,,,,,,,37bdfbaacba1dc000701ad690b261df81455d7636899da8f14a207513c831280,857066b70a20fcf478744032dc28a5339a5dee80d668b3c5fdc4d4bd75aeeb5d,20260929,249.997500,249.730535,249.611552,249.822465,249.997500,"f_readback (pl_clk0 PLL read-back, clock of record; f_meas is a cross-check only)"
2026-09-30T18:40:17+00:00,2d280c7862041cee1dd36a2ac164af8b7f9dcec3,False,2023.1,7b2dac6026acf6ae9e6d87f80a457fb07b6e56c167dd2a168593b2105c9e130e,ZynqMP KV260 revB machine-id:a435d1c5,shapes,97,249.997500,hw,,1,fd880d43,kria,pynq Clocks.fclk0_mhz readback,2d280c7862041cee1dd36a2ac164af8b7f9dcec3,857066b70a20fcf478744032dc28a5339a5dee80d668b3c5fdc4d4bd75aeeb5d,2d280c7862041cee1dd36a2ac164af8b7f9dcec3,False,pynq,1,True,s2.shapes,performance,1333333,3,36.309,paper-grade environment,"A3-general random shapes, measured on KV260",97,J0097,netlike,4,4,False,raw,done,0x00000000,0x00000000,,True,13,52,0,0,"22709,23069,9965,221","22709,23069,9965,221","22709,23069,9965,221",55967,55967,55967,55848,55848,55848,0,0,True,True,compared,26,247.594,True,,,,,,,,,,,,,,,,,,37bdfbaacba1dc000701ad690b261df81455d7636899da8f14a207513c831280,857066b70a20fcf478744032dc28a5339a5dee80d668b3c5fdc4d4bd75aeeb5d,20260929,249.997500,249.730535,249.611552,249.822465,249.997500,"f_readback (pl_clk0 PLL read-back, clock of record; f_meas is a cross-check only)"
2026-09-30T18:40:17+00:00,2d280c7862041cee1dd36a2ac164af8b7f9dcec3,False,2023.1,7b2dac6026acf6ae9e6d87f80a457fb07b6e56c167dd2a168593b2105c9e130e,ZynqMP KV260 revB machine-id:a435d1c5,shapes,197,249.997500,hw,,1,fd880d43,kria,pynq Clocks.fclk0_mhz readback,2d280c7862041cee1dd36a2ac164af8b7f9dcec3,857066b70a20fcf478744032dc28a5339a5dee80d668b3c5fdc4d4bd75aeeb5d,2d280c7862041cee1dd36a2ac164af8b7f9dcec3,False,pynq,1,True,s2.shapes,performance,1333333,3,36.309,paper-grade environment,"A3-general random shapes, measured on KV260",197,J0197,depth4_6,5,5,False,raw,done,0x00000000,0x00000000,,True,12,48,0,0,"9101,5249,2009,605,319","9101,5249,2009,605,319","9101,5249,2009,605,319",17286,17286,17286,17138,17138,17138,0,0,True,True,compared,8,91.240,True,,,,,,,,,,,,,,,,,,37bdfbaacba1dc000701ad690b261df81455d7636899da8f14a207513c831280,857066b70a20fcf478744032dc28a5339a5dee80d668b3c5fdc4d4bd75aeeb5d,20260929,249.997500,249.730535,249.611552,249.822465,249.997500,"f_readback (pl_clk0 PLL read-back, clock of record; f_meas is a cross-check only)"
2026-09-30T18:40:17+00:00,2d280c7862041cee1dd36a2ac164af8b7f9dcec3,False,2023.1,7b2dac6026acf6ae9e6d87f80a457fb07b6e56c167dd2a168593b2105c9e130e,ZynqMP KV260 revB machine-id:a435d1c5,shapes,188,249.997500,hw,,1,fd880d43,kria,pynq Clocks.fclk0_mhz readback,2d280c7862041cee1dd36a2ac164af8b7f9dcec3,857066b70a20fcf478744032dc28a5339a5dee80d668b3c5fdc4d4bd75aeeb5d,2d280c7862041cee1dd36a2ac164af8b7f9dcec3,False,pynq,1,True,s2.shapes,performance,1333333,3,36.309,paper-grade environment,"A3-general random shapes, measured on KV260",188,J0188,head_raw,6,1,False,raw,done,0x00000000,0x00000000,,True,3,12,0,0,309,309,309,312,312,312,280,280,280,0,0,True,True,compared,1,7.686,True,,,,,,,,,,,,,,,,,,37bdfbaacba1dc000701ad690b261df81455d7636899da8f14a207513c831280,857066b70a20fcf478744032dc28a5339a5dee80d668b3c5fdc4d4bd75aeeb5d,20260929,249.997500,249.730535,249.611552,249.822465,249.997500,"f_readback (pl_clk0 PLL read-back, clock of record; f_meas is a cross-check only)"
2026-09-30T18:40:17+00:00,2d280c7862041cee1dd36a2ac164af8b7f9dcec3,False,2023.1,7b2dac6026acf6ae9e6d87f80a457fb07b6e56c167dd2a168593b2105c9e130e,ZynqMP KV260 revB machine-id:a435d1c5,shapes,14,249.997500,hw,,1,fd880d43,kria,pynq Clocks.fclk0_mhz readback,2d280c7862041cee1dd36a2ac164af8b7f9dcec3,857066b70a20fcf478744032dc28a5339a5dee80d668b3c5fdc4d4bd75aeeb5d,2d280c7862041cee1dd36a2ac164af8b7f9dcec3,False,pynq,1,True,s2.shapes,performance,1333333,3,36.309,paper-grade environment,"A3-general random shapes, measured on KV260",14,J0014,tails,7,2,False,act0,done,0x00000000,0x00000000,,True,57,380,0,0,"989,362","989,362","989,362",1354,1354,1354,1293,1293,1293,0,0,True,True,compared,1,15.471,True,,,,,,,,,,,,,,,,,,37bdfbaacba1dc000701ad690b261df81455d7636899da8f14a207513c831280,857066b70a20fcf478744032dc28a5339a5dee80d668b3c5fdc4d4bd75aeeb5d,20260929,249.997500,249.730535,249.611552,249.822465,249.997500,"f_readback (pl_clk0 PLL read-back, clock of record; f_meas is a cross-check only)"
2026-09-30T18:40:17+00:00,2d280c7862041cee1dd36a2ac164af8b7f9dcec3,False,2023.1,7b2dac6026acf6ae9e6d87f80a457fb07b6e56c167dd2a168593b2105c9e130e,ZynqMP KV260 revB machine-id:a435d1c5,shapes,150,249.997500,hw,,1,fd880d43,kria,pynq Clocks.fclk0_mhz readback,2d280c7862041cee1dd36a2ac164af8b7f9dcec3,857066b70a20fcf478744032dc28a5339a5dee80d668b3c5fdc4d4bd75aeeb5d,2d280c7862041cee1dd36a2ac164af8b7f9dcec3,False,pynq,1,True,s2.shapes,performance,1333333,3,36.309,paper-grade environment,"A3-general random shapes, measured on KV260",150,J0150,conv,8,1,False,act1,done,0x00000000,0x00000000,,True,2233,6699,0,0,79779,79779,79779,79782,79782,79782,79750,79750,79750,0,0,True,True,compared,37,101.984,True,,,,,,,,,,,,,,,,,,37bdfbaacba1dc000701ad690b261df81455d7636899da8f14a207513c831280,857066b70a20fcf478744032dc28a5339a5dee80d668b3c5fdc4d4bd75aeeb5d,20260929,249.997500,249.730535,249.611552,249.822465,249.997500,"f_readback (pl_clk0 PLL read-back, clock of record; f_meas is a cross-check only)"
2026-09-30T18:40:17+00:00,2d280c7862041cee1dd36a2ac164af8b7f9dcec3,False,2023.1,7b2dac6026acf6ae9e6d87f80a457fb07b6e56c167dd2a168593b2105c9e130e,ZynqMP KV260 revB machine-id:a435d1c5,shapes,158,249.997500,hw,,1,fd880d43,kria,pynq Clocks.fclk0_mhz readback,2d280c7862041cee1dd36a2ac164af8b7f9dcec3,857066b70a20fcf478744032dc28a5339a5dee80d668b3c5fdc4d4bd75aeeb5d,2d280c7862041cee1dd36a2ac164af8b7f9dcec3,False,pynq,1,True,s2.shapes,performance,1333333,3,36.309,paper-grade environment,"A3-general random shapes, measured on KV260",158,J0158,pointwise,9,1,False,act1,done,0x00000000,0x00000000,,True,1116,7254,0,0,16013,16013,16013,16016,16016,16016,15984,15984,15984,0,0,True,True,compared,7,74.941,True,,,,,,,,,,,,,,,,,,37bdfbaacba1dc000701ad690b261df81455d7636899da8f14a207513c831280,857066b70a20fcf478744032dc28a5339a5dee80d668b3c5fdc4d4bd75aeeb5d,20260929,249.997500,249.730535,249.611552,249.822465,249.997500,"f_readback (pl_clk0 PLL read-back, clock of record; f_meas is a cross-check only)"
2026-09-30T18:40:17+00:00,2d280c7862041cee1dd36a2ac164af8b7f9dcec3,False,2023.1,7b2dac6026acf6ae9e6d87f80a457fb07b6e56c167dd2a168593b2105c9e130e,ZynqMP KV260 revB machine-id:a435d1c5,shapes,270,249.997500,hw,,1,fd880d43,kria,pynq Clocks.fclk0_mhz readback,2d280c7862041cee1dd36a2ac164af8b7f9dcec3,857066b70a20fcf478744032dc28a5339a5dee80d668b3c5fdc4d4bd75aeeb5d,2d280c7862041cee1dd36a2ac164af8b7f9dcec3,False,pynq,1,True,s2.shapes,performance,1333333,3,36.309,paper-grade environment,"A3-general random shapes, measured on KV260",270,J0270,depth2_3,10,3,False,act1,done,0x00000000,0x00000000,,True,195,1521,0,0,"6077,2509,329","6077,2509,329","6077,2509,329",8918,8918,8918,8828,8828,8828,0,0,True,True,compared,4,29.146,True,,,,,,,,,,,,,,,,,,37bdfbaacba1dc000701ad690b261df81455d7636899da8f14a207513c831280,857066b70a20fcf478744032dc28a5339a5dee80d668b3c5fdc4d4bd75aeeb5d,20260929,249.997500,249.730535,249.611552,249.822465,249.997500,"f_readback (pl_clk0 PLL read-back, clock of record; f_meas is a cross-check only)"
2026-09-30T18:40:17+00:00,2d280c7862041cee1dd36a2ac164af8b7f9dcec3,False,2023.1,7b2dac6026acf6ae9e6d87f80a457fb07b6e56c167dd2a168593b2105c9e130e,ZynqMP KV260 revB machine-id:a435d1c5,shapes,143,249.997500,hw,,1,fd880d43,kria,pynq Clocks.fclk0_mhz readback,2d280c7862041cee1dd36a2ac164af8b7f9dcec3,857066b70a20fcf478744032dc28a5339a5dee80d668b3c5fdc4d4bd75aeeb5d,2d280c7862041cee1dd36a2ac164af8b7f9dcec3,False,pynq,1,True,s2.shapes,performance,1333333,3,36.309,paper-grade environment,"A3-general random shapes, measured on KV260",143,J0143,tiny,11,2,False,act0,done,0x00000000,0x00000000,,True,308,2156,0,0,"1163,3893","1163,3893","1163,3893",5059,5059,5059,4998,4998,4998,0,0,True,True,compared,2,16.456,True,,,,,,,,,,,,,,,,,,37bdfbaacba1dc000701ad690b261df81455d7636899da8f14a207513c831280,857066b70a20fcf478744032dc28a5339a5dee80d668b3c5fdc4d4bd75aeeb5d,20260929,249.997500,249.730535,249.611552,249.822465,249.997500,"f_readback (pl_clk0 PLL read-back, clock of record; f_meas is a cross-check only)"
2026-09-30T18:40:17+00:00,2d280c7862041cee1dd36a2ac164af8b7f9dcec3,False,2023.1,7b2dac6026acf6ae9e6d87f80a457fb07b6e56c167dd2a168593b2105c9e130e,ZynqMP KV260 revB machine-id:a435d1c5,shapes,172,249.997500,hw,,1,fd880d43,kria,pynq Clocks.fclk0_mhz readback,2d280c7862041cee1dd36a2ac164af8b7f9dcec3,857066b70a20fcf478744032dc28a5339a5dee80d668b3c5fdc4d4bd75aeeb5d,2d280c7862041cee1dd36a2ac164af8b7f9dcec3,False,pynq,1,True,s2.shapes,performance,1333333,3,36.309,paper-grade environment,"A3-general random shapes, measured on KV260",172,J0172,depth7_8,12,8,False,act0,done,0x00000000,0x00000000,,True,75,510,0,0,"4781,8219,7229,1649,239,289,279,159","4781,8219,7229,1649,239,289,279,159","4781,8219,7229,1649,239,289,279,159",22847,22847,22847,22612,22612,22612,0,0,True,True,compared,11,62.289,True,,,,,,,,,,,,,,,,,,37bdfbaacba1dc000701ad690b261df81455d7636899da8f14a207513c831280,857066b70a20fcf478744032dc28a5339a5dee80d668b3c5fdc4d4bd75aeeb5d,20260929,249.997500,249.730535,249.611552,249.822465,249.997500,"f_readback (pl_clk0 PLL read-back, clock of record; f_meas is a cross-check only)"
2026-09-30T18:40:17+00:00,2d280c7862041cee1dd36a2ac164af8b7f9dcec3,False,2023.1,7b2dac6026acf6ae9e6d87f80a457fb07b6e56c167dd2a168593b2105c9e130e,ZynqMP KV260 revB machine-id:a435d1c5,shapes,273,249.997500,hw,,1,fd880d43,kria,pynq Clocks.fclk0_mhz readback,2d280c7862041cee1dd36a2ac164af8b7f9dcec3,857066b70a20fcf478744032dc28a5339a5dee80d668b3c5fdc4d4bd75aeeb5d,2d280c7862041cee1dd36a2ac164af8b7f9dcec3,False,pynq,1,True,s2.shapes,performance,1333333,3,36.309,paper-grade environment,"A3-general random shapes, measured on KV260",273,J0273,conv_pool,13,1,False,act1,done,0x00000000,0x00000000,,True,324,2160,0,0,54749,54749,54749,54752,54752,54752,54720,54720,54720,0,0,True,True,compared,26,76.172,True,,,,,,,,,,,,,,,,,,37bdfbaacba1dc000701ad690b261df81455d7636899da8f14a207513c831280,857066b70a20fcf478744032dc28a5339a5dee80d668b3c5fdc4d4bd75aeeb5d,20260929,249.997500,249.730535,249.611552,249.822465,249.997500,"f_readback (pl_clk0 PLL read-back, clock of record; f_meas is a cross-check only)"
2026-09-30T18:40:17+00:00,2d280c7862041cee1dd36a2ac164af8b7f9dcec3,False,2023.1,7b2dac6026acf6ae9e6d87f80a457fb07b6e56c167dd2a168593b2105c9e130e,ZynqMP KV260 revB machine-id:a435d1c5,shapes,214,249.997500,hw,,1,fd880d43,kria,pynq Clocks.fclk0_mhz readback,2d280c7862041cee1dd36a2ac164af8b7f9dcec3,857066b70a20fcf478744032dc28a5339a5dee80d668b3c5fdc4d4bd75aeeb5d,2d280c7862041cee1dd36a2ac164af8b7f9dcec3,False,pynq,1,True,s2.shapes,performance,1333333,3,36.309,paper-grade environment,"A3-general random shapes, measured on KV260",214,J0214,large,14,1,False,act1,done,0x00000000,0x00000000,,True,3900,23400,0,0,507029,507029,507029,507032,507032,507032,507000,507000,507000,0,0,True,True,compared,244,187.212,True,,,,,,,,,,,,,,,,,,37bdfbaacba1dc000701ad690b261df81455d7636899da8f14a207513c831280,857066b70a20fcf478744032dc28a5339a5dee80d668b3c5fdc4d4bd75aeeb5d,20260929,249.997500,249.730535,249.611552,249.822465,249.997500,"f_readback (pl_clk0 PLL read-back, clock of record; f_meas is a cross-check only)"
2026-09-30T18:40:17+00:00,2d280c7862041cee1dd36a2ac164af8b7f9dcec3,False,2023.1,7b2dac6026acf6ae9e6d87f80a457fb07b6e56c167dd2a168593b2105c9e130e,ZynqMP KV260 revB machine-id:a435d1c5,shapes,82,249.997500,hw,,1,fd880d43,kria,pynq Clocks.fclk0_mhz readback,2d280c7862041cee1dd36a2ac164af8b7f9dcec3,857066b70a20fcf478744032dc28a5339a5dee80d668b3c5fdc4d4bd75aeeb5d,2d280c7862041cee1dd36a2ac164af8b7f9dcec3,False,pynq,1,True,s2.shapes,performance,1333333,3,36.309,paper-grade environment,"A3-general random shapes, measured on KV260",82,J0082,refuse,15,1,True,refuse,error,0x00000600,0x00000600,True,,,,,,0,,,3,3,,0,,,0,0,True,,refuse job (not compared),,1.098,True,job refused: ERR_CODE=0x00000600 rule 6 (OUT_END > 4095) at layer 0; STATUS=0x4,,,,,,,,,,,,,,,,,37bdfbaacba1dc000701ad690b261df81455d7636899da8f14a207513c831280,857066b70a20fcf478744032dc28a5339a5dee80d668b3c5fdc4d4bd75aeeb5d,20260929,249.997500,249.730535,249.611552,249.822465,249.997500,"f_readback (pl_clk0 PLL read-back, clock of record; f_meas is a cross-check only)"
2026-09-30T18:40:17+00:00,2d280c7862041cee1dd36a2ac164af8b7f9dcec3,False,2023.1,7b2dac6026acf6ae9e6d87f80a457fb07b6e56c167dd2a168593b2105c9e130e,ZynqMP KV260 revB machine-id:a435d1c5,shapes,115,249.997500,hw,,1,fd880d43,kria,pynq Clocks.fclk0_mhz readback,2d280c7862041cee1dd36a2ac164af8b7f9dcec3,857066b70a20fcf478744032dc28a5339a5dee80d668b3c5fdc4d4bd75aeeb5d,2d280c7862041cee1dd36a2ac164af8b7f9dcec3,False,pynq,1,True,s2.shapes,performance,1333333,3,36.309,paper-grade environment,"A3-general random shapes, measured on KV260",115,J0115,fc,16,1,False,raw,done,0x00000000,0x00000000,,True,12,48,0,0,1049,1049,1049,1052,1052,1052,1020,1020,1020,0,0,True,True,compared,1,32.408,True,,,,,,,,,,,,,,,,,,37bdfbaacba1dc000701ad690b261df81455d7636899da8f14a207513c831280,857066b70a20fcf478744032dc28a5339a5dee80d668b3c5fdc4d4bd75aeeb5d,20260929,249.997500,249.730535,249.611552,249.822465,249.997500,"f_readback (pl_clk0 PLL read-back, clock of record; f_meas is a cross-check only)"
2026-09-30T18:40:17+00:00,2d280c7862041cee1dd36a2ac164af8b7f9dcec3,False,2023.1,7b2dac6026acf6ae9e6d87f80a457fb07b6e56c167dd2a168593b2105c9e130e,ZynqMP KV260 revB machine-id:a435d1c5,shapes,122,249.997500,hw,,1,fd880d43,kria,pynq Clocks.fclk0_mhz readback,2d280c7862041cee1dd36a2ac164af8b7f9dcec3,857066b70a20fcf478744032dc28a5339a5dee80d668b3c5fdc4d4bd75aeeb5d,2d280c7862041cee1dd36a2ac164af8b7f9dcec3,False,pynq,1,True,s2.shapes,performance,1333333,3,36.309,paper-grade environment,"A3-general random shapes, measured on KV260",122,J0122,netlike,17,5,False,raw,done,0x00000000,0x00000000,,True,11,44,0,0,"19469,66269,2229,713,209","19469,66269,2229,713,209","19469,66269,2229,713,209",88892,88892,88892,88744,88744,88744,0,0,True,True,compared,42,142.085,True,,,,,,,,,,,,,,,,,,37bdfbaacba1dc000701ad690b261df81455d7636899da8f14a207513c831280,857066b70a20fcf478744032dc28a5339a5dee80d668b3c5fdc4d4bd75aeeb5d,20260929,249.997500,249.730535,249.611552,249.822465,249.997500,"f_readback (pl_clk0 PLL read-back, clock of record; f_meas is a cross-check only)"
2026-09-30T18:40:17+00:00,2d280c7862041cee1dd36a2ac164af8b7f9dcec3,False,2023.1,7b2dac6026acf6ae9e6d87f80a457fb07b6e56c167dd2a168593b2105c9e130e,ZynqMP KV260 revB machine-id:a435d1c5,shapes,20,249.997500,hw,,1,fd880d43,kria,pynq Clocks.fclk0_mhz readback,2d280c7862041cee1dd36a2ac164af8b7f9dcec3,857066b70a20fcf478744032dc28a5339a5dee80d668b3c5fdc4d4bd75aeeb5d,2d280c7862041cee1dd36a2ac164af8b7f9dcec3,False,pynq,1,True,s2.shapes,performance,1333333,3,36.309,paper-grade environment,"A3-general random shapes, measured on KV260",20,J0020,depth4_6,18,4,False,act0,done,0x00000000,0x00000000,,True,232,232,0,0,"10781,53029,1933,1821","10781,53029,1933,1821","10781,53029,1933,1821",67567,67567,67567,67448,67448,67448,0,0,True,True,compared,32,169.898,True,,,,,,,,,,,,,,,,,,37bdfbaacba1dc000701ad690b261df81455d7636899da8f14a207513c831280,857066b70a20fcf478744032dc28a5339a5dee80d668b3c5fdc4d4bd75aeeb5d,20260929,249.997500,249.730535,249.611552,249.822465,249.997500,"f_readback (pl_clk0 PLL read-back, clock of record; f_meas is a cross-check only)"
2026-09-30T18:40:17+00:00,2d280c7862041cee1dd36a2ac164af8b7f9dcec3,False,2023.1,7b2dac6026acf6ae9e6d87f80a457fb07b6e56c167dd2a168593b2105c9e130e,ZynqMP KV260 revB machine-id:a435d1c5,shapes,44,249.997500,hw,,1,fd880d43,kria,pynq Clocks.fclk0_mhz readback,2d280c7862041cee1dd36a2ac164af8b7f9dcec3,857066b70a20fcf478744032dc28a5339a5dee80d668b3c5fdc4d4bd75aeeb5d,2d280c7862041cee1dd36a2ac164af8b7f9dcec3,False,pynq,1,True,s2.shapes,performance,1333333,3,36.309,paper-grade environment,"A3-general random shapes, measured on KV260",44,J0044,head_raw,19,1,False,raw,done,0x00000000,0x00000000,,True,6,24,0,0,1069,1069,1069,1072,1072,1072,1040,1040,1040,0,0,True,True,compared,1,32.171,True,,,,,,,,,,,,,,,,,,37bdfbaacba1dc000701ad690b261df81455d7636899da8f14a207513c831280,857066b70a20fcf478744032dc28a5339a5dee80d668b3c5fdc4d4bd75aeeb5d,20260929,249.997500,249.730535,249.611552,249.822465,249.997500,"f_readback (pl_clk0 PLL read-back, clock of record; f_meas is a cross-check only)"
2026-09-30T18:40:17+00:00,2d280c7862041cee1dd36a2ac164af8b7f9dcec3,False,2023.1,7b2dac6026acf6ae9e6d87f80a457fb07b6e56c167dd2a168593b2105c9e130e,ZynqMP KV260 revB machine-id:a435d1c5,shapes,222,249.997500,hw,,1,fd880d43,kria,pynq Clocks.fclk0_mhz readback,2d280c7862041cee1dd36a2ac164af8b7f9dcec3,857066b70a20fcf478744032dc28a5339a5dee80d668b3c5fdc4d4bd75aeeb5d,2d280c7862041cee1dd36a2ac164af8b7f9dcec3,False,pynq,1,True,s2.shapes,performance,1333333,3,36.309,paper-grade environment,"A3-general random shapes, measured on KV260",222,J0222,tails,20,2,False,act0,done,0x00000000,0x00000000,,True,150,750,0,0,"16529,893","16529,893","16529,893",17425,17425,17425,17364,17364,17364,0,0,True,True,compared,8,70.474,True,,,,,,,,,,,,,,,,,,37bdfbaacba1dc000701ad690b261df81455d7636899da8f14a207513c831280,857066b70a20fcf478744032dc28a5339a5dee80d668b3c5fdc4d4bd75aeeb5d,20260929,249.997500,249.730535,249.611552,249.822465,249.997500,"f_readback (pl_clk0 PLL read-back, clock of record; f_meas is a cross-check only)"
2026-09-30T18:40:17+00:00,2d280c7862041cee1dd36a2ac164af8b7f9dcec3,False,2023.1,7b2dac6026acf6ae9e6d87f80a457fb07b6e56c167dd2a168593b2105c9e130e,ZynqMP KV260 revB machine-id:a435d1c5,shapes,145,249.997500,hw,,1,fd880d43,kria,pynq Clocks.fclk0_mhz readback,2d280c7862041cee1dd36a2ac164af8b7f9dcec3,857066b70a20fcf478744032dc28a5339a5dee80d668b3c5fdc4d4bd75aeeb5d,2d280c7862041cee1dd36a2ac164af8b7f9dcec3,False,pynq,1,True,s2.shapes,performance,1333333,3,36.309,paper-grade environment,"A3-general random shapes, measured on KV260",145,J0145,conv,21,1,False,act1,done,0x00000000,0x00000000,,True,32,192,0,0,525,525,525,528,528,528,496,496,496,0,0,True,True,compared,1,9.370,True,,,,,,,,,,,,,,,,,,37bdfbaacba1dc000701ad690b261df81455d7636899da8f14a207513c831280,857066b70a20fcf478744032dc28a5339a5dee80d668b3c5fdc4d4bd75aeeb5d,20260929,249.997500,249.730535,249.611552,249.822465,249.997500,"f_readback (pl_clk0 PLL read-back, clock of record; f_meas is a cross-check only)"
2026-09-30T18:40:17+00:00,2d280c7862041cee1dd36a2ac164af8b7f9dcec3,False,2023.1,7b2dac6026acf6ae9e6d87f80a457fb07b6e56c167dd2a168593b2105c9e130e,ZynqMP KV260 revB machine-id:a435d1c5,shapes,104,249.997500,hw,,1,fd880d43,kria,pynq Clocks.fclk0_mhz readback,2d280c7862041cee1dd36a2ac164af8b7f9dcec3,857066b70a20fcf478744032dc28a5339a5dee80d668b3c5fdc4d4bd75aeeb5d,2d280c7862041cee1dd36a2ac164af8b7f9dcec3,False,pynq,1,True,s2.shapes,performance,1333333,3,36.309,paper-grade environment,"A3-general random shapes, measured on KV260",104,J0104,pointwise,22,1,False,act1,done,0x00000000,0x00000000,,True,152,912,0,0,605,605,605,608,608,608,576,576,576,0,0,True,True,compared,1,10.412,True,,,,,,,,,,,,,,,,,,37bdfbaacba1dc000701ad690b261df81455d7636899da8f14a207513c831280,857066b70a20fcf478744032dc28a5339a5dee80d668b3c5fdc4d4bd75aeeb5d,20260929,249.997500,249.730535,249.611552,249.822465,249.997500,"f_readback (pl_clk0 PLL read-back, clock of record; f_meas is a cross-check only)"
2026-09-30T18:40:17+00:00,2d280c7862041cee1dd36a2ac164af8b7f9dcec3,False,2023.1,7b2dac6026acf6ae9e6d87f80a457fb07b6e56c167dd2a168593b2105c9e130e,ZynqMP KV260 revB machine-id:a435d1c5,shapes,136,249.997500,hw,,1,fd880d43,kria,pynq Clocks.fclk0_mhz readback,2d280c7862041cee1dd36a2ac164af8b7f9dcec3,857066b70a20fcf478744032dc28a5339a5dee80d668b3c5fdc4d4bd75aeeb5d,2d280c7862041cee1dd36a2ac164af8b7f9dcec3,False,pynq,1,True,s2.shapes,performance,1333333,3,36.309,paper-grade environment,"A3-general random shapes, measured on KV260",136,J0136,depth2_3,23,2,False,act0,done,0x00000000,0x00000000,,True,280,1120,0,0,"24669,14029","24669,14029","24669,14029",38701,38701,38701,38640,38640,38640,0,0,True,True,compared,18,110.528,True,,,,,,,,,,,,,,,,,,37bdfbaacba1dc000701ad690b261df81455d7636899da8f14a207513c831280,857066b70a20fcf478744032dc28a5339a5dee80d668b3c5fdc4d4bd75aeeb5d,20260929,249.997500,249.730535,249.611552,249.822465,249.997500,"f_readback (pl_clk0 PLL read-back, clock of record; f_meas is a cross-check only)"
2026-09-30T18:40:17+00:00,2d280c7862041cee1dd36a2ac164af8b7f9dcec3,False,2023.1,7b2dac6026acf6ae9e6d87f80a457fb07b6e56c167dd2a168593b2105c9e130e,ZynqMP KV260 revB machine-id:a435d1c5,shapes,194,249.997500,hw,,1,fd880d43,kria,pynq Clocks.fclk0_mhz readback,2d280c7862041cee1dd36a2ac164af8b7f9dcec3,857066b70a20fcf478744032dc28a5339a5dee80d668b3c5fdc4d4bd75aeeb5d,2d280c7862041cee1dd36a2ac164af8b7f9dcec3,False,pynq,1,True,s2.shapes,performance,1333333,3,36.309,paper-grade environment,"A3-general random shapes, measured on KV260",194,J0194,tiny,24,1,False,act1,done,0x00000000,0x00000000,,True,96,384,0,0,221,221,221,224,224,224,192,192,192,0,0,True,True,compared,1,5.185,True,,,,,,,,,,,,,,,,,,37bdfbaacba1dc000701ad690b261df81455d7636899da8f14a207513c831280,857066b70a20fcf478744032dc28a5339a5dee80d668b3c5fdc4d4bd75aeeb5d,20260929,249.997500,249.730535,249.611552,249.822465,249.997500,"f_readback (pl_clk0 PLL read-back, clock of record; f_meas is a cross-check only)"
2026-09-30T18:40:17+00:00,2d280c7862041cee1dd36a2ac164af8b7f9dcec3,False,2023.1,7b2dac6026acf6ae9e6d87f80a457fb07b6e56c167dd2a168593b2105c9e130e,ZynqMP KV260 revB machine-id:a435d1c5,shapes,202,249.997500,hw,,1,fd880d43,kria,pynq Clocks.fclk0_mhz readback,2d280c7862041cee1dd36a2ac164af8b7f9dcec3,857066b70a20fcf478744032dc28a5339a5dee80d668b3c5fdc4d4bd75aeeb5d,2d280c7862041cee1dd36a2ac164af8b7f9dcec3,False,pynq,1,True,s2.shapes,performance,1333333,3,36.309,paper-grade environment,"A3-general random shapes, measured on KV260",202,J0202,depth7_8,25,8,False,act0,done,0x00000000,0x00000000,,True,4,16,0,0,"72929,14717,197,50,61,549,141,61","72929,14717,197,50,61,549,141,61","72929,14717,197,50,61,549,141,61",88708,88708,88708,88473,88473,88473,0,0,True,True,compared,21,116.929,True,,,,,,,,,,,,,,,,,,37bdfbaacba1dc000701ad690b261df81455d7636899da8f14a207513c831280,857066b70a20fcf478744032dc28a5339a5dee80d668b3c5fdc4d4bd75aeeb5d,20260929,249.997500,249.730535,249.611552,249.822465,249.997500,"f_readback (pl_clk0 PLL read-back, clock of record; f_meas is a cross-check only)"
2026-09-30T18:40:17+00:00,2d280c7862041cee1dd36a2ac164af8b7f9dcec3,False,2023.1,7b2dac6026acf6ae9e6d87f80a457fb07b6e56c167dd2a168593b2105c9e130e,ZynqMP KV260 revB machine-id:a435d1c5,shapes,163,249.997500,hw,,1,fd880d43,kria,pynq Clocks.fclk0_mhz readback,2d280c7862041cee1dd36a2ac164af8b7f9dcec3,857066b70a20fcf478744032dc28a5339a5dee80d668b3c5fdc4d4bd75aeeb5d,2d280c7862041cee1dd36a2ac164af8b7f9dcec3,False,pynq,1,True,s2.shapes,performance,1333333,3,36.309,paper-grade environment,"A3-general random shapes, measured on KV260",163,J0163,conv_pool,26,1,False,act1,done,0x00000000,0x00000000,,True,108,864,0,0,1109,1109,1109,1112,1112,1112,1080,1080,1080,0,0,True,True,compared,1,24.456,True,,,,,,,,,,,,,,,,,,37bdfbaacba1dc000701ad690b261df81455d7636899da8f14a207513c831280,857066b70a20fcf478744032dc28a5339a5dee80d668b3c5fdc4d4bd75aeeb5d,20260929,249.997500,249.730535,249.611552,249.822465,249.997500,"f_readback (pl_clk0 PLL read-back, clock of record; f_meas is a cross-check only)"
2026-09-30T18:40:17+00:00,2d280c7862041cee1dd36a2ac164af8b7f9dcec3,False,2023.1,7b2dac6026acf6ae9e6d87f80a457fb07b6e56c167dd2a168593b2105c9e130e,ZynqMP KV260 revB machine-id:a435d1c5,shapes,195,249.997500,hw,,1,fd880d43,kria,pynq Clocks.fclk0_mhz readback,2d280c7862041cee1dd36a2ac164af8b7f9dcec3,857066b70a20fcf478744032dc28a5339a5dee80d668b3c5fdc4d4bd75aeeb5d,2d280c7862041cee1dd36a2ac164af8b7f9dcec3,False,pynq,1,True,s2.shapes,performance,1333333,3,36.309,paper-grade environment,"A3-general random shapes, measured on KV260",195,J0195,large,27,2,False,act0,done,0x00000000,0x00000000,,True,1764,13524,0,0,"179229,133841","179229,133841","179229,133841",313073,313073,313073,313012,313012,313012,0,0,True,True,compared,152,168.091,True,,,,,,,,,,,,,,,,,,37bdfbaacba1dc000701ad690b261df81455d7636899da8f14a207513c831280,857066b70a20fcf478744032dc28a5339a5dee80d668b3c5fdc4d4bd75aeeb5d,20260929,249.997500,249.730535,249.611552,249.822465,249.997500,"f_readback (pl_clk0 PLL read-back, clock of record; f_meas is a cross-check only)"
2026-09-30T18:40:17+00:00,2d280c7862041cee1dd36a2ac164af8b7f9dcec3,False,2023.1,7b2dac6026acf6ae9e6d87f80a457fb07b6e56c167dd2a168593b2105c9e130e,ZynqMP KV260 revB machine-id:a435d1c5,shapes,166,249.997500,hw,,1,fd880d43,kria,pynq Clocks.fclk0_mhz readback,2d280c7862041cee1dd36a2ac164af8b7f9dcec3,857066b70a20fcf478744032dc28a5339a5dee80d668b3c5fdc4d4bd75aeeb5d,2d280c7862041cee1dd36a2ac164af8b7f9dcec3,False,pynq,1,True,s2.shapes,performance,1333333,3,36.309,paper-grade environment,"A3-general random shapes, measured on KV260",166,J0166,refuse,28,0,True,refuse,error,0x00002000,0x00002000,True,,,,,,,,,3,3,,0,,,0,0,True,,refuse job (not compared),,1.730,True,job refused: ERR_CODE=0x00002000 rule 32 (N_LAYERS not in 1..8) at layer 0; STATUS=0x4,,,,,,,,,,,,,,,,,37bdfbaacba1dc000701ad690b261df81455d7636899da8f14a207513c831280,857066b70a20fcf478744032dc28a5339a5dee80d668b3c5fdc4d4bd75aeeb5d,20260929,249.997500,249.730535,249.611552,249.822465,249.997500,"f_readback (pl_clk0 PLL read-back, clock of record; f_meas is a cross-check only)"
2026-09-30T18:40:17+00:00,2d280c7862041cee1dd36a2ac164af8b7f9dcec3,False,2023.1,7b2dac6026acf6ae9e6d87f80a457fb07b6e56c167dd2a168593b2105c9e130e,ZynqMP KV260 revB machine-id:a435d1c5,shapes,192,249.997500,hw,,1,fd880d43,kria,pynq Clocks.fclk0_mhz readback,2d280c7862041cee1dd36a2ac164af8b7f9dcec3,857066b70a20fcf478744032dc28a5339a5dee80d668b3c5fdc4d4bd75aeeb5d,2d280c7862041cee1dd36a2ac164af8b7f9dcec3,False,pynq,1,True,s2.shapes,performance,1333333,3,36.309,paper-grade environment,"A3-general random shapes, measured on KV260",192,J0192,fc,29,3,False,raw,done,0x00000000,0x00000000,,True,6,24,0,0,"515,169,108","515,169,108","515,169,108",795,795,795,705,705,705,0,0,True,True,compared,1,23.844,True,,,,,,,,,,,,,,,,,,37bdfbaacba1dc000701ad690b261df81455d7636899da8f14a207513c831280,857066b70a20fcf478744032dc28a5339a5dee80d668b3c5fdc4d4bd75aeeb5d,20260929,249.997500,249.730535,249.611552,249.822465,249.997500,"f_readback (pl_clk0 PLL read-back, clock of record; f_meas is a cross-check only)"
2026-09-30T18:40:17+00:00,2d280c7862041cee1dd36a2ac164af8b7f9dcec3,False,2023.1,7b2dac6026acf6ae9e6d87f80a457fb07b6e56c167dd2a168593b2105c9e130e,ZynqMP KV260 revB machine-id:a435d1c5,shapes,185,249.997500,hw,,1,fd880d43,kria,pynq Clocks.fclk0_mhz readback,2d280c7862041cee1dd36a2ac164af8b7f9dcec3,857066b70a20fcf478744032dc28a5339a5dee80d668b3c5fdc4d4bd75aeeb5d,2d280c7862041cee1dd36a2ac164af8b7f9dcec3,False,pynq,1,True,s2.shapes,performance,1333333,3,36.309,paper-grade environment,"A3-general random shapes, measured on KV260",185,J0185,netlike,30,5,False,raw,done,0x00000000,0x00000000,,True,13,52,0,0,"52529,19829,2054,766,193","52529,19829,2054,766,193","52529,19829,2054,766,193",75374,75374,75374,75226,75226,75226,0,0,True,True,compared,26,167.422,True,,,,,,,,,,,,,,,,,,37bdfbaacba1dc000701ad690b261df81455d7636899da8f14a207513c831280,857066b70a20fcf478744032dc28a5339a5dee80d668b3c5fdc4d4bd75aeeb5d,20260929,249.997500,249.730535,249.611552,249.822465,249.997500,"f_readback (pl_clk0 PLL read-back, clock of record; f_meas is a cross-check only)"
2026-09-30T18:40:17+00:00,2d280c7862041cee1dd36a2ac164af8b7f9dcec3,False,2023.1,7b2dac6026acf6ae9e6d87f80a457fb07b6e56c167dd2a168593b2105c9e130e,ZynqMP KV260 revB machine-id:a435d1c5,shapes,292,249.997500,hw,,1,fd880d43,kria,pynq Clocks.fclk0_mhz readback,2d280c7862041cee1dd36a2ac164af8b7f9dcec3,857066b70a20fcf478744032dc28a5339a5dee80d668b3c5fdc4d4bd75aeeb5d,2d280c7862041cee1dd36a2ac164af8b7f9dcec3,False,pynq,1,True,s2.shapes,performance,1333333,3,36.309,paper-grade environment,"A3-general random shapes, measured on KV260",292,J0292,depth4_6,31,4,False,act0,done,0x00000000,0x00000000,,True,50,325,0,0,"7373,353,159,333","7373,353,159,333","7373,353,159,333",8221,8221,8221,8102,8102,8102,0,0,True,True,compared,4,31.556,True,,,,,,,,,,,,,,,,,,37bdfbaacba1dc000701ad690b261df81455d7636899da8f14a207513c831280,857066b70a20fcf478744032dc28a5339a5dee80d668b3c5fdc4d4bd75aeeb5d,20260929,249.997500,249.730535,249.611552,249.822465,249.997500,"f_readback (pl_clk0 PLL read-back, clock of record; f_meas is a cross-check only)"
2026-09-30T18:40:17+00:00,2d280c7862041cee1dd36a2ac164af8b7f9dcec3,False,2023.1,7b2dac6026acf6ae9e6d87f80a457fb07b6e56c167dd2a168593b2105c9e130e,ZynqMP KV260 revB machine-id:a435d1c5,shapes,138,249.997500,hw,,1,fd880d43,kria,pynq Clocks.fclk0_mhz readback,2d280c7862041cee1dd36a2ac164af8b7f9dcec3,857066b70a20fcf478744032dc28a5339a5dee80d668b3c5fdc4d4bd75aeeb5d,2d280c7862041cee1dd36a2ac164af8b7f9dcec3,False,pynq,1,True,s2.shapes,performance,1333333,3,36.309,paper-grade environment,"A3-general random shapes, measured on KV260",138,J0138,head_raw,32,1,False,raw,done,0x00000000,0x00000000,,True,2,8,0,0,329,329,329,332,332,332,300,300,300,0,0,True,True,compared,1,14.083,True,,,,,,,,,,,,,,,,,,37bdfbaacba1dc000701ad690b261df81455d7636899da8f14a207513c831280,857066b70a20fcf478744032dc28a5339a5dee80d668b3c5fdc4d4bd75aeeb5d,20260929,249.997500,249.730535,249.611552,249.822465,249.997500,"f_readback (pl_clk0 PLL read-back, clock of record; f_meas is a cross-check only)"
2026-09-30T18:40:17+00:00,2d280c7862041cee1dd36a2ac164af8b7f9dcec3,False,2023.1,7b2dac6026acf6ae9e6d87f80a457fb07b6e56c167dd2a168593b2105c9e130e,ZynqMP KV260 revB machine-id:a435d1c5,shapes,247,249.997500,hw,,1,fd880d43,kria,pynq Clocks.fclk0_mhz readback,2d280c7862041cee1dd36a2ac164af8b7f9dcec3,857066b70a20fcf478744032dc28a5339a5dee80d668b3c5fdc4d4bd75aeeb5d,2d280c7862041cee1dd36a2ac164af8b7f9dcec3,False,pynq,1,True,s2.shapes,performance,1333333,3,36.309,paper-grade environment,"A3-general random shapes, measured on KV260",247,J0247,tails,33,2,False,act0,done,0x00000000,0x00000000,,True,1134,3402,0,0,"18173,1613","18173,1613","18173,1613",19789,19789,19789,19728,19728,19728,0,0,True,True,compared,9,50.857,True,,,,,,,,,,,,,,,,,,37bdfbaacba1dc000701ad690b261df81455d7636899da8f14a207513c831280,857066b70a20fcf478744032dc28a5339a5dee80d668b3c5fdc4d4bd75aeeb5d,20260929,249.997500,249.730535,249.611552,249.822465,249.997500,"f_readback (pl_clk0 PLL read-back, clock of record; f_meas is a cross-check only)"
2026-09-30T18:40:17+00:00,2d280c7862041cee1dd36a2ac164af8b7f9dcec3,False,2023.1,7b2dac6026acf6ae9e6d87f80a457fb07b6e56c167dd2a168593b2105c9e130e,ZynqMP KV260 revB machine-id:a435d1c5,shapes,266,249.997500,hw,,1,fd880d43,kria,pynq Clocks.fclk0_mhz readback,2d280c7862041cee1dd36a2ac164af8b7f9dcec3,857066b70a20fcf478744032dc28a5339a5dee80d668b3c5fdc4d4bd75aeeb5d,2d280c7862041cee1dd36a2ac164af8b7f9dcec3,False,pynq,1,True,s2.shapes,performance,1333333,3,36.309,paper-grade environment,"A3-general random shapes, measured on KV260",266,J0266,conv,34,1,False,act1,done,0x00000000,0x00000000,,True,336,2352,0,0,30269,30269,30269,30272,30272,30272,30240,30240,30240,0,0,True,True,compared,14,85.023,True,,,,,,,,,,,,,,,,,,37bdfbaacba1dc000701ad690b261df81455d7636899da8f14a207513c831280,857066b70a20fcf478744032dc28a5339a5dee80d668b3c5fdc4d4bd75aeeb5d,20260929,249.997500,249.730535,249.611552,249.822465,249.997500,"f_readback (pl_clk0 PLL read-back, clock of record; f_meas is a cross-check only)"
2026-09-30T18:40:17+00:00,2d280c7862041cee1dd36a2ac164af8b7f9dcec3,False,2023.1,7b2dac6026acf6ae9e6d87f80a457fb07b6e56c167dd2a168593b2105c9e130e,ZynqMP KV260 revB machine-id:a435d1c5,shapes,298,249.997500,hw,,1,fd880d43,kria,pynq Clocks.fclk0_mhz readback,2d280c7862041cee1dd36a2ac164af8b7f9dcec3,857066b70a20fcf478744032dc28a5339a5dee80d668b3c5fdc4d4bd75aeeb5d,2d280c7862041cee1dd36a2ac164af8b7f9dcec3,False,pynq,1,True,s2.shapes,performance,1333333,3,36.309,paper-grade environment,"A3-general random shapes, measured on KV260",298,J0298,pointwise,35,1,False,act1,done,0x00000000,0x00000000,,True,900,5400,0,0,20909,20909,20909,20912,20912,20912,20880,20880,20880,0,0,True,True,compared,10,62.413,True,,,,,,,,,,,,,,,,,,37bdfbaacba1dc000701ad690b261df81455d7636899da8f14a207513c831280,857066b70a20fcf478744032dc28a5339a5dee80d668b3c5fdc4d4bd75aeeb5d,20260929,249.997500,249.730535,249.611552,249.822465,249.997500,"f_readback (pl_clk0 PLL read-back, clock of record; f_meas is a cross-check only)"
2026-09-30T18:40:17+00:00,2d280c7862041cee1dd36a2ac164af8b7f9dcec3,False,2023.1,7b2dac6026acf6ae9e6d87f80a457fb07b6e56c167dd2a168593b2105c9e130e,ZynqMP KV260 revB machine-id:a435d1c5,shapes,148,249.997500,hw,,1,fd880d43,kria,pynq Clocks.fclk0_mhz readback,2d280c7862041cee1dd36a2ac164af8b7f9dcec3,857066b70a20fcf478744032dc28a5339a5dee80d668b3c5fdc4d4bd75aeeb5d,2d280c7862041cee1dd36a2ac164af8b7f9dcec3,False,pynq,1,True,s2.shapes,performance,1333333,3,36.309,paper-grade environment,"A3-general random shapes, measured on KV260",148,J0148,depth2_3,36,2,False,raw,done,0x00000000,0x00000000,,True,13,52,0,0,"93341,2165","93341,2165","93341,2165",95509,95509,95509,95448,95448,95448,0,0,True,True,compared,44,268.536,True,,,,,,,,,,,,,,,,,,37bdfbaacba1dc000701ad690b261df81455d7636899da8f14a207513c831280,857066b70a20fcf478744032dc28a5339a5dee80d668b3c5fdc4d4bd75aeeb5d,20260929,249.997500,249.730535,249.611552,249.822465,249.997500,"f_readback (pl_clk0 PLL read-back, clock of record; f_meas is a cross-check only)"
2026-09-30T18:40:17+00:00,2d280c7862041cee1dd36a2ac164af8b7f9dcec3,False,2023.1,7b2dac6026acf6ae9e6d87f80a457fb07b6e56c167dd2a168593b2105c9e130e,ZynqMP KV260 revB machine-id:a435d1c5,shapes,281,249.997500,hw,,1,fd880d43,kria,pynq Clocks.fclk0_mhz readback,2d280c7862041cee1dd36a2ac164af8b7f9dcec3,857066b70a20fcf478744032dc28a5339a5dee80d668b3c5fdc4d4bd75aeeb5d,2d280c7862041cee1dd36a2ac164af8b7f9dcec3,False,pynq,1,True,s2.shapes,performance,1333333,3,36.309,paper-grade environment,"A3-general random shapes, measured on KV260",281,J0281,tiny,37,2,False,act0,done,0x00000000,0x00000000,,True,25,75,0,0,"173,654","173,654","173,654",830,830,830,769,769,769,0,0,True,True,compared,1,5.001,True,,,,,,,,,,,,,,,,,,37bdfbaacba1dc000701ad690b261df81455d7636899da8f14a207513c831280,857066b70a20fcf478744032dc28a5339a5dee80d668b3c5fdc4d4bd75aeeb5d,20260929,249.997500,249.730535,249.611552,249.822465,249.997500,"f_readback (pl_clk0 PLL read-back, clock of record; f_meas is a cross-check only)"
2026-09-30T18:40:17+00:00,2d280c7862041cee1dd36a2ac164af8b7f9dcec3,False,2023.1,7b2dac6026acf6ae9e6d87f80a457fb07b6e56c167dd2a168593b2105c9e130e,ZynqMP KV260 revB machine-id:a435d1c5,shapes,175,249.997500,hw,,1,fd880d43,kria,pynq Clocks.fclk0_mhz readback,2d280c7862041cee1dd36a2ac164af8b7f9dcec3,857066b70a20fcf478744032dc28a5339a5dee80d668b3c5fdc4d4bd75aeeb5d,2d280c7862041cee1dd36a2ac164af8b7f9dcec3,False,pynq,1,True,s2.shapes,performance,1333333,3,36.309,paper-grade environment,"A3-general random shapes, measured on KV260",175,J0175,depth7_8,38,8,False,act0,done,0x00000000,0x00000000,,True,60,450,0,0,"27569,91029,68069,2864,3629,4829,41339,16349","27569,91029,68069,2864,3629,4829,41339,16349","27569,91029,68069,2864,3629,4829,41339,16349",255680,255680,255680,255445,255445,255445,0,0,True,True,compared,123,116.594,True,,,,,,,,,,,,,,,,,,37bdfbaacba1dc000701ad690b261df81455d7636899da8f14a207513c831280,857066b70a20fcf478744032dc28a5339a5dee80d668b3c5fdc4d4bd75aeeb5d,20260929,249.997500,249.730535,249.611552,249.822465,249.997500,"f_readback (pl_clk0 PLL read-back, clock of record; f_meas is a cross-check only)"
2026-09-30T18:40:17+00:00,2d280c7862041cee1dd36a2ac164af8b7f9dcec3,False,2023.1,7b2dac6026acf6ae9e6d87f80a457fb07b6e56c167dd2a168593b2105c9e130e,ZynqMP KV260 revB machine-id:a435d1c5,shapes,37,249.997500,hw,,1,fd880d43,kria,pynq Clocks.fclk0_mhz readback,2d280c7862041cee1dd36a2ac164af8b7f9dcec3,857066b70a20fcf478744032dc28a5339a5dee80d668b3c5fdc4d4bd75aeeb5d,2d280c7862041cee1dd36a2ac164af8b7f9dcec3,False,pynq,1,True,s2.shapes,performance,1333333,3,36.309,paper-grade environment,"A3-general random shapes, measured on KV260",37,J0037,conv_pool,39,1,False,act1,done,0x00000000,0x00000000,,True,120,960,0,0,44829,44829,44829,44832,44832,44832,44800,44800,44800,0,0,True,True,compared,21,91.181,True,,,,,,,,,,,,,,,,,,37bdfbaacba1dc000701ad690b261df81455d7636899da8f14a207513c831280,857066b70a20fcf478744032dc28a5339a5dee80d668b3c5fdc4d4bd75aeeb5d,20260929,249.997500,249.730535,249.611552,249.822465,249.997500,"f_readback (pl_clk0 PLL read-back, clock of record; f_meas is a cross-check only)"
2026-09-30T18:40:17+00:00,2d280c7862041cee1dd36a2ac164af8b7f9dcec3,False,2023.1,7b2dac6026acf6ae9e6d87f80a457fb07b6e56c167dd2a168593b2105c9e130e,ZynqMP KV260 revB machine-id:a435d1c5,shapes,90,249.997500,hw,,1,fd880d43,kria,pynq Clocks.fclk0_mhz readback,2d280c7862041cee1dd36a2ac164af8b7f9dcec3,857066b70a20fcf478744032dc28a5339a5dee80d668b3c5fdc4d4bd75aeeb5d,2d280c7862041cee1dd36a2ac164af8b7f9dcec3,False,pynq,1,True,s2.shapes,performance,1333333,3,36.309,paper-grade environment,"A3-general random shapes, measured on KV260",90,J0090,large,40,1,False,act1,done,0x00000000,0x00000000,,True,4026,25498,0,0,554429,554429,554429,554432,554432,554432,554400,554400,554400,0,0,True,True,compared,263,305.123,True,,,,,,,,,,,,,,,,,,37bdfbaacba1dc000701ad690b261df81455d7636899da8f14a207513c831280,857066b70a20fcf478744032dc28a5339a5dee80d668b3c5fdc4d4bd75aeeb5d,20260929,249.997500,249.730535,249.611552,249.822465,249.997500,"f_readback (pl_clk0 PLL read-back, clock of record; f_meas is a cross-check only)"
2026-09-30T18:40:17+00:00,2d280c7862041cee1dd36a2ac164af8b7f9dcec3,False,2023.1,7b2dac6026acf6ae9e6d87f80a457fb07b6e56c167dd2a168593b2105c9e130e,ZynqMP KV260 revB machine-id:a435d1c5,shapes,76,249.997500,hw,,1,fd880d43,kria,pynq Clocks.fclk0_mhz readback,2d280c7862041cee1dd36a2ac164af8b7f9dcec3,857066b70a20fcf478744032dc28a5339a5dee80d668b3c5fdc4d4bd75aeeb5d,2d280c7862041cee1dd36a2ac164af8b7f9dcec3,False,pynq,1,True,s2.shapes,performance,1333333,3,36.309,paper-grade environment,"A3-general random shapes, measured on KV260",76,J0076,refuse,41,1,True,refuse,error,0x00000500,0x00000500,True,,,,,,0,,,3,3,,0,,,0,0,True,,refuse job (not compared),,1.135,True,job refused: ERR_CODE=0x00000500 rule 5 (IN_END > 4095) at layer 0; STATUS=0x4,,,,,,,,,,,,,,,,,37bdfbaacba1dc000701ad690b261df81455d7636899da8f14a207513c831280,857066b70a20fcf478744032dc28a5339a5dee80d668b3c5fdc4d4bd75aeeb5d,20260929,249.997500,249.730535,249.611552,249.822465,249.997500,"f_readback (pl_clk0 PLL read-back, clock of record; f_meas is a cross-check only)"
2026-09-30T18:40:17+00:00,2d280c7862041cee1dd36a2ac164af8b7f9dcec3,False,2023.1,7b2dac6026acf6ae9e6d87f80a457fb07b6e56c167dd2a168593b2105c9e130e,ZynqMP KV260 revB machine-id:a435d1c5,shapes,111,249.997500,hw,,1,fd880d43,kria,pynq Clocks.fclk0_mhz readback,2d280c7862041cee1dd36a2ac164af8b7f9dcec3,857066b70a20fcf478744032dc28a5339a5dee80d668b3c5fdc4d4bd75aeeb5d,2d280c7862041cee1dd36a2ac164af8b7f9dcec3,False,pynq,1,True,s2.shapes,performance,1333333,3,36.309,paper-grade environment,"A3-general random shapes, measured on KV260",111,J0111,fc,42,3,False,raw,done,0x00000000,0x00000000,,True,2,8,0,0,"1184,1437,157","1184,1437,157","1184,1437,157",2781,2781,2781,2691,2691,2691,0,0,True,True,compared,1,62.944,True,,,,,,,,,,,,,,,,,,37bdfbaacba1dc000701ad690b261df81455d7636899da8f14a207513c831280,857066b70a20fcf478744032dc28a5339a5dee80d668b3c5fdc4d4bd75aeeb5d,20260929,249.997500,249.730535,249.611552,249.822465,249.997500,"f_readback (pl_clk0 PLL read-back, clock of record; f_meas is a cross-check only)"
2026-09-30T18:40:17+00:00,2d280c7862041cee1dd36a2ac164af8b7f9dcec3,False,2023.1,7b2dac6026acf6ae9e6d87f80a457fb07b6e56c167dd2a168593b2105c9e130e,ZynqMP KV260 revB machine-id:a435d1c5,shapes,224,249.997500,hw,,1,fd880d43,kria,pynq Clocks.fclk0_mhz readback,2d280c7862041cee1dd36a2ac164af8b7f9dcec3,857066b70a20fcf478744032dc28a5339a5dee80d668b3c5fdc4d4bd75aeeb5d,2d280c7862041cee1dd36a2ac164af8b7f9dcec3,False,pynq,1,True,s2.shapes,performance,1333333,3,36.309,paper-grade environment,"A3-general random shapes, measured on KV260",224,J0224,netlike,43,5,False,raw,done,0x00000000,0x00000000,,True,2,8,0,0,"16877,26269,2029,497,122","16877,26269,2029,497,122","16877,26269,2029,497,122",45797,45797,45797,45649,45649,45649,0,0,True,True,compared,22,97.402,True,,,,,,,,,,,,,,,,,,37bdfbaacba1dc000701ad690b261df81455d7636899da8f14a207513c831280,857066b70a20fcf478744032dc28a5339a5dee80d668b3c5fdc4d4bd75aeeb5d,20260929,249.997500,249.730535,249.611552,249.822465,249.997500,"f_readback (pl_clk0 PLL read-back, clock of record; f_meas is a cross-check only)"
2026-09-30T18:40:17+00:00,2d280c7862041cee1dd36a2ac164af8b7f9dcec3,False,2023.1,7b2dac6026acf6ae9e6d87f80a457fb07b6e56c167dd2a168593b2105c9e130e,ZynqMP KV260 revB machine-id:a435d1c5,shapes,93,249.997500,hw,,1,fd880d43,kria,pynq Clocks.fclk0_mhz readback,2d280c7862041cee1dd36a2ac164af8b7f9dcec3,857066b70a20fcf478744032dc28a5339a5dee80d668b3c5fdc4d4bd75aeeb5d,2d280c7862041cee1dd36a2ac164af8b7f9dcec3,False,pynq,1,True,s2.shapes,performance,1333333,3,36.309,paper-grade environment,"A3-general random shapes, measured on KV260",93,J0093,depth4_6,44,5,False,act1,done,0x00000000,0x00000000,,True,351,2808,0,0,"1667,15419,40529,28079,11504","1667,15419,40529,28079,11504","1667,15419,40529,28079,11504",97201,97201,97201,97053,97053,97053,0,0,True,True,compared,45,108.676,True,,,,,,,,,,,,,,,,,,37bdfbaacba1dc000701ad690b261df81455d7636899da8f14a207513c831280,857066b70a20fcf478744032dc28a5339a5dee80d668b3c5fdc4d4bd75aeeb5d,20260929,249.997500,249.730535,249.611552,249.822465,249.997500,"f_readback (pl_clk0 PLL read-back, clock of record; f_meas is a cross-check only)"
2026-09-30T18:40:17+00:00,2d280c7862041cee1dd36a2ac164af8b7f9dcec3,False,2023.1,7b2dac6026acf6ae9e6d87f80a457fb07b6e56c167dd2a168593b2105c9e130e,ZynqMP KV260 revB machine-id:a435d1c5,shapes,278,249.997500,hw,,1,fd880d43,kria,pynq Clocks.fclk0_mhz readback,2d280c7862041cee1dd36a2ac164af8b7f9dcec3,857066b70a20fcf478744032dc28a5339a5dee80d668b3c5fdc4d4bd75aeeb5d,2d280c7862041cee1dd36a2ac164af8b7f9dcec3,False,pynq,1,True,s2.shapes,performance,1333333,3,36.309,paper-grade environment,"A3-general random shapes, measured on KV260",278,J0278,head_raw,45,1,False,raw,done,0x00000000,0x00000000,,True,1,4,0,0,389,389,389,392,392,392,360,360,360,0,0,True,True,compared,1,9.203,True,,,,,,,,,,,,,,,,,,37bdfbaacba1dc000701ad690b261df81455d7636899da8f14a207513c831280,857066b70a20fcf478744032dc28a5339a5dee80d668b3c5fdc4d4bd75aeeb5d,20260929,249.997500,249.730535,249.611552,249.822465,249.997500,"f_readback (pl_clk0 PLL read-back, clock of record; f_meas is a cross-check only)"
2026-09-30T18:40:17+00:00,2d280c7862041cee1dd36a2ac164af8b7f9dcec3,False,2023.1,7b2dac6026acf6ae9e6d87f80a457fb07b6e56c167dd2a168593b2105c9e130e,ZynqMP KV260 revB machine-id:a435d1c5,shapes,287,249.997500,hw,,1,fd880d43,kria,pynq Clocks.fclk0_mhz readback,2d280c7862041cee1dd36a2ac164af8b7f9dcec3,857066b70a20fcf478744032dc28a5339a5dee80d668b3c5fdc4d4bd75aeeb5d,2d280c7862041cee1dd36a2ac164af8b7f9dcec3,False,pynq,1,True,s2.shapes,performance,1333333,3,36.309,paper-grade environment,"A3-general random shapes, measured on KV260",287,J0287,tails,46,2,False,act0,done,0x00000000,0x00000000,,True,1683,9537,0,0,"36884,97049","36884,97049","36884,97049",133936,133936,133936,133875,133875,133875,0,0,True,True,compared,46,127.715,True,,,,,,,,,,,,,,,,,,37bdfbaacba1dc000701ad690b261df81455d7636899da8f14a207513c831280,857066b70a20fcf478744032dc28a5339a5dee80d668b3c5fdc4d4bd75aeeb5d,20260929,249.997500,249.730535,249.611552,249.822465,249.997500,"f_readback (pl_clk0 PLL read-back, clock of record; f_meas is a cross-check only)"
2026-09-30T18:40:17+00:00,2d280c7862041cee1dd36a2ac164af8b7f9dcec3,False,2023.1,7b2dac6026acf6ae9e6d87f80a457fb07b6e56c167dd2a168593b2105c9e130e,ZynqMP KV260 revB machine-id:a435d1c5,shapes,144,249.997500,hw,,1,fd880d43,kria,pynq Clocks.fclk0_mhz readback,2d280c7862041cee1dd36a2ac164af8b7f9dcec3,857066b70a20fcf478744032dc28a5339a5dee80d668b3c5fdc4d4bd75aeeb5d,2d280c7862041cee1dd36a2ac164af8b7f9dcec3,False,pynq,1,True,s2.shapes,performance,1333333,3,36.309,paper-grade environment,"A3-general random shapes, measured on KV260",144,J0144,conv,47,1,False,act1,done,0x00000000,0x00000000,,True,2375,19000,0,0,57629,57629,57629,57632,57632,57632,57600,57600,57600,0,0,True,True,compared,22,97.959,True,,,,,,,,,,,,,,,,,,37bdfbaacba1dc000701ad690b261df81455d7636899da8f14a207513c831280,857066b70a20fcf478744032dc28a5339a5dee80d668b3c5fdc4d4bd75aeeb5d,20260929,249.997500,249.730535,249.611552,249.822465,249.997500,"f_readback (pl_clk0 PLL read-back, clock of record; f_meas is a cross-check only)"
2026-09-30T18:40:17+00:00,2d280c7862041cee1dd36a2ac164af8b7f9dcec3,False,2023.1,7b2dac6026acf6ae9e6d87f80a457fb07b6e56c167dd2a168593b2105c9e130e,ZynqMP KV260 revB machine-id:a435d1c5,shapes,135,249.997500,hw,,1,fd880d43,kria,pynq Clocks.fclk0_mhz readback,2d280c7862041cee1dd36a2ac164af8b7f9dcec3,857066b70a20fcf478744032dc28a5339a5dee80d668b3c5fdc4d4bd75aeeb5d,2d280c7862041cee1dd36a2ac164af8b7f9dcec3,False,pynq,1,True,s2.shapes,performance,1333333,3,36.309,paper-grade environment,"A3-general random shapes, measured on KV260",135,J0135,pointwise,48,1,False,act1,done,0x00000000,0x00000000,,True,2788,13940,0,0,30323,30323,30323,30326,30326,30326,30294,30294,30294,0,0,True,True,compared,14,109.254,True,,,,,,,,,,,,,,,,,,37bdfbaacba1dc000701ad690b261df81455d7636899da8f14a207513c831280,857066b70a20fcf478744032dc28a5339a5dee80d668b3c5fdc4d4bd75aeeb5d,20260929,249.997500,249.730535,249.611552,249.822465,249.997500,"f_readback (pl_clk0 PLL read-back, clock of record; f_meas is a cross-check only)"
2026-09-30T18:40:17+00:00,2d280c7862041cee1dd36a2ac164af8b7f9dcec3,False,2023.1,7b2dac6026acf6ae9e6d87f80a457fb07b6e56c167dd2a168593b2105c9e130e,ZynqMP KV260 revB machine-id:a435d1c5,shapes,205,249.997500,hw,,1,fd880d43,kria,pynq Clocks.fclk0_mhz readback,2d280c7862041cee1dd36a2ac164af8b7f9dcec3,857066b70a20fcf478744032dc28a5339a5dee80d668b3c5fdc4d4bd75aeeb5d,2d280c7862041cee1dd36a2ac164af8b7f9dcec3,False,pynq,1,True,s2.shapes,performance,1333333,3,36.309,paper-grade environment,"A3-general random shapes, measured on KV260",205,J0205,depth2_3,49,2,False,act0,done,0x00000000,0x00000000,,True,600,1200,0,0,"19469,32429","19469,32429","19469,32429",51901,51901,51901,51840,51840,51840,0,0,True,True,compared,23,54.626,True,,,,,,,,,,,,,,,,,,37bdfbaacba1dc000701ad690b261df81455d7636899da8f14a207513c831280,857066b70a20fcf478744032dc28a5339a5dee80d668b3c5fdc4d4bd75aeeb5d,20260929,249.997500,249.730535,249.611552,249.822465,249.997500,"f_readback (pl_clk0 PLL read-back, clock of record; f_meas is a cross-check only)"
2026-09-30T18:40:17+00:00,2d280c7862041cee1dd36a2ac164af8b7f9dcec3,False,2023.1,7b2dac6026acf6ae9e6d87f80a457fb07b6e56c167dd2a168593b2105c9e130e,ZynqMP KV260 revB machine-id:a435d1c5,shapes,129,249.997500,hw,,1,fd880d43,kria,pynq Clocks.fclk0_mhz readback,2d280c7862041cee1dd36a2ac164af8b7f9dcec3,857066b70a20fcf478744032dc28a5339a5dee80d668b3c5fdc4d4bd75aeeb5d,2d280c7862041cee1dd36a2ac164af8b7f9dcec3,False,pynq,1,True,s2.shapes,performance,1333333,3,36.309,paper-grade environment,"A3-general random shapes, measured on KV260",129,J0129,tiny,50,1,False,act1,done,0x00000000,0x00000000,,True,16,112,0,0,77,77,77,80,80,80,48,48,48,0,0,True,True,compared,1,2.924,True,,,,,,,,,,,,,,,,,,37bdfbaacba1dc000701ad690b261df81455d7636899da8f14a207513c831280,857066b70a20fcf478744032dc28a5339a5dee80d668b3c5fdc4d4bd75aeeb5d,20260929,249.997500,249.730535,249.611552,249.822465,249.997500,"f_readback (pl_clk0 PLL read-back, clock of record; f_meas is a cross-check only)"
2026-09-30T18:40:17+00:00,2d280c7862041cee1dd36a2ac164af8b7f9dcec3,False,2023.1,7b2dac6026acf6ae9e6d87f80a457fb07b6e56c167dd2a168593b2105c9e130e,ZynqMP KV260 revB machine-id:a435d1c5,shapes,199,249.997500,hw,,1,fd880d43,kria,pynq Clocks.fclk0_mhz readback,2d280c7862041cee1dd36a2ac164af8b7f9dcec3,857066b70a20fcf478744032dc28a5339a5dee80d668b3c5fdc4d4bd75aeeb5d,2d280c7862041cee1dd36a2ac164af8b7f9dcec3,False,pynq,1,True,s2.shapes,performance,1333333,3,36.309,paper-grade environment,"A3-general random shapes, measured on KV260",199,J0199,depth7_8,51,8,False,act0,done,0x00000000,0x00000000,,True,52,234,0,0,"757,1811,1415,11549,5069,229,69,549","757,1811,1415,11549,5069,229,69,549","757,1811,1415,11549,5069,229,69,549",21451,21451,21451,21216,21216,21216,0,0,True,True,compared,10,45.737,True,,,,,,,,,,,,,,,,,,37bdfbaacba1dc000701ad690b261df81455d7636899da8f14a207513c831280,857066b70a20fcf478744032dc28a5339a5dee80d668b3c5fdc4d4bd75aeeb5d,20260929,249.997500,249.730535,249.611552,249.822465,249.997500,"f_readback (pl_clk0 PLL read-back, clock of record; f_meas is a cross-check only)"
2026-09-30T18:40:17+00:00,2d280c7862041cee1dd36a2ac164af8b7f9dcec3,False,2023.1,7b2dac6026acf6ae9e6d87f80a457fb07b6e56c167dd2a168593b2105c9e130e,ZynqMP KV260 revB machine-id:a435d1c5,shapes,41,249.997500,hw,,1,fd880d43,kria,pynq Clocks.fclk0_mhz readback,2d280c7862041cee1dd36a2ac164af8b7f9dcec3,857066b70a20fcf478744032dc28a5339a5dee80d668b3c5fdc4d4bd75aeeb5d,2d280c7862041cee1dd36a2ac164af8b7f9dcec3,False,pynq,1,True,s2.shapes,performance,1333333,3,36.309,paper-grade environment,"A3-general random shapes, measured on KV260",41,J0041,conv_pool,52,1,False,act1,done,0x00000000,0x00000000,,True,182,1092,0,0,797,797,797,800,800,800,768,768,768,0,0,True,True,compared,1,9.295,True,,,,,,,,,,,,,,,,,,37bdfbaacba1dc000701ad690b261df81455d7636899da8f14a207513c831280,857066b70a20fcf478744032dc28a5339a5dee80d668b3c5fdc4d4bd75aeeb5d,20260929,249.997500,249.730535,249.611552,249.822465,249.997500,"f_readback (pl_clk0 PLL read-back, clock of record; f_meas is a cross-check only)"
2026-09-30T18:40:17+00:00,2d280c7862041cee1dd36a2ac164af8b7f9dcec3,False,2023.1,7b2dac6026acf6ae9e6d87f80a457fb07b6e56c167dd2a168593b2105c9e130e,ZynqMP KV260 revB machine-id:a435d1c5,shapes,48,249.997500,hw,,1,fd880d43,kria,pynq Clocks.fclk0_mhz readback,2d280c7862041cee1dd36a2ac164af8b7f9dcec3,857066b70a20fcf478744032dc28a5339a5dee80d668b3c5fdc4d4bd75aeeb5d,2d280c7862041cee1dd36a2ac164af8b7f9dcec3,False,pynq,1,True,s2.shapes,performance,1333333,3,36.309,paper-grade environment,"A3-general random shapes, measured on KV260",48,J0048,large,53,1,False,act1,done,0x00000000,0x00000000,,True,1558,12464,0,0,397129,397129,397129,397132,397132,397132,397100,397100,397100,0,0,True,True,compared,189,178.571,True,,,,,,,,,,,,,,,,,,37bdfbaacba1dc000701ad690b261df81455d7636899da8f14a207513c831280,857066b70a20fcf478744032dc28a5339a5dee80d668b3c5fdc4d4bd75aeeb5d,20260929,249.997500,249.730535,249.611552,249.822465,249.997500,"f_readback (pl_clk0 PLL read-back, clock of record; f_meas is a cross-check only)"
2026-09-30T18:40:17+00:00,2d280c7862041cee1dd36a2ac164af8b7f9dcec3,False,2023.1,7b2dac6026acf6ae9e6d87f80a457fb07b6e56c167dd2a168593b2105c9e130e,ZynqMP KV260 revB machine-id:a435d1c5,shapes,42,249.997500,hw,,1,fd880d43,kria,pynq Clocks.fclk0_mhz readback,2d280c7862041cee1dd36a2ac164af8b7f9dcec3,857066b70a20fcf478744032dc28a5339a5dee80d668b3c5fdc4d4bd75aeeb5d,2d280c7862041cee1dd36a2ac164af8b7f9dcec3,False,pynq,1,True,s2.shapes,performance,1333333,3,36.309,paper-grade environment,"A3-general random shapes, measured on KV260",42,J0042,refuse,54,1,True,refuse,error,0x00000300,0x00000300,True,,,,,,0,,,3,3,,0,,,0,0,True,,refuse job (not compared),,1.460,True,job refused: ERR_CODE=0x00000300 rule 3 (K < 8) at layer 0; STATUS=0x4,,,,,,,,,,,,,,,,,37bdfbaacba1dc000701ad690b261df81455d7636899da8f14a207513c831280,857066b70a20fcf478744032dc28a5339a5dee80d668b3c5fdc4d4bd75aeeb5d,20260929,249.997500,249.730535,249.611552,249.822465,249.997500,"f_readback (pl_clk0 PLL read-back, clock of record; f_meas is a cross-check only)"
2026-09-30T18:40:17+00:00,2d280c7862041cee1dd36a2ac164af8b7f9dcec3,False,2023.1,7b2dac6026acf6ae9e6d87f80a457fb07b6e56c167dd2a168593b2105c9e130e,ZynqMP KV260 revB machine-id:a435d1c5,shapes,299,249.997500,hw,,1,fd880d43,kria,pynq Clocks.fclk0_mhz readback,2d280c7862041cee1dd36a2ac164af8b7f9dcec3,857066b70a20fcf478744032dc28a5339a5dee80d668b3c5fdc4d4bd75aeeb5d,2d280c7862041cee1dd36a2ac164af8b7f9dcec3,False,pynq,1,True,s2.shapes,performance,1333333,3,36.309,paper-grade environment,"A3-general random shapes, measured on KV260",299,J0299,fc,55,3,False,act1,done,0x00000000,0x00000000,,True,47,47,0,0,"1314,194,269","1314,194,269","1314,194,269",1780,1780,1780,1690,1690,1690,0,0,True,True,compared,1,45.134,True,,,,,,,,,,,,,,,,,,37bdfbaacba1dc000701ad690b261df81455d7636899da8f14a207513c831280,857066b70a20fcf478744032dc28a5339a5dee80d668b3c5fdc4d4bd75aeeb5d,20260929,249.997500,249.730535,249.611552,249.822465,249.997500,"f_readback (pl_clk0 PLL read-back, clock of record; f_meas is a cross-check only)"
2026-09-30T18:40:17+00:00,2d280c7862041cee1dd36a2ac164af8b7f9dcec3,False,2023.1,7b2dac6026acf6ae9e6d87f80a457fb07b6e56c167dd2a168593b2105c9e130e,ZynqMP KV260 revB machine-id:a435d1c5,shapes,209,249.997500,hw,,1,fd880d43,kria,pynq Clocks.fclk0_mhz readback,2d280c7862041cee1dd36a2ac164af8b7f9dcec3,857066b70a20fcf478744032dc28a5339a5dee80d668b3c5fdc4d4bd75aeeb5d,2d280c7862041cee1dd36a2ac164af8b7f9dcec3,False,pynq,1,True,s2.shapes,performance,1333333,3,36.309,paper-grade environment,"A3-general random shapes, measured on KV260",209,J0209,netlike,56,5,False,raw,done,0x00000000,0x00000000,,True,6,24,0,0,"4709,58781,5533,200,46","4709,58781,5533,200,46","4709,58781,5533,200,46",69272,69272,69272,69124,69124,69124,0,0,True,True,compared,33,260.917,True,,,,,,,,,,,,,,,,,,37bdfbaacba1dc000701ad690b261df81455d7636899da8f14a207513c831280,857066b70a20fcf478744032dc28a5339a5dee80d668b3c5fdc4d4bd75aeeb5d,20260929,249.997500,249.730535,249.611552,249.822465,249.997500,"f_readback (pl_clk0 PLL read-back, clock of record; f_meas is a cross-check only)"
2026-09-30T18:40:17+00:00,2d280c7862041cee1dd36a2ac164af8b7f9dcec3,False,2023.1,7b2dac6026acf6ae9e6d87f80a457fb07b6e56c167dd2a168593b2105c9e130e,ZynqMP KV260 revB machine-id:a435d1c5,shapes,235,249.997500,hw,,1,fd880d43,kria,pynq Clocks.fclk0_mhz readback,2d280c7862041cee1dd36a2ac164af8b7f9dcec3,857066b70a20fcf478744032dc28a5339a5dee80d668b3c5fdc4d4bd75aeeb5d,2d280c7862041cee1dd36a2ac164af8b7f9dcec3,False,pynq,1,True,s2.shapes,performance,1333333,3,36.309,paper-grade environment,"A3-general random shapes, measured on KV260",235,J0235,depth4_6,57,4,False,act0,done,0x00000000,0x00000000,,True,162,324,0,0,"8345,2378,353,380","8345,2378,353,380","8345,2378,353,380",11459,11459,11459,11340,11340,11340,0,0,True,True,compared,5,33.538,True,,,,,,,,,,,,,,,,,,37bdfbaacba1dc000701ad690b261df81455d7636899da8f14a207513c831280,857066b70a20fcf478744032dc28a5339a5dee80d668b3c5fdc4d4bd75aeeb5d,20260929,249.997500,249.730535,249.611552,249.822465,249.997500,"f_readback (pl_clk0 PLL read-back, clock of record; f_meas is a cross-check only)"
2026-09-30T18:40:17+00:00,2d280c7862041cee1dd36a2ac164af8b7f9dcec3,False,2023.1,7b2dac6026acf6ae9e6d87f80a457fb07b6e56c167dd2a168593b2105c9e130e,ZynqMP KV260 revB machine-id:a435d1c5,shapes,53,249.997500,hw,,1,fd880d43,kria,pynq Clocks.fclk0_mhz readback,2d280c7862041cee1dd36a2ac164af8b7f9dcec3,857066b70a20fcf478744032dc28a5339a5dee80d668b3c5fdc4d4bd75aeeb5d,2d280c7862041cee1dd36a2ac164af8b7f9dcec3,False,pynq,1,True,s2.shapes,performance,1333333,3,36.309,paper-grade environment,"A3-general random shapes, measured on KV260",53,J0053,head_raw,58,1,False,raw,done,0x00000000,0x00000000,,True,6,24,0,0,1139,1139,1139,1142,1142,1142,1110,1110,1110,0,0,True,True,compared,1,27.407,True,,,,,,,,,,,,,,,,,,37bdfbaacba1dc000701ad690b261df81455d7636899da8f14a207513c831280,857066b70a20fcf478744032dc28a5339a5dee80d668b3c5fdc4d4bd75aeeb5d,20260929,249.997500,249.730535,249.611552,249.822465,249.997500,"f_readback (pl_clk0 PLL read-back, clock of record; f_meas is a cross-check only)"
2026-09-30T18:40:17+00:00,2d280c7862041cee1dd36a2ac164af8b7f9dcec3,False,2023.1,7b2dac6026acf6ae9e6d87f80a457fb07b6e56c167dd2a168593b2105c9e130e,ZynqMP KV260 revB machine-id:a435d1c5,shapes,114,249.997500,hw,,1,fd880d43,kria,pynq Clocks.fclk0_mhz readback,2d280c7862041cee1dd36a2ac164af8b7f9dcec3,857066b70a20fcf478744032dc28a5339a5dee80d668b3c5fdc4d4bd75aeeb5d,2d280c7862041cee1dd36a2ac164af8b7f9dcec3,False,pynq,1,True,s2.shapes,performance,1333333,3,36.309,paper-grade environment,"A3-general random shapes, measured on KV260",114,J0114,tails,59,1,False,act1,done,0x00000000,0x00000000,,True,154,770,0,0,7085,7085,7085,7088,7088,7088,7056,7056,7056,0,0,True,True,compared,3,24.223,True,,,,,,,,,,,,,,,,,,37bdfbaacba1dc000701ad690b261df81455d7636899da8f14a207513c831280,857066b70a20fcf478744032dc28a5339a5dee80d668b3c5fdc4d4bd75aeeb5d,20260929,249.997500,249.730535,249.611552,249.822465,249.997500,"f_readback (pl_clk0 PLL read-back, clock of record; f_meas is a cross-check only)"
2026-09-30T18:40:17+00:00,2d280c7862041cee1dd36a2ac164af8b7f9dcec3,False,2023.1,7b2dac6026acf6ae9e6d87f80a457fb07b6e56c167dd2a168593b2105c9e130e,ZynqMP KV260 revB machine-id:a435d1c5,shapes,38,249.997500,hw,,1,fd880d43,kria,pynq Clocks.fclk0_mhz readback,2d280c7862041cee1dd36a2ac164af8b7f9dcec3,857066b70a20fcf478744032dc28a5339a5dee80d668b3c5fdc4d4bd75aeeb5d,2d280c7862041cee1dd36a2ac164af8b7f9dcec3,False,pynq,1,True,s2.shapes,performance,1333333,3,36.309,paper-grade environment,"A3-general random shapes, measured on KV260",38,J0038,conv,60,1,False,act1,done,0x00000000,0x00000000,,True,2010,16080,0,0,44309,44309,44309,44312,44312,44312,44280,44280,44280,0,0,True,True,compared,13,95.764,True,,,,,,,,,,,,,,,,,,37bdfbaacba1dc000701ad690b261df81455d7636899da8f14a207513c831280,857066b70a20fcf478744032dc28a5339a5dee80d668b3c5fdc4d4bd75aeeb5d,20260929,249.997500,249.730535,249.611552,249.822465,249.997500,"f_readback (pl_clk0 PLL read-back, clock of record; f_meas is a cross-check only)"
2026-09-30T18:40:17+00:00,2d280c7862041cee1dd36a2ac164af8b7f9dcec3,False,2023.1,7b2dac6026acf6ae9e6d87f80a457fb07b6e56c167dd2a168593b2105c9e130e,ZynqMP KV260 revB machine-id:a435d1c5,shapes,246,249.997500,hw,,1,fd880d43,kria,pynq Clocks.fclk0_mhz readback,2d280c7862041cee1dd36a2ac164af8b7f9dcec3,857066b70a20fcf478744032dc28a5339a5dee80d668b3c5fdc4d4bd75aeeb5d,2d280c7862041cee1dd36a2ac164af8b7f9dcec3,False,pynq,1,True,s2.shapes,performance,1333333,3,36.309,paper-grade environment,"A3-general random shapes, measured on KV260",246,J0246,pointwise,61,1,False,act1,done,0x00000000,0x00000000,,True,1100,8140,0,0,16549,16549,16549,16552,16552,16552,16520,16520,16520,0,0,True,True,compared,6,83.077,True,,,,,,,,,,,,,,,,,,37bdfbaacba1dc000701ad690b261df81455d7636899da8f14a207513c831280,857066b70a20fcf478744032dc28a5339a5dee80d668b3c5fdc4d4bd75aeeb5d,20260929,249.997500,249.730535,249.611552,249.822465,249.997500,"f_readback (pl_clk0 PLL read-back, clock of record; f_meas is a cross-check only)"
2026-09-30T18:40:17+00:00,2d280c7862041cee1dd36a2ac164af8b7f9dcec3,False,2023.1,7b2dac6026acf6ae9e6d87f80a457fb07b6e56c167dd2a168593b2105c9e130e,ZynqMP KV260 revB machine-id:a435d1c5,shapes,80,249.997500,hw,,1,fd880d43,kria,pynq Clocks.fclk0_mhz readback,2d280c7862041cee1dd36a2ac164af8b7f9dcec3,857066b70a20fcf478744032dc28a5339a5dee80d668b3c5fdc4d4bd75aeeb5d,2d280c7862041cee1dd36a2ac164af8b7f9dcec3,False,pynq,1,True,s2.shapes,performance,1333333,3,36.309,paper-grade environment,"A3-general random shapes, measured on KV260",80,J0080,depth2_3,62,2,False,act0,done,0x00000000,0x00000000,,True,240,1560,0,0,"15581,12061","15581,12061","15581,12061",27645,27645,27645,27584,27584,27584,0,0,True,True,compared,13,48.290,True,,,,,,,,,,,,,,,,,,37bdfbaacba1dc000701ad690b261df81455d7636899da8f14a207513c831280,857066b70a20fcf478744032dc28a5339a5dee80d668b3c5fdc4d4bd75aeeb5d,20260929,249.997500,249.730535,249.611552,249.822465,249.997500,"f_readback (pl_clk0 PLL read-back, clock of record; f_meas is a cross-check only)"
2026-09-30T18:40:17+00:00,2d280c7862041cee1dd36a2ac164af8b7f9dcec3,False,2023.1,7b2dac6026acf6ae9e6d87f80a457fb07b6e56c167dd2a168593b2105c9e130e,ZynqMP KV260 revB machine-id:a435d1c5,shapes,70,249.997500,hw,,1,fd880d43,kria,pynq Clocks.fclk0_mhz readback,2d280c7862041cee1dd36a2ac164af8b7f9dcec3,857066b70a20fcf478744032dc28a5339a5dee80d668b3c5fdc4d4bd75aeeb5d,2d280c7862041cee1dd36a2ac164af8b7f9dcec3,False,pynq,1,True,s2.shapes,performance,1333333,3,36.309,paper-grade environment,"A3-general random shapes, measured on KV260",70,J0070,tiny,63,2,False,act0,done,0x00000000,0x00000000,,True,4,4,0,0,"1554,65","1554,65","1554,65",1622,1622,1622,1561,1561,1561,0,0,True,True,compared,1,39.185,True,,,,,,,,,,,,,,,,,,37bdfbaacba1dc000701ad690b261df81455d7636899da8f14a207513c831280,857066b70a20fcf478744032dc28a5339a5dee80d668b3c5fdc4d4bd75aeeb5d,20260929,249.997500,249.730535,249.611552,249.822465,249.997500,"f_readback (pl_clk0 PLL read-back, clock of record; f_meas is a cross-check only)"
2026-09-30T18:40:17+00:00,2d280c7862041cee1dd36a2ac164af8b7f9dcec3,False,2023.1,7b2dac6026acf6ae9e6d87f80a457fb07b6e56c167dd2a168593b2105c9e130e,ZynqMP KV260 revB machine-id:a435d1c5,shapes,51,249.997500,hw,,1,fd880d43,kria,pynq Clocks.fclk0_mhz readback,2d280c7862041cee1dd36a2ac164af8b7f9dcec3,857066b70a20fcf478744032dc28a5339a5dee80d668b3c5fdc4d4bd75aeeb5d,2d280c7862041cee1dd36a2ac164af8b7f9dcec3,False,pynq,1,True,s2.shapes,performance,1333333,3,36.309,paper-grade environment,"A3-general random shapes, measured on KV260",51,J0051,depth7_8,64,8,False,act0,done,0x00000000,0x00000000,,True,112,112,0,0,"119981,5333,3674,8921,7229,389,3917,381","119981,5333,3674,8921,7229,389,3917,381","119981,5333,3674,8921,7229,389,3917,381",149828,149828,149828,149593,149593,149593,0,0,True,True,compared,72,91.314,True,,,,,,,,,,,,,,,,,,37bdfbaacba1dc000701ad690b261df81455d7636899da8f14a207513c831280,857066b70a20fcf478744032dc28a5339a5dee80d668b3c5fdc4d4bd75aeeb5d,20260929,249.997500,249.730535,249.611552,249.822465,249.997500,"f_readback (pl_clk0 PLL read-back, clock of record; f_meas is a cross-check only)"
2026-09-30T18:40:17+00:00,2d280c7862041cee1dd36a2ac164af8b7f9dcec3,False,2023.1,7b2dac6026acf6ae9e6d87f80a457fb07b6e56c167dd2a168593b2105c9e130e,ZynqMP KV260 revB machine-id:a435d1c5,shapes,216,249.997500,hw,,1,fd880d43,kria,pynq Clocks.fclk0_mhz readback,2d280c7862041cee1dd36a2ac164af8b7f9dcec3,857066b70a20fcf478744032dc28a5339a5dee80d668b3c5fdc4d4bd75aeeb5d,2d280c7862041cee1dd36a2ac164af8b7f9dcec3,False,pynq,1,True,s2.shapes,performance,1333333,3,36.309,paper-grade environment,"A3-general random shapes, measured on KV260",216,J0216,conv_pool,65,1,False,act1,done,0x00000000,0x00000000,,True,1896,15168,0,0,32669,32669,32669,32672,32672,32672,32640,32640,32640,0,0,True,True,compared,15,103.279,True,,,,,,,,,,,,,,,,,,37bdfbaacba1dc000701ad690b261df81455d7636899da8f14a207513c831280,857066b70a20fcf478744032dc28a5339a5dee80d668b3c5fdc4d4bd75aeeb5d,20260929,249.997500,249.730535,249.611552,249.822465,249.997500,"f_readback (pl_clk0 PLL read-back, clock of record; f_meas is a cross-check only)"
2026-09-30T18:40:17+00:00,2d280c7862041cee1dd36a2ac164af8b7f9dcec3,False,2023.1,7b2dac6026acf6ae9e6d87f80a457fb07b6e56c167dd2a168593b2105c9e130e,ZynqMP KV260 revB machine-id:a435d1c5,shapes,91,249.997500,hw,,1,fd880d43,kria,pynq Clocks.fclk0_mhz readback,2d280c7862041cee1dd36a2ac164af8b7f9dcec3,857066b70a20fcf478744032dc28a5339a5dee80d668b3c5fdc4d4bd75aeeb5d,2d280c7862041cee1dd36a2ac164af8b7f9dcec3,False,pynq,1,True,s2.shapes,performance,1333333,3,36.309,paper-grade environment,"A3-general random shapes, measured on KV260",91,J0091,large,66,2,False,act0,done,0x00000000,0x00000000,,True,549,3294,0,0,"70229,48629","70229,48629","70229,48629",118861,118861,118861,118800,118800,118800,0,0,True,True,compared,56,148.704,True,,,,,,,,,,,,,,,,,,37bdfbaacba1dc000701ad690b261df81455d7636899da8f14a207513c831280,857066b70a20fcf478744032dc28a5339a5dee80d668b3c5fdc4d4bd75aeeb5d,20260929,249.997500,249.730535,249.611552,249.822465,249.997500,"f_readback (pl_clk0 PLL read-back, clock of record; f_meas is a cross-check only)"
2026-09-30T18:40:17+00:00,2d280c7862041cee1dd36a2ac164af8b7f9dcec3,False,2023.1,7b2dac6026acf6ae9e6d87f80a457fb07b6e56c167dd2a168593b2105c9e130e,ZynqMP KV260 revB machine-id:a435d1c5,shapes,154,249.997500,hw,,1,fd880d43,kria,pynq Clocks.fclk0_mhz readback,2d280c7862041cee1dd36a2ac164af8b7f9dcec3,857066b70a20fcf478744032dc28a5339a5dee80d668b3c5fdc4d4bd75aeeb5d,2d280c7862041cee1dd36a2ac164af8b7f9dcec3,False,pynq,1,True,s2.shapes,performance,1333333,3,36.309,paper-grade environment,"A3-general random shapes, measured on KV260",154,J0154,refuse,67,3,True,refuse,error,0x00001B02,0x00001B02,True,,,,,,"0,0,0",,,3,3,,0,,,0,0,True,,refuse job (not compared),,2.145,True,job refused: ERR_CODE=0x00001B02 rule 27 (out_raw and OC > 16) at layer 2; STATUS=0x4,,,,,,,,,,,,,,,,,37bdfbaacba1dc000701ad690b261df81455d7636899da8f14a207513c831280,857066b70a20fcf478744032dc28a5339a5dee80d668b3c5fdc4d4bd75aeeb5d,20260929,249.997500,249.730535,249.611552,249.822465,249.997500,"f_readback (pl_clk0 PLL read-back, clock of record; f_meas is a cross-check only)"
2026-09-30T18:40:17+00:00,2d280c7862041cee1dd36a2ac164af8b7f9dcec3,False,2023.1,7b2dac6026acf6ae9e6d87f80a457fb07b6e56c167dd2a168593b2105c9e130e,ZynqMP KV260 revB machine-id:a435d1c5,shapes,99,249.997500,hw,,1,fd880d43,kria,pynq Clocks.fclk0_mhz readback,2d280c7862041cee1dd36a2ac164af8b7f9dcec3,857066b70a20fcf478744032dc28a5339a5dee80d668b3c5fdc4d4bd75aeeb5d,2d280c7862041cee1dd36a2ac164af8b7f9dcec3,False,pynq,1,True,s2.shapes,performance,1333333,3,36.309,paper-grade environment,"A3-general random shapes, measured on KV260",99,J0099,fc,68,2,False,act0,done,0x00000000,0x00000000,,True,72,72,0,0,"2693,605","2693,605","2693,605",3301,3301,3301,3240,3240,3240,0,0,True,True,compared,2,76.498,True,,,,,,,,,,,,,,,,,,37bdfbaacba1dc000701ad690b261df81455d7636899da8f14a207513c831280,857066b70a20fcf478744032dc28a5339a5dee80d668b3c5fdc4d4bd75aeeb5d,20260929,249.997500,249.730535,249.611552,249.822465,249.997500,"f_readback (pl_clk0 PLL read-back, clock of record; f_meas is a cross-check only)"
2026-09-30T18:40:17+00:00,2d280c7862041cee1dd36a2ac164af8b7f9dcec3,False,2023.1,7b2dac6026acf6ae9e6d87f80a457fb07b6e56c167dd2a168593b2105c9e130e,ZynqMP KV260 revB machine-id:a435d1c5,shapes,73,249.997500,hw,,1,fd880d43,kria,pynq Clocks.fclk0_mhz readback,2d280c7862041cee1dd36a2ac164af8b7f9dcec3,857066b70a20fcf478744032dc28a5339a5dee80d668b3c5fdc4d4bd75aeeb5d,2d280c7862041cee1dd36a2ac164af8b7f9dcec3,False,pynq,1,True,s2.shapes,performance,1333333,3,36.309,paper-grade environment,"A3-general random shapes, measured on KV260",73,J0073,netlike,69,6,False,raw,done,0x00000000,0x00000000,,True,15,60,0,0,"14429,11549,6329,245,165,147","14429,11549,6329,245,165,147","14429,11549,6329,245,165,147",32867,32867,32867,32690,32690,32690,0,0,True,True,compared,15,162.453,True,,,,,,,,,,,,,,,,,,37bdfbaacba1dc000701ad690b261df81455d7636899da8f14a207513c831280,857066b70a20fcf478744032dc28a5339a5dee80d668b3c5fdc4d4bd75aeeb5d,20260929,249.997500,249.730535,249.611552,249.822465,249.997500,"f_readback (pl_clk0 PLL read-back, clock of record; f_meas is a cross-check only)"
2026-09-30T18:40:17+00:00,2d280c7862041cee1dd36a2ac164af8b7f9dcec3,False,2023.1,7b2dac6026acf6ae9e6d87f80a457fb07b6e56c167dd2a168593b2105c9e130e,ZynqMP KV260 revB machine-id:a435d1c5,shapes,200,249.997500,hw,,1,fd880d43,kria,pynq Clocks.fclk0_mhz readback,2d280c7862041cee1dd36a2ac164af8b7f9dcec3,857066b70a20fcf478744032dc28a5339a5dee80d668b3c5fdc4d4bd75aeeb5d,2d280c7862041cee1dd36a2ac164af8b7f9dcec3,False,pynq,1,True,s2.shapes,performance,1333333,3,36.309,paper-grade environment,"A3-general random shapes, measured on KV260",200,J0200,depth4_6,70,5,False,raw,done,0x00000000,0x00000000,,True,13,52,0,0,"16829,16409,27029,3869,329","16829,16409,27029,3869,329","16829,16409,27029,3869,329",64468,64468,64468,64320,64320,64320,0,0,True,True,compared,31,91.367,True,,,,,,,,,,,,,,,,,,37bdfbaacba1dc000701ad690b261df81455d7636899da8f14a207513c831280,857066b70a20fcf478744032dc28a5339a5dee80d668b3c5fdc4d4bd75aeeb5d,20260929,249.997500,249.730535,249.611552,249.822465,249.997500,"f_readback (pl_clk0 PLL read-back, clock of record; f_meas is a cross-check only)"
2026-09-30T18:40:17+00:00,2d280c7862041cee1dd36a2ac164af8b7f9dcec3,False,2023.1,7b2dac6026acf6ae9e6d87f80a457fb07b6e56c167dd2a168593b2105c9e130e,ZynqMP KV260 revB machine-id:a435d1c5,shapes,121,249.997500,hw,,1,fd880d43,kria,pynq Clocks.fclk0_mhz readback,2d280c7862041cee1dd36a2ac164af8b7f9dcec3,857066b70a20fcf478744032dc28a5339a5dee80d668b3c5fdc4d4bd75aeeb5d,2d280c7862041cee1dd36a2ac164af8b7f9dcec3,False,pynq,1,True,s2.shapes,performance,1333333,3,36.309,paper-grade environment,"A3-general random shapes, measured on KV260",121,J0121,head_raw,71,1,False,raw,done,0x00000000,0x00000000,,True,8,32,0,0,1541,1541,1541,1544,1544,1544,1512,1512,1512,0,0,True,True,compared,1,39.848,True,,,,,,,,,,,,,,,,,,37bdfbaacba1dc000701ad690b261df81455d7636899da8f14a207513c831280,857066b70a20fcf478744032dc28a5339a5dee80d668b3c5fdc4d4bd75aeeb5d,20260929,249.997500,249.730535,249.611552,249.822465,249.997500,"f_readback (pl_clk0 PLL read-back, clock of record; f_meas is a cross-check only)"
2026-09-30T18:40:17+00:00,2d280c7862041cee1dd36a2ac164af8b7f9dcec3,False,2023.1,7b2dac6026acf6ae9e6d87f80a457fb07b6e56c167dd2a168593b2105c9e130e,ZynqMP KV260 revB machine-id:a435d1c5,shapes,196,249.997500,hw,,1,fd880d43,kria,pynq Clocks.fclk0_mhz readback,2d280c7862041cee1dd36a2ac164af8b7f9dcec3,857066b70a20fcf478744032dc28a5339a5dee80d668b3c5fdc4d4bd75aeeb5d,2d280c7862041cee1dd36a2ac164af8b7f9dcec3,False,pynq,1,True,s2.shapes,performance,1333333,3,36.309,paper-grade environment,"A3-general random shapes, measured on KV260",196,J0196,tails,72,2,False,act0,done,0x00000000,0x00000000,,True,18,54,0,0,"17669,7529","17669,7529","17669,7529",25201,25201,25201,25140,25140,25140,0,0,True,True,compared,12,73.835,True,,,,,,,,,,,,,,,,,,37bdfbaacba1dc000701ad690b261df81455d7636899da8f14a207513c831280,857066b70a20fcf478744032dc28a5339a5dee80d668b3c5fdc4d4bd75aeeb5d,20260929,249.997500,249.730535,249.611552,249.822465,249.997500,"f_readback (pl_clk0 PLL read-back, clock of record; f_meas is a cross-check only)"
2026-09-30T18:40:17+00:00,2d280c7862041cee1dd36a2ac164af8b7f9dcec3,False,2023.1,7b2dac6026acf6ae9e6d87f80a457fb07b6e56c167dd2a168593b2105c9e130e,ZynqMP KV260 revB machine-id:a435d1c5,shapes,88,249.997500,hw,,1,fd880d43,kria,pynq Clocks.fclk0_mhz readback,2d280c7862041cee1dd36a2ac164af8b7f9dcec3,857066b70a20fcf478744032dc28a5339a5dee80d668b3c5fdc4d4bd75aeeb5d,2d280c7862041cee1dd36a2ac164af8b7f9dcec3,False,pynq,1,True,s2.shapes,performance,1333333,3,36.309,paper-grade environment,"A3-general random shapes, measured on KV260",88,J0088,conv,73,1,False,act1,done,0x00000000,0x00000000,,True,864,6336,0,0,16013,16013,16013,16016,16016,16016,15984,15984,15984,0,0,True,True,compared,7,51.692,True,,,,,,,,,,,,,,,,,,37bdfbaacba1dc000701ad690b261df81455d7636899da8f14a207513c831280,857066b70a20fcf478744032dc28a5339a5dee80d668b3c5fdc4d4bd75aeeb5d,20260929,249.997500,249.730535,249.611552,249.822465,249.997500,"f_readback (pl_clk0 PLL read-back, clock of record; f_meas is a cross-check only)"
2026-09-30T18:40:17+00:00,2d280c7862041cee1dd36a2ac164af8b7f9dcec3,False,2023.1,7b2dac6026acf6ae9e6d87f80a457fb07b6e56c167dd2a168593b2105c9e130e,ZynqMP KV260 revB machine-id:a435d1c5,shapes,170,249.997500,hw,,1,fd880d43,kria,pynq Clocks.fclk0_mhz readback,2d280c7862041cee1dd36a2ac164af8b7f9dcec3,857066b70a20fcf478744032dc28a5339a5dee80d668b3c5fdc4d4bd75aeeb5d,2d280c7862041cee1dd36a2ac164af8b7f9dcec3,False,pynq,1,True,s2.shapes,performance,1333333,3,36.309,paper-grade environment,"A3-general random shapes, measured on KV260",170,J0170,pointwise,74,1,False,act1,done,0x00000000,0x00000000,,True,3160,21330,0,0,33229,33229,33229,33232,33232,33232,33200,33200,33200,0,0,True,True,compared,14,133.396,True,,,,,,,,,,,,,,,,,,37bdfbaacba1dc000701ad690b261df81455d7636899da8f14a207513c831280,857066b70a20fcf478744032dc28a5339a5dee80d668b3c5fdc4d4bd75aeeb5d,20260929,249.997500,249.730535,249.611552,249.822465,249.997500,"f_readback (pl_clk0 PLL read-back, clock of record; f_meas is a cross-check only)"
2026-09-30T18:40:17+00:00,2d280c7862041cee1dd36a2ac164af8b7f9dcec3,False,2023.1,7b2dac6026acf6ae9e6d87f80a457fb07b6e56c167dd2a168593b2105c9e130e,ZynqMP KV260 revB machine-id:a435d1c5,shapes,75,249.997500,hw,,1,fd880d43,kria,pynq Clocks.fclk0_mhz readback,2d280c7862041cee1dd36a2ac164af8b7f9dcec3,857066b70a20fcf478744032dc28a5339a5dee80d668b3c5fdc4d4bd75aeeb5d,2d280c7862041cee1dd36a2ac164af8b7f9dcec3,False,pynq,1,True,s2.shapes,performance,1333333,3,36.309,paper-grade environment,"A3-general random shapes, measured on KV260",75,J0075,depth2_3,75,3,False,act1,done,0x00000000,0x00000000,,True,299,598,0,0,"33029,21791,1745","33029,21791,1745","33029,21791,1745",56568,56568,56568,56478,56478,56478,0,0,True,True,compared,27,92.208,True,,,,,,,,,,,,,,,,,,37bdfbaacba1dc000701ad690b261df81455d7636899da8f14a207513c831280,857066b70a20fcf478744032dc28a5339a5dee80d668b3c5fdc4d4bd75aeeb5d,20260929,249.997500,249.730535,249.611552,249.822465,249.997500,"f_readback (pl_clk0 PLL read-back, clock of record; f_meas is a cross-check only)"
2026-09-30T18:40:17+00:00,2d280c7862041cee1dd36a2ac164af8b7f9dcec3,False,2023.1,7b2dac6026acf6ae9e6d87f80a457fb07b6e56c167dd2a168593b2105c9e130e,ZynqMP KV260 revB machine-id:a435d1c5,shapes,24,249.997500,hw,,1,fd880d43,kria,pynq Clocks.fclk0_mhz readback,2d280c7862041cee1dd36a2ac164af8b7f9dcec3,857066b70a20fcf478744032dc28a5339a5dee80d668b3c5fdc4d4bd75aeeb5d,2d280c7862041cee1dd36a2ac164af8b7f9dcec3,False,pynq,1,True,s2.shapes,performance,1333333,3,36.309,paper-grade environment,"A3-general random shapes, measured on KV260",24,J0024,tiny,76,1,False,act1,done,0x00000000,0x00000000,,True,63,189,0,0,155,155,155,158,158,158,126,126,126,0,0,True,True,compared,1,2.972,True,,,,,,,,,,,,,,,,,,37bdfbaacba1dc000701ad690b261df81455d7636899da8f14a207513c831280,857066b70a20fcf478744032dc28a5339a5dee80d668b3c5fdc4d4bd75aeeb5d,20260929,249.997500,249.730535,249.611552,249.822465,249.997500,"f_readback (pl_clk0 PLL read-back, clock of record; f_meas is a cross-check only)"
2026-09-30T18:40:17+00:00,2d280c7862041cee1dd36a2ac164af8b7f9dcec3,False,2023.1,7b2dac6026acf6ae9e6d87f80a457fb07b6e56c167dd2a168593b2105c9e130e,ZynqMP KV260 revB machine-id:a435d1c5,shapes,167,249.997500,hw,,1,fd880d43,kria,pynq Clocks.fclk0_mhz readback,2d280c7862041cee1dd36a2ac164af8b7f9dcec3,857066b70a20fcf478744032dc28a5339a5dee80d668b3c5fdc4d4bd75aeeb5d,2d280c7862041cee1dd36a2ac164af8b7f9dcec3,False,pynq,1,True,s2.shapes,performance,1333333,3,36.309,paper-grade environment,"A3-general random shapes, measured on KV260",167,J0167,depth7_8,77,8,False,act0,done,0x00000000,0x00000000,,True,180,540,0,0,"17309,79229,41339,104029,34077,4637,2801,4133","17309,79229,41339,104029,34077,4637,2801,4133","17309,79229,41339,104029,34077,4637,2801,4133",287557,287557,287557,287322,287322,287322,0,0,True,True,compared,139,154.290,True,,,,,,,,,,,,,,,,,,37bdfbaacba1dc000701ad690b261df81455d7636899da8f14a207513c831280,857066b70a20fcf478744032dc28a5339a5dee80d668b3c5fdc4d4bd75aeeb5d,20260929,249.997500,249.730535,249.611552,249.822465,249.997500,"f_readback (pl_clk0 PLL read-back, clock of record; f_meas is a cross-check only)"
2026-09-30T18:40:17+00:00,2d280c7862041cee1dd36a2ac164af8b7f9dcec3,False,2023.1,7b2dac6026acf6ae9e6d87f80a457fb07b6e56c167dd2a168593b2105c9e130e,ZynqMP KV260 revB machine-id:a435d1c5,shapes,252,249.997500,hw,,1,fd880d43,kria,pynq Clocks.fclk0_mhz readback,2d280c7862041cee1dd36a2ac164af8b7f9dcec3,857066b70a20fcf478744032dc28a5339a5dee80d668b3c5fdc4d4bd75aeeb5d,2d280c7862041cee1dd36a2ac164af8b7f9dcec3,False,pynq,1,True,s2.shapes,performance,1333333,3,36.309,paper-grade environment,"A3-general random shapes, measured on KV260",252,J0252,conv_pool,78,1,False,act1,done,0x00000000,0x00000000,,True,1155,8470,0,0,51773,51773,51773,51776,51776,51776,51744,51744,51744,0,0,True,True,compared,25,106.760,True,,,,,,,,,,,,,,,,,,37bdfbaacba1dc000701ad690b261df81455d7636899da8f14a207513c831280,857066b70a20fcf478744032dc28a5339a5dee80d668b3c5fdc4d4bd75aeeb5d,20260929,249.997500,249.730535,249.611552,249.822465,249.997500,"f_readback (pl_clk0 PLL read-back, clock of record; f_meas is a cross-check only)"
2026-09-30T18:40:17+00:00,2d280c7862041cee1dd36a2ac164af8b7f9dcec3,False,2023.1,7b2dac6026acf6ae9e6d87f80a457fb07b6e56c167dd2a168593b2105c9e130e,ZynqMP KV260 revB machine-id:a435d1c5,shapes,65,249.997500,hw,,1,fd880d43,kria,pynq Clocks.fclk0_mhz readback,2d280c7862041cee1dd36a2ac164af8b7f9dcec3,857066b70a20fcf478744032dc28a5339a5dee80d668b3c5fdc4d4bd75aeeb5d,2d280c7862041cee1dd36a2ac164af8b7f9dcec3,False,pynq,1,True,s2.shapes,performance,1333333,3,36.309,paper-grade environment,"A3-general random shapes, measured on KV260",65,J0065,large,79,2,False,act0,done,0x00000000,0x00000000,,True,220,880,0,0,"253829,26237","253829,26237","253829,26237",280069,280069,280069,280008,280008,280008,0,0,True,True,compared,133,277.446,True,,,,,,,,,,,,,,,,,,37bdfbaacba1dc000701ad690b261df81455d7636899da8f14a207513c831280,857066b70a20fcf478744032dc28a5339a5dee80d668b3c5fdc4d4bd75aeeb5d,20260929,249.997500,249.730535,249.611552,249.822465,249.997500,"f_readback (pl_clk0 PLL read-back, clock of record; f_meas is a cross-check only)"
2026-09-30T18:40:17+00:00,2d280c7862041cee1dd36a2ac164af8b7f9dcec3,False,2023.1,7b2dac6026acf6ae9e6d87f80a457fb07b6e56c167dd2a168593b2105c9e130e,ZynqMP KV260 revB machine-id:a435d1c5,shapes,69,249.997500,hw,,1,fd880d43,kria,pynq Clocks.fclk0_mhz readback,2d280c7862041cee1dd36a2ac164af8b7f9dcec3,857066b70a20fcf478744032dc28a5339a5dee80d668b3c5fdc4d4bd75aeeb5d,2d280c7862041cee1dd36a2ac164af8b7f9dcec3,False,pynq,1,True,s2.shapes,performance,1333333,3,36.309,paper-grade environment,"A3-general random shapes, measured on KV260",69,J0069,refuse,80,3,True,refuse,error,0x00000402,0x00000402,True,,,,,,"0,0,0",,,3,3,,0,,,0,0,True,,refuse job (not compared),,1.913,True,job refused: ERR_CODE=0x00000402 rule 4 (WGT_END > 16383) at layer 2; STATUS=0x4,,,,,,,,,,,,,,,,,37bdfbaacba1dc000701ad690b261df81455d7636899da8f14a207513c831280,857066b70a20fcf478744032dc28a5339a5dee80d668b3c5fdc4d4bd75aeeb5d,20260929,249.997500,249.730535,249.611552,249.822465,249.997500,"f_readback (pl_clk0 PLL read-back, clock of record; f_meas is a cross-check only)"
2026-09-30T18:40:17+00:00,2d280c7862041cee1dd36a2ac164af8b7f9dcec3,False,2023.1,7b2dac6026acf6ae9e6d87f80a457fb07b6e56c167dd2a168593b2105c9e130e,ZynqMP KV260 revB machine-id:a435d1c5,shapes,191,249.997500,hw,,1,fd880d43,kria,pynq Clocks.fclk0_mhz readback,2d280c7862041cee1dd36a2ac164af8b7f9dcec3,857066b70a20fcf478744032dc28a5339a5dee80d668b3c5fdc4d4bd75aeeb5d,2d280c7862041cee1dd36a2ac164af8b7f9dcec3,False,pynq,1,True,s2.shapes,performance,1333333,3,36.309,paper-grade environment,"A3-general random shapes, measured on KV260",191,J0191,fc,81,3,False,raw,done,0x00000000,0x00000000,,True,10,40,0,0,"4619,1009,253","4619,1009,253","4619,1009,253",5884,5884,5884,5794,5794,5794,0,0,True,True,compared,2,127.102,True,,,,,,,,,,,,,,,,,,37bdfbaacba1dc000701ad690b261df81455d7636899da8f14a207513c831280,857066b70a20fcf478744032dc28a5339a5dee80d668b3c5fdc4d4bd75aeeb5d,20260929,249.997500,249.730535,249.611552,249.822465,249.997500,"f_readback (pl_clk0 PLL read-back, clock of record; f_meas is a cross-check only)"
2026-09-30T18:40:17+00:00,2d280c7862041cee1dd36a2ac164af8b7f9dcec3,False,2023.1,7b2dac6026acf6ae9e6d87f80a457fb07b6e56c167dd2a168593b2105c9e130e,ZynqMP KV260 revB machine-id:a435d1c5,shapes,35,249.997500,hw,,1,fd880d43,kria,pynq Clocks.fclk0_mhz readback,2d280c7862041cee1dd36a2ac164af8b7f9dcec3,857066b70a20fcf478744032dc28a5339a5dee80d668b3c5fdc4d4bd75aeeb5d,2d280c7862041cee1dd36a2ac164af8b7f9dcec3,False,pynq,1,True,s2.shapes,performance,1333333,3,36.309,paper-grade environment,"A3-general random shapes, measured on KV260",35,J0035,netlike,82,4,False,raw,done,0x00000000,0x00000000,,True,4,16,0,0,"84029,42029,579,45","84029,42029,579,45","84029,42029,579,45",126685,126685,126685,126566,126566,126566,0,0,True,True,compared,61,82.196,True,,,,,,,,,,,,,,,,,,37bdfbaacba1dc000701ad690b261df81455d7636899da8f14a207513c831280,857066b70a20fcf478744032dc28a5339a5dee80d668b3c5fdc4d4bd75aeeb5d,20260929,249.997500,249.730535,249.611552,249.822465,249.997500,"f_readback (pl_clk0 PLL read-back, clock of record; f_meas is a cross-check only)"
2026-09-30T18:40:17+00:00,2d280c7862041cee1dd36a2ac164af8b7f9dcec3,False,2023.1,7b2dac6026acf6ae9e6d87f80a457fb07b6e56c167dd2a168593b2105c9e130e,ZynqMP KV260 revB machine-id:a435d1c5,shapes,116,249.997500,hw,,1,fd880d43,kria,pynq Clocks.fclk0_mhz readback,2d280c7862041cee1dd36a2ac164af8b7f9dcec3,857066b70a20fcf478744032dc28a5339a5dee80d668b3c5fdc4d4bd75aeeb5d,2d280c7862041cee1dd36a2ac164af8b7f9dcec3,False,pynq,1,True,s2.shapes,performance,1333333,3,36.309,paper-grade environment,"A3-general random shapes, measured on KV260",116,J0116,depth4_6,83,4,False,act0,done,0x00000000,0x00000000,,True,148,148,0,0,"4253,8669,25229,5429","4253,8669,25229,5429","4253,8669,25229,5429",43583,43583,43583,43464,43464,43464,0,0,True,True,compared,21,144.972,True,,,,,,,,,,,,,,,,,,37bdfbaacba1dc000701ad690b261df81455d7636899da8f14a207513c831280,857066b70a20fcf478744032dc28a5339a5dee80d668b3c5fdc4d4bd75aeeb5d,20260929,249.997500,249.730535,249.611552,249.822465,249.997500,"f_readback (pl_clk0 PLL read-back, clock of record; f_meas is a cross-check only)"
2026-09-30T18:40:17+00:00,2d280c7862041cee1dd36a2ac164af8b7f9dcec3,False,2023.1,7b2dac6026acf6ae9e6d87f80a457fb07b6e56c167dd2a168593b2105c9e130e,ZynqMP KV260 revB machine-id:a435d1c5,shapes,282,249.997500,hw,,1,fd880d43,kria,pynq Clocks.fclk0_mhz readback,2d280c7862041cee1dd36a2ac164af8b7f9dcec3,857066b70a20fcf478744032dc28a5339a5dee80d668b3c5fdc4d4bd75aeeb5d,2d280c7862041cee1dd36a2ac164af8b7f9dcec3,False,pynq,1,True,s2.shapes,performance,1333333,3,36.309,paper-grade environment,"A3-general random shapes, measured on KV260",282,J0282,head_raw,84,1,False,raw,done,0x00000000,0x00000000,,True,4,16,0,0,281,281,281,284,284,284,252,252,252,0,0,True,True,compared,1,10.202,True,,,,,,,,,,,,,,,,,,37bdfbaacba1dc000701ad690b261df81455d7636899da8f14a207513c831280,857066b70a20fcf478744032dc28a5339a5dee80d668b3c5fdc4d4bd75aeeb5d,20260929,249.997500,249.730535,249.611552,249.822465,249.997500,"f_readback (pl_clk0 PLL read-back, clock of record; f_meas is a cross-check only)"
2026-09-30T18:40:17+00:00,2d280c7862041cee1dd36a2ac164af8b7f9dcec3,False,2023.1,7b2dac6026acf6ae9e6d87f80a457fb07b6e56c167dd2a168593b2105c9e130e,ZynqMP KV260 revB machine-id:a435d1c5,shapes,147,249.997500,hw,,1,fd880d43,kria,pynq Clocks.fclk0_mhz readback,2d280c7862041cee1dd36a2ac164af8b7f9dcec3,857066b70a20fcf478744032dc28a5339a5dee80d668b3c5fdc4d4bd75aeeb5d,2d280c7862041cee1dd36a2ac164af8b7f9dcec3,False,pynq,1,True,s2.shapes,performance,1333333,3,36.309,paper-grade environment,"A3-general random shapes, measured on KV260",147,J0147,tails,85,2,False,act0,done,0x00000000,0x00000000,,True,123,861,0,0,"2009,11369","2009,11369","2009,11369",13381,13381,13381,13320,13320,13320,0,0,True,True,compared,6,84.779,True,,,,,,,,,,,,,,,,,,37bdfbaacba1dc000701ad690b261df81455d7636899da8f14a207513c831280,857066b70a20fcf478744032dc28a5339a5dee80d668b3c5fdc4d4bd75aeeb5d,20260929,249.997500,249.730535,249.611552,249.822465,249.997500,"f_readback (pl_clk0 PLL read-back, clock of record; f_meas is a cross-check only)"
2026-09-30T18:40:17+00:00,2d280c7862041cee1dd36a2ac164af8b7f9dcec3,False,2023.1,7b2dac6026acf6ae9e6d87f80a457fb07b6e56c167dd2a168593b2105c9e130e,ZynqMP KV260 revB machine-id:a435d1c5,shapes,267,249.997500,hw,,1,fd880d43,kria,pynq Clocks.fclk0_mhz readback,2d280c7862041cee1dd36a2ac164af8b7f9dcec3,857066b70a20fcf478744032dc28a5339a5dee80d668b3c5fdc4d4bd75aeeb5d,2d280c7862041cee1dd36a2ac164af8b7f9dcec3,False,pynq,1,True,s2.shapes,performance,1333333,3,36.309,paper-grade environment,"A3-general random shapes, measured on KV260",267,J0267,conv,86,1,False,act1,done,0x00000000,0x00000000,,True,1025,4100,0,0,45785,45785,45785,45788,45788,45788,45756,45756,45756,0,0,True,True,compared,22,66.385,True,,,,,,,,,,,,,,,,,,37bdfbaacba1dc000701ad690b261df81455d7636899da8f14a207513c831280,857066b70a20fcf478744032dc28a5339a5dee80d668b3c5fdc4d4bd75aeeb5d,20260929,249.997500,249.730535,249.611552,249.822465,249.997500,"f_readback (pl_clk0 PLL read-back, clock of record; f_meas is a cross-check only)"
2026-09-30T18:40:17+00:00,2d280c7862041cee1dd36a2ac164af8b7f9dcec3,False,2023.1,7b2dac6026acf6ae9e6d87f80a457fb07b6e56c167dd2a168593b2105c9e130e,ZynqMP KV260 revB machine-id:a435d1c5,shapes,245,249.997500,hw,,1,fd880d43,kria,pynq Clocks.fclk0_mhz readback,2d280c7862041cee1dd36a2ac164af8b7f9dcec3,857066b70a20fcf478744032dc28a5339a5dee80d668b3c5fdc4d4bd75aeeb5d,2d280c7862041cee1dd36a2ac164af8b7f9dcec3,False,pynq,1,True,s2.shapes,performance,1333333,3,36.309,paper-grade environment,"A3-general random shapes, measured on KV260",245,J0245,pointwise,87,1,False,act1,done,0x00000000,0x00000000,,True,3564,16038,0,0,13601,13601,13601,13604,13604,13604,13572,13572,13572,0,0,True,True,compared,6,89.908,True,,,,,,,,,,,,,,,,,,37bdfbaacba1dc000701ad690b261df81455d7636899da8f14a207513c831280,857066b70a20fcf478744032dc28a5339a5dee80d668b3c5fdc4d4bd75aeeb5d,20260929,249.997500,249.730535,249.611552,249.822465,249.997500,"f_readback (pl_clk0 PLL read-back, clock of record; f_meas is a cross-check only)"
2026-09-30T18:40:17+00:00,2d280c7862041cee1dd36a2ac164af8b7f9dcec3,False,2023.1,7b2dac6026acf6ae9e6d87f80a457fb07b6e56c167dd2a168593b2105c9e130e,ZynqMP KV260 revB machine-id:a435d1c5,shapes,237,249.997500,hw,,1,fd880d43,kria,pynq Clocks.fclk0_mhz readback,2d280c7862041cee1dd36a2ac164af8b7f9dcec3,857066b70a20fcf478744032dc28a5339a5dee80d668b3c5fdc4d4bd75aeeb5d,2d280c7862041cee1dd36a2ac164af8b7f9dcec3,False,pynq,1,True,s2.shapes,performance,1333333,3,36.309,paper-grade environment,"A3-general random shapes, measured on KV260",237,J0237,depth2_3,88,2,False,act0,done,0x00000000,0x00000000,,True,870,6438,0,0,"36029,18839","36029,18839","36029,18839",54871,54871,54871,54810,54810,54810,0,0,True,True,compared,26,109.370,True,,,,,,,,,,,,,,,,,,37bdfbaacba1dc000701ad690b261df81455d7636899da8f14a207513c831280,857066b70a20fcf478744032dc28a5339a5dee80d668b3c5fdc4d4bd75aeeb5d,20260929,249.997500,249.730535,249.611552,249.822465,249.997500,"f_readback (pl_clk0 PLL read-back, clock of record; f_meas is a cross-check only)"
2026-09-30T18:40:17+00:00,2d280c7862041cee1dd36a2ac164af8b7f9dcec3,False,2023.1,7b2dac6026acf6ae9e6d87f80a457fb07b6e56c167dd2a168593b2105c9e130e,ZynqMP KV260 revB machine-id:a435d1c5,shapes,25,249.997500,hw,,1,fd880d43,kria,pynq Clocks.fclk0_mhz readback,2d280c7862041cee1dd36a2ac164af8b7f9dcec3,857066b70a20fcf478744032dc28a5339a5dee80d668b3c5fdc4d4bd75aeeb5d,2d280c7862041cee1dd36a2ac164af8b7f9dcec3,False,pynq,1,True,s2.shapes,performance,1333333,3,36.309,paper-grade environment,"A3-general random shapes, measured on KV260",25,J0025,tiny,89,1,False,act1,done,0x00000000,0x00000000,,True,72,576,0,0,461,461,461,464,464,464,432,432,432,0,0,True,True,compared,1,4.972,True,,,,,,,,,,,,,,,,,,37bdfbaacba1dc000701ad690b261df81455d7636899da8f14a207513c831280,857066b70a20fcf478744032dc28a5339a5dee80d668b3c5fdc4d4bd75aeeb5d,20260929,249.997500,249.730535,249.611552,249.822465,249.997500,"f_readback (pl_clk0 PLL read-back, clock of record; f_meas is a cross-check only)"
2026-09-30T18:40:17+00:00,2d280c7862041cee1dd36a2ac164af8b7f9dcec3,False,2023.1,7b2dac6026acf6ae9e6d87f80a457fb07b6e56c167dd2a168593b2105c9e130e,ZynqMP KV260 revB machine-id:a435d1c5,shapes,125,249.997500,hw,,1,fd880d43,kria,pynq Clocks.fclk0_mhz readback,2d280c7862041cee1dd36a2ac164af8b7f9dcec3,857066b70a20fcf478744032dc28a5339a5dee80d668b3c5fdc4d4bd75aeeb5d,2d280c7862041cee1dd36a2ac164af8b7f9dcec3,False,pynq,1,True,s2.shapes,performance,1333333,3,36.309,paper-grade environment,"A3-general random shapes, measured on KV260",125,J0125,depth7_8,90,8,False,act0,done,0x00000000,0x00000000,,True,22,154,0,0,"3485,37073,2429,149,79,77,65,92","3485,37073,2429,149,79,77,65,92","3485,37073,2429,149,79,77,65,92",43452,43452,43452,43217,43217,43217,0,0,True,True,compared,13,99.075,True,,,,,,,,,,,,,,,,,,37bdfbaacba1dc000701ad690b261df81455d7636899da8f14a207513c831280,857066b70a20fcf478744032dc28a5339a5dee80d668b3c5fdc4d4bd75aeeb5d,20260929,249.997500,249.730535,249.611552,249.822465,249.997500,"f_readback (pl_clk0 PLL read-back, clock of record; f_meas is a cross-check only)"
2026-09-30T18:40:17+00:00,2d280c7862041cee1dd36a2ac164af8b7f9dcec3,False,2023.1,7b2dac6026acf6ae9e6d87f80a457fb07b6e56c167dd2a168593b2105c9e130e,ZynqMP KV260 revB machine-id:a435d1c5,shapes,26,249.997500,hw,,1,fd880d43,kria,pynq Clocks.fclk0_mhz readback,2d280c7862041cee1dd36a2ac164af8b7f9dcec3,857066b70a20fcf478744032dc28a5339a5dee80d668b3c5fdc4d4bd75aeeb5d,2d280c7862041cee1dd36a2ac164af8b7f9dcec3,False,pynq,1,True,s2.shapes,performance,1333333,3,36.309,paper-grade environment,"A3-general random shapes, measured on KV260",26,J0026,conv_pool,91,1,False,act1,done,0x00000000,0x00000000,,True,48,384,0,0,9749,9749,9749,9752,9752,9752,9720,9720,9720,0,0,True,True,compared,2,42.364,True,,,,,,,,,,,,,,,,,,37bdfbaacba1dc000701ad690b261df81455d7636899da8f14a207513c831280,857066b70a20fcf478744032dc28a5339a5dee80d668b3c5fdc4d4bd75aeeb5d,20260929,249.997500,249.730535,249.611552,249.822465,249.997500,"f_readback (pl_clk0 PLL read-back, clock of record; f_meas is a cross-check only)"
2026-09-30T18:40:17+00:00,2d280c7862041cee1dd36a2ac164af8b7f9dcec3,False,2023.1,7b2dac6026acf6ae9e6d87f80a457fb07b6e56c167dd2a168593b2105c9e130e,ZynqMP KV260 revB machine-id:a435d1c5,shapes,229,249.997500,hw,,1,fd880d43,kria,pynq Clocks.fclk0_mhz readback,2d280c7862041cee1dd36a2ac164af8b7f9dcec3,857066b70a20fcf478744032dc28a5339a5dee80d668b3c5fdc4d4bd75aeeb5d,2d280c7862041cee1dd36a2ac164af8b7f9dcec3,False,pynq,1,True,s2.shapes,performance,1333333,3,36.309,paper-grade environment,"A3-general random shapes, measured on KV260",229,J0229,large,92,1,False,act1,done,0x00000000,0x00000000,,True,3900,29900,0,0,540029,540029,540029,540032,540032,540032,540000,540000,540000,0,0,True,True,compared,254,167.842,True,,,,,,,,,,,,,,,,,,37bdfbaacba1dc000701ad690b261df81455d7636899da8f14a207513c831280,857066b70a20fcf478744032dc28a5339a5dee80d668b3c5fdc4d4bd75aeeb5d,20260929,249.997500,249.730535,249.611552,249.822465,249.997500,"f_readback (pl_clk0 PLL read-back, clock of record; f_meas is a cross-check only)"
2026-09-30T18:40:17+00:00,2d280c7862041cee1dd36a2ac164af8b7f9dcec3,False,2023.1,7b2dac6026acf6ae9e6d87f80a457fb07b6e56c167dd2a168593b2105c9e130e,ZynqMP KV260 revB machine-id:a435d1c5,shapes,232,249.997500,hw,,1,fd880d43,kria,pynq Clocks.fclk0_mhz readback,2d280c7862041cee1dd36a2ac164af8b7f9dcec3,857066b70a20fcf478744032dc28a5339a5dee80d668b3c5fdc4d4bd75aeeb5d,2d280c7862041cee1dd36a2ac164af8b7f9dcec3,False,pynq,1,True,s2.shapes,performance,1333333,3,36.309,paper-grade environment,"A3-general random shapes, measured on KV260",232,J0232,refuse,93,2,True,refuse,error,0x00000201,0x00000201,True,,,,,,"0,0",,,3,3,,0,,,0,0,True,,refuse job (not compared),,1.468,True,job refused: ERR_CODE=0x00000201 rule 2 (pool_en and OW odd) at layer 1; STATUS=0x4,,,,,,,,,,,,,,,,,37bdfbaacba1dc000701ad690b261df81455d7636899da8f14a207513c831280,857066b70a20fcf478744032dc28a5339a5dee80d668b3c5fdc4d4bd75aeeb5d,20260929,249.997500,249.730535,249.611552,249.822465,249.997500,"f_readback (pl_clk0 PLL read-back, clock of record; f_meas is a cross-check only)"
2026-09-30T18:40:17+00:00,2d280c7862041cee1dd36a2ac164af8b7f9dcec3,False,2023.1,7b2dac6026acf6ae9e6d87f80a457fb07b6e56c167dd2a168593b2105c9e130e,ZynqMP KV260 revB machine-id:a435d1c5,shapes,269,249.997500,hw,,1,fd880d43,kria,pynq Clocks.fclk0_mhz readback,2d280c7862041cee1dd36a2ac164af8b7f9dcec3,857066b70a20fcf478744032dc28a5339a5dee80d668b3c5fdc4d4bd75aeeb5d,2d280c7862041cee1dd36a2ac164af8b7f9dcec3,False,pynq,1,True,s2.shapes,performance,1333333,3,36.309,paper-grade environment,"A3-general random shapes, measured on KV260",269,J0269,fc,94,2,False,raw,done,0x00000000,0x00000000,,True,16,64,0,0,"6477,273","6477,273","6477,273",6753,6753,6753,6692,6692,6692,0,0,True,True,compared,3,139.987,True,,,,,,,,,,,,,,,,,,37bdfbaacba1dc000701ad690b261df81455d7636899da8f14a207513c831280,857066b70a20fcf478744032dc28a5339a5dee80d668b3c5fdc4d4bd75aeeb5d,20260929,249.997500,249.730535,249.611552,249.822465,249.997500,"f_readback (pl_clk0 PLL read-back, clock of record; f_meas is a cross-check only)"
2026-09-30T18:40:17+00:00,2d280c7862041cee1dd36a2ac164af8b7f9dcec3,False,2023.1,7b2dac6026acf6ae9e6d87f80a457fb07b6e56c167dd2a168593b2105c9e130e,ZynqMP KV260 revB machine-id:a435d1c5,shapes,8,249.997500,hw,,1,fd880d43,kria,pynq Clocks.fclk0_mhz readback,2d280c7862041cee1dd36a2ac164af8b7f9dcec3,857066b70a20fcf478744032dc28a5339a5dee80d668b3c5fdc4d4bd75aeeb5d,2d280c7862041cee1dd36a2ac164af8b7f9dcec3,False,pynq,1,True,s2.shapes,performance,1333333,3,36.309,paper-grade environment,"A3-general random shapes, measured on KV260",8,J0008,netlike,95,6,False,raw,done,0x00000000,0x00000000,,True,16,64,0,0,"2829,2189,1757,105,164,109","2829,2189,1757,105,164,109","2829,2189,1757,105,164,109",7156,7156,7156,6979,6979,6979,0,0,True,True,compared,3,50.406,True,,,,,,,,,,,,,,,,,,37bdfbaacba1dc000701ad690b261df81455d7636899da8f14a207513c831280,857066b70a20fcf478744032dc28a5339a5dee80d668b3c5fdc4d4bd75aeeb5d,20260929,249.997500,249.730535,249.611552,249.822465,249.997500,"f_readback (pl_clk0 PLL read-back, clock of record; f_meas is a cross-check only)"
2026-09-30T18:40:17+00:00,2d280c7862041cee1dd36a2ac164af8b7f9dcec3,False,2023.1,7b2dac6026acf6ae9e6d87f80a457fb07b6e56c167dd2a168593b2105c9e130e,ZynqMP KV260 revB machine-id:a435d1c5,shapes,293,249.997500,hw,,1,fd880d43,kria,pynq Clocks.fclk0_mhz readback,2d280c7862041cee1dd36a2ac164af8b7f9dcec3,857066b70a20fcf478744032dc28a5339a5dee80d668b3c5fdc4d4bd75aeeb5d,2d280c7862041cee1dd36a2ac164af8b7f9dcec3,False,pynq,1,True,s2.shapes,performance,1333333,3,36.309,paper-grade environment,"A3-general random shapes, measured on KV260",293,J0293,depth4_6,96,4,False,act0,done,0x00000000,0x00000000,,True,41,328,0,0,"75629,2513,344,353","75629,2513,344,353","75629,2513,344,353",78842,78842,78842,78723,78723,78723,0,0,True,True,compared,38,169.658,True,,,,,,,,,,,,,,,,,,37bdfbaacba1dc000701ad690b261df81455d7636899da8f14a207513c831280,857066b70a20fcf478744032dc28a5339a5dee80d668b3c5fdc4d4bd75aeeb5d,20260929,249.997500,249.730535,249.611552,249.822465,249.997500,"f_readback (pl_clk0 PLL read-back, clock of record; f_meas is a cross-check only)"
2026-09-30T18:40:17+00:00,2d280c7862041cee1dd36a2ac164af8b7f9dcec3,False,2023.1,7b2dac6026acf6ae9e6d87f80a457fb07b6e56c167dd2a168593b2105c9e130e,ZynqMP KV260 revB machine-id:a435d1c5,shapes,217,249.997500,hw,,1,fd880d43,kria,pynq Clocks.fclk0_mhz readback,2d280c7862041cee1dd36a2ac164af8b7f9dcec3,857066b70a20fcf478744032dc28a5339a5dee80d668b3c5fdc4d4bd75aeeb5d,2d280c7862041cee1dd36a2ac164af8b7f9dcec3,False,pynq,1,True,s2.shapes,performance,1333333,3,36.309,paper-grade environment,"A3-general random shapes, measured on KV260",217,J0217,head_raw,97,1,False,raw,done,0x00000000,0x00000000,,True,15,60,0,0,1289,1289,1289,1292,1292,1292,1260,1260,1260,0,0,True,True,compared,1,27.879,True,,,,,,,,,,,,,,,,,,37bdfbaacba1dc000701ad690b261df81455d7636899da8f14a207513c831280,857066b70a20fcf478744032dc28a5339a5dee80d668b3c5fdc4d4bd75aeeb5d,20260929,249.997500,249.730535,249.611552,249.822465,249.997500,"f_readback (pl_clk0 PLL read-back, clock of record; f_meas is a cross-check only)"
2026-09-30T18:40:17+00:00,2d280c7862041cee1dd36a2ac164af8b7f9dcec3,False,2023.1,7b2dac6026acf6ae9e6d87f80a457fb07b6e56c167dd2a168593b2105c9e130e,ZynqMP KV260 revB machine-id:a435d1c5,shapes,55,249.997500,hw,,1,fd880d43,kria,pynq Clocks.fclk0_mhz readback,2d280c7862041cee1dd36a2ac164af8b7f9dcec3,857066b70a20fcf478744032dc28a5339a5dee80d668b3c5fdc4d4bd75aeeb5d,2d280c7862041cee1dd36a2ac164af8b7f9dcec3,False,pynq,1,True,s2.shapes,performance,1333333,3,36.309,paper-grade environment,"A3-general random shapes, measured on KV260",55,J0055,tails,98,2,False,act0,done,0x00000000,0x00000000,,True,70,490,0,0,"2579,239","2579,239","2579,239",2821,2821,2821,2760,2760,2760,0,0,True,True,compared,1,34.768,True,,,,,,,,,,,,,,,,,,37bdfbaacba1dc000701ad690b261df81455d7636899da8f14a207513c831280,857066b70a20fcf478744032dc28a5339a5dee80d668b3c5fdc4d4bd75aeeb5d,20260929,249.997500,249.730535,249.611552,249.822465,249.997500,"f_readback (pl_clk0 PLL read-back, clock of record; f_meas is a cross-check only)"
2026-09-30T18:40:17+00:00,2d280c7862041cee1dd36a2ac164af8b7f9dcec3,False,2023.1,7b2dac6026acf6ae9e6d87f80a457fb07b6e56c167dd2a168593b2105c9e130e,ZynqMP KV260 revB machine-id:a435d1c5,shapes,11,249.997500,hw,,1,fd880d43,kria,pynq Clocks.fclk0_mhz readback,2d280c7862041cee1dd36a2ac164af8b7f9dcec3,857066b70a20fcf478744032dc28a5339a5dee80d668b3c5fdc4d4bd75aeeb5d,2d280c7862041cee1dd36a2ac164af8b7f9dcec3,False,pynq,1,True,s2.shapes,performance,1333333,3,36.309,paper-grade environment,"A3-general random shapes, measured on KV260",11,J0011,conv,99,1,False,act1,done,0x00000000,0x00000000,,True,2340,18252,0,0,83229,83229,83229,83232,83232,83232,83200,83200,83200,0,0,True,True,compared,40,78.192,True,,,,,,,,,,,,,,,,,,37bdfbaacba1dc000701ad690b261df81455d7636899da8f14a207513c831280,857066b70a20fcf478744032dc28a5339a5dee80d668b3c5fdc4d4bd75aeeb5d,20260929,249.997500,249.730535,249.611552,249.822465,249.997500,"f_readback (pl_clk0 PLL read-back, clock of record; f_meas is a cross-check only)"
2026-09-30T18:40:17+00:00,2d280c7862041cee1dd36a2ac164af8b7f9dcec3,False,2023.1,7b2dac6026acf6ae9e6d87f80a457fb07b6e56c167dd2a168593b2105c9e130e,ZynqMP KV260 revB machine-id:a435d1c5,shapes,142,249.997500,hw,,1,fd880d43,kria,pynq Clocks.fclk0_mhz readback,2d280c7862041cee1dd36a2ac164af8b7f9dcec3,857066b70a20fcf478744032dc28a5339a5dee80d668b3c5fdc4d4bd75aeeb5d,2d280c7862041cee1dd36a2ac164af8b7f9dcec3,False,pynq,1,True,s2.shapes,performance,1333333,3,36.309,paper-grade environment,"A3-general random shapes, measured on KV260",142,J0142,pointwise,100,1,False,act1,done,0x00000000,0x00000000,,True,2940,23520,0,0,19919,19919,19919,19922,19922,19922,19890,19890,19890,0,0,True,True,compared,9,97.615,True,,,,,,,,,,,,,,,,,,37bdfbaacba1dc000701ad690b261df81455d7636899da8f14a207513c831280,857066b70a20fcf478744032dc28a5339a5dee80d668b3c5fdc4d4bd75aeeb5d,20260929,249.997500,249.730535,249.611552,249.822465,249.997500,"f_readback (pl_clk0 PLL read-back, clock of record; f_meas is a cross-check only)"
2026-09-30T18:40:17+00:00,2d280c7862041cee1dd36a2ac164af8b7f9dcec3,False,2023.1,7b2dac6026acf6ae9e6d87f80a457fb07b6e56c167dd2a168593b2105c9e130e,ZynqMP KV260 revB machine-id:a435d1c5,shapes,132,249.997500,hw,,1,fd880d43,kria,pynq Clocks.fclk0_mhz readback,2d280c7862041cee1dd36a2ac164af8b7f9dcec3,857066b70a20fcf478744032dc28a5339a5dee80d668b3c5fdc4d4bd75aeeb5d,2d280c7862041cee1dd36a2ac164af8b7f9dcec3,False,pynq,1,True,s2.shapes,performance,1333333,3,36.309,paper-grade environment,"A3-general random shapes, measured on KV260",132,J0132,depth2_3,101,2,False,act0,done,0x00000000,0x00000000,,True,1008,7056,0,0,"32369,4781","32369,4781","32369,4781",37153,37153,37153,37092,37092,37092,0,0,True,True,compared,18,58.286,True,,,,,,,,,,,,,,,,,,37bdfbaacba1dc000701ad690b261df81455d7636899da8f14a207513c831280,857066b70a20fcf478744032dc28a5339a5dee80d668b3c5fdc4d4bd75aeeb5d,20260929,249.997500,249.730535,249.611552,249.822465,249.997500,"f_readback (pl_clk0 PLL read-back, clock of record; f_meas is a cross-check only)"
2026-09-30T18:40:17+00:00,2d280c7862041cee1dd36a2ac164af8b7f9dcec3,False,2023.1,7b2dac6026acf6ae9e6d87f80a457fb07b6e56c167dd2a168593b2105c9e130e,ZynqMP KV260 revB machine-id:a435d1c5,shapes,23,249.997500,hw,,1,fd880d43,kria,pynq Clocks.fclk0_mhz readback,2d280c7862041cee1dd36a2ac164af8b7f9dcec3,857066b70a20fcf478744032dc28a5339a5dee80d668b3c5fdc4d4bd75aeeb5d,2d280c7862041cee1dd36a2ac164af8b7f9dcec3,False,pynq,1,True,s2.shapes,performance,1333333,3,36.309,paper-grade environment,"A3-general random shapes, measured on KV260",23,J0023,tiny,102,1,False,act1,done,0x00000000,0x00000000,,True,176,1056,0,0,413,413,413,416,416,416,384,384,384,0,0,True,True,compared,1,5.713,True,,,,,,,,,,,,,,,,,,37bdfbaacba1dc000701ad690b261df81455d7636899da8f14a207513c831280,857066b70a20fcf478744032dc28a5339a5dee80d668b3c5fdc4d4bd75aeeb5d,20260929,249.997500,249.730535,249.611552,249.822465,249.997500,"f_readback (pl_clk0 PLL read-back, clock of record; f_meas is a cross-check only)"
2026-09-30T18:40:17+00:00,2d280c7862041cee1dd36a2ac164af8b7f9dcec3,False,2023.1,7b2dac6026acf6ae9e6d87f80a457fb07b6e56c167dd2a168593b2105c9e130e,ZynqMP KV260 revB machine-id:a435d1c5,shapes,57,249.997500,hw,,1,fd880d43,kria,pynq Clocks.fclk0_mhz readback,2d280c7862041cee1dd36a2ac164af8b7f9dcec3,857066b70a20fcf478744032dc28a5339a5dee80d668b3c5fdc4d4bd75aeeb5d,2d280c7862041cee1dd36a2ac164af8b7f9dcec3,False,pynq,1,True,s2.shapes,performance,1333333,3,36.309,paper-grade environment,"A3-general random shapes, measured on KV260",57,J0057,depth7_8,103,8,False,raw,done,0x00000000,0x00000000,,True,2,8,0,0,"317,541,277,285,153,189,113,117","317,541,277,285,153,189,113,117","317,541,277,285,153,189,113,117",1995,1995,1995,1760,1760,1760,0,0,True,True,compared,1,28.870,True,,,,,,,,,,,,,,,,,,37bdfbaacba1dc000701ad690b261df81455d7636899da8f14a207513c831280,857066b70a20fcf478744032dc28a5339a5dee80d668b3c5fdc4d4bd75aeeb5d,20260929,249.997500,249.730535,249.611552,249.822465,249.997500,"f_readback (pl_clk0 PLL read-back, clock of record; f_meas is a cross-check only)"
2026-09-30T18:40:17+00:00,2d280c7862041cee1dd36a2ac164af8b7f9dcec3,False,2023.1,7b2dac6026acf6ae9e6d87f80a457fb07b6e56c167dd2a168593b2105c9e130e,ZynqMP KV260 revB machine-id:a435d1c5,shapes,161,249.997500,hw,,1,fd880d43,kria,pynq Clocks.fclk0_mhz readback,2d280c7862041cee1dd36a2ac164af8b7f9dcec3,857066b70a20fcf478744032dc28a5339a5dee80d668b3c5fdc4d4bd75aeeb5d,2d280c7862041cee1dd36a2ac164af8b7f9dcec3,False,pynq,1,True,s2.shapes,performance,1333333,3,36.309,paper-grade environment,"A3-general random shapes, measured on KV260",161,J0161,conv_pool,104,1,False,act1,done,0x00000000,0x00000000,,True,2124,15576,0,0,24221,24221,24221,24224,24224,24224,24192,24192,24192,0,0,True,True,compared,11,99.086,True,,,,,,,,,,,,,,,,,,37bdfbaacba1dc000701ad690b261df81455d7636899da8f14a207513c831280,857066b70a20fcf478744032dc28a5339a5dee80d668b3c5fdc4d4bd75aeeb5d,20260929,249.997500,249.730535,249.611552,249.822465,249.997500,"f_readback (pl_clk0 PLL read-back, clock of record; f_meas is a cross-check only)"
2026-09-30T18:40:17+00:00,2d280c7862041cee1dd36a2ac164af8b7f9dcec3,False,2023.1,7b2dac6026acf6ae9e6d87f80a457fb07b6e56c167dd2a168593b2105c9e130e,ZynqMP KV260 revB machine-id:a435d1c5,shapes,15,249.997500,hw,,1,fd880d43,kria,pynq Clocks.fclk0_mhz readback,2d280c7862041cee1dd36a2ac164af8b7f9dcec3,857066b70a20fcf478744032dc28a5339a5dee80d668b3c5fdc4d4bd75aeeb5d,2d280c7862041cee1dd36a2ac164af8b7f9dcec3,False,pynq,1,True,s2.shapes,performance,1333333,3,36.309,paper-grade environment,"A3-general random shapes, measured on KV260",15,J0015,large,105,1,False,act1,done,0x00000000,0x00000000,,True,1170,8190,0,0,285029,285029,285029,285032,285032,285032,285000,285000,285000,0,0,True,True,compared,136,114.369,True,,,,,,,,,,,,,,,,,,37bdfbaacba1dc000701ad690b261df81455d7636899da8f14a207513c831280,857066b70a20fcf478744032dc28a5339a5dee80d668b3c5fdc4d4bd75aeeb5d,20260929,249.997500,249.730535,249.611552,249.822465,249.997500,"f_readback (pl_clk0 PLL read-back, clock of record; f_meas is a cross-check only)"
2026-09-30T18:40:17+00:00,2d280c7862041cee1dd36a2ac164af8b7f9dcec3,False,2023.1,7b2dac6026acf6ae9e6d87f80a457fb07b6e56c167dd2a168593b2105c9e130e,ZynqMP KV260 revB machine-id:a435d1c5,shapes,21,249.997500,hw,,1,fd880d43,kria,pynq Clocks.fclk0_mhz readback,2d280c7862041cee1dd36a2ac164af8b7f9dcec3,857066b70a20fcf478744032dc28a5339a5dee80d668b3c5fdc4d4bd75aeeb5d,2d280c7862041cee1dd36a2ac164af8b7f9dcec3,False,pynq,1,True,s2.shapes,performance,1333333,3,36.309,paper-grade environment,"A3-general random shapes, measured on KV260",21,J0021,refuse,106,3,True,refuse,error,0x00000102,0x00000102,True,,,,,,"0,0,0",,,3,3,,0,,,0,0,True,,refuse job (not compared),,1.742,True,job refused: ERR_CODE=0x00000102 rule 1 (pool_en and OH odd) at layer 2; STATUS=0x4,,,,,,,,,,,,,,,,,37bdfbaacba1dc000701ad690b261df81455d7636899da8f14a207513c831280,857066b70a20fcf478744032dc28a5339a5dee80d668b3c5fdc4d4bd75aeeb5d,20260929,249.997500,249.730535,249.611552,249.822465,249.997500,"f_readback (pl_clk0 PLL read-back, clock of record; f_meas is a cross-check only)"
2026-09-30T18:40:17+00:00,2d280c7862041cee1dd36a2ac164af8b7f9dcec3,False,2023.1,7b2dac6026acf6ae9e6d87f80a457fb07b6e56c167dd2a168593b2105c9e130e,ZynqMP KV260 revB machine-id:a435d1c5,shapes,85,249.997500,hw,,1,fd880d43,kria,pynq Clocks.fclk0_mhz readback,2d280c7862041cee1dd36a2ac164af8b7f9dcec3,857066b70a20fcf478744032dc28a5339a5dee80d668b3c5fdc4d4bd75aeeb5d,2d280c7862041cee1dd36a2ac164af8b7f9dcec3,False,pynq,1,True,s2.shapes,performance,1333333,3,36.309,paper-grade environment,"A3-general random shapes, measured on KV260",85,J0085,fc,107,3,False,act1,done,0x00000000,0x00000000,,True,108,108,0,0,"3669,574,547","3669,574,547","3669,574,547",4793,4793,4793,4703,4703,4703,0,0,True,True,compared,2,107.102,True,,,,,,,,,,,,,,,,,,37bdfbaacba1dc000701ad690b261df81455d7636899da8f14a207513c831280,857066b70a20fcf478744032dc28a5339a5dee80d668b3c5fdc4d4bd75aeeb5d,20260929,249.997500,249.730535,249.611552,249.822465,249.997500,"f_readback (pl_clk0 PLL read-back, clock of record; f_meas is a cross-check only)"
2026-09-30T18:40:17+00:00,2d280c7862041cee1dd36a2ac164af8b7f9dcec3,False,2023.1,7b2dac6026acf6ae9e6d87f80a457fb07b6e56c167dd2a168593b2105c9e130e,ZynqMP KV260 revB machine-id:a435d1c5,shapes,234,249.997500,hw,,1,fd880d43,kria,pynq Clocks.fclk0_mhz readback,2d280c7862041cee1dd36a2ac164af8b7f9dcec3,857066b70a20fcf478744032dc28a5339a5dee80d668b3c5fdc4d4bd75aeeb5d,2d280c7862041cee1dd36a2ac164af8b7f9dcec3,False,pynq,1,True,s2.shapes,performance,1333333,3,36.309,paper-grade environment,"A3-general random shapes, measured on KV260",234,J0234,netlike,108,5,False,raw,done,0x00000000,0x00000000,,True,12,48,0,0,"39229,14029,2029,761,219","39229,14029,2029,761,219","39229,14029,2029,761,219",56270,56270,56270,56122,56122,56122,0,0,True,True,compared,27,99.936,True,,,,,,,,,,,,,,,,,,37bdfbaacba1dc000701ad690b261df81455d7636899da8f14a207513c831280,857066b70a20fcf478744032dc28a5339a5dee80d668b3c5fdc4d4bd75aeeb5d,20260929,249.997500,249.730535,249.611552,249.822465,249.997500,"f_readback (pl_clk0 PLL read-back, clock of record; f_meas is a cross-check only)"
2026-09-30T18:40:17+00:00,2d280c7862041cee1dd36a2ac164af8b7f9dcec3,False,2023.1,7b2dac6026acf6ae9e6d87f80a457fb07b6e56c167dd2a168593b2105c9e130e,ZynqMP KV260 revB machine-id:a435d1c5,shapes,189,249.997500,hw,,1,fd880d43,kria,pynq Clocks.fclk0_mhz readback,2d280c7862041cee1dd36a2ac164af8b7f9dcec3,857066b70a20fcf478744032dc28a5339a5dee80d668b3c5fdc4d4bd75aeeb5d,2d280c7862041cee1dd36a2ac164af8b7f9dcec3,False,pynq,1,True,s2.shapes,performance,1333333,3,36.309,paper-grade environment,"A3-general random shapes, measured on KV260",189,J0189,depth4_6,109,4,False,act0,done,0x00000000,0x00000000,,True,300,2100,0,0,"5149,82973,28829,41189","5149,82973,28829,41189","5149,82973,28829,41189",158143,158143,158143,158024,158024,158024,0,0,True,True,compared,77,92.544,True,,,,,,,,,,,,,,,,,,37bdfbaacba1dc000701ad690b261df81455d7636899da8f14a207513c831280,857066b70a20fcf478744032dc28a5339a5dee80d668b3c5fdc4d4bd75aeeb5d,20260929,249.997500,249.730535,249.611552,249.822465,249.997500,"f_readback (pl_clk0 PLL read-back, clock of record; f_meas is a cross-check only)"
2026-09-30T18:40:17+00:00,2d280c7862041cee1dd36a2ac164af8b7f9dcec3,False,2023.1,7b2dac6026acf6ae9e6d87f80a457fb07b6e56c167dd2a168593b2105c9e130e,ZynqMP KV260 revB machine-id:a435d1c5,shapes,139,249.997500,hw,,1,fd880d43,kria,pynq Clocks.fclk0_mhz readback,2d280c7862041cee1dd36a2ac164af8b7f9dcec3,857066b70a20fcf478744032dc28a5339a5dee80d668b3c5fdc4d4bd75aeeb5d,2d280c7862041cee1dd36a2ac164af8b7f9dcec3,False,pynq,1,True,s2.shapes,performance,1333333,3,36.309,paper-grade environment,"A3-general random shapes, measured on KV260",139,J0139,head_raw,110,1,False,raw,done,0x00000000,0x00000000,,True,4,16,0,0,74,74,74,77,77,77,45,45,45,0,0,True,True,compared,1,2.848,True,,,,,,,,,,,,,,,,,,37bdfbaacba1dc000701ad690b261df81455d7636899da8f14a207513c831280,857066b70a20fcf478744032dc28a5339a5dee80d668b3c5fdc4d4bd75aeeb5d,20260929,249.997500,249.730535,249.611552,249.822465,249.997500,"f_readback (pl_clk0 PLL read-back, clock of record; f_meas is a cross-check only)"
2026-09-30T18:40:17+00:00,2d280c7862041cee1dd36a2ac164af8b7f9dcec3,False,2023.1,7b2dac6026acf6ae9e6d87f80a457fb07b6e56c167dd2a168593b2105c9e130e,ZynqMP KV260 revB machine-id:a435d1c5,shapes,63,249.997500,hw,,1,fd880d43,kria,pynq Clocks.fclk0_mhz readback,2d280c7862041cee1dd36a2ac164af8b7f9dcec3,857066b70a20fcf478744032dc28a5339a5dee80d668b3c5fdc4d4bd75aeeb5d,2d280c7862041cee1dd36a2ac164af8b7f9dcec3,False,pynq,1,True,s2.shapes,performance,1333333,3,36.309,paper-grade environment,"A3-general random shapes, measured on KV260",63,J0063,tails,111,2,False,act0,done,0x00000000,0x00000000,,True,11,77,0,0,"281,67","281,67","281,67",351,351,351,290,290,290,0,0,True,True,compared,1,8.336,True,,,,,,,,,,,,,,,,,,37bdfbaacba1dc000701ad690b261df81455d7636899da8f14a207513c831280,857066b70a20fcf478744032dc28a5339a5dee80d668b3c5fdc4d4bd75aeeb5d,20260929,249.997500,249.730535,249.611552,249.822465,249.997500,"f_readback (pl_clk0 PLL read-back, clock of record; f_meas is a cross-check only)"
2026-09-30T18:40:17+00:00,2d280c7862041cee1dd36a2ac164af8b7f9dcec3,False,2023.1,7b2dac6026acf6ae9e6d87f80a457fb07b6e56c167dd2a168593b2105c9e130e,ZynqMP KV260 revB machine-id:a435d1c5,shapes,256,249.997500,hw,,1,fd880d43,kria,pynq Clocks.fclk0_mhz readback,2d280c7862041cee1dd36a2ac164af8b7f9dcec3,857066b70a20fcf478744032dc28a5339a5dee80d668b3c5fdc4d4bd75aeeb5d,2d280c7862041cee1dd36a2ac164af8b7f9dcec3,False,pynq,1,True,s2.shapes,performance,1333333,3,36.309,paper-grade environment,"A3-general random shapes, measured on KV260",256,J0256,conv,112,1,False,act1,done,0x00000000,0x00000000,,True,1278,9159,0,0,73901,73901,73901,73904,73904,73904,73872,73872,73872,0,0,True,True,compared,35,126.508,True,,,,,,,,,,,,,,,,,,37bdfbaacba1dc000701ad690b261df81455d7636899da8f14a207513c831280,857066b70a20fcf478744032dc28a5339a5dee80d668b3c5fdc4d4bd75aeeb5d,20260929,249.997500,249.730535,249.611552,249.822465,249.997500,"f_readback (pl_clk0 PLL read-back, clock of record; f_meas is a cross-check only)"
2026-09-30T18:40:17+00:00,2d280c7862041cee1dd36a2ac164af8b7f9dcec3,False,2023.1,7b2dac6026acf6ae9e6d87f80a457fb07b6e56c167dd2a168593b2105c9e130e,ZynqMP KV260 revB machine-id:a435d1c5,shapes,180,249.997500,hw,,1,fd880d43,kria,pynq Clocks.fclk0_mhz readback,2d280c7862041cee1dd36a2ac164af8b7f9dcec3,857066b70a20fcf478744032dc28a5339a5dee80d668b3c5fdc4d4bd75aeeb5d,2d280c7862041cee1dd36a2ac164af8b7f9dcec3,False,pynq,1,True,s2.shapes,performance,1333333,3,36.309,paper-grade environment,"A3-general random shapes, measured on KV260",180,J0180,pointwise,113,1,False,act1,done,0x00000000,0x00000000,,True,2047,4094,0,0,31769,31769,31769,31772,31772,31772,31740,31740,31740,0,0,True,True,compared,10,116.026,True,,,,,,,,,,,,,,,,,,37bdfbaacba1dc000701ad690b261df81455d7636899da8f14a207513c831280,857066b70a20fcf478744032dc28a5339a5dee80d668b3c5fdc4d4bd75aeeb5d,20260929,249.997500,249.730535,249.611552,249.822465,249.997500,"f_readback (pl_clk0 PLL read-back, clock of record; f_meas is a cross-check only)"
2026-09-30T18:40:17+00:00,2d280c7862041cee1dd36a2ac164af8b7f9dcec3,False,2023.1,7b2dac6026acf6ae9e6d87f80a457fb07b6e56c167dd2a168593b2105c9e130e,ZynqMP KV260 revB machine-id:a435d1c5,shapes,31,249.997500,hw,,1,fd880d43,kria,pynq Clocks.fclk0_mhz readback,2d280c7862041cee1dd36a2ac164af8b7f9dcec3,857066b70a20fcf478744032dc28a5339a5dee80d668b3c5fdc4d4bd75aeeb5d,2d280c7862041cee1dd36a2ac164af8b7f9dcec3,False,pynq,1,True,s2.shapes,performance,1333333,3,36.309,paper-grade environment,"A3-general random shapes, measured on KV260",31,J0031,depth2_3,114,3,False,act1,done,0x00000000,0x00000000,,True,405,2835,0,0,"74909,130709,97049","74909,130709,97049","74909,130709,97049",302670,302670,302670,302580,302580,302580,0,0,True,True,compared,147,232.576,True,,,,,,,,,,,,,,,,,,37bdfbaacba1dc000701ad690b261df81455d7636899da8f14a207513c831280,857066b70a20fcf478744032dc28a5339a5dee80d668b3c5fdc4d4bd75aeeb5d,20260929,249.997500,249.730535,249.611552,249.822465,249.997500,"f_readback (pl_clk0 PLL read-back, clock of record; f_meas is a cross-check only)"
2026-09-30T18:40:17+00:00,2d280c7862041cee1dd36a2ac164af8b7f9dcec3,False,2023.1,7b2dac6026acf6ae9e6d87f80a457fb07b6e56c167dd2a168593b2105c9e130e,ZynqMP KV260 revB machine-id:a435d1c5,shapes,243,249.997500,hw,,1,fd880d43,kria,pynq Clocks.fclk0_mhz readback,2d280c7862041cee1dd36a2ac164af8b7f9dcec3,857066b70a20fcf478744032dc28a5339a5dee80d668b3c5fdc4d4bd75aeeb5d,2d280c7862041cee1dd36a2ac164af8b7f9dcec3,False,pynq,1,True,s2.shapes,performance,1333333,3,36.309,paper-grade environment,"A3-general random shapes, measured on KV260",243,J0243,tiny,115,2,False,act0,done,0x00000000,0x00000000,,True,20,20,0,0,"3101,116","3101,116","3101,116",3220,3220,3220,3159,3159,3159,0,0,True,True,compared,1,65.701,True,,,,,,,,,,,,,,,,,,37bdfbaacba1dc000701ad690b261df81455d7636899da8f14a207513c831280,857066b70a20fcf478744032dc28a5339a5dee80d668b3c5fdc4d4bd75aeeb5d,20260929,249.997500,249.730535,249.611552,249.822465,249.997500,"f_readback (pl_clk0 PLL read-back, clock of record; f_meas is a cross-check only)"
2026-09-30T18:40:17+00:00,2d280c7862041cee1dd36a2ac164af8b7f9dcec3,False,2023.1,7b2dac6026acf6ae9e6d87f80a457fb07b6e56c167dd2a168593b2105c9e130e,ZynqMP KV260 revB machine-id:a435d1c5,shapes,112,249.997500,hw,,1,fd880d43,kria,pynq Clocks.fclk0_mhz readback,2d280c7862041cee1dd36a2ac164af8b7f9dcec3,857066b70a20fcf478744032dc28a5339a5dee80d668b3c5fdc4d4bd75aeeb5d,2d280c7862041cee1dd36a2ac164af8b7f9dcec3,False,pynq,1,True,s2.shapes,performance,1333333,3,36.309,paper-grade environment,"A3-general random shapes, measured on KV260",112,J0112,depth7_8,116,8,False,act0,done,0x00000000,0x00000000,,True,42,287,0,0,"8429,557,281,509,329,209,371,155","8429,557,281,509,329,209,371,155","8429,557,281,509,329,209,371,155",10843,10843,10843,10608,10608,10608,0,0,True,True,compared,4,42.004,True,,,,,,,,,,,,,,,,,,37bdfbaacba1dc000701ad690b261df81455d7636899da8f14a207513c831280,857066b70a20fcf478744032dc28a5339a5dee80d668b3c5fdc4d4bd75aeeb5d,20260929,249.997500,249.730535,249.611552,249.822465,249.997500,"f_readback (pl_clk0 PLL read-back, clock of record; f_meas is a cross-check only)"
2026-09-30T18:40:17+00:00,2d280c7862041cee1dd36a2ac164af8b7f9dcec3,False,2023.1,7b2dac6026acf6ae9e6d87f80a457fb07b6e56c167dd2a168593b2105c9e130e,ZynqMP KV260 revB machine-id:a435d1c5,shapes,101,249.997500,hw,,1,fd880d43,kria,pynq Clocks.fclk0_mhz readback,2d280c7862041cee1dd36a2ac164af8b7f9dcec3,857066b70a20fcf478744032dc28a5339a5dee80d668b3c5fdc4d4bd75aeeb5d,2d280c7862041cee1dd36a2ac164af8b7f9dcec3,False,pynq,1,True,s2.shapes,performance,1333333,3,36.309,paper-grade environment,"A3-general random shapes, measured on KV260",101,J0101,conv_pool,117,1,False,act1,done,0x00000000,0x00000000,,True,246,1230,0,0,56129,56129,56129,56132,56132,56132,56100,56100,56100,0,0,True,True,compared,27,99.601,True,,,,,,,,,,,,,,,,,,37bdfbaacba1dc000701ad690b261df81455d7636899da8f14a207513c831280,857066b70a20fcf478744032dc28a5339a5dee80d668b3c5fdc4d4bd75aeeb5d,20260929,249.997500,249.730535,249.611552,249.822465,249.997500,"f_readback (pl_clk0 PLL read-back, clock of record; f_meas is a cross-check only)"
2026-09-30T18:40:17+00:00,2d280c7862041cee1dd36a2ac164af8b7f9dcec3,False,2023.1,7b2dac6026acf6ae9e6d87f80a457fb07b6e56c167dd2a168593b2105c9e130e,ZynqMP KV260 revB machine-id:a435d1c5,shapes,47,249.997500,hw,,1,fd880d43,kria,pynq Clocks.fclk0_mhz readback,2d280c7862041cee1dd36a2ac164af8b7f9dcec3,857066b70a20fcf478744032dc28a5339a5dee80d668b3c5fdc4d4bd75aeeb5d,2d280c7862041cee1dd36a2ac164af8b7f9dcec3,False,pynq,1,True,s2.shapes,performance,1333333,3,36.309,paper-grade environment,"A3-general random shapes, measured on KV260",47,J0047,large,118,1,False,act1,done,0x00000000,0x00000000,,True,3240,24840,0,0,217757,217757,217757,217760,217760,217760,217728,217728,217728,0,0,True,True,compared,105,130.339,True,,,,,,,,,,,,,,,,,,37bdfbaacba1dc000701ad690b261df81455d7636899da8f14a207513c831280,857066b70a20fcf478744032dc28a5339a5dee80d668b3c5fdc4d4bd75aeeb5d,20260929,249.997500,249.730535,249.611552,249.822465,249.997500,"f_readback (pl_clk0 PLL read-back, clock of record; f_meas is a cross-check only)"
2026-09-30T18:40:17+00:00,2d280c7862041cee1dd36a2ac164af8b7f9dcec3,False,2023.1,7b2dac6026acf6ae9e6d87f80a457fb07b6e56c167dd2a168593b2105c9e130e,ZynqMP KV260 revB machine-id:a435d1c5,shapes,208,249.997500,hw,,1,fd880d43,kria,pynq Clocks.fclk0_mhz readback,2d280c7862041cee1dd36a2ac164af8b7f9dcec3,857066b70a20fcf478744032dc28a5339a5dee80d668b3c5fdc4d4bd75aeeb5d,2d280c7862041cee1dd36a2ac164af8b7f9dcec3,False,pynq,1,True,s2.shapes,performance,1333333,3,36.309,paper-grade environment,"A3-general random shapes, measured on KV260",208,J0208,refuse,119,9,True,refuse,error,0x00002000,0x00002000,True,,,,,,"0,0,0,0,0,0,0,0",,,3,3,,0,,,0,0,True,,refuse job (not compared),,1.139,True,job refused: ERR_CODE=0x00002000 rule 32 (N_LAYERS not in 1..8) at layer 0; STATUS=0x4,,,,,,,,,,,,,,,,,37bdfbaacba1dc000701ad690b261df81455d7636899da8f14a207513c831280,857066b70a20fcf478744032dc28a5339a5dee80d668b3c5fdc4d4bd75aeeb5d,20260929,249.997500,249.730535,249.611552,249.822465,249.997500,"f_readback (pl_clk0 PLL read-back, clock of record; f_meas is a cross-check only)"
2026-09-30T18:40:17+00:00,2d280c7862041cee1dd36a2ac164af8b7f9dcec3,False,2023.1,7b2dac6026acf6ae9e6d87f80a457fb07b6e56c167dd2a168593b2105c9e130e,ZynqMP KV260 revB machine-id:a435d1c5,shapes,7,249.997500,hw,,1,fd880d43,kria,pynq Clocks.fclk0_mhz readback,2d280c7862041cee1dd36a2ac164af8b7f9dcec3,857066b70a20fcf478744032dc28a5339a5dee80d668b3c5fdc4d4bd75aeeb5d,2d280c7862041cee1dd36a2ac164af8b7f9dcec3,False,pynq,1,True,s2.shapes,performance,1333333,3,36.309,paper-grade environment,"A3-general random shapes, measured on KV260",7,J0007,fc,120,2,False,raw,done,0x00000000,0x00000000,,True,12,48,0,0,"3639,181","3639,181","3639,181",3823,3823,3823,3762,3762,3762,0,0,True,True,compared,2,78.694,True,,,,,,,,,,,,,,,,,,37bdfbaacba1dc000701ad690b261df81455d7636899da8f14a207513c831280,857066b70a20fcf478744032dc28a5339a5dee80d668b3c5fdc4d4bd75aeeb5d,20260929,249.997500,249.730535,249.611552,249.822465,249.997500,"f_readback (pl_clk0 PLL read-back, clock of record; f_meas is a cross-check only)"
2026-09-30T18:40:17+00:00,2d280c7862041cee1dd36a2ac164af8b7f9dcec3,False,2023.1,7b2dac6026acf6ae9e6d87f80a457fb07b6e56c167dd2a168593b2105c9e130e,ZynqMP KV260 revB machine-id:a435d1c5,shapes,213,249.997500,hw,,1,fd880d43,kria,pynq Clocks.fclk0_mhz readback,2d280c7862041cee1dd36a2ac164af8b7f9dcec3,857066b70a20fcf478744032dc28a5339a5dee80d668b3c5fdc4d4bd75aeeb5d,2d280c7862041cee1dd36a2ac164af8b7f9dcec3,False,pynq,1,True,s2.shapes,performance,1333333,3,36.309,paper-grade environment,"A3-general random shapes, measured on KV260",213,J0213,netlike,121,4,False,raw,done,0x00000000,0x00000000,,True,11,44,0,0,"9029,28109,7179,191","9029,28109,7179,191","9029,28109,7179,191",44511,44511,44511,44392,44392,44392,0,0,True,True,compared,21,170.524,True,,,,,,,,,,,,,,,,,,37bdfbaacba1dc000701ad690b261df81455d7636899da8f14a207513c831280,857066b70a20fcf478744032dc28a5339a5dee80d668b3c5fdc4d4bd75aeeb5d,20260929,249.997500,249.730535,249.611552,249.822465,249.997500,"f_readback (pl_clk0 PLL read-back, clock of record; f_meas is a cross-check only)"
2026-09-30T18:40:17+00:00,2d280c7862041cee1dd36a2ac164af8b7f9dcec3,False,2023.1,7b2dac6026acf6ae9e6d87f80a457fb07b6e56c167dd2a168593b2105c9e130e,ZynqMP KV260 revB machine-id:a435d1c5,shapes,103,249.997500,hw,,1,fd880d43,kria,pynq Clocks.fclk0_mhz readback,2d280c7862041cee1dd36a2ac164af8b7f9dcec3,857066b70a20fcf478744032dc28a5339a5dee80d668b3c5fdc4d4bd75aeeb5d,2d280c7862041cee1dd36a2ac164af8b7f9dcec3,False,pynq,1,True,s2.shapes,performance,1333333,3,36.309,paper-grade environment,"A3-general random shapes, measured on KV260",103,J0103,depth4_6,122,5,False,raw,done,0x00000000,0x00000000,,True,1,4,0,0,"91757,24284,38879,365,71","91757,24284,38879,365,71","91757,24284,38879,365,71",155359,155359,155359,155211,155211,155211,0,0,True,True,compared,61,310.137,True,,,,,,,,,,,,,,,,,,37bdfbaacba1dc000701ad690b261df81455d7636899da8f14a207513c831280,857066b70a20fcf478744032dc28a5339a5dee80d668b3c5fdc4d4bd75aeeb5d,20260929,249.997500,249.730535,249.611552,249.822465,249.997500,"f_readback (pl_clk0 PLL read-back, clock of record; f_meas is a cross-check only)"
2026-09-30T18:40:17+00:00,2d280c7862041cee1dd36a2ac164af8b7f9dcec3,False,2023.1,7b2dac6026acf6ae9e6d87f80a457fb07b6e56c167dd2a168593b2105c9e130e,ZynqMP KV260 revB machine-id:a435d1c5,shapes,183,249.997500,hw,,1,fd880d43,kria,pynq Clocks.fclk0_mhz readback,2d280c7862041cee1dd36a2ac164af8b7f9dcec3,857066b70a20fcf478744032dc28a5339a5dee80d668b3c5fdc4d4bd75aeeb5d,2d280c7862041cee1dd36a2ac164af8b7f9dcec3,False,pynq,1,True,s2.shapes,performance,1333333,3,36.309,paper-grade environment,"A3-general random shapes, measured on KV260",183,J0183,head_raw,123,1,False,raw,done,0x00000000,0x00000000,,True,14,56,0,0,413,413,413,416,416,416,384,384,384,0,0,True,True,compared,1,10.108,True,,,,,,,,,,,,,,,,,,37bdfbaacba1dc000701ad690b261df81455d7636899da8f14a207513c831280,857066b70a20fcf478744032dc28a5339a5dee80d668b3c5fdc4d4bd75aeeb5d,20260929,249.997500,249.730535,249.611552,249.822465,249.997500,"f_readback (pl_clk0 PLL read-back, clock of record; f_meas is a cross-check only)"
2026-09-30T18:40:17+00:00,2d280c7862041cee1dd36a2ac164af8b7f9dcec3,False,2023.1,7b2dac6026acf6ae9e6d87f80a457fb07b6e56c167dd2a168593b2105c9e130e,ZynqMP KV260 revB machine-id:a435d1c5,shapes,155,249.997500,hw,,1,fd880d43,kria,pynq Clocks.fclk0_mhz readback,2d280c7862041cee1dd36a2ac164af8b7f9dcec3,857066b70a20fcf478744032dc28a5339a5dee80d668b3c5fdc4d4bd75aeeb5d,2d280c7862041cee1dd36a2ac164af8b7f9dcec3,False,pynq,1,True,s2.shapes,performance,1333333,3,36.309,paper-grade environment,"A3-general random shapes, measured on KV260",155,J0155,tails,124,2,False,act0,done,0x00000000,0x00000000,,True,589,589,0,0,"14429,5501","14429,5501","14429,5501",19933,19933,19933,19872,19872,19872,0,0,True,True,compared,9,35.927,True,,,,,,,,,,,,,,,,,,37bdfbaacba1dc000701ad690b261df81455d7636899da8f14a207513c831280,857066b70a20fcf478744032dc28a5339a5dee80d668b3c5fdc4d4bd75aeeb5d,20260929,249.997500,249.730535,249.611552,249.822465,249.997500,"f_readback (pl_clk0 PLL read-back, clock of record; f_meas is a cross-check only)"
2026-09-30T18:40:17+00:00,2d280c7862041cee1dd36a2ac164af8b7f9dcec3,False,2023.1,7b2dac6026acf6ae9e6d87f80a457fb07b6e56c167dd2a168593b2105c9e130e,ZynqMP KV260 revB machine-id:a435d1c5,shapes,230,249.997500,hw,,1,fd880d43,kria,pynq Clocks.fclk0_mhz readback,2d280c7862041cee1dd36a2ac164af8b7f9dcec3,857066b70a20fcf478744032dc28a5339a5dee80d668b3c5fdc4d4bd75aeeb5d,2d280c7862041cee1dd36a2ac164af8b7f9dcec3,False,pynq,1,True,s2.shapes,performance,1333333,3,36.309,paper-grade environment,"A3-general random shapes, measured on KV260",230,J0230,conv,125,1,False,act1,done,0x00000000,0x00000000,,True,2064,12384,0,0,55757,55757,55757,55760,55760,55760,55728,55728,55728,0,0,True,True,compared,26,84.036,True,,,,,,,,,,,,,,,,,,37bdfbaacba1dc000701ad690b261df81455d7636899da8f14a207513c831280,857066b70a20fcf478744032dc28a5339a5dee80d668b3c5fdc4d4bd75aeeb5d,20260929,249.997500,249.730535,249.611552,249.822465,249.997500,"f_readback (pl_clk0 PLL read-back, clock of record; f_meas is a cross-check only)"
2026-09-30T18:40:17+00:00,2d280c7862041cee1dd36a2ac164af8b7f9dcec3,False,2023.1,7b2dac6026acf6ae9e6d87f80a457fb07b6e56c167dd2a168593b2105c9e130e,ZynqMP KV260 revB machine-id:a435d1c5,shapes,250,249.997500,hw,,1,fd880d43,kria,pynq Clocks.fclk0_mhz readback,2d280c7862041cee1dd36a2ac164af8b7f9dcec3,857066b70a20fcf478744032dc28a5339a5dee80d668b3c5fdc4d4bd75aeeb5d,2d280c7862041cee1dd36a2ac164af8b7f9dcec3,False,pynq,1,True,s2.shapes,performance,1333333,3,36.309,paper-grade environment,"A3-general random shapes, measured on KV260",250,J0250,pointwise,126,1,False,act1,done,0x00000000,0x00000000,,True,3696,11088,0,0,13889,13889,13889,13892,13892,13892,13860,13860,13860,0,0,True,True,compared,6,98.327,True,,,,,,,,,,,,,,,,,,37bdfbaacba1dc000701ad690b261df81455d7636899da8f14a207513c831280,857066b70a20fcf478744032dc28a5339a5dee80d668b3c5fdc4d4bd75aeeb5d,20260929,249.997500,249.730535,249.611552,249.822465,249.997500,"f_readback (pl_clk0 PLL read-back, clock of record; f_meas is a cross-check only)"
2026-09-30T18:40:17+00:00,2d280c7862041cee1dd36a2ac164af8b7f9dcec3,False,2023.1,7b2dac6026acf6ae9e6d87f80a457fb07b6e56c167dd2a168593b2105c9e130e,ZynqMP KV260 revB machine-id:a435d1c5,shapes,259,249.997500,hw,,1,fd880d43,kria,pynq Clocks.fclk0_mhz readback,2d280c7862041cee1dd36a2ac164af8b7f9dcec3,857066b70a20fcf478744032dc28a5339a5dee80d668b3c5fdc4d4bd75aeeb5d,2d280c7862041cee1dd36a2ac164af8b7f9dcec3,False,pynq,1,True,s2.shapes,performance,1333333,3,36.309,paper-grade environment,"A3-general random shapes, measured on KV260",259,J0259,depth2_3,127,2,False,act0,done,0x00000000,0x00000000,,True,660,4620,0,0,"24725,113429","24725,113429","24725,113429",138157,138157,138157,138096,138096,138096,0,0,True,True,compared,57,214.217,True,,,,,,,,,,,,,,,,,,37bdfbaacba1dc000701ad690b261df81455d7636899da8f14a207513c831280,857066b70a20fcf478744032dc28a5339a5dee80d668b3c5fdc4d4bd75aeeb5d,20260929,249.997500,249.730535,249.611552,249.822465,249.997500,"f_readback (pl_clk0 PLL read-back, clock of record; f_meas is a cross-check only)"
2026-09-30T18:40:17+00:00,2d280c7862041cee1dd36a2ac164af8b7f9dcec3,False,2023.1,7b2dac6026acf6ae9e6d87f80a457fb07b6e56c167dd2a168593b2105c9e130e,ZynqMP KV260 revB machine-id:a435d1c5,shapes,206,249.997500,hw,,1,fd880d43,kria,pynq Clocks.fclk0_mhz readback,2d280c7862041cee1dd36a2ac164af8b7f9dcec3,857066b70a20fcf478744032dc28a5339a5dee80d668b3c5fdc4d4bd75aeeb5d,2d280c7862041cee1dd36a2ac164af8b7f9dcec3,False,pynq,1,True,s2.shapes,performance,1333333,3,36.309,paper-grade environment,"A3-general random shapes, measured on KV260",206,J0206,tiny,128,1,False,act1,done,0x00000000,0x00000000,,True,36,252,0,0,317,317,317,320,320,320,288,288,288,0,0,True,True,compared,1,2.933,True,,,,,,,,,,,,,,,,,,37bdfbaacba1dc000701ad690b261df81455d7636899da8f14a207513c831280,857066b70a20fcf478744032dc28a5339a5dee80d668b3c5fdc4d4bd75aeeb5d,20260929,249.997500,249.730535,249.611552,249.822465,249.997500,"f_readback (pl_clk0 PLL read-back, clock of record; f_meas is a cross-check only)"
2026-09-30T18:40:17+00:00,2d280c7862041cee1dd36a2ac164af8b7f9dcec3,False,2023.1,7b2dac6026acf6ae9e6d87f80a457fb07b6e56c167dd2a168593b2105c9e130e,ZynqMP KV260 revB machine-id:a435d1c5,shapes,168,249.997500,hw,,1,fd880d43,kria,pynq Clocks.fclk0_mhz readback,2d280c7862041cee1dd36a2ac164af8b7f9dcec3,857066b70a20fcf478744032dc28a5339a5dee80d668b3c5fdc4d4bd75aeeb5d,2d280c7862041cee1dd36a2ac164af8b7f9dcec3,False,pynq,1,True,s2.shapes,performance,1333333,3,36.309,paper-grade environment,"A3-general random shapes, measured on KV260",168,J0168,depth7_8,129,7,False,act1,done,0x00000000,0x00000000,,True,8,24,0,0,"16829,41213,142301,73757,64829,3377,52","16829,41213,142301,73757,64829,3377,52","16829,41213,142301,73757,64829,3377,52",342361,342361,342361,342155,342155,342155,0,0,True,True,compared,162,220.440,True,,,,,,,,,,,,,,,,,,37bdfbaacba1dc000701ad690b261df81455d7636899da8f14a207513c831280,857066b70a20fcf478744032dc28a5339a5dee80d668b3c5fdc4d4bd75aeeb5d,20260929,249.997500,249.730535,249.611552,249.822465,249.997500,"f_readback (pl_clk0 PLL read-back, clock of record; f_meas is a cross-check only)"
2026-09-30T18:40:17+00:00,2d280c7862041cee1dd36a2ac164af8b7f9dcec3,False,2023.1,7b2dac6026acf6ae9e6d87f80a457fb07b6e56c167dd2a168593b2105c9e130e,ZynqMP KV260 revB machine-id:a435d1c5,shapes,285,249.997500,hw,,1,fd880d43,kria,pynq Clocks.fclk0_mhz readback,2d280c7862041cee1dd36a2ac164af8b7f9dcec3,857066b70a20fcf478744032dc28a5339a5dee80d668b3c5fdc4d4bd75aeeb5d,2d280c7862041cee1dd36a2ac164af8b7f9dcec3,False,pynq,1,True,s2.shapes,performance,1333333,3,36.309,paper-grade environment,"A3-general random shapes, measured on KV260",285,J0285,conv_pool,130,1,False,act1,done,0x00000000,0x00000000,,True,184,1196,0,0,18173,18173,18173,18176,18176,18176,18144,18144,18144,0,0,True,True,compared,8,43.858,True,,,,,,,,,,,,,,,,,,37bdfbaacba1dc000701ad690b261df81455d7636899da8f14a207513c831280,857066b70a20fcf478744032dc28a5339a5dee80d668b3c5fdc4d4bd75aeeb5d,20260929,249.997500,249.730535,249.611552,249.822465,249.997500,"f_readback (pl_clk0 PLL read-back, clock of record; f_meas is a cross-check only)"
2026-09-30T18:40:17+00:00,2d280c7862041cee1dd36a2ac164af8b7f9dcec3,False,2023.1,7b2dac6026acf6ae9e6d87f80a457fb07b6e56c167dd2a168593b2105c9e130e,ZynqMP KV260 revB machine-id:a435d1c5,shapes,263,249.997500,hw,,1,fd880d43,kria,pynq Clocks.fclk0_mhz readback,2d280c7862041cee1dd36a2ac164af8b7f9dcec3,857066b70a20fcf478744032dc28a5339a5dee80d668b3c5fdc4d4bd75aeeb5d,2d280c7862041cee1dd36a2ac164af8b7f9dcec3,False,pynq,1,True,s2.shapes,performance,1333333,3,36.309,paper-grade environment,"A3-general random shapes, measured on KV260",263,J0263,large,131,2,False,act0,done,0x00000000,0x00000000,,True,936,6552,0,0,"155549,78419","155549,78419","155549,78419",233971,233971,233971,233910,233910,233910,0,0,True,True,compared,113,150.750,True,,,,,,,,,,,,,,,,,,37bdfbaacba1dc000701ad690b261df81455d7636899da8f14a207513c831280,857066b70a20fcf478744032dc28a5339a5dee80d668b3c5fdc4d4bd75aeeb5d,20260929,249.997500,249.730535,249.611552,249.822465,249.997500,"f_readback (pl_clk0 PLL read-back, clock of record; f_meas is a cross-check only)"
2026-09-30T18:40:17+00:00,2d280c7862041cee1dd36a2ac164af8b7f9dcec3,False,2023.1,7b2dac6026acf6ae9e6d87f80a457fb07b6e56c167dd2a168593b2105c9e130e,ZynqMP KV260 revB machine-id:a435d1c5,shapes,153,249.997500,hw,,1,fd880d43,kria,pynq Clocks.fclk0_mhz readback,2d280c7862041cee1dd36a2ac164af8b7f9dcec3,857066b70a20fcf478744032dc28a5339a5dee80d668b3c5fdc4d4bd75aeeb5d,2d280c7862041cee1dd36a2ac164af8b7f9dcec3,False,pynq,1,True,s2.shapes,performance,1333333,3,36.309,paper-grade environment,"A3-general random shapes, measured on KV260",153,J0153,refuse,132,3,True,refuse,error,0x00000702,0x00000702,True,,,,,,"0,0,0",,,3,3,,0,,,0,0,True,,refuse job (not compared),,2.227,True,job refused: ERR_CODE=0x00000702 rule 7 (QP_END > 255) at layer 2; STATUS=0x4,,,,,,,,,,,,,,,,,37bdfbaacba1dc000701ad690b261df81455d7636899da8f14a207513c831280,857066b70a20fcf478744032dc28a5339a5dee80d668b3c5fdc4d4bd75aeeb5d,20260929,249.997500,249.730535,249.611552,249.822465,249.997500,"f_readback (pl_clk0 PLL read-back, clock of record; f_meas is a cross-check only)"
2026-09-30T18:40:17+00:00,2d280c7862041cee1dd36a2ac164af8b7f9dcec3,False,2023.1,7b2dac6026acf6ae9e6d87f80a457fb07b6e56c167dd2a168593b2105c9e130e,ZynqMP KV260 revB machine-id:a435d1c5,shapes,159,249.997500,hw,,1,fd880d43,kria,pynq Clocks.fclk0_mhz readback,2d280c7862041cee1dd36a2ac164af8b7f9dcec3,857066b70a20fcf478744032dc28a5339a5dee80d668b3c5fdc4d4bd75aeeb5d,2d280c7862041cee1dd36a2ac164af8b7f9dcec3,False,pynq,1,True,s2.shapes,performance,1333333,3,36.309,paper-grade environment,"A3-general random shapes, measured on KV260",159,J0159,fc,133,1,False,raw,done,0x00000000,0x00000000,,True,12,48,0,0,741,741,741,744,744,744,712,712,712,0,0,True,True,compared,1,22.019,True,,,,,,,,,,,,,,,,,,37bdfbaacba1dc000701ad690b261df81455d7636899da8f14a207513c831280,857066b70a20fcf478744032dc28a5339a5dee80d668b3c5fdc4d4bd75aeeb5d,20260929,249.997500,249.730535,249.611552,249.822465,249.997500,"f_readback (pl_clk0 PLL read-back, clock of record; f_meas is a cross-check only)"
2026-09-30T18:40:17+00:00,2d280c7862041cee1dd36a2ac164af8b7f9dcec3,False,2023.1,7b2dac6026acf6ae9e6d87f80a457fb07b6e56c167dd2a168593b2105c9e130e,ZynqMP KV260 revB machine-id:a435d1c5,shapes,249,249.997500,hw,,1,fd880d43,kria,pynq Clocks.fclk0_mhz readback,2d280c7862041cee1dd36a2ac164af8b7f9dcec3,857066b70a20fcf478744032dc28a5339a5dee80d668b3c5fdc4d4bd75aeeb5d,2d280c7862041cee1dd36a2ac164af8b7f9dcec3,False,pynq,1,True,s2.shapes,performance,1333333,3,36.309,paper-grade environment,"A3-general random shapes, measured on KV260",249,J0249,netlike,134,4,False,raw,done,0x00000000,0x00000000,,True,3,12,0,0,"80669,44093,8885,77","80669,44093,8885,77","80669,44093,8885,77",133727,133727,133727,133608,133608,133608,0,0,True,True,compared,56,241.212,True,,,,,,,,,,,,,,,,,,37bdfbaacba1dc000701ad690b261df81455d7636899da8f14a207513c831280,857066b70a20fcf478744032dc28a5339a5dee80d668b3c5fdc4d4bd75aeeb5d,20260929,249.997500,249.730535,249.611552,249.822465,249.997500,"f_readback (pl_clk0 PLL read-back, clock of record; f_meas is a cross-check only)"
2026-09-30T18:40:17+00:00,2d280c7862041cee1dd36a2ac164af8b7f9dcec3,False,2023.1,7b2dac6026acf6ae9e6d87f80a457fb07b6e56c167dd2a168593b2105c9e130e,ZynqMP KV260 revB machine-id:a435d1c5,shapes,207,249.997500,hw,,1,fd880d43,kria,pynq Clocks.fclk0_mhz readback,2d280c7862041cee1dd36a2ac164af8b7f9dcec3,857066b70a20fcf478744032dc28a5339a5dee80d668b3c5fdc4d4bd75aeeb5d,2d280c7862041cee1dd36a2ac164af8b7f9dcec3,False,pynq,1,True,s2.shapes,performance,1333333,3,36.309,paper-grade environment,"A3-general random shapes, measured on KV260",207,J0207,depth4_6,135,5,False,act1,done,0x00000000,0x00000000,,True,952,1904,0,0,"12854,20189,20021,1627,1933","12854,20189,20021,1627,1933","12854,20189,20021,1627,1933",56627,56627,56627,56479,56479,56479,0,0,True,True,compared,24,95.814,True,,,,,,,,,,,,,,,,,,37bdfbaacba1dc000701ad690b261df81455d7636899da8f14a207513c831280,857066b70a20fcf478744032dc28a5339a5dee80d668b3c5fdc4d4bd75aeeb5d,20260929,249.997500,249.730535,249.611552,249.822465,249.997500,"f_readback (pl_clk0 PLL read-back, clock of record; f_meas is a cross-check only)"
2026-09-30T18:40:17+00:00,2d280c7862041cee1dd36a2ac164af8b7f9dcec3,False,2023.1,7b2dac6026acf6ae9e6d87f80a457fb07b6e56c167dd2a168593b2105c9e130e,ZynqMP KV260 revB machine-id:a435d1c5,shapes,10,249.997500,hw,,1,fd880d43,kria,pynq Clocks.fclk0_mhz readback,2d280c7862041cee1dd36a2ac164af8b7f9dcec3,857066b70a20fcf478744032dc28a5339a5dee80d668b3c5fdc4d4bd75aeeb5d,2d280c7862041cee1dd36a2ac164af8b7f9dcec3,False,pynq,1,True,s2.shapes,performance,1333333,3,36.309,paper-grade environment,"A3-general random shapes, measured on KV260",10,J0010,head_raw,136,1,False,raw,done,0x00000000,0x00000000,,True,6,24,0,0,803,803,803,806,806,806,774,774,774,0,0,True,True,compared,1,20.819,True,,,,,,,,,,,,,,,,,,37bdfbaacba1dc000701ad690b261df81455d7636899da8f14a207513c831280,857066b70a20fcf478744032dc28a5339a5dee80d668b3c5fdc4d4bd75aeeb5d,20260929,249.997500,249.730535,249.611552,249.822465,249.997500,"f_readback (pl_clk0 PLL read-back, clock of record; f_meas is a cross-check only)"
2026-09-30T18:40:17+00:00,2d280c7862041cee1dd36a2ac164af8b7f9dcec3,False,2023.1,7b2dac6026acf6ae9e6d87f80a457fb07b6e56c167dd2a168593b2105c9e130e,ZynqMP KV260 revB machine-id:a435d1c5,shapes,146,249.997500,hw,,1,fd880d43,kria,pynq Clocks.fclk0_mhz readback,2d280c7862041cee1dd36a2ac164af8b7f9dcec3,857066b70a20fcf478744032dc28a5339a5dee80d668b3c5fdc4d4bd75aeeb5d,2d280c7862041cee1dd36a2ac164af8b7f9dcec3,False,pynq,1,True,s2.shapes,performance,1333333,3,36.309,paper-grade environment,"A3-general random shapes, measured on KV260",146,J0146,tails,137,2,False,act0,done,0x00000000,0x00000000,,True,3,19,0,0,"893,206","893,206","893,206",1102,1102,1102,1041,1041,1041,0,0,True,True,compared,1,11.132,True,,,,,,,,,,,,,,,,,,37bdfbaacba1dc000701ad690b261df81455d7636899da8f14a207513c831280,857066b70a20fcf478744032dc28a5339a5dee80d668b3c5fdc4d4bd75aeeb5d,20260929,249.997500,249.730535,249.611552,249.822465,249.997500,"f_readback (pl_clk0 PLL read-back, clock of record; f_meas is a cross-check only)"
2026-09-30T18:40:17+00:00,2d280c7862041cee1dd36a2ac164af8b7f9dcec3,False,2023.1,7b2dac6026acf6ae9e6d87f80a457fb07b6e56c167dd2a168593b2105c9e130e,ZynqMP KV260 revB machine-id:a435d1c5,shapes,81,249.997500,hw,,1,fd880d43,kria,pynq Clocks.fclk0_mhz readback,2d280c7862041cee1dd36a2ac164af8b7f9dcec3,857066b70a20fcf478744032dc28a5339a5dee80d668b3c5fdc4d4bd75aeeb5d,2d280c7862041cee1dd36a2ac164af8b7f9dcec3,False,pynq,1,True,s2.shapes,performance,1333333,3,36.309,paper-grade environment,"A3-general random shapes, measured on KV260",81,J0081,conv,138,1,False,act1,done,0x00000000,0x00000000,,True,192,1440,0,0,3917,3917,3917,3920,3920,3920,3888,3888,3888,0,0,True,True,compared,2,22.074,True,,,,,,,,,,,,,,,,,,37bdfbaacba1dc000701ad690b261df81455d7636899da8f14a207513c831280,857066b70a20fcf478744032dc28a5339a5dee80d668b3c5fdc4d4bd75aeeb5d,20260929,249.997500,249.730535,249.611552,249.822465,249.997500,"f_readback (pl_clk0 PLL read-back, clock of record; f_meas is a cross-check only)"
2026-09-30T18:40:17+00:00,2d280c7862041cee1dd36a2ac164af8b7f9dcec3,False,2023.1,7b2dac6026acf6ae9e6d87f80a457fb07b6e56c167dd2a168593b2105c9e130e,ZynqMP KV260 revB machine-id:a435d1c5,shapes,45,249.997500,hw,,1,fd880d43,kria,pynq Clocks.fclk0_mhz readback,2d280c7862041cee1dd36a2ac164af8b7f9dcec3,857066b70a20fcf478744032dc28a5339a5dee80d668b3c5fdc4d4bd75aeeb5d,2d280c7862041cee1dd36a2ac164af8b7f9dcec3,False,pynq,1,True,s2.shapes,performance,1333333,3,36.309,paper-grade environment,"A3-general random shapes, measured on KV260",45,J0045,pointwise,139,1,False,act1,done,0x00000000,0x00000000,,True,192,1368,0,0,3581,3581,3581,3584,3584,3584,3552,3552,3552,0,0,True,True,compared,2,75.129,True,,,,,,,,,,,,,,,,,,37bdfbaacba1dc000701ad690b261df81455d7636899da8f14a207513c831280,857066b70a20fcf478744032dc28a5339a5dee80d668b3c5fdc4d4bd75aeeb5d,20260929,249.997500,249.730535,249.611552,249.822465,249.997500,"f_readback (pl_clk0 PLL read-back, clock of record; f_meas is a cross-check only)"
2026-09-30T18:40:17+00:00,2d280c7862041cee1dd36a2ac164af8b7f9dcec3,False,2023.1,7b2dac6026acf6ae9e6d87f80a457fb07b6e56c167dd2a168593b2105c9e130e,ZynqMP KV260 revB machine-id:a435d1c5,shapes,110,249.997500,hw,,1,fd880d43,kria,pynq Clocks.fclk0_mhz readback,2d280c7862041cee1dd36a2ac164af8b7f9dcec3,857066b70a20fcf478744032dc28a5339a5dee80d668b3c5fdc4d4bd75aeeb5d,2d280c7862041cee1dd36a2ac164af8b7f9dcec3,False,pynq,1,True,s2.shapes,performance,1333333,3,36.309,paper-grade environment,"A3-general random shapes, measured on KV260",110,J0110,depth2_3,140,2,False,act0,done,0x00000000,0x00000000,,True,1265,6325,0,0,"2029,36737","2029,36737","2029,36737",38769,38769,38769,38708,38708,38708,0,0,True,True,compared,18,61.020,True,,,,,,,,,,,,,,,,,,37bdfbaacba1dc000701ad690b261df81455d7636899da8f14a207513c831280,857066b70a20fcf478744032dc28a5339a5dee80d668b3c5fdc4d4bd75aeeb5d,20260929,249.997500,249.730535,249.611552,249.822465,249.997500,"f_readback (pl_clk0 PLL read-back, clock of record; f_meas is a cross-check only)"
2026-09-30T18:40:17+00:00,2d280c7862041cee1dd36a2ac164af8b7f9dcec3,False,2023.1,7b2dac6026acf6ae9e6d87f80a457fb07b6e56c167dd2a168593b2105c9e130e,ZynqMP KV260 revB machine-id:a435d1c5,shapes,251,249.997500,hw,,1,fd880d43,kria,pynq Clocks.fclk0_mhz readback,2d280c7862041cee1dd36a2ac164af8b7f9dcec3,857066b70a20fcf478744032dc28a5339a5dee80d668b3c5fdc4d4bd75aeeb5d,2d280c7862041cee1dd36a2ac164af8b7f9dcec3,False,pynq,1,True,s2.shapes,performance,1333333,3,36.309,paper-grade environment,"A3-general random shapes, measured on KV260",251,J0251,tiny,141,2,False,raw,done,0x00000000,0x00000000,,True,9,36,0,0,"829,87","829,87","829,87",919,919,919,858,858,858,0,0,True,True,compared,1,22.305,True,,,,,,,,,,,,,,,,,,37bdfbaacba1dc000701ad690b261df81455d7636899da8f14a207513c831280,857066b70a20fcf478744032dc28a5339a5dee80d668b3c5fdc4d4bd75aeeb5d,20260929,249.997500,249.730535,249.611552,249.822465,249.997500,"f_readback (pl_clk0 PLL read-back, clock of record; f_meas is a cross-check only)"
2026-09-30T18:40:17+00:00,2d280c7862041cee1dd36a2ac164af8b7f9dcec3,False,2023.1,7b2dac6026acf6ae9e6d87f80a457fb07b6e56c167dd2a168593b2105c9e130e,ZynqMP KV260 revB machine-id:a435d1c5,shapes,258,249.997500,hw,,1,fd880d43,kria,pynq Clocks.fclk0_mhz readback,2d280c7862041cee1dd36a2ac164af8b7f9dcec3,857066b70a20fcf478744032dc28a5339a5dee80d668b3c5fdc4d4bd75aeeb5d,2d280c7862041cee1dd36a2ac164af8b7f9dcec3,False,pynq,1,True,s2.shapes,performance,1333333,3,36.309,paper-grade environment,"A3-general random shapes, measured on KV260",258,J0258,depth7_8,142,8,False,raw,done,0x00000000,0x00000000,,True,13,52,0,0,"18229,48053,80381,4943,1133,245,569,245","18229,48053,80381,4943,1133,245,569,245","18229,48053,80381,4943,1133,245,569,245",153801,153801,153801,153566,153566,153566,0,0,True,True,compared,60,160.643,True,,,,,,,,,,,,,,,,,,37bdfbaacba1dc000701ad690b261df81455d7636899da8f14a207513c831280,857066b70a20fcf478744032dc28a5339a5dee80d668b3c5fdc4d4bd75aeeb5d,20260929,249.997500,249.730535,249.611552,249.822465,249.997500,"f_readback (pl_clk0 PLL read-back, clock of record; f_meas is a cross-check only)"
2026-09-30T18:40:17+00:00,2d280c7862041cee1dd36a2ac164af8b7f9dcec3,False,2023.1,7b2dac6026acf6ae9e6d87f80a457fb07b6e56c167dd2a168593b2105c9e130e,ZynqMP KV260 revB machine-id:a435d1c5,shapes,137,249.997500,hw,,1,fd880d43,kria,pynq Clocks.fclk0_mhz readback,2d280c7862041cee1dd36a2ac164af8b7f9dcec3,857066b70a20fcf478744032dc28a5339a5dee80d668b3c5fdc4d4bd75aeeb5d,2d280c7862041cee1dd36a2ac164af8b7f9dcec3,False,pynq,1,True,s2.shapes,performance,1333333,3,36.309,paper-grade environment,"A3-general random shapes, measured on KV260",137,J0137,conv_pool,143,1,False,act1,done,0x00000000,0x00000000,,True,3082,20033,0,0,139133,139133,139133,139136,139136,139136,139104,139104,139104,0,0,True,True,compared,67,96.719,True,,,,,,,,,,,,,,,,,,37bdfbaacba1dc000701ad690b261df81455d7636899da8f14a207513c831280,857066b70a20fcf478744032dc28a5339a5dee80d668b3c5fdc4d4bd75aeeb5d,20260929,249.997500,249.730535,249.611552,249.822465,249.997500,"f_readback (pl_clk0 PLL read-back, clock of record; f_meas is a cross-check only)"
2026-09-30T18:40:17+00:00,2d280c7862041cee1dd36a2ac164af8b7f9dcec3,False,2023.1,7b2dac6026acf6ae9e6d87f80a457fb07b6e56c167dd2a168593b2105c9e130e,ZynqMP KV260 revB machine-id:a435d1c5,shapes,2,249.997500,hw,,1,fd880d43,kria,pynq Clocks.fclk0_mhz readback,2d280c7862041cee1dd36a2ac164af8b7f9dcec3,857066b70a20fcf478744032dc28a5339a5dee80d668b3c5fdc4d4bd75aeeb5d,2d280c7862041cee1dd36a2ac164af8b7f9dcec3,False,pynq,1,True,s2.shapes,performance,1333333,3,36.309,paper-grade environment,"A3-general random shapes, measured on KV260",2,J0002,large,144,2,False,act0,done,0x00000000,0x00000000,,True,3230,14535,0,0,"478829,348869","478829,348869","478829,348869",827701,827701,827701,827640,827640,827640,0,0,True,True,compared,398,372.395,True,,,,,,,,,,,,,,,,,,37bdfbaacba1dc000701ad690b261df81455d7636899da8f14a207513c831280,857066b70a20fcf478744032dc28a5339a5dee80d668b3c5fdc4d4bd75aeeb5d,20260929,249.997500,249.730535,249.611552,249.822465,249.997500,"f_readback (pl_clk0 PLL read-back, clock of record; f_meas is a cross-check only)"
2026-09-30T18:40:17+00:00,2d280c7862041cee1dd36a2ac164af8b7f9dcec3,False,2023.1,7b2dac6026acf6ae9e6d87f80a457fb07b6e56c167dd2a168593b2105c9e130e,ZynqMP KV260 revB machine-id:a435d1c5,shapes,275,249.997500,hw,,1,fd880d43,kria,pynq Clocks.fclk0_mhz readback,2d280c7862041cee1dd36a2ac164af8b7f9dcec3,857066b70a20fcf478744032dc28a5339a5dee80d668b3c5fdc4d4bd75aeeb5d,2d280c7862041cee1dd36a2ac164af8b7f9dcec3,False,pynq,1,True,s2.shapes,performance,1333333,3,36.309,paper-grade environment,"A3-general random shapes, measured on KV260",275,J0275,refuse,145,3,True,refuse,error,0x00000402,0x00000402,True,,,,,,"0,0,0",,,3,3,,0,,,0,0,True,,refuse job (not compared),,2.005,True,job refused: ERR_CODE=0x00000402 rule 4 (WGT_END > 16383) at layer 2; STATUS=0x4,,,,,,,,,,,,,,,,,37bdfbaacba1dc000701ad690b261df81455d7636899da8f14a207513c831280,857066b70a20fcf478744032dc28a5339a5dee80d668b3c5fdc4d4bd75aeeb5d,20260929,249.997500,249.730535,249.611552,249.822465,249.997500,"f_readback (pl_clk0 PLL read-back, clock of record; f_meas is a cross-check only)"
2026-09-30T18:40:17+00:00,2d280c7862041cee1dd36a2ac164af8b7f9dcec3,False,2023.1,7b2dac6026acf6ae9e6d87f80a457fb07b6e56c167dd2a168593b2105c9e130e,ZynqMP KV260 revB machine-id:a435d1c5,shapes,219,249.997500,hw,,1,fd880d43,kria,pynq Clocks.fclk0_mhz readback,2d280c7862041cee1dd36a2ac164af8b7f9dcec3,857066b70a20fcf478744032dc28a5339a5dee80d668b3c5fdc4d4bd75aeeb5d,2d280c7862041cee1dd36a2ac164af8b7f9dcec3,False,pynq,1,True,s2.shapes,performance,1333333,3,36.309,paper-grade environment,"A3-general random shapes, measured on KV260",219,J0219,fc,146,1,False,raw,done,0x00000000,0x00000000,,True,1,4,0,0,38,38,38,41,41,41,9,9,9,0,0,True,True,compared,1,1.622,True,,,,,,,,,,,,,,,,,,37bdfbaacba1dc000701ad690b261df81455d7636899da8f14a207513c831280,857066b70a20fcf478744032dc28a5339a5dee80d668b3c5fdc4d4bd75aeeb5d,20260929,249.997500,249.730535,249.611552,249.822465,249.997500,"f_readback (pl_clk0 PLL read-back, clock of record; f_meas is a cross-check only)"
2026-09-30T18:40:17+00:00,2d280c7862041cee1dd36a2ac164af8b7f9dcec3,False,2023.1,7b2dac6026acf6ae9e6d87f80a457fb07b6e56c167dd2a168593b2105c9e130e,ZynqMP KV260 revB machine-id:a435d1c5,shapes,92,249.997500,hw,,1,fd880d43,kria,pynq Clocks.fclk0_mhz readback,2d280c7862041cee1dd36a2ac164af8b7f9dcec3,857066b70a20fcf478744032dc28a5339a5dee80d668b3c5fdc4d4bd75aeeb5d,2d280c7862041cee1dd36a2ac164af8b7f9dcec3,False,pynq,1,True,s2.shapes,performance,1333333,3,36.309,paper-grade environment,"A3-general random shapes, measured on KV260",92,J0092,netlike,147,4,False,raw,done,0x00000000,0x00000000,,True,6,24,0,0,"58829,15581,7841,84","58829,15581,7841,84","58829,15581,7841,84",82338,82338,82338,82219,82219,82219,0,0,True,True,compared,40,192.613,True,,,,,,,,,,,,,,,,,,37bdfbaacba1dc000701ad690b261df81455d7636899da8f14a207513c831280,857066b70a20fcf478744032dc28a5339a5dee80d668b3c5fdc4d4bd75aeeb5d,20260929,249.997500,249.730535,249.611552,249.822465,249.997500,"f_readback (pl_clk0 PLL read-back, clock of record; f_meas is a cross-check only)"
2026-09-30T18:40:17+00:00,2d280c7862041cee1dd36a2ac164af8b7f9dcec3,False,2023.1,7b2dac6026acf6ae9e6d87f80a457fb07b6e56c167dd2a168593b2105c9e130e,ZynqMP KV260 revB machine-id:a435d1c5,shapes,160,249.997500,hw,,1,fd880d43,kria,pynq Clocks.fclk0_mhz readback,2d280c7862041cee1dd36a2ac164af8b7f9dcec3,857066b70a20fcf478744032dc28a5339a5dee80d668b3c5fdc4d4bd75aeeb5d,2d280c7862041cee1dd36a2ac164af8b7f9dcec3,False,pynq,1,True,s2.shapes,performance,1333333,3,36.309,paper-grade environment,"A3-general random shapes, measured on KV260",160,J0160,depth4_6,148,4,False,act0,done,0x00000000,0x00000000,,True,245,1715,0,0,"5804,2829,575,1709","5804,2829,575,1709","5804,2829,575,1709",10920,10920,10920,10801,10801,10801,0,0,True,True,compared,5,47.081,True,,,,,,,,,,,,,,,,,,37bdfbaacba1dc000701ad690b261df81455d7636899da8f14a207513c831280,857066b70a20fcf478744032dc28a5339a5dee80d668b3c5fdc4d4bd75aeeb5d,20260929,249.997500,249.730535,249.611552,249.822465,249.997500,"f_readback (pl_clk0 PLL read-back, clock of record; f_meas is a cross-check only)"
2026-09-30T18:40:17+00:00,2d280c7862041cee1dd36a2ac164af8b7f9dcec3,False,2023.1,7b2dac6026acf6ae9e6d87f80a457fb07b6e56c167dd2a168593b2105c9e130e,ZynqMP KV260 revB machine-id:a435d1c5,shapes,108,249.997500,hw,,1,fd880d43,kria,pynq Clocks.fclk0_mhz readback,2d280c7862041cee1dd36a2ac164af8b7f9dcec3,857066b70a20fcf478744032dc28a5339a5dee80d668b3c5fdc4d4bd75aeeb5d,2d280c7862041cee1dd36a2ac164af8b7f9dcec3,False,pynq,1,True,s2.shapes,performance,1333333,3,36.309,paper-grade environment,"A3-general random shapes, measured on KV260",108,J0108,head_raw,149,1,False,raw,done,0x00000000,0x00000000,,True,8,32,0,0,233,233,233,236,236,236,204,204,204,0,0,True,True,compared,1,6.133,True,,,,,,,,,,,,,,,,,,37bdfbaacba1dc000701ad690b261df81455d7636899da8f14a207513c831280,857066b70a20fcf478744032dc28a5339a5dee80d668b3c5fdc4d4bd75aeeb5d,20260929,249.997500,249.730535,249.611552,249.822465,249.997500,"f_readback (pl_clk0 PLL read-back, clock of record; f_meas is a cross-check only)"
2026-09-30T18:40:17+00:00,2d280c7862041cee1dd36a2ac164af8b7f9dcec3,False,2023.1,7b2dac6026acf6ae9e6d87f80a457fb07b6e56c167dd2a168593b2105c9e130e,ZynqMP KV260 revB machine-id:a435d1c5,shapes,9,249.997500,hw,,1,fd880d43,kria,pynq Clocks.fclk0_mhz readback,2d280c7862041cee1dd36a2ac164af8b7f9dcec3,857066b70a20fcf478744032dc28a5339a5dee80d668b3c5fdc4d4bd75aeeb5d,2d280c7862041cee1dd36a2ac164af8b7f9dcec3,False,pynq,1,True,s2.shapes,performance,1333333,3,36.309,paper-grade environment,"A3-general random shapes, measured on KV260",9,J0009,tails,150,1,False,act1,done,0x00000000,0x00000000,,True,481,1443,0,0,29149,29149,29149,29152,29152,29152,29120,29120,29120,0,0,True,True,compared,14,57.360,True,,,,,,,,,,,,,,,,,,37bdfbaacba1dc000701ad690b261df81455d7636899da8f14a207513c831280,857066b70a20fcf478744032dc28a5339a5dee80d668b3c5fdc4d4bd75aeeb5d,20260929,249.997500,249.730535,249.611552,249.822465,249.997500,"f_readback (pl_clk0 PLL read-back, clock of record; f_meas is a cross-check only)"
2026-09-30T18:40:17+00:00,2d280c7862041cee1dd36a2ac164af8b7f9dcec3,False,2023.1,7b2dac6026acf6ae9e6d87f80a457fb07b6e56c167dd2a168593b2105c9e130e,ZynqMP KV260 revB machine-id:a435d1c5,shapes,296,249.997500,hw,,1,fd880d43,kria,pynq Clocks.fclk0_mhz readback,2d280c7862041cee1dd36a2ac164af8b7f9dcec3,857066b70a20fcf478744032dc28a5339a5dee80d668b3c5fdc4d4bd75aeeb5d,2d280c7862041cee1dd36a2ac164af8b7f9dcec3,False,pynq,1,True,s2.shapes,performance,1333333,3,36.309,paper-grade environment,"A3-general random shapes, measured on KV260",296,J0296,conv,151,1,False,act1,done,0x00000000,0x00000000,,True,2480,18848,0,0,52829,52829,52829,52832,52832,52832,52800,52800,52800,0,0,True,True,compared,25,79.872,True,,,,,,,,,,,,,,,,,,37bdfbaacba1dc000701ad690b261df81455d7636899da8f14a207513c831280,857066b70a20fcf478744032dc28a5339a5dee80d668b3c5fdc4d4bd75aeeb5d,20260929,249.997500,249.730535,249.611552,249.822465,249.997500,"f_readback (pl_clk0 PLL read-back, clock of record; f_meas is a cross-check only)"
2026-09-30T18:40:17+00:00,2d280c7862041cee1dd36a2ac164af8b7f9dcec3,False,2023.1,7b2dac6026acf6ae9e6d87f80a457fb07b6e56c167dd2a168593b2105c9e130e,ZynqMP KV260 revB machine-id:a435d1c5,shapes,294,249.997500,hw,,1,fd880d43,kria,pynq Clocks.fclk0_mhz readback,2d280c7862041cee1dd36a2ac164af8b7f9dcec3,857066b70a20fcf478744032dc28a5339a5dee80d668b3c5fdc4d4bd75aeeb5d,2d280c7862041cee1dd36a2ac164af8b7f9dcec3,False,pynq,1,True,s2.shapes,performance,1333333,3,36.309,paper-grade environment,"A3-general random shapes, measured on KV260",294,J0294,pointwise,152,1,False,act1,done,0x00000000,0x00000000,,True,368,2944,0,0,5597,5597,5597,5600,5600,5600,5568,5568,5568,0,0,True,True,compared,2,44.738,True,,,,,,,,,,,,,,,,,,37bdfbaacba1dc000701ad690b261df81455d7636899da8f14a207513c831280,857066b70a20fcf478744032dc28a5339a5dee80d668b3c5fdc4d4bd75aeeb5d,20260929,249.997500,249.730535,249.611552,249.822465,249.997500,"f_readback (pl_clk0 PLL read-back, clock of record; f_meas is a cross-check only)"
2026-09-30T18:40:17+00:00,2d280c7862041cee1dd36a2ac164af8b7f9dcec3,False,2023.1,7b2dac6026acf6ae9e6d87f80a457fb07b6e56c167dd2a168593b2105c9e130e,ZynqMP KV260 revB machine-id:a435d1c5,shapes,156,249.997500,hw,,1,fd880d43,kria,pynq Clocks.fclk0_mhz readback,2d280c7862041cee1dd36a2ac164af8b7f9dcec3,857066b70a20fcf478744032dc28a5339a5dee80d668b3c5fdc4d4bd75aeeb5d,2d280c7862041cee1dd36a2ac164af8b7f9dcec3,False,pynq,1,True,s2.shapes,performance,1333333,3,36.309,paper-grade environment,"A3-general random shapes, measured on KV260",156,J0156,depth2_3,153,2,False,act0,done,0x00000000,0x00000000,,True,632,4582,0,0,"3989,7069","3989,7069","3989,7069",11061,11061,11061,11000,11000,11000,0,0,True,True,compared,5,43.342,True,,,,,,,,,,,,,,,,,,37bdfbaacba1dc000701ad690b261df81455d7636899da8f14a207513c831280,857066b70a20fcf478744032dc28a5339a5dee80d668b3c5fdc4d4bd75aeeb5d,20260929,249.997500,249.730535,249.611552,249.822465,249.997500,"f_readback (pl_clk0 PLL read-back, clock of record; f_meas is a cross-check only)"
2026-09-30T18:40:17+00:00,2d280c7862041cee1dd36a2ac164af8b7f9dcec3,False,2023.1,7b2dac6026acf6ae9e6d87f80a457fb07b6e56c167dd2a168593b2105c9e130e,ZynqMP KV260 revB machine-id:a435d1c5,shapes,231,249.997500,hw,,1,fd880d43,kria,pynq Clocks.fclk0_mhz readback,2d280c7862041cee1dd36a2ac164af8b7f9dcec3,857066b70a20fcf478744032dc28a5339a5dee80d668b3c5fdc4d4bd75aeeb5d,2d280c7862041cee1dd36a2ac164af8b7f9dcec3,False,pynq,1,True,s2.shapes,performance,1333333,3,36.309,paper-grade environment,"A3-general random shapes, measured on KV260",231,J0231,tiny,154,2,False,act0,done,0x00000000,0x00000000,,True,7,14,0,0,"269,454","269,454","269,454",726,726,726,665,665,665,0,0,True,True,compared,1,11.043,True,,,,,,,,,,,,,,,,,,37bdfbaacba1dc000701ad690b261df81455d7636899da8f14a207513c831280,857066b70a20fcf478744032dc28a5339a5dee80d668b3c5fdc4d4bd75aeeb5d,20260929,249.997500,249.730535,249.611552,249.822465,249.997500,"f_readback (pl_clk0 PLL read-back, clock of record; f_meas is a cross-check only)"
2026-09-30T18:40:17+00:00,2d280c7862041cee1dd36a2ac164af8b7f9dcec3,False,2023.1,7b2dac6026acf6ae9e6d87f80a457fb07b6e56c167dd2a168593b2105c9e130e,ZynqMP KV260 revB machine-id:a435d1c5,shapes,233,249.997500,hw,,1,fd880d43,kria,pynq Clocks.fclk0_mhz readback,2d280c7862041cee1dd36a2ac164af8b7f9dcec3,857066b70a20fcf478744032dc28a5339a5dee80d668b3c5fdc4d4bd75aeeb5d,2d280c7862041cee1dd36a2ac164af8b7f9dcec3,False,pynq,1,True,s2.shapes,performance,1333333,3,36.309,paper-grade environment,"A3-general random shapes, measured on KV260",233,J0233,depth7_8,155,7,False,act1,done,0x00000000,0x00000000,,True,110,110,0,0,"4829,23789,1525,7076,16157,649,194","4829,23789,1525,7076,16157,649,194","4829,23789,1525,7076,16157,649,194",54222,54222,54222,54016,54016,54016,0,0,True,True,compared,24,104.215,True,,,,,,,,,,,,,,,,,,37bdfbaacba1dc000701ad690b261df81455d7636899da8f14a207513c831280,857066b70a20fcf478744032dc28a5339a5dee80d668b3c5fdc4d4bd75aeeb5d,20260929,249.997500,249.730535,249.611552,249.822465,249.997500,"f_readback (pl_clk0 PLL read-back, clock of record; f_meas is a cross-check only)"
2026-09-30T18:40:17+00:00,2d280c7862041cee1dd36a2ac164af8b7f9dcec3,False,2023.1,7b2dac6026acf6ae9e6d87f80a457fb07b6e56c167dd2a168593b2105c9e130e,ZynqMP KV260 revB machine-id:a435d1c5,shapes,262,249.997500,hw,,1,fd880d43,kria,pynq Clocks.fclk0_mhz readback,2d280c7862041cee1dd36a2ac164af8b7f9dcec3,857066b70a20fcf478744032dc28a5339a5dee80d668b3c5fdc4d4bd75aeeb5d,2d280c7862041cee1dd36a2ac164af8b7f9dcec3,False,pynq,1,True,s2.shapes,performance,1333333,3,36.309,paper-grade environment,"A3-general random shapes, measured on KV260",262,J0262,conv_pool,156,1,False,act1,done,0x00000000,0x00000000,,True,1380,7590,0,0,25949,25949,25949,25952,25952,25952,25920,25920,25920,0,0,True,True,compared,12,87.411,True,,,,,,,,,,,,,,,,,,37bdfbaacba1dc000701ad690b261df81455d7636899da8f14a207513c831280,857066b70a20fcf478744032dc28a5339a5dee80d668b3c5fdc4d4bd75aeeb5d,20260929,249.997500,249.730535,249.611552,249.822465,249.997500,"f_readback (pl_clk0 PLL read-back, clock of record; f_meas is a cross-check only)"
2026-09-30T18:40:17+00:00,2d280c7862041cee1dd36a2ac164af8b7f9dcec3,False,2023.1,7b2dac6026acf6ae9e6d87f80a457fb07b6e56c167dd2a168593b2105c9e130e,ZynqMP KV260 revB machine-id:a435d1c5,shapes,225,249.997500,hw,,1,fd880d43,kria,pynq Clocks.fclk0_mhz readback,2d280c7862041cee1dd36a2ac164af8b7f9dcec3,857066b70a20fcf478744032dc28a5339a5dee80d668b3c5fdc4d4bd75aeeb5d,2d280c7862041cee1dd36a2ac164af8b7f9dcec3,False,pynq,1,True,s2.shapes,performance,1333333,3,36.309,paper-grade environment,"A3-general random shapes, measured on KV260",225,J0225,refuse,157,3,True,refuse,error,0x00000102,0x00000102,True,,,,,,"0,0,0",,,3,3,,0,,,0,0,True,,refuse job (not compared),,1.942,True,job refused: ERR_CODE=0x00000102 rule 1 (pool_en and OH odd) at layer 2; STATUS=0x4,,,,,,,,,,,,,,,,,37bdfbaacba1dc000701ad690b261df81455d7636899da8f14a207513c831280,857066b70a20fcf478744032dc28a5339a5dee80d668b3c5fdc4d4bd75aeeb5d,20260929,249.997500,249.730535,249.611552,249.822465,249.997500,"f_readback (pl_clk0 PLL read-back, clock of record; f_meas is a cross-check only)"
2026-09-30T18:40:17+00:00,2d280c7862041cee1dd36a2ac164af8b7f9dcec3,False,2023.1,7b2dac6026acf6ae9e6d87f80a457fb07b6e56c167dd2a168593b2105c9e130e,ZynqMP KV260 revB machine-id:a435d1c5,shapes,131,249.997500,hw,,1,fd880d43,kria,pynq Clocks.fclk0_mhz readback,2d280c7862041cee1dd36a2ac164af8b7f9dcec3,857066b70a20fcf478744032dc28a5339a5dee80d668b3c5fdc4d4bd75aeeb5d,2d280c7862041cee1dd36a2ac164af8b7f9dcec3,False,pynq,1,True,s2.shapes,performance,1333333,3,36.309,paper-grade environment,"A3-general random shapes, measured on KV260",131,J0131,fc,158,2,False,act0,done,0x00000000,0x00000000,,True,87,87,0,0,"5073,1118","5073,1118","5073,1118",6194,6194,6194,6133,6133,6133,0,0,True,True,compared,3,131.621,True,,,,,,,,,,,,,,,,,,37bdfbaacba1dc000701ad690b261df81455d7636899da8f14a207513c831280,857066b70a20fcf478744032dc28a5339a5dee80d668b3c5fdc4d4bd75aeeb5d,20260929,249.997500,249.730535,249.611552,249.822465,249.997500,"f_readback (pl_clk0 PLL read-back, clock of record; f_meas is a cross-check only)"
2026-09-30T18:40:17+00:00,2d280c7862041cee1dd36a2ac164af8b7f9dcec3,False,2023.1,7b2dac6026acf6ae9e6d87f80a457fb07b6e56c167dd2a168593b2105c9e130e,ZynqMP KV260 revB machine-id:a435d1c5,shapes,3,249.997500,hw,,1,fd880d43,kria,pynq Clocks.fclk0_mhz readback,2d280c7862041cee1dd36a2ac164af8b7f9dcec3,857066b70a20fcf478744032dc28a5339a5dee80d668b3c5fdc4d4bd75aeeb5d,2d280c7862041cee1dd36a2ac164af8b7f9dcec3,False,pynq,1,True,s2.shapes,performance,1333333,3,36.309,paper-grade environment,"A3-general random shapes, measured on KV260",3,J0003,netlike,159,4,False,raw,done,0x00000000,0x00000000,,True,16,64,0,0,"3269,42269,2765,61","3269,42269,2765,61","3269,42269,2765,61",48367,48367,48367,48248,48248,48248,0,0,True,True,compared,19,93.147,True,,,,,,,,,,,,,,,,,,37bdfbaacba1dc000701ad690b261df81455d7636899da8f14a207513c831280,857066b70a20fcf478744032dc28a5339a5dee80d668b3c5fdc4d4bd75aeeb5d,20260929,249.997500,249.730535,249.611552,249.822465,249.997500,"f_readback (pl_clk0 PLL read-back, clock of record; f_meas is a cross-check only)"
2026-09-30T18:40:17+00:00,2d280c7862041cee1dd36a2ac164af8b7f9dcec3,False,2023.1,7b2dac6026acf6ae9e6d87f80a457fb07b6e56c167dd2a168593b2105c9e130e,ZynqMP KV260 revB machine-id:a435d1c5,shapes,74,249.997500,hw,,1,fd880d43,kria,pynq Clocks.fclk0_mhz readback,2d280c7862041cee1dd36a2ac164af8b7f9dcec3,857066b70a20fcf478744032dc28a5339a5dee80d668b3c5fdc4d4bd75aeeb5d,2d280c7862041cee1dd36a2ac164af8b7f9dcec3,False,pynq,1,True,s2.shapes,performance,1333333,3,36.309,paper-grade environment,"A3-general random shapes, measured on KV260",74,J0074,depth4_6,160,6,False,act0,done,0x00000000,0x00000000,,True,200,200,0,0,"9101,589,477,1199,4781,3629","9101,589,477,1199,4781,3629","9101,589,477,1199,4781,3629",19779,19779,19779,19602,19602,19602,0,0,True,True,compared,9,40.862,True,,,,,,,,,,,,,,,,,,37bdfbaacba1dc000701ad690b261df81455d7636899da8f14a207513c831280,857066b70a20fcf478744032dc28a5339a5dee80d668b3c5fdc4d4bd75aeeb5d,20260929,249.997500,249.730535,249.611552,249.822465,249.997500,"f_readback (pl_clk0 PLL read-back, clock of record; f_meas is a cross-check only)"
2026-09-30T18:40:17+00:00,2d280c7862041cee1dd36a2ac164af8b7f9dcec3,False,2023.1,7b2dac6026acf6ae9e6d87f80a457fb07b6e56c167dd2a168593b2105c9e130e,ZynqMP KV260 revB machine-id:a435d1c5,shapes,87,249.997500,hw,,1,fd880d43,kria,pynq Clocks.fclk0_mhz readback,2d280c7862041cee1dd36a2ac164af8b7f9dcec3,857066b70a20fcf478744032dc28a5339a5dee80d668b3c5fdc4d4bd75aeeb5d,2d280c7862041cee1dd36a2ac164af8b7f9dcec3,False,pynq,1,True,s2.shapes,performance,1333333,3,36.309,paper-grade environment,"A3-general random shapes, measured on KV260",87,J0087,head_raw,161,1,False,raw,done,0x00000000,0x00000000,,True,2,8,0,0,1793,1793,1793,1796,1796,1796,1764,1764,1764,0,0,True,True,compared,1,38.521,True,,,,,,,,,,,,,,,,,,37bdfbaacba1dc000701ad690b261df81455d7636899da8f14a207513c831280,857066b70a20fcf478744032dc28a5339a5dee80d668b3c5fdc4d4bd75aeeb5d,20260929,249.997500,249.730535,249.611552,249.822465,249.997500,"f_readback (pl_clk0 PLL read-back, clock of record; f_meas is a cross-check only)"
2026-09-30T18:40:17+00:00,2d280c7862041cee1dd36a2ac164af8b7f9dcec3,False,2023.1,7b2dac6026acf6ae9e6d87f80a457fb07b6e56c167dd2a168593b2105c9e130e,ZynqMP KV260 revB machine-id:a435d1c5,shapes,133,249.997500,hw,,1,fd880d43,kria,pynq Clocks.fclk0_mhz readback,2d280c7862041cee1dd36a2ac164af8b7f9dcec3,857066b70a20fcf478744032dc28a5339a5dee80d668b3c5fdc4d4bd75aeeb5d,2d280c7862041cee1dd36a2ac164af8b7f9dcec3,False,pynq,1,True,s2.shapes,performance,1333333,3,36.309,paper-grade environment,"A3-general random shapes, measured on KV260",133,J0133,tails,162,2,False,act0,done,0x00000000,0x00000000,,True,224,672,0,0,"549,8829","549,8829","549,8829",9381,9381,9381,9320,9320,9320,0,0,True,True,compared,4,21.408,True,,,,,,,,,,,,,,,,,,37bdfbaacba1dc000701ad690b261df81455d7636899da8f14a207513c831280,857066b70a20fcf478744032dc28a5339a5dee80d668b3c5fdc4d4bd75aeeb5d,20260929,249.997500,249.730535,249.611552,249.822465,249.997500,"f_readback (pl_clk0 PLL read-back, clock of record; f_meas is a cross-check only)"
2026-09-30T18:40:17+00:00,2d280c7862041cee1dd36a2ac164af8b7f9dcec3,False,2023.1,7b2dac6026acf6ae9e6d87f80a457fb07b6e56c167dd2a168593b2105c9e130e,ZynqMP KV260 revB machine-id:a435d1c5,shapes,276,249.997500,hw,,1,fd880d43,kria,pynq Clocks.fclk0_mhz readback,2d280c7862041cee1dd36a2ac164af8b7f9dcec3,857066b70a20fcf478744032dc28a5339a5dee80d668b3c5fdc4d4bd75aeeb5d,2d280c7862041cee1dd36a2ac164af8b7f9dcec3,False,pynq,1,True,s2.shapes,performance,1333333,3,36.309,paper-grade environment,"A3-general random shapes, measured on KV260",276,J0276,conv,163,1,False,act1,done,0x00000000,0x00000000,,True,20,156,0,0,1309,1309,1309,1312,1312,1312,1280,1280,1280,0,0,True,True,compared,1,15.277,True,,,,,,,,,,,,,,,,,,37bdfbaacba1dc000701ad690b261df81455d7636899da8f14a207513c831280,857066b70a20fcf478744032dc28a5339a5dee80d668b3c5fdc4d4bd75aeeb5d,20260929,249.997500,249.730535,249.611552,249.822465,249.997500,"f_readback (pl_clk0 PLL read-back, clock of record; f_meas is a cross-check only)"
2026-09-30T18:40:17+00:00,2d280c7862041cee1dd36a2ac164af8b7f9dcec3,False,2023.1,7b2dac6026acf6ae9e6d87f80a457fb07b6e56c167dd2a168593b2105c9e130e,ZynqMP KV260 revB machine-id:a435d1c5,shapes,100,249.997500,hw,,1,fd880d43,kria,pynq Clocks.fclk0_mhz readback,2d280c7862041cee1dd36a2ac164af8b7f9dcec3,857066b70a20fcf478744032dc28a5339a5dee80d668b3c5fdc4d4bd75aeeb5d,2d280c7862041cee1dd36a2ac164af8b7f9dcec3,False,pynq,1,True,s2.shapes,performance,1333333,3,36.309,paper-grade environment,"A3-general random shapes, measured on KV260",100,J0100,pointwise,164,1,False,act1,done,0x00000000,0x00000000,,True,102,714,0,0,5213,5213,5213,5216,5216,5216,5184,5184,5184,0,0,True,True,compared,2,39.902,True,,,,,,,,,,,,,,,,,,37bdfbaacba1dc000701ad690b261df81455d7636899da8f14a207513c831280,857066b70a20fcf478744032dc28a5339a5dee80d668b3c5fdc4d4bd75aeeb5d,20260929,249.997500,249.730535,249.611552,249.822465,249.997500,"f_readback (pl_clk0 PLL read-back, clock of record; f_meas is a cross-check only)"
2026-09-30T18:40:17+00:00,2d280c7862041cee1dd36a2ac164af8b7f9dcec3,False,2023.1,7b2dac6026acf6ae9e6d87f80a457fb07b6e56c167dd2a168593b2105c9e130e,ZynqMP KV260 revB machine-id:a435d1c5,shapes,0,249.997500,hw,,1,fd880d43,kria,pynq Clocks.fclk0_mhz readback,2d280c7862041cee1dd36a2ac164af8b7f9dcec3,857066b70a20fcf478744032dc28a5339a5dee80d668b3c5fdc4d4bd75aeeb5d,2d280c7862041cee1dd36a2ac164af8b7f9dcec3,False,pynq,1,True,s2.shapes,performance,1333333,3,36.309,paper-grade environment,"A3-general random shapes, measured on KV260",0,J0000,depth2_3,165,2,False,act0,done,0x00000000,0x00000000,,True,1624,1624,0,0,"23129,19741","23129,19741","23129,19741",42873,42873,42873,42812,42812,42812,0,0,True,True,compared,21,65.048,True,,,,,,,,,,,,,,,,,,37bdfbaacba1dc000701ad690b261df81455d7636899da8f14a207513c831280,857066b70a20fcf478744032dc28a5339a5dee80d668b3c5fdc4d4bd75aeeb5d,20260929,249.997500,249.730535,249.611552,249.822465,249.997500,"f_readback (pl_clk0 PLL read-back, clock of record; f_meas is a cross-check only)"
2026-09-30T18:40:17+00:00,2d280c7862041cee1dd36a2ac164af8b7f9dcec3,False,2023.1,7b2dac6026acf6ae9e6d87f80a457fb07b6e56c167dd2a168593b2105c9e130e,ZynqMP KV260 revB machine-id:a435d1c5,shapes,271,249.997500,hw,,1,fd880d43,kria,pynq Clocks.fclk0_mhz readback,2d280c7862041cee1dd36a2ac164af8b7f9dcec3,857066b70a20fcf478744032dc28a5339a5dee80d668b3c5fdc4d4bd75aeeb5d,2d280c7862041cee1dd36a2ac164af8b7f9dcec3,False,pynq,1,True,s2.shapes,performance,1333333,3,36.309,paper-grade environment,"A3-general random shapes, measured on KV260",271,J0271,tiny,166,2,False,act0,done,0x00000000,0x00000000,,True,136,1088,0,0,"497,1565","497,1565","497,1565",2065,2065,2065,2004,2004,2004,0,0,True,True,compared,1,13.837,True,,,,,,,,,,,,,,,,,,37bdfbaacba1dc000701ad690b261df81455d7636899da8f14a207513c831280,857066b70a20fcf478744032dc28a5339a5dee80d668b3c5fdc4d4bd75aeeb5d,20260929,249.997500,249.730535,249.611552,249.822465,249.997500,"f_readback (pl_clk0 PLL read-back, clock of record; f_meas is a cross-check only)"
2026-09-30T18:40:17+00:00,2d280c7862041cee1dd36a2ac164af8b7f9dcec3,False,2023.1,7b2dac6026acf6ae9e6d87f80a457fb07b6e56c167dd2a168593b2105c9e130e,ZynqMP KV260 revB machine-id:a435d1c5,shapes,236,249.997500,hw,,1,fd880d43,kria,pynq Clocks.fclk0_mhz readback,2d280c7862041cee1dd36a2ac164af8b7f9dcec3,857066b70a20fcf478744032dc28a5339a5dee80d668b3c5fdc4d4bd75aeeb5d,2d280c7862041cee1dd36a2ac164af8b7f9dcec3,False,pynq,1,True,s2.shapes,performance,1333333,3,36.309,paper-grade environment,"A3-general random shapes, measured on KV260",236,J0236,depth7_8,167,7,False,act1,done,0x00000000,0x00000000,,True,29,29,0,0,"24605,5405,38045,120989,126253,13029,129","24605,5405,38045,120989,126253,13029,129","24605,5405,38045,120989,126253,13029,129",328458,328458,328458,328252,328252,328252,0,0,True,True,compared,151,173.991,True,,,,,,,,,,,,,,,,,,37bdfbaacba1dc000701ad690b261df81455d7636899da8f14a207513c831280,857066b70a20fcf478744032dc28a5339a5dee80d668b3c5fdc4d4bd75aeeb5d,20260929,249.997500,249.730535,249.611552,249.822465,249.997500,"f_readback (pl_clk0 PLL read-back, clock of record; f_meas is a cross-check only)"
2026-09-30T18:40:17+00:00,2d280c7862041cee1dd36a2ac164af8b7f9dcec3,False,2023.1,7b2dac6026acf6ae9e6d87f80a457fb07b6e56c167dd2a168593b2105c9e130e,ZynqMP KV260 revB machine-id:a435d1c5,shapes,18,249.997500,hw,,1,fd880d43,kria,pynq Clocks.fclk0_mhz readback,2d280c7862041cee1dd36a2ac164af8b7f9dcec3,857066b70a20fcf478744032dc28a5339a5dee80d668b3c5fdc4d4bd75aeeb5d,2d280c7862041cee1dd36a2ac164af8b7f9dcec3,False,pynq,1,True,s2.shapes,performance,1333333,3,36.309,paper-grade environment,"A3-general random shapes, measured on KV260",18,J0018,conv_pool,168,1,False,act1,done,0x00000000,0x00000000,,True,354,2832,0,0,2909,2909,2909,2912,2912,2912,2880,2880,2880,0,0,True,True,compared,2,12.850,True,,,,,,,,,,,,,,,,,,37bdfbaacba1dc000701ad690b261df81455d7636899da8f14a207513c831280,857066b70a20fcf478744032dc28a5339a5dee80d668b3c5fdc4d4bd75aeeb5d,20260929,249.997500,249.730535,249.611552,249.822465,249.997500,"f_readback (pl_clk0 PLL read-back, clock of record; f_meas is a cross-check only)"
2026-09-30T18:40:17+00:00,2d280c7862041cee1dd36a2ac164af8b7f9dcec3,False,2023.1,7b2dac6026acf6ae9e6d87f80a457fb07b6e56c167dd2a168593b2105c9e130e,ZynqMP KV260 revB machine-id:a435d1c5,shapes,32,249.997500,hw,,1,fd880d43,kria,pynq Clocks.fclk0_mhz readback,2d280c7862041cee1dd36a2ac164af8b7f9dcec3,857066b70a20fcf478744032dc28a5339a5dee80d668b3c5fdc4d4bd75aeeb5d,2d280c7862041cee1dd36a2ac164af8b7f9dcec3,False,pynq,1,True,s2.shapes,performance,1333333,3,36.309,paper-grade environment,"A3-general random shapes, measured on KV260",32,J0032,refuse,169,2,True,refuse,error,0x00000201,0x00000201,True,,,,,,"0,0",,,3,3,,0,,,0,0,True,,refuse job (not compared),,1.594,True,job refused: ERR_CODE=0x00000201 rule 2 (pool_en and OW odd) at layer 1; STATUS=0x4,,,,,,,,,,,,,,,,,37bdfbaacba1dc000701ad690b261df81455d7636899da8f14a207513c831280,857066b70a20fcf478744032dc28a5339a5dee80d668b3c5fdc4d4bd75aeeb5d,20260929,249.997500,249.730535,249.611552,249.822465,249.997500,"f_readback (pl_clk0 PLL read-back, clock of record; f_meas is a cross-check only)"
2026-09-30T18:40:17+00:00,2d280c7862041cee1dd36a2ac164af8b7f9dcec3,False,2023.1,7b2dac6026acf6ae9e6d87f80a457fb07b6e56c167dd2a168593b2105c9e130e,ZynqMP KV260 revB machine-id:a435d1c5,shapes,140,249.997500,hw,,1,fd880d43,kria,pynq Clocks.fclk0_mhz readback,2d280c7862041cee1dd36a2ac164af8b7f9dcec3,857066b70a20fcf478744032dc28a5339a5dee80d668b3c5fdc4d4bd75aeeb5d,2d280c7862041cee1dd36a2ac164af8b7f9dcec3,False,pynq,1,True,s2.shapes,performance,1333333,3,36.309,paper-grade environment,"A3-general random shapes, measured on KV260",140,J0140,fc,170,1,False,raw,done,0x00000000,0x00000000,,True,1,4,0,0,226,226,226,229,229,229,197,197,197,0,0,True,True,compared,1,8.586,True,,,,,,,,,,,,,,,,,,37bdfbaacba1dc000701ad690b261df81455d7636899da8f14a207513c831280,857066b70a20fcf478744032dc28a5339a5dee80d668b3c5fdc4d4bd75aeeb5d,20260929,249.997500,249.730535,249.611552,249.822465,249.997500,"f_readback (pl_clk0 PLL read-back, clock of record; f_meas is a cross-check only)"
2026-09-30T18:40:17+00:00,2d280c7862041cee1dd36a2ac164af8b7f9dcec3,False,2023.1,7b2dac6026acf6ae9e6d87f80a457fb07b6e56c167dd2a168593b2105c9e130e,ZynqMP KV260 revB machine-id:a435d1c5,shapes,102,249.997500,hw,,1,fd880d43,kria,pynq Clocks.fclk0_mhz readback,2d280c7862041cee1dd36a2ac164af8b7f9dcec3,857066b70a20fcf478744032dc28a5339a5dee80d668b3c5fdc4d4bd75aeeb5d,2d280c7862041cee1dd36a2ac164af8b7f9dcec3,False,pynq,1,True,s2.shapes,performance,1333333,3,36.309,paper-grade environment,"A3-general random shapes, measured on KV260",102,J0102,netlike,171,5,False,raw,done,0x00000000,0x00000000,,True,13,52,0,0,"50429,9533,461,181,143","50429,9533,461,181,143","50429,9533,461,181,143",60750,60750,60750,60602,60602,60602,0,0,True,True,compared,29,43.962,True,,,,,,,,,,,,,,,,,,37bdfbaacba1dc000701ad690b261df81455d7636899da8f14a207513c831280,857066b70a20fcf478744032dc28a5339a5dee80d668b3c5fdc4d4bd75aeeb5d,20260929,249.997500,249.730535,249.611552,249.822465,249.997500,"f_readback (pl_clk0 PLL read-back, clock of record; f_meas is a cross-check only)"
2026-09-30T18:40:17+00:00,2d280c7862041cee1dd36a2ac164af8b7f9dcec3,False,2023.1,7b2dac6026acf6ae9e6d87f80a457fb07b6e56c167dd2a168593b2105c9e130e,ZynqMP KV260 revB machine-id:a435d1c5,shapes,96,249.997500,hw,,1,fd880d43,kria,pynq Clocks.fclk0_mhz readback,2d280c7862041cee1dd36a2ac164af8b7f9dcec3,857066b70a20fcf478744032dc28a5339a5dee80d668b3c5fdc4d4bd75aeeb5d,2d280c7862041cee1dd36a2ac164af8b7f9dcec3,False,pynq,1,True,s2.shapes,performance,1333333,3,36.309,paper-grade environment,"A3-general random shapes, measured on KV260",96,J0096,depth4_6,172,5,False,act1,done,0x00000000,0x00000000,,True,364,2808,0,0,"32029,2675,3053,1233,1254","32029,2675,3053,1233,1254","32029,2675,3053,1233,1254",40247,40247,40247,40099,40099,40099,0,0,True,True,compared,19,67.461,True,,,,,,,,,,,,,,,,,,37bdfbaacba1dc000701ad690b261df81455d7636899da8f14a207513c831280,857066b70a20fcf478744032dc28a5339a5dee80d668b3c5fdc4d4bd75aeeb5d,20260929,249.997500,249.730535,249.611552,249.822465,249.997500,"f_readback (pl_clk0 PLL read-back, clock of record; f_meas is a cross-check only)"
2026-09-30T18:40:17+00:00,2d280c7862041cee1dd36a2ac164af8b7f9dcec3,False,2023.1,7b2dac6026acf6ae9e6d87f80a457fb07b6e56c167dd2a168593b2105c9e130e,ZynqMP KV260 revB machine-id:a435d1c5,shapes,19,249.997500,hw,,1,fd880d43,kria,pynq Clocks.fclk0_mhz readback,2d280c7862041cee1dd36a2ac164af8b7f9dcec3,857066b70a20fcf478744032dc28a5339a5dee80d668b3c5fdc4d4bd75aeeb5d,2d280c7862041cee1dd36a2ac164af8b7f9dcec3,False,pynq,1,True,s2.shapes,performance,1333333,3,36.309,paper-grade environment,"A3-general random shapes, measured on KV260",19,J0019,head_raw,173,1,False,raw,done,0x00000000,0x00000000,,True,10,40,0,0,2957,2957,2957,2960,2960,2960,2928,2928,2928,0,0,True,True,compared,1,62.011,True,,,,,,,,,,,,,,,,,,37bdfbaacba1dc000701ad690b261df81455d7636899da8f14a207513c831280,857066b70a20fcf478744032dc28a5339a5dee80d668b3c5fdc4d4bd75aeeb5d,20260929,249.997500,249.730535,249.611552,249.822465,249.997500,"f_readback (pl_clk0 PLL read-back, clock of record; f_meas is a cross-check only)"
2026-09-30T18:40:17+00:00,2d280c7862041cee1dd36a2ac164af8b7f9dcec3,False,2023.1,7b2dac6026acf6ae9e6d87f80a457fb07b6e56c167dd2a168593b2105c9e130e,ZynqMP KV260 revB machine-id:a435d1c5,shapes,284,249.997500,hw,,1,fd880d43,kria,pynq Clocks.fclk0_mhz readback,2d280c7862041cee1dd36a2ac164af8b7f9dcec3,857066b70a20fcf478744032dc28a5339a5dee80d668b3c5fdc4d4bd75aeeb5d,2d280c7862041cee1dd36a2ac164af8b7f9dcec3,False,pynq,1,True,s2.shapes,performance,1333333,3,36.309,paper-grade environment,"A3-general random shapes, measured on KV260",284,J0284,tails,174,2,False,act0,done,0x00000000,0x00000000,,True,615,3895,0,0,"8129,3809","8129,3809","8129,3809",11941,11941,11941,11880,11880,11880,0,0,True,True,compared,6,31.790,True,,,,,,,,,,,,,,,,,,37bdfbaacba1dc000701ad690b261df81455d7636899da8f14a207513c831280,857066b70a20fcf478744032dc28a5339a5dee80d668b3c5fdc4d4bd75aeeb5d,20260929,249.997500,249.730535,249.611552,249.822465,249.997500,"f_readback (pl_clk0 PLL read-back, clock of record; f_meas is a cross-check only)"
2026-09-30T18:40:17+00:00,2d280c7862041cee1dd36a2ac164af8b7f9dcec3,False,2023.1,7b2dac6026acf6ae9e6d87f80a457fb07b6e56c167dd2a168593b2105c9e130e,ZynqMP KV260 revB machine-id:a435d1c5,shapes,253,249.997500,hw,,1,fd880d43,kria,pynq Clocks.fclk0_mhz readback,2d280c7862041cee1dd36a2ac164af8b7f9dcec3,857066b70a20fcf478744032dc28a5339a5dee80d668b3c5fdc4d4bd75aeeb5d,2d280c7862041cee1dd36a2ac164af8b7f9dcec3,False,pynq,1,True,s2.shapes,performance,1333333,3,36.309,paper-grade environment,"A3-general random shapes, measured on KV260",253,J0253,conv,175,1,False,act1,done,0x00000000,0x00000000,,True,1344,10416,0,0,48413,48413,48413,48416,48416,48416,48384,48384,48384,0,0,True,True,compared,19,77.225,True,,,,,,,,,,,,,,,,,,37bdfbaacba1dc000701ad690b261df81455d7636899da8f14a207513c831280,857066b70a20fcf478744032dc28a5339a5dee80d668b3c5fdc4d4bd75aeeb5d,20260929,249.997500,249.730535,249.611552,249.822465,249.997500,"f_readback (pl_clk0 PLL read-back, clock of record; f_meas is a cross-check only)"
2026-09-30T18:40:17+00:00,2d280c7862041cee1dd36a2ac164af8b7f9dcec3,False,2023.1,7b2dac6026acf6ae9e6d87f80a457fb07b6e56c167dd2a168593b2105c9e130e,ZynqMP KV260 revB machine-id:a435d1c5,shapes,211,249.997500,hw,,1,fd880d43,kria,pynq Clocks.fclk0_mhz readback,2d280c7862041cee1dd36a2ac164af8b7f9dcec3,857066b70a20fcf478744032dc28a5339a5dee80d668b3c5fdc4d4bd75aeeb5d,2d280c7862041cee1dd36a2ac164af8b7f9dcec3,False,pynq,1,True,s2.shapes,performance,1333333,3,36.309,paper-grade environment,"A3-general random shapes, measured on KV260",211,J0211,pointwise,176,1,False,act1,done,0x00000000,0x00000000,,True,2706,16236,0,0,32132,32132,32132,32135,32135,32135,32103,32103,32103,0,0,True,True,compared,15,128.736,True,,,,,,,,,,,,,,,,,,37bdfbaacba1dc000701ad690b261df81455d7636899da8f14a207513c831280,857066b70a20fcf478744032dc28a5339a5dee80d668b3c5fdc4d4bd75aeeb5d,20260929,249.997500,249.730535,249.611552,249.822465,249.997500,"f_readback (pl_clk0 PLL read-back, clock of record; f_meas is a cross-check only)"
2026-09-30T18:40:17+00:00,2d280c7862041cee1dd36a2ac164af8b7f9dcec3,False,2023.1,7b2dac6026acf6ae9e6d87f80a457fb07b6e56c167dd2a168593b2105c9e130e,ZynqMP KV260 revB machine-id:a435d1c5,shapes,124,249.997500,hw,,1,fd880d43,kria,pynq Clocks.fclk0_mhz readback,2d280c7862041cee1dd36a2ac164af8b7f9dcec3,857066b70a20fcf478744032dc28a5339a5dee80d668b3c5fdc4d4bd75aeeb5d,2d280c7862041cee1dd36a2ac164af8b7f9dcec3,False,pynq,1,True,s2.shapes,performance,1333333,3,36.309,paper-grade environment,"A3-general random shapes, measured on KV260",124,J0124,depth2_3,177,2,False,act0,done,0x00000000,0x00000000,,True,3300,21780,0,0,"37829,24779","37829,24779","37829,24779",62611,62611,62611,62550,62550,62550,0,0,True,True,compared,30,95.349,True,,,,,,,,,,,,,,,,,,37bdfbaacba1dc000701ad690b261df81455d7636899da8f14a207513c831280,857066b70a20fcf478744032dc28a5339a5dee80d668b3c5fdc4d4bd75aeeb5d,20260929,249.997500,249.730535,249.611552,249.822465,249.997500,"f_readback (pl_clk0 PLL read-back, clock of record; f_meas is a cross-check only)"
2026-09-30T18:40:17+00:00,2d280c7862041cee1dd36a2ac164af8b7f9dcec3,False,2023.1,7b2dac6026acf6ae9e6d87f80a457fb07b6e56c167dd2a168593b2105c9e130e,ZynqMP KV260 revB machine-id:a435d1c5,shapes,12,249.997500,hw,,1,fd880d43,kria,pynq Clocks.fclk0_mhz readback,2d280c7862041cee1dd36a2ac164af8b7f9dcec3,857066b70a20fcf478744032dc28a5339a5dee80d668b3c5fdc4d4bd75aeeb5d,2d280c7862041cee1dd36a2ac164af8b7f9dcec3,False,pynq,1,True,s2.shapes,performance,1333333,3,36.309,paper-grade environment,"A3-general random shapes, measured on KV260",12,J0012,tiny,178,1,False,act1,done,0x00000000,0x00000000,,True,18,18,0,0,5069,5069,5069,5072,5072,5072,5040,5040,5040,0,0,True,True,compared,2,101.602,True,,,,,,,,,,,,,,,,,,37bdfbaacba1dc000701ad690b261df81455d7636899da8f14a207513c831280,857066b70a20fcf478744032dc28a5339a5dee80d668b3c5fdc4d4bd75aeeb5d,20260929,249.997500,249.730535,249.611552,249.822465,249.997500,"f_readback (pl_clk0 PLL read-back, clock of record; f_meas is a cross-check only)"
2026-09-30T18:40:17+00:00,2d280c7862041cee1dd36a2ac164af8b7f9dcec3,False,2023.1,7b2dac6026acf6ae9e6d87f80a457fb07b6e56c167dd2a168593b2105c9e130e,ZynqMP KV260 revB machine-id:a435d1c5,shapes,22,249.997500,hw,,1,fd880d43,kria,pynq Clocks.fclk0_mhz readback,2d280c7862041cee1dd36a2ac164af8b7f9dcec3,857066b70a20fcf478744032dc28a5339a5dee80d668b3c5fdc4d4bd75aeeb5d,2d280c7862041cee1dd36a2ac164af8b7f9dcec3,False,pynq,1,True,s2.shapes,performance,1333333,3,36.309,paper-grade environment,"A3-general random shapes, measured on KV260",22,J0022,depth7_8,179,7,False,act1,done,0x00000000,0x00000000,,True,1024,1024,0,0,"27569,2477,29981,1821,989,2205,3229","27569,2477,29981,1821,989,2205,3229","27569,2477,29981,1821,989,2205,3229",68274,68274,68274,68068,68068,68068,0,0,True,True,compared,29,76.545,True,,,,,,,,,,,,,,,,,,37bdfbaacba1dc000701ad690b261df81455d7636899da8f14a207513c831280,857066b70a20fcf478744032dc28a5339a5dee80d668b3c5fdc4d4bd75aeeb5d,20260929,249.997500,249.730535,249.611552,249.822465,249.997500,"f_readback (pl_clk0 PLL read-back, clock of record; f_meas is a cross-check only)"
2026-09-30T18:40:17+00:00,2d280c7862041cee1dd36a2ac164af8b7f9dcec3,False,2023.1,7b2dac6026acf6ae9e6d87f80a457fb07b6e56c167dd2a168593b2105c9e130e,ZynqMP KV260 revB machine-id:a435d1c5,shapes,264,249.997500,hw,,1,fd880d43,kria,pynq Clocks.fclk0_mhz readback,2d280c7862041cee1dd36a2ac164af8b7f9dcec3,857066b70a20fcf478744032dc28a5339a5dee80d668b3c5fdc4d4bd75aeeb5d,2d280c7862041cee1dd36a2ac164af8b7f9dcec3,False,pynq,1,True,s2.shapes,performance,1333333,3,36.309,paper-grade environment,"A3-general random shapes, measured on KV260",264,J0264,conv_pool,180,1,False,act1,done,0x00000000,0x00000000,,True,255,1700,0,0,74279,74279,74279,74282,74282,74282,74250,74250,74250,0,0,True,True,compared,36,166.312,True,,,,,,,,,,,,,,,,,,37bdfbaacba1dc000701ad690b261df81455d7636899da8f14a207513c831280,857066b70a20fcf478744032dc28a5339a5dee80d668b3c5fdc4d4bd75aeeb5d,20260929,249.997500,249.730535,249.611552,249.822465,249.997500,"f_readback (pl_clk0 PLL read-back, clock of record; f_meas is a cross-check only)"
2026-09-30T18:40:17+00:00,2d280c7862041cee1dd36a2ac164af8b7f9dcec3,False,2023.1,7b2dac6026acf6ae9e6d87f80a457fb07b6e56c167dd2a168593b2105c9e130e,ZynqMP KV260 revB machine-id:a435d1c5,shapes,28,249.997500,hw,,1,fd880d43,kria,pynq Clocks.fclk0_mhz readback,2d280c7862041cee1dd36a2ac164af8b7f9dcec3,857066b70a20fcf478744032dc28a5339a5dee80d668b3c5fdc4d4bd75aeeb5d,2d280c7862041cee1dd36a2ac164af8b7f9dcec3,False,pynq,1,True,s2.shapes,performance,1333333,3,36.309,paper-grade environment,"A3-general random shapes, measured on KV260",28,J0028,fc,181,2,False,raw,done,0x00000000,0x00000000,,True,4,16,0,0,"1365,59","1365,59","1365,59",1427,1427,1427,1366,1366,1366,0,0,True,True,compared,1,33.527,True,,,,,,,,,,,,,,,,,,37bdfbaacba1dc000701ad690b261df81455d7636899da8f14a207513c831280,857066b70a20fcf478744032dc28a5339a5dee80d668b3c5fdc4d4bd75aeeb5d,20260929,249.997500,249.730535,249.611552,249.822465,249.997500,"f_readback (pl_clk0 PLL read-back, clock of record; f_meas is a cross-check only)"
2026-09-30T18:40:17+00:00,2d280c7862041cee1dd36a2ac164af8b7f9dcec3,False,2023.1,7b2dac6026acf6ae9e6d87f80a457fb07b6e56c167dd2a168593b2105c9e130e,ZynqMP KV260 revB machine-id:a435d1c5,shapes,94,249.997500,hw,,1,fd880d43,kria,pynq Clocks.fclk0_mhz readback,2d280c7862041cee1dd36a2ac164af8b7f9dcec3,857066b70a20fcf478744032dc28a5339a5dee80d668b3c5fdc4d4bd75aeeb5d,2d280c7862041cee1dd36a2ac164af8b7f9dcec3,False,pynq,1,True,s2.shapes,performance,1333333,3,36.309,paper-grade environment,"A3-general random shapes, measured on KV260",94,J0094,depth4_6,182,6,False,raw,done,0x00000000,0x00000000,,True,13,52,0,0,"5537,74129,23645,8429,65,49","5537,74129,23645,8429,65,49","5537,74129,23645,8429,65,49",111857,111857,111857,111680,111680,111680,0,0,True,True,compared,54,105.724,True,,,,,,,,,,,,,,,,,,37bdfbaacba1dc000701ad690b261df81455d7636899da8f14a207513c831280,857066b70a20fcf478744032dc28a5339a5dee80d668b3c5fdc4d4bd75aeeb5d,20260929,249.997500,249.730535,249.611552,249.822465,249.997500,"f_readback (pl_clk0 PLL read-back, clock of record; f_meas is a cross-check only)"
2026-09-30T18:40:17+00:00,2d280c7862041cee1dd36a2ac164af8b7f9dcec3,False,2023.1,7b2dac6026acf6ae9e6d87f80a457fb07b6e56c167dd2a168593b2105c9e130e,ZynqMP KV260 revB machine-id:a435d1c5,shapes,244,249.997500,hw,,1,fd880d43,kria,pynq Clocks.fclk0_mhz readback,2d280c7862041cee1dd36a2ac164af8b7f9dcec3,857066b70a20fcf478744032dc28a5339a5dee80d668b3c5fdc4d4bd75aeeb5d,2d280c7862041cee1dd36a2ac164af8b7f9dcec3,False,pynq,1,True,s2.shapes,performance,1333333,3,36.309,paper-grade environment,"A3-general random shapes, measured on KV260",244,J0244,head_raw,183,1,False,raw,done,0x00000000,0x00000000,,True,1,4,0,0,444,444,444,447,447,447,415,415,415,0,0,True,True,compared,1,9.886,True,,,,,,,,,,,,,,,,,,37bdfbaacba1dc000701ad690b261df81455d7636899da8f14a207513c831280,857066b70a20fcf478744032dc28a5339a5dee80d668b3c5fdc4d4bd75aeeb5d,20260929,249.997500,249.730535,249.611552,249.822465,249.997500,"f_readback (pl_clk0 PLL read-back, clock of record; f_meas is a cross-check only)"
2026-09-30T18:40:17+00:00,2d280c7862041cee1dd36a2ac164af8b7f9dcec3,False,2023.1,7b2dac6026acf6ae9e6d87f80a457fb07b6e56c167dd2a168593b2105c9e130e,ZynqMP KV260 revB machine-id:a435d1c5,shapes,16,249.997500,hw,,1,fd880d43,kria,pynq Clocks.fclk0_mhz readback,2d280c7862041cee1dd36a2ac164af8b7f9dcec3,857066b70a20fcf478744032dc28a5339a5dee80d668b3c5fdc4d4bd75aeeb5d,2d280c7862041cee1dd36a2ac164af8b7f9dcec3,False,pynq,1,True,s2.shapes,performance,1333333,3,36.309,paper-grade environment,"A3-general random shapes, measured on KV260",16,J0016,tails,184,1,False,act1,done,0x00000000,0x00000000,,True,1395,7905,0,0,47009,47009,47009,47012,47012,47012,46980,46980,46980,0,0,True,True,compared,23,70.313,True,,,,,,,,,,,,,,,,,,37bdfbaacba1dc000701ad690b261df81455d7636899da8f14a207513c831280,857066b70a20fcf478744032dc28a5339a5dee80d668b3c5fdc4d4bd75aeeb5d,20260929,249.997500,249.730535,249.611552,249.822465,249.997500,"f_readback (pl_clk0 PLL read-back, clock of record; f_meas is a cross-check only)"
2026-09-30T18:40:17+00:00,2d280c7862041cee1dd36a2ac164af8b7f9dcec3,False,2023.1,7b2dac6026acf6ae9e6d87f80a457fb07b6e56c167dd2a168593b2105c9e130e,ZynqMP KV260 revB machine-id:a435d1c5,shapes,78,249.997500,hw,,1,fd880d43,kria,pynq Clocks.fclk0_mhz readback,2d280c7862041cee1dd36a2ac164af8b7f9dcec3,857066b70a20fcf478744032dc28a5339a5dee80d668b3c5fdc4d4bd75aeeb5d,2d280c7862041cee1dd36a2ac164af8b7f9dcec3,False,pynq,1,True,s2.shapes,performance,1333333,3,36.309,paper-grade environment,"A3-general random shapes, measured on KV260",78,J0078,conv,185,1,False,act1,done,0x00000000,0x00000000,,True,1276,6380,0,0,43877,43877,43877,43880,43880,43880,43848,43848,43848,0,0,True,True,compared,21,60.315,True,,,,,,,,,,,,,,,,,,37bdfbaacba1dc000701ad690b261df81455d7636899da8f14a207513c831280,857066b70a20fcf478744032dc28a5339a5dee80d668b3c5fdc4d4bd75aeeb5d,20260929,249.997500,249.730535,249.611552,249.822465,249.997500,"f_readback (pl_clk0 PLL read-back, clock of record; f_meas is a cross-check only)"
2026-09-30T18:40:17+00:00,2d280c7862041cee1dd36a2ac164af8b7f9dcec3,False,2023.1,7b2dac6026acf6ae9e6d87f80a457fb07b6e56c167dd2a168593b2105c9e130e,ZynqMP KV260 revB machine-id:a435d1c5,shapes,165,249.997500,hw,,1,fd880d43,kria,pynq Clocks.fclk0_mhz readback,2d280c7862041cee1dd36a2ac164af8b7f9dcec3,857066b70a20fcf478744032dc28a5339a5dee80d668b3c5fdc4d4bd75aeeb5d,2d280c7862041cee1dd36a2ac164af8b7f9dcec3,False,pynq,1,True,s2.shapes,performance,1333333,3,36.309,paper-grade environment,"A3-general random shapes, measured on KV260",165,J0165,pointwise,186,1,False,act1,done,0x00000000,0x00000000,,True,225,900,0,0,3659,3659,3659,3662,3662,3662,3630,3630,3630,0,0,True,True,compared,2,35.738,True,,,,,,,,,,,,,,,,,,37bdfbaacba1dc000701ad690b261df81455d7636899da8f14a207513c831280,857066b70a20fcf478744032dc28a5339a5dee80d668b3c5fdc4d4bd75aeeb5d,20260929,249.997500,249.730535,249.611552,249.822465,249.997500,"f_readback (pl_clk0 PLL read-back, clock of record; f_meas is a cross-check only)"
2026-09-30T18:40:17+00:00,2d280c7862041cee1dd36a2ac164af8b7f9dcec3,False,2023.1,7b2dac6026acf6ae9e6d87f80a457fb07b6e56c167dd2a168593b2105c9e130e,ZynqMP KV260 revB machine-id:a435d1c5,shapes,54,249.997500,hw,,1,fd880d43,kria,pynq Clocks.fclk0_mhz readback,2d280c7862041cee1dd36a2ac164af8b7f9dcec3,857066b70a20fcf478744032dc28a5339a5dee80d668b3c5fdc4d4bd75aeeb5d,2d280c7862041cee1dd36a2ac164af8b7f9dcec3,False,pynq,1,True,s2.shapes,performance,1333333,3,36.309,paper-grade environment,"A3-general random shapes, measured on KV260",54,J0054,depth2_3,187,2,False,act0,done,0x00000000,0x00000000,,True,54,162,0,0,"4125,893","4125,893","4125,893",5021,5021,5021,4960,4960,4960,0,0,True,True,compared,2,19.227,True,,,,,,,,,,,,,,,,,,37bdfbaacba1dc000701ad690b261df81455d7636899da8f14a207513c831280,857066b70a20fcf478744032dc28a5339a5dee80d668b3c5fdc4d4bd75aeeb5d,20260929,249.997500,249.730535,249.611552,249.822465,249.997500,"f_readback (pl_clk0 PLL read-back, clock of record; f_meas is a cross-check only)"
2026-09-30T18:40:17+00:00,2d280c7862041cee1dd36a2ac164af8b7f9dcec3,False,2023.1,7b2dac6026acf6ae9e6d87f80a457fb07b6e56c167dd2a168593b2105c9e130e,ZynqMP KV260 revB machine-id:a435d1c5,shapes,179,249.997500,hw,,1,fd880d43,kria,pynq Clocks.fclk0_mhz readback,2d280c7862041cee1dd36a2ac164af8b7f9dcec3,857066b70a20fcf478744032dc28a5339a5dee80d668b3c5fdc4d4bd75aeeb5d,2d280c7862041cee1dd36a2ac164af8b7f9dcec3,False,pynq,1,True,s2.shapes,performance,1333333,3,36.309,paper-grade environment,"A3-general random shapes, measured on KV260",179,J0179,tiny,188,2,False,act0,done,0x00000000,0x00000000,,True,52,286,0,0,"209,213","209,213","209,213",425,425,425,364,364,364,0,0,True,True,compared,1,5.644,True,,,,,,,,,,,,,,,,,,37bdfbaacba1dc000701ad690b261df81455d7636899da8f14a207513c831280,857066b70a20fcf478744032dc28a5339a5dee80d668b3c5fdc4d4bd75aeeb5d,20260929,249.997500,249.730535,249.611552,249.822465,249.997500,"f_readback (pl_clk0 PLL read-back, clock of record; f_meas is a cross-check only)"
2026-09-30T18:40:17+00:00,2d280c7862041cee1dd36a2ac164af8b7f9dcec3,False,2023.1,7b2dac6026acf6ae9e6d87f80a457fb07b6e56c167dd2a168593b2105c9e130e,ZynqMP KV260 revB machine-id:a435d1c5,shapes,79,249.997500,hw,,1,fd880d43,kria,pynq Clocks.fclk0_mhz readback,2d280c7862041cee1dd36a2ac164af8b7f9dcec3,857066b70a20fcf478744032dc28a5339a5dee80d668b3c5fdc4d4bd75aeeb5d,2d280c7862041cee1dd36a2ac164af8b7f9dcec3,False,pynq,1,True,s2.shapes,performance,1333333,3,36.309,paper-grade environment,"A3-general random shapes, measured on KV260",79,J0079,depth7_8,189,7,False,raw,done,0x00000000,0x00000000,,True,6,24,0,0,"42365,2549,413,677,137,86,38","42365,2549,413,677,137,86,38","42365,2549,413,677,137,86,38",46268,46268,46268,46062,46062,46062,0,0,True,True,compared,21,78.940,True,,,,,,,,,,,,,,,,,,37bdfbaacba1dc000701ad690b261df81455d7636899da8f14a207513c831280,857066b70a20fcf478744032dc28a5339a5dee80d668b3c5fdc4d4bd75aeeb5d,20260929,249.997500,249.730535,249.611552,249.822465,249.997500,"f_readback (pl_clk0 PLL read-back, clock of record; f_meas is a cross-check only)"
2026-09-30T18:40:17+00:00,2d280c7862041cee1dd36a2ac164af8b7f9dcec3,False,2023.1,7b2dac6026acf6ae9e6d87f80a457fb07b6e56c167dd2a168593b2105c9e130e,ZynqMP KV260 revB machine-id:a435d1c5,shapes,201,249.997500,hw,,1,fd880d43,kria,pynq Clocks.fclk0_mhz readback,2d280c7862041cee1dd36a2ac164af8b7f9dcec3,857066b70a20fcf478744032dc28a5339a5dee80d668b3c5fdc4d4bd75aeeb5d,2d280c7862041cee1dd36a2ac164af8b7f9dcec3,False,pynq,1,True,s2.shapes,performance,1333333,3,36.309,paper-grade environment,"A3-general random shapes, measured on KV260",201,J0201,conv_pool,190,1,False,act1,done,0x00000000,0x00000000,,True,584,4234,0,0,12829,12829,12829,12832,12832,12832,12800,12800,12800,0,0,True,True,compared,6,43.170,True,,,,,,,,,,,,,,,,,,37bdfbaacba1dc000701ad690b261df81455d7636899da8f14a207513c831280,857066b70a20fcf478744032dc28a5339a5dee80d668b3c5fdc4d4bd75aeeb5d,20260929,249.997500,249.730535,249.611552,249.822465,249.997500,"f_readback (pl_clk0 PLL read-back, clock of record; f_meas is a cross-check only)"
2026-09-30T18:40:17+00:00,2d280c7862041cee1dd36a2ac164af8b7f9dcec3,False,2023.1,7b2dac6026acf6ae9e6d87f80a457fb07b6e56c167dd2a168593b2105c9e130e,ZynqMP KV260 revB machine-id:a435d1c5,shapes,248,249.997500,hw,,1,fd880d43,kria,pynq Clocks.fclk0_mhz readback,2d280c7862041cee1dd36a2ac164af8b7f9dcec3,857066b70a20fcf478744032dc28a5339a5dee80d668b3c5fdc4d4bd75aeeb5d,2d280c7862041cee1dd36a2ac164af8b7f9dcec3,False,pynq,1,True,s2.shapes,performance,1333333,3,36.309,paper-grade environment,"A3-general random shapes, measured on KV260",248,J0248,fc,191,1,False,act1,done,0x00000000,0x00000000,,True,15,15,0,0,223,223,223,226,226,226,194,194,194,0,0,True,True,compared,1,6.793,True,,,,,,,,,,,,,,,,,,37bdfbaacba1dc000701ad690b261df81455d7636899da8f14a207513c831280,857066b70a20fcf478744032dc28a5339a5dee80d668b3c5fdc4d4bd75aeeb5d,20260929,249.997500,249.730535,249.611552,249.822465,249.997500,"f_readback (pl_clk0 PLL read-back, clock of record; f_meas is a cross-check only)"
2026-09-30T18:40:17+00:00,2d280c7862041cee1dd36a2ac164af8b7f9dcec3,False,2023.1,7b2dac6026acf6ae9e6d87f80a457fb07b6e56c167dd2a168593b2105c9e130e,ZynqMP KV260 revB machine-id:a435d1c5,shapes,239,249.997500,hw,,1,fd880d43,kria,pynq Clocks.fclk0_mhz readback,2d280c7862041cee1dd36a2ac164af8b7f9dcec3,857066b70a20fcf478744032dc28a5339a5dee80d668b3c5fdc4d4bd75aeeb5d,2d280c7862041cee1dd36a2ac164af8b7f9dcec3,False,pynq,1,True,s2.shapes,performance,1333333,3,36.309,paper-grade environment,"A3-general random shapes, measured on KV260",239,J0239,depth4_6,192,4,False,act0,done,0x00000000,0x00000000,,True,924,6930,0,0,"3869,5609,20765,11369","3869,5609,20765,11369","3869,5609,20765,11369",41615,41615,41615,41496,41496,41496,0,0,True,True,compared,20,41.678,True,,,,,,,,,,,,,,,,,,37bdfbaacba1dc000701ad690b261df81455d7636899da8f14a207513c831280,857066b70a20fcf478744032dc28a5339a5dee80d668b3c5fdc4d4bd75aeeb5d,20260929,249.997500,249.730535,249.611552,249.822465,249.997500,"f_readback (pl_clk0 PLL read-back, clock of record; f_meas is a cross-check only)"
2026-09-30T18:40:17+00:00,2d280c7862041cee1dd36a2ac164af8b7f9dcec3,False,2023.1,7b2dac6026acf6ae9e6d87f80a457fb07b6e56c167dd2a168593b2105c9e130e,ZynqMP KV260 revB machine-id:a435d1c5,shapes,84,249.997500,hw,,1,fd880d43,kria,pynq Clocks.fclk0_mhz readback,2d280c7862041cee1dd36a2ac164af8b7f9dcec3,857066b70a20fcf478744032dc28a5339a5dee80d668b3c5fdc4d4bd75aeeb5d,2d280c7862041cee1dd36a2ac164af8b7f9dcec3,False,pynq,1,True,s2.shapes,performance,1333333,3,36.309,paper-grade environment,"A3-general random shapes, measured on KV260",84,J0084,head_raw,193,1,False,raw,done,0x00000000,0x00000000,,True,12,48,0,0,389,389,389,392,392,392,360,360,360,0,0,True,True,compared,1,9.597,True,,,,,,,,,,,,,,,,,,37bdfbaacba1dc000701ad690b261df81455d7636899da8f14a207513c831280,857066b70a20fcf478744032dc28a5339a5dee80d668b3c5fdc4d4bd75aeeb5d,20260929,249.997500,249.730535,249.611552,249.822465,249.997500,"f_readback (pl_clk0 PLL read-back, clock of record; f_meas is a cross-check only)"
2026-09-30T18:40:17+00:00,2d280c7862041cee1dd36a2ac164af8b7f9dcec3,False,2023.1,7b2dac6026acf6ae9e6d87f80a457fb07b6e56c167dd2a168593b2105c9e130e,ZynqMP KV260 revB machine-id:a435d1c5,shapes,46,249.997500,hw,,1,fd880d43,kria,pynq Clocks.fclk0_mhz readback,2d280c7862041cee1dd36a2ac164af8b7f9dcec3,857066b70a20fcf478744032dc28a5339a5dee80d668b3c5fdc4d4bd75aeeb5d,2d280c7862041cee1dd36a2ac164af8b7f9dcec3,False,pynq,1,True,s2.shapes,performance,1333333,3,36.309,paper-grade environment,"A3-general random shapes, measured on KV260",46,J0046,tails,194,2,False,act0,done,0x00000000,0x00000000,,True,29,87,0,0,"680,229","680,229","680,229",912,912,912,851,851,851,0,0,True,True,compared,1,20.566,True,,,,,,,,,,,,,,,,,,37bdfbaacba1dc000701ad690b261df81455d7636899da8f14a207513c831280,857066b70a20fcf478744032dc28a5339a5dee80d668b3c5fdc4d4bd75aeeb5d,20260929,249.997500,249.730535,249.611552,249.822465,249.997500,"f_readback (pl_clk0 PLL read-back, clock of record; f_meas is a cross-check only)"
2026-09-30T18:40:17+00:00,2d280c7862041cee1dd36a2ac164af8b7f9dcec3,False,2023.1,7b2dac6026acf6ae9e6d87f80a457fb07b6e56c167dd2a168593b2105c9e130e,ZynqMP KV260 revB machine-id:a435d1c5,shapes,178,249.997500,hw,,1,fd880d43,kria,pynq Clocks.fclk0_mhz readback,2d280c7862041cee1dd36a2ac164af8b7f9dcec3,857066b70a20fcf478744032dc28a5339a5dee80d668b3c5fdc4d4bd75aeeb5d,2d280c7862041cee1dd36a2ac164af8b7f9dcec3,False,pynq,1,True,s2.shapes,performance,1333333,3,36.309,paper-grade environment,"A3-general random shapes, measured on KV260",178,J0178,conv,195,1,False,act1,done,0x00000000,0x00000000,,True,42,336,0,0,7373,7373,7373,7376,7376,7376,7344,7344,7344,0,0,True,True,compared,3,77.123,True,,,,,,,,,,,,,,,,,,37bdfbaacba1dc000701ad690b261df81455d7636899da8f14a207513c831280,857066b70a20fcf478744032dc28a5339a5dee80d668b3c5fdc4d4bd75aeeb5d,20260929,249.997500,249.730535,249.611552,249.822465,249.997500,"f_readback (pl_clk0 PLL read-back, clock of record; f_meas is a cross-check only)"
2026-09-30T18:40:17+00:00,2d280c7862041cee1dd36a2ac164af8b7f9dcec3,False,2023.1,7b2dac6026acf6ae9e6d87f80a457fb07b6e56c167dd2a168593b2105c9e130e,ZynqMP KV260 revB machine-id:a435d1c5,shapes,223,249.997500,hw,,1,fd880d43,kria,pynq Clocks.fclk0_mhz readback,2d280c7862041cee1dd36a2ac164af8b7f9dcec3,857066b70a20fcf478744032dc28a5339a5dee80d668b3c5fdc4d4bd75aeeb5d,2d280c7862041cee1dd36a2ac164af8b7f9dcec3,False,pynq,1,True,s2.shapes,performance,1333333,3,36.309,paper-grade environment,"A3-general random shapes, measured on KV260",223,J0223,pointwise,196,1,False,act1,done,0x00000000,0x00000000,,True,1530,12240,0,0,26069,26069,26069,26072,26072,26072,26040,26040,26040,0,0,True,True,compared,12,109.256,True,,,,,,,,,,,,,,,,,,37bdfbaacba1dc000701ad690b261df81455d7636899da8f14a207513c831280,857066b70a20fcf478744032dc28a5339a5dee80d668b3c5fdc4d4bd75aeeb5d,20260929,249.997500,249.730535,249.611552,249.822465,249.997500,"f_readback (pl_clk0 PLL read-back, clock of record; f_meas is a cross-check only)"
2026-09-30T18:40:17+00:00,2d280c7862041cee1dd36a2ac164af8b7f9dcec3,False,2023.1,7b2dac6026acf6ae9e6d87f80a457fb07b6e56c167dd2a168593b2105c9e130e,ZynqMP KV260 revB machine-id:a435d1c5,shapes,242,249.997500,hw,,1,fd880d43,kria,pynq Clocks.fclk0_mhz readback,2d280c7862041cee1dd36a2ac164af8b7f9dcec3,857066b70a20fcf478744032dc28a5339a5dee80d668b3c5fdc4d4bd75aeeb5d,2d280c7862041cee1dd36a2ac164af8b7f9dcec3,False,pynq,1,True,s2.shapes,performance,1333333,3,36.309,paper-grade environment,"A3-general random shapes, measured on KV260",242,J0242,depth2_3,197,2,False,act0,done,0x00000000,0x00000000,,True,1536,11328,0,0,"23069,15005","23069,15005","23069,15005",38077,38077,38077,38016,38016,38016,0,0,True,True,compared,18,64.606,True,,,,,,,,,,,,,,,,,,37bdfbaacba1dc000701ad690b261df81455d7636899da8f14a207513c831280,857066b70a20fcf478744032dc28a5339a5dee80d668b3c5fdc4d4bd75aeeb5d,20260929,249.997500,249.730535,249.611552,249.822465,249.997500,"f_readback (pl_clk0 PLL read-back, clock of record; f_meas is a cross-check only)"
2026-09-30T18:40:17+00:00,2d280c7862041cee1dd36a2ac164af8b7f9dcec3,False,2023.1,7b2dac6026acf6ae9e6d87f80a457fb07b6e56c167dd2a168593b2105c9e130e,ZynqMP KV260 revB machine-id:a435d1c5,shapes,141,249.997500,hw,,1,fd880d43,kria,pynq Clocks.fclk0_mhz readback,2d280c7862041cee1dd36a2ac164af8b7f9dcec3,857066b70a20fcf478744032dc28a5339a5dee80d668b3c5fdc4d4bd75aeeb5d,2d280c7862041cee1dd36a2ac164af8b7f9dcec3,False,pynq,1,True,s2.shapes,performance,1333333,3,36.309,paper-grade environment,"A3-general random shapes, measured on KV260",141,J0141,tiny,198,1,False,act1,done,0x00000000,0x00000000,,True,9,9,0,0,2349,2349,2349,2352,2352,2352,2320,2320,2320,0,0,True,True,compared,1,48.190,True,,,,,,,,,,,,,,,,,,37bdfbaacba1dc000701ad690b261df81455d7636899da8f14a207513c831280,857066b70a20fcf478744032dc28a5339a5dee80d668b3c5fdc4d4bd75aeeb5d,20260929,249.997500,249.730535,249.611552,249.822465,249.997500,"f_readback (pl_clk0 PLL read-back, clock of record; f_meas is a cross-check only)"
2026-09-30T18:40:17+00:00,2d280c7862041cee1dd36a2ac164af8b7f9dcec3,False,2023.1,7b2dac6026acf6ae9e6d87f80a457fb07b6e56c167dd2a168593b2105c9e130e,ZynqMP KV260 revB machine-id:a435d1c5,shapes,261,249.997500,hw,,1,fd880d43,kria,pynq Clocks.fclk0_mhz readback,2d280c7862041cee1dd36a2ac164af8b7f9dcec3,857066b70a20fcf478744032dc28a5339a5dee80d668b3c5fdc4d4bd75aeeb5d,2d280c7862041cee1dd36a2ac164af8b7f9dcec3,False,pynq,1,True,s2.shapes,performance,1333333,3,36.309,paper-grade environment,"A3-general random shapes, measured on KV260",261,J0261,depth7_8,199,7,False,act1,done,0x00000000,0x00000000,,True,52,338,0,0,"515,157,413,301,73,109,285","515,157,413,301,73,109,285","515,157,413,301,73,109,285",1856,1856,1856,1650,1650,1650,0,0,True,True,compared,1,20.200,True,,,,,,,,,,,,,,,,,,37bdfbaacba1dc000701ad690b261df81455d7636899da8f14a207513c831280,857066b70a20fcf478744032dc28a5339a5dee80d668b3c5fdc4d4bd75aeeb5d,20260929,249.997500,249.730535,249.611552,249.822465,249.997500,"f_readback (pl_clk0 PLL read-back, clock of record; f_meas is a cross-check only)"
2026-09-30T18:40:17+00:00,2d280c7862041cee1dd36a2ac164af8b7f9dcec3,False,2023.1,7b2dac6026acf6ae9e6d87f80a457fb07b6e56c167dd2a168593b2105c9e130e,ZynqMP KV260 revB machine-id:a435d1c5,shapes,107,249.997500,hw,,1,fd880d43,kria,pynq Clocks.fclk0_mhz readback,2d280c7862041cee1dd36a2ac164af8b7f9dcec3,857066b70a20fcf478744032dc28a5339a5dee80d668b3c5fdc4d4bd75aeeb5d,2d280c7862041cee1dd36a2ac164af8b7f9dcec3,False,pynq,1,True,s2.shapes,performance,1333333,3,36.309,paper-grade environment,"A3-general random shapes, measured on KV260",107,J0107,conv_pool,200,1,False,act1,done,0x00000000,0x00000000,,True,1100,8800,0,0,110909,110909,110909,110912,110912,110912,110880,110880,110880,0,0,True,True,compared,53,95.239,True,,,,,,,,,,,,,,,,,,37bdfbaacba1dc000701ad690b261df81455d7636899da8f14a207513c831280,857066b70a20fcf478744032dc28a5339a5dee80d668b3c5fdc4d4bd75aeeb5d,20260929,249.997500,249.730535,249.611552,249.822465,249.997500,"f_readback (pl_clk0 PLL read-back, clock of record; f_meas is a cross-check only)"
2026-09-30T18:40:17+00:00,2d280c7862041cee1dd36a2ac164af8b7f9dcec3,False,2023.1,7b2dac6026acf6ae9e6d87f80a457fb07b6e56c167dd2a168593b2105c9e130e,ZynqMP KV260 revB machine-id:a435d1c5,shapes,61,249.997500,hw,,1,fd880d43,kria,pynq Clocks.fclk0_mhz readback,2d280c7862041cee1dd36a2ac164af8b7f9dcec3,857066b70a20fcf478744032dc28a5339a5dee80d668b3c5fdc4d4bd75aeeb5d,2d280c7862041cee1dd36a2ac164af8b7f9dcec3,False,pynq,1,True,s2.shapes,performance,1333333,3,36.309,paper-grade environment,"A3-general random shapes, measured on KV260",61,J0061,fc,201,1,False,act1,done,0x00000000,0x00000000,,True,76,76,0,0,459,459,459,462,462,462,430,430,430,0,0,True,True,compared,1,13.593,True,,,,,,,,,,,,,,,,,,37bdfbaacba1dc000701ad690b261df81455d7636899da8f14a207513c831280,857066b70a20fcf478744032dc28a5339a5dee80d668b3c5fdc4d4bd75aeeb5d,20260929,249.997500,249.730535,249.611552,249.822465,249.997500,"f_readback (pl_clk0 PLL read-back, clock of record; f_meas is a cross-check only)"
2026-09-30T18:40:17+00:00,2d280c7862041cee1dd36a2ac164af8b7f9dcec3,False,2023.1,7b2dac6026acf6ae9e6d87f80a457fb07b6e56c167dd2a168593b2105c9e130e,ZynqMP KV260 revB machine-id:a435d1c5,shapes,27,249.997500,hw,,1,fd880d43,kria,pynq Clocks.fclk0_mhz readback,2d280c7862041cee1dd36a2ac164af8b7f9dcec3,857066b70a20fcf478744032dc28a5339a5dee80d668b3c5fdc4d4bd75aeeb5d,2d280c7862041cee1dd36a2ac164af8b7f9dcec3,False,pynq,1,True,s2.shapes,performance,1333333,3,36.309,paper-grade environment,"A3-general random shapes, measured on KV260",27,J0027,depth4_6,202,5,False,act1,done,0x00000000,0x00000000,,True,258,1290,0,0,"99029,14309,68717,59069,5213","99029,14309,68717,59069,5213","99029,14309,68717,59069,5213",246340,246340,246340,246192,246192,246192,0,0,True,True,compared,119,278.104,True,,,,,,,,,,,,,,,,,,37bdfbaacba1dc000701ad690b261df81455d7636899da8f14a207513c831280,857066b70a20fcf478744032dc28a5339a5dee80d668b3c5fdc4d4bd75aeeb5d,20260929,249.997500,249.730535,249.611552,249.822465,249.997500,"f_readback (pl_clk0 PLL read-back, clock of record; f_meas is a cross-check only)"
2026-09-30T18:40:17+00:00,2d280c7862041cee1dd36a2ac164af8b7f9dcec3,False,2023.1,7b2dac6026acf6ae9e6d87f80a457fb07b6e56c167dd2a168593b2105c9e130e,ZynqMP KV260 revB machine-id:a435d1c5,shapes,215,249.997500,hw,,1,fd880d43,kria,pynq Clocks.fclk0_mhz readback,2d280c7862041cee1dd36a2ac164af8b7f9dcec3,857066b70a20fcf478744032dc28a5339a5dee80d668b3c5fdc4d4bd75aeeb5d,2d280c7862041cee1dd36a2ac164af8b7f9dcec3,False,pynq,1,True,s2.shapes,performance,1333333,3,36.309,paper-grade environment,"A3-general random shapes, measured on KV260",215,J0215,head_raw,203,1,False,raw,done,0x00000000,0x00000000,,True,11,44,0,0,333,333,333,336,336,336,304,304,304,0,0,True,True,compared,1,7.523,True,,,,,,,,,,,,,,,,,,37bdfbaacba1dc000701ad690b261df81455d7636899da8f14a207513c831280,857066b70a20fcf478744032dc28a5339a5dee80d668b3c5fdc4d4bd75aeeb5d,20260929,249.997500,249.730535,249.611552,249.822465,249.997500,"f_readback (pl_clk0 PLL read-back, clock of record; f_meas is a cross-check only)"
2026-09-30T18:40:17+00:00,2d280c7862041cee1dd36a2ac164af8b7f9dcec3,False,2023.1,7b2dac6026acf6ae9e6d87f80a457fb07b6e56c167dd2a168593b2105c9e130e,ZynqMP KV260 revB machine-id:a435d1c5,shapes,221,249.997500,hw,,1,fd880d43,kria,pynq Clocks.fclk0_mhz readback,2d280c7862041cee1dd36a2ac164af8b7f9dcec3,857066b70a20fcf478744032dc28a5339a5dee80d668b3c5fdc4d4bd75aeeb5d,2d280c7862041cee1dd36a2ac164af8b7f9dcec3,False,pynq,1,True,s2.shapes,performance,1333333,3,36.309,paper-grade environment,"A3-general random shapes, measured on KV260",221,J0221,tails,204,1,False,act1,done,0x00000000,0x00000000,,True,75,225,0,0,509,509,509,512,512,512,480,480,480,0,0,True,True,compared,1,5.381,True,,,,,,,,,,,,,,,,,,37bdfbaacba1dc000701ad690b261df81455d7636899da8f14a207513c831280,857066b70a20fcf478744032dc28a5339a5dee80d668b3c5fdc4d4bd75aeeb5d,20260929,249.997500,249.730535,249.611552,249.822465,249.997500,"f_readback (pl_clk0 PLL read-back, clock of record; f_meas is a cross-check only)"
2026-09-30T18:40:17+00:00,2d280c7862041cee1dd36a2ac164af8b7f9dcec3,False,2023.1,7b2dac6026acf6ae9e6d87f80a457fb07b6e56c167dd2a168593b2105c9e130e,ZynqMP KV260 revB machine-id:a435d1c5,shapes,227,249.997500,hw,,1,fd880d43,kria,pynq Clocks.fclk0_mhz readback,2d280c7862041cee1dd36a2ac164af8b7f9dcec3,857066b70a20fcf478744032dc28a5339a5dee80d668b3c5fdc4d4bd75aeeb5d,2d280c7862041cee1dd36a2ac164af8b7f9dcec3,False,pynq,1,True,s2.shapes,performance,1333333,3,36.309,paper-grade environment,"A3-general random shapes, measured on KV260",227,J0227,conv,205,1,False,act1,done,0x00000000,0x00000000,,True,1404,1404,0,0,33293,33293,33293,33296,33296,33296,33264,33264,33264,0,0,True,True,compared,16,69.109,True,,,,,,,,,,,,,,,,,,37bdfbaacba1dc000701ad690b261df81455d7636899da8f14a207513c831280,857066b70a20fcf478744032dc28a5339a5dee80d668b3c5fdc4d4bd75aeeb5d,20260929,249.997500,249.730535,249.611552,249.822465,249.997500,"f_readback (pl_clk0 PLL read-back, clock of record; f_meas is a cross-check only)"
2026-09-30T18:40:17+00:00,2d280c7862041cee1dd36a2ac164af8b7f9dcec3,False,2023.1,7b2dac6026acf6ae9e6d87f80a457fb07b6e56c167dd2a168593b2105c9e130e,ZynqMP KV260 revB machine-id:a435d1c5,shapes,123,249.997500,hw,,1,fd880d43,kria,pynq Clocks.fclk0_mhz readback,2d280c7862041cee1dd36a2ac164af8b7f9dcec3,857066b70a20fcf478744032dc28a5339a5dee80d668b3c5fdc4d4bd75aeeb5d,2d280c7862041cee1dd36a2ac164af8b7f9dcec3,False,pynq,1,True,s2.shapes,performance,1333333,3,36.309,paper-grade environment,"A3-general random shapes, measured on KV260",123,J0123,pointwise,206,1,False,act1,done,0x00000000,0x00000000,,True,150,900,0,0,3029,3029,3029,3032,3032,3032,3000,3000,3000,0,0,True,True,compared,1,57.808,True,,,,,,,,,,,,,,,,,,37bdfbaacba1dc000701ad690b261df81455d7636899da8f14a207513c831280,857066b70a20fcf478744032dc28a5339a5dee80d668b3c5fdc4d4bd75aeeb5d,20260929,249.997500,249.730535,249.611552,249.822465,249.997500,"f_readback (pl_clk0 PLL read-back, clock of record; f_meas is a cross-check only)"
2026-09-30T18:40:17+00:00,2d280c7862041cee1dd36a2ac164af8b7f9dcec3,False,2023.1,7b2dac6026acf6ae9e6d87f80a457fb07b6e56c167dd2a168593b2105c9e130e,ZynqMP KV260 revB machine-id:a435d1c5,shapes,105,249.997500,hw,,1,fd880d43,kria,pynq Clocks.fclk0_mhz readback,2d280c7862041cee1dd36a2ac164af8b7f9dcec3,857066b70a20fcf478744032dc28a5339a5dee80d668b3c5fdc4d4bd75aeeb5d,2d280c7862041cee1dd36a2ac164af8b7f9dcec3,False,pynq,1,True,s2.shapes,performance,1333333,3,36.309,paper-grade environment,"A3-general random shapes, measured on KV260",105,J0105,depth2_3,207,3,False,raw,done,0x00000000,0x00000000,,True,1,4,0,0,"13637,4517,1595","13637,4517,1595","13637,4517,1595",19752,19752,19752,19662,19662,19662,0,0,True,True,compared,9,93.673,True,,,,,,,,,,,,,,,,,,37bdfbaacba1dc000701ad690b261df81455d7636899da8f14a207513c831280,857066b70a20fcf478744032dc28a5339a5dee80d668b3c5fdc4d4bd75aeeb5d,20260929,249.997500,249.730535,249.611552,249.822465,249.997500,"f_readback (pl_clk0 PLL read-back, clock of record; f_meas is a cross-check only)"
2026-09-30T18:40:17+00:00,2d280c7862041cee1dd36a2ac164af8b7f9dcec3,False,2023.1,7b2dac6026acf6ae9e6d87f80a457fb07b6e56c167dd2a168593b2105c9e130e,ZynqMP KV260 revB machine-id:a435d1c5,shapes,218,249.997500,hw,,1,fd880d43,kria,pynq Clocks.fclk0_mhz readback,2d280c7862041cee1dd36a2ac164af8b7f9dcec3,857066b70a20fcf478744032dc28a5339a5dee80d668b3c5fdc4d4bd75aeeb5d,2d280c7862041cee1dd36a2ac164af8b7f9dcec3,False,pynq,1,True,s2.shapes,performance,1333333,3,36.309,paper-grade environment,"A3-general random shapes, measured on KV260",218,J0218,tiny,208,1,False,act1,done,0x00000000,0x00000000,,True,16,16,0,0,869,869,869,872,872,872,840,840,840,0,0,True,True,compared,1,18.766,True,,,,,,,,,,,,,,,,,,37bdfbaacba1dc000701ad690b261df81455d7636899da8f14a207513c831280,857066b70a20fcf478744032dc28a5339a5dee80d668b3c5fdc4d4bd75aeeb5d,20260929,249.997500,249.730535,249.611552,249.822465,249.997500,"f_readback (pl_clk0 PLL read-back, clock of record; f_meas is a cross-check only)"
2026-09-30T18:40:17+00:00,2d280c7862041cee1dd36a2ac164af8b7f9dcec3,False,2023.1,7b2dac6026acf6ae9e6d87f80a457fb07b6e56c167dd2a168593b2105c9e130e,ZynqMP KV260 revB machine-id:a435d1c5,shapes,68,249.997500,hw,,1,fd880d43,kria,pynq Clocks.fclk0_mhz readback,2d280c7862041cee1dd36a2ac164af8b7f9dcec3,857066b70a20fcf478744032dc28a5339a5dee80d668b3c5fdc4d4bd75aeeb5d,2d280c7862041cee1dd36a2ac164af8b7f9dcec3,False,pynq,1,True,s2.shapes,performance,1333333,3,36.309,paper-grade environment,"A3-general random shapes, measured on KV260",68,J0068,depth7_8,209,7,False,act1,done,0x00000000,0x00000000,,True,3,3,0,0,"317,1629,413,269,141,272,49","317,1629,413,269,141,272,49","317,1629,413,269,141,272,49",3093,3093,3093,2887,2887,2887,0,0,True,True,compared,2,38.309,True,,,,,,,,,,,,,,,,,,37bdfbaacba1dc000701ad690b261df81455d7636899da8f14a207513c831280,857066b70a20fcf478744032dc28a5339a5dee80d668b3c5fdc4d4bd75aeeb5d,20260929,249.997500,249.730535,249.611552,249.822465,249.997500,"f_readback (pl_clk0 PLL read-back, clock of record; f_meas is a cross-check only)"
2026-09-30T18:40:17+00:00,2d280c7862041cee1dd36a2ac164af8b7f9dcec3,False,2023.1,7b2dac6026acf6ae9e6d87f80a457fb07b6e56c167dd2a168593b2105c9e130e,ZynqMP KV260 revB machine-id:a435d1c5,shapes,62,249.997500,hw,,1,fd880d43,kria,pynq Clocks.fclk0_mhz readback,2d280c7862041cee1dd36a2ac164af8b7f9dcec3,857066b70a20fcf478744032dc28a5339a5dee80d668b3c5fdc4d4bd75aeeb5d,2d280c7862041cee1dd36a2ac164af8b7f9dcec3,False,pynq,1,True,s2.shapes,performance,1333333,3,36.309,paper-grade environment,"A3-general random shapes, measured on KV260",62,J0062,conv_pool,210,1,False,act1,done,0x00000000,0x00000000,,True,50,350,0,0,12017,12017,12017,12020,12020,12020,11988,11988,11988,0,0,True,True,compared,6,37.888,True,,,,,,,,,,,,,,,,,,37bdfbaacba1dc000701ad690b261df81455d7636899da8f14a207513c831280,857066b70a20fcf478744032dc28a5339a5dee80d668b3c5fdc4d4bd75aeeb5d,20260929,249.997500,249.730535,249.611552,249.822465,249.997500,"f_readback (pl_clk0 PLL read-back, clock of record; f_meas is a cross-check only)"
2026-09-30T18:40:17+00:00,2d280c7862041cee1dd36a2ac164af8b7f9dcec3,False,2023.1,7b2dac6026acf6ae9e6d87f80a457fb07b6e56c167dd2a168593b2105c9e130e,ZynqMP KV260 revB machine-id:a435d1c5,shapes,290,249.997500,hw,,1,fd880d43,kria,pynq Clocks.fclk0_mhz readback,2d280c7862041cee1dd36a2ac164af8b7f9dcec3,857066b70a20fcf478744032dc28a5339a5dee80d668b3c5fdc4d4bd75aeeb5d,2d280c7862041cee1dd36a2ac164af8b7f9dcec3,False,pynq,1,True,s2.shapes,performance,1333333,3,36.309,paper-grade environment,"A3-general random shapes, measured on KV260",290,J0290,fc,211,3,False,act1,done,0x00000000,0x00000000,,True,110,110,0,0,"275,357,841","275,357,841","275,357,841",1476,1476,1476,1386,1386,1386,0,0,True,True,compared,1,36.127,True,,,,,,,,,,,,,,,,,,37bdfbaacba1dc000701ad690b261df81455d7636899da8f14a207513c831280,857066b70a20fcf478744032dc28a5339a5dee80d668b3c5fdc4d4bd75aeeb5d,20260929,249.997500,249.730535,249.611552,249.822465,249.997500,"f_readback (pl_clk0 PLL read-back, clock of record; f_meas is a cross-check only)"
2026-09-30T18:40:17+00:00,2d280c7862041cee1dd36a2ac164af8b7f9dcec3,False,2023.1,7b2dac6026acf6ae9e6d87f80a457fb07b6e56c167dd2a168593b2105c9e130e,ZynqMP KV260 revB machine-id:a435d1c5,shapes,52,249.997500,hw,,1,fd880d43,kria,pynq Clocks.fclk0_mhz readback,2d280c7862041cee1dd36a2ac164af8b7f9dcec3,857066b70a20fcf478744032dc28a5339a5dee80d668b3c5fdc4d4bd75aeeb5d,2d280c7862041cee1dd36a2ac164af8b7f9dcec3,False,pynq,1,True,s2.shapes,performance,1333333,3,36.309,paper-grade environment,"A3-general random shapes, measured on KV260",52,J0052,depth4_6,212,5,False,act1,done,0x00000000,0x00000000,,True,75,475,0,0,"16877,4709,27029,1604,2279","16877,4709,27029,1604,2279","16877,4709,27029,1604,2279",52501,52501,52501,52353,52353,52353,0,0,True,True,compared,25,67.403,True,,,,,,,,,,,,,,,,,,37bdfbaacba1dc000701ad690b261df81455d7636899da8f14a207513c831280,857066b70a20fcf478744032dc28a5339a5dee80d668b3c5fdc4d4bd75aeeb5d,20260929,249.997500,249.730535,249.611552,249.822465,249.997500,"f_readback (pl_clk0 PLL read-back, clock of record; f_meas is a cross-check only)"
2026-09-30T18:40:17+00:00,2d280c7862041cee1dd36a2ac164af8b7f9dcec3,False,2023.1,7b2dac6026acf6ae9e6d87f80a457fb07b6e56c167dd2a168593b2105c9e130e,ZynqMP KV260 revB machine-id:a435d1c5,shapes,126,249.997500,hw,,1,fd880d43,kria,pynq Clocks.fclk0_mhz readback,2d280c7862041cee1dd36a2ac164af8b7f9dcec3,857066b70a20fcf478744032dc28a5339a5dee80d668b3c5fdc4d4bd75aeeb5d,2d280c7862041cee1dd36a2ac164af8b7f9dcec3,False,pynq,1,True,s2.shapes,performance,1333333,3,36.309,paper-grade environment,"A3-general random shapes, measured on KV260",126,J0126,head_raw,213,1,False,raw,done,0x00000000,0x00000000,,True,8,32,0,0,509,509,509,512,512,512,480,480,480,0,0,True,True,compared,1,12.443,True,,,,,,,,,,,,,,,,,,37bdfbaacba1dc000701ad690b261df81455d7636899da8f14a207513c831280,857066b70a20fcf478744032dc28a5339a5dee80d668b3c5fdc4d4bd75aeeb5d,20260929,249.997500,249.730535,249.611552,249.822465,249.997500,"f_readback (pl_clk0 PLL read-back, clock of record; f_meas is a cross-check only)"
2026-09-30T18:40:17+00:00,2d280c7862041cee1dd36a2ac164af8b7f9dcec3,False,2023.1,7b2dac6026acf6ae9e6d87f80a457fb07b6e56c167dd2a168593b2105c9e130e,ZynqMP KV260 revB machine-id:a435d1c5,shapes,295,249.997500,hw,,1,fd880d43,kria,pynq Clocks.fclk0_mhz readback,2d280c7862041cee1dd36a2ac164af8b7f9dcec3,857066b70a20fcf478744032dc28a5339a5dee80d668b3c5fdc4d4bd75aeeb5d,2d280c7862041cee1dd36a2ac164af8b7f9dcec3,False,pynq,1,True,s2.shapes,performance,1333333,3,36.309,paper-grade environment,"A3-general random shapes, measured on KV260",295,J0295,tails,214,2,False,act0,done,0x00000000,0x00000000,,True,486,1944,0,0,"116453,33482","116453,33482","116453,33482",149938,149938,149938,149877,149877,149877,0,0,True,True,compared,72,288.180,True,,,,,,,,,,,,,,,,,,37bdfbaacba1dc000701ad690b261df81455d7636899da8f14a207513c831280,857066b70a20fcf478744032dc28a5339a5dee80d668b3c5fdc4d4bd75aeeb5d,20260929,249.997500,249.730535,249.611552,249.822465,249.997500,"f_readback (pl_clk0 PLL read-back, clock of record; f_meas is a cross-check only)"
2026-09-30T18:40:17+00:00,2d280c7862041cee1dd36a2ac164af8b7f9dcec3,False,2023.1,7b2dac6026acf6ae9e6d87f80a457fb07b6e56c167dd2a168593b2105c9e130e,ZynqMP KV260 revB machine-id:a435d1c5,shapes,33,249.997500,hw,,1,fd880d43,kria,pynq Clocks.fclk0_mhz readback,2d280c7862041cee1dd36a2ac164af8b7f9dcec3,857066b70a20fcf478744032dc28a5339a5dee80d668b3c5fdc4d4bd75aeeb5d,2d280c7862041cee1dd36a2ac164af8b7f9dcec3,False,pynq,1,True,s2.shapes,performance,1333333,3,36.309,paper-grade environment,"A3-general random shapes, measured on KV260",33,J0033,conv,215,1,False,act1,done,0x00000000,0x00000000,,True,770,6160,0,0,21149,21149,21149,21152,21152,21152,21120,21120,21120,0,0,True,True,compared,10,81.839,True,,,,,,,,,,,,,,,,,,37bdfbaacba1dc000701ad690b261df81455d7636899da8f14a207513c831280,857066b70a20fcf478744032dc28a5339a5dee80d668b3c5fdc4d4bd75aeeb5d,20260929,249.997500,249.730535,249.611552,249.822465,249.997500,"f_readback (pl_clk0 PLL read-back, clock of record; f_meas is a cross-check only)"
2026-09-30T18:40:17+00:00,2d280c7862041cee1dd36a2ac164af8b7f9dcec3,False,2023.1,7b2dac6026acf6ae9e6d87f80a457fb07b6e56c167dd2a168593b2105c9e130e,ZynqMP KV260 revB machine-id:a435d1c5,shapes,118,249.997500,hw,,1,fd880d43,kria,pynq Clocks.fclk0_mhz readback,2d280c7862041cee1dd36a2ac164af8b7f9dcec3,857066b70a20fcf478744032dc28a5339a5dee80d668b3c5fdc4d4bd75aeeb5d,2d280c7862041cee1dd36a2ac164af8b7f9dcec3,False,pynq,1,True,s2.shapes,performance,1333333,3,36.309,paper-grade environment,"A3-general random shapes, measured on KV260",118,J0118,pointwise,216,1,False,act1,done,0x00000000,0x00000000,,True,840,6384,0,0,9059,9059,9059,9062,9062,9062,9030,9030,9030,0,0,True,True,compared,4,50.308,True,,,,,,,,,,,,,,,,,,37bdfbaacba1dc000701ad690b261df81455d7636899da8f14a207513c831280,857066b70a20fcf478744032dc28a5339a5dee80d668b3c5fdc4d4bd75aeeb5d,20260929,249.997500,249.730535,249.611552,249.822465,249.997500,"f_readback (pl_clk0 PLL read-back, clock of record; f_meas is a cross-check only)"
2026-09-30T18:40:17+00:00,2d280c7862041cee1dd36a2ac164af8b7f9dcec3,False,2023.1,7b2dac6026acf6ae9e6d87f80a457fb07b6e56c167dd2a168593b2105c9e130e,ZynqMP KV260 revB machine-id:a435d1c5,shapes,66,249.997500,hw,,1,fd880d43,kria,pynq Clocks.fclk0_mhz readback,2d280c7862041cee1dd36a2ac164af8b7f9dcec3,857066b70a20fcf478744032dc28a5339a5dee80d668b3c5fdc4d4bd75aeeb5d,2d280c7862041cee1dd36a2ac164af8b7f9dcec3,False,pynq,1,True,s2.shapes,performance,1333333,3,36.309,paper-grade environment,"A3-general random shapes, measured on KV260",66,J0066,depth2_3,217,3,False,act1,done,0x00000000,0x00000000,,True,1050,1050,0,0,"12989,12473,18659","12989,12473,18659","12989,12473,18659",44124,44124,44124,44034,44034,44034,0,0,True,True,compared,21,76.084,True,,,,,,,,,,,,,,,,,,37bdfbaacba1dc000701ad690b261df81455d7636899da8f14a207513c831280,857066b70a20fcf478744032dc28a5339a5dee80d668b3c5fdc4d4bd75aeeb5d,20260929,249.997500,249.730535,249.611552,249.822465,249.997500,"f_readback (pl_clk0 PLL read-back, clock of record; f_meas is a cross-check only)"
2026-09-30T18:40:17+00:00,2d280c7862041cee1dd36a2ac164af8b7f9dcec3,False,2023.1,7b2dac6026acf6ae9e6d87f80a457fb07b6e56c167dd2a168593b2105c9e130e,ZynqMP KV260 revB machine-id:a435d1c5,shapes,204,249.997500,hw,,1,fd880d43,kria,pynq Clocks.fclk0_mhz readback,2d280c7862041cee1dd36a2ac164af8b7f9dcec3,857066b70a20fcf478744032dc28a5339a5dee80d668b3c5fdc4d4bd75aeeb5d,2d280c7862041cee1dd36a2ac164af8b7f9dcec3,False,pynq,1,True,s2.shapes,performance,1333333,3,36.309,paper-grade environment,"A3-general random shapes, measured on KV260",204,J0204,tiny,218,2,False,act0,done,0x00000000,0x00000000,,True,3,6,0,0,"253,704","253,704","253,704",960,960,960,899,899,899,0,0,True,True,compared,1,6.731,True,,,,,,,,,,,,,,,,,,37bdfbaacba1dc000701ad690b261df81455d7636899da8f14a207513c831280,857066b70a20fcf478744032dc28a5339a5dee80d668b3c5fdc4d4bd75aeeb5d,20260929,249.997500,249.730535,249.611552,249.822465,249.997500,"f_readback (pl_clk0 PLL read-back, clock of record; f_meas is a cross-check only)"
2026-09-30T18:40:17+00:00,2d280c7862041cee1dd36a2ac164af8b7f9dcec3,False,2023.1,7b2dac6026acf6ae9e6d87f80a457fb07b6e56c167dd2a168593b2105c9e130e,ZynqMP KV260 revB machine-id:a435d1c5,shapes,77,249.997500,hw,,1,fd880d43,kria,pynq Clocks.fclk0_mhz readback,2d280c7862041cee1dd36a2ac164af8b7f9dcec3,857066b70a20fcf478744032dc28a5339a5dee80d668b3c5fdc4d4bd75aeeb5d,2d280c7862041cee1dd36a2ac164af8b7f9dcec3,False,pynq,1,True,s2.shapes,performance,1333333,3,36.309,paper-grade environment,"A3-general random shapes, measured on KV260",77,J0077,depth7_8,219,8,False,act0,done,0x00000000,0x00000000,,True,81,540,0,0,"71174,28189,38429,26237,7949,9749,31781,2945","71174,28189,38429,26237,7949,9749,31781,2945","71174,28189,38429,26237,7949,9749,31781,2945",216456,216456,216456,216221,216221,216221,0,0,True,True,compared,104,191.991,True,,,,,,,,,,,,,,,,,,37bdfbaacba1dc000701ad690b261df81455d7636899da8f14a207513c831280,857066b70a20fcf478744032dc28a5339a5dee80d668b3c5fdc4d4bd75aeeb5d,20260929,249.997500,249.730535,249.611552,249.822465,249.997500,"f_readback (pl_clk0 PLL read-back, clock of record; f_meas is a cross-check only)"
2026-09-30T18:40:17+00:00,2d280c7862041cee1dd36a2ac164af8b7f9dcec3,False,2023.1,7b2dac6026acf6ae9e6d87f80a457fb07b6e56c167dd2a168593b2105c9e130e,ZynqMP KV260 revB machine-id:a435d1c5,shapes,4,249.997500,hw,,1,fd880d43,kria,pynq Clocks.fclk0_mhz readback,2d280c7862041cee1dd36a2ac164af8b7f9dcec3,857066b70a20fcf478744032dc28a5339a5dee80d668b3c5fdc4d4bd75aeeb5d,2d280c7862041cee1dd36a2ac164af8b7f9dcec3,False,pynq,1,True,s2.shapes,performance,1333333,3,36.309,paper-grade environment,"A3-general random shapes, measured on KV260",4,J0004,conv_pool,220,1,False,act1,done,0x00000000,0x00000000,,True,488,3416,0,0,15389,15389,15389,15392,15392,15392,15360,15360,15360,0,0,True,True,compared,7,28.374,True,,,,,,,,,,,,,,,,,,37bdfbaacba1dc000701ad690b261df81455d7636899da8f14a207513c831280,857066b70a20fcf478744032dc28a5339a5dee80d668b3c5fdc4d4bd75aeeb5d,20260929,249.997500,249.730535,249.611552,249.822465,249.997500,"f_readback (pl_clk0 PLL read-back, clock of record; f_meas is a cross-check only)"
2026-09-30T18:40:17+00:00,2d280c7862041cee1dd36a2ac164af8b7f9dcec3,False,2023.1,7b2dac6026acf6ae9e6d87f80a457fb07b6e56c167dd2a168593b2105c9e130e,ZynqMP KV260 revB machine-id:a435d1c5,shapes,241,249.997500,hw,,1,fd880d43,kria,pynq Clocks.fclk0_mhz readback,2d280c7862041cee1dd36a2ac164af8b7f9dcec3,857066b70a20fcf478744032dc28a5339a5dee80d668b3c5fdc4d4bd75aeeb5d,2d280c7862041cee1dd36a2ac164af8b7f9dcec3,False,pynq,1,True,s2.shapes,performance,1333333,3,36.309,paper-grade environment,"A3-general random shapes, measured on KV260",241,J0241,fc,221,1,False,raw,done,0x00000000,0x00000000,,True,4,16,0,0,201,201,201,204,204,204,172,172,172,0,0,True,True,compared,1,7.247,True,,,,,,,,,,,,,,,,,,37bdfbaacba1dc000701ad690b261df81455d7636899da8f14a207513c831280,857066b70a20fcf478744032dc28a5339a5dee80d668b3c5fdc4d4bd75aeeb5d,20260929,249.997500,249.730535,249.611552,249.822465,249.997500,"f_readback (pl_clk0 PLL read-back, clock of record; f_meas is a cross-check only)"
2026-09-30T18:40:17+00:00,2d280c7862041cee1dd36a2ac164af8b7f9dcec3,False,2023.1,7b2dac6026acf6ae9e6d87f80a457fb07b6e56c167dd2a168593b2105c9e130e,ZynqMP KV260 revB machine-id:a435d1c5,shapes,169,249.997500,hw,,1,fd880d43,kria,pynq Clocks.fclk0_mhz readback,2d280c7862041cee1dd36a2ac164af8b7f9dcec3,857066b70a20fcf478744032dc28a5339a5dee80d668b3c5fdc4d4bd75aeeb5d,2d280c7862041cee1dd36a2ac164af8b7f9dcec3,False,pynq,1,True,s2.shapes,performance,1333333,3,36.309,paper-grade environment,"A3-general random shapes, measured on KV260",169,J0169,depth4_6,222,4,False,act0,done,0x00000000,0x00000000,,True,228,1748,0,0,"48539,90749,39773,12989","48539,90749,39773,12989","48539,90749,39773,12989",192053,192053,192053,191934,191934,191934,0,0,True,True,compared,93,164.404,True,,,,,,,,,,,,,,,,,,37bdfbaacba1dc000701ad690b261df81455d7636899da8f14a207513c831280,857066b70a20fcf478744032dc28a5339a5dee80d668b3c5fdc4d4bd75aeeb5d,20260929,249.997500,249.730535,249.611552,249.822465,249.997500,"f_readback (pl_clk0 PLL read-back, clock of record; f_meas is a cross-check only)"
2026-09-30T18:40:17+00:00,2d280c7862041cee1dd36a2ac164af8b7f9dcec3,False,2023.1,7b2dac6026acf6ae9e6d87f80a457fb07b6e56c167dd2a168593b2105c9e130e,ZynqMP KV260 revB machine-id:a435d1c5,shapes,174,249.997500,hw,,1,fd880d43,kria,pynq Clocks.fclk0_mhz readback,2d280c7862041cee1dd36a2ac164af8b7f9dcec3,857066b70a20fcf478744032dc28a5339a5dee80d668b3c5fdc4d4bd75aeeb5d,2d280c7862041cee1dd36a2ac164af8b7f9dcec3,False,pynq,1,True,s2.shapes,performance,1333333,3,36.309,paper-grade environment,"A3-general random shapes, measured on KV260",174,J0174,head_raw,223,1,False,raw,done,0x00000000,0x00000000,,True,13,52,0,0,749,749,749,752,752,752,720,720,720,0,0,True,True,compared,1,17.834,True,,,,,,,,,,,,,,,,,,37bdfbaacba1dc000701ad690b261df81455d7636899da8f14a207513c831280,857066b70a20fcf478744032dc28a5339a5dee80d668b3c5fdc4d4bd75aeeb5d,20260929,249.997500,249.730535,249.611552,249.822465,249.997500,"f_readback (pl_clk0 PLL read-back, clock of record; f_meas is a cross-check only)"
2026-09-30T18:40:17+00:00,2d280c7862041cee1dd36a2ac164af8b7f9dcec3,False,2023.1,7b2dac6026acf6ae9e6d87f80a457fb07b6e56c167dd2a168593b2105c9e130e,ZynqMP KV260 revB machine-id:a435d1c5,shapes,1,249.997500,hw,,1,fd880d43,kria,pynq Clocks.fclk0_mhz readback,2d280c7862041cee1dd36a2ac164af8b7f9dcec3,857066b70a20fcf478744032dc28a5339a5dee80d668b3c5fdc4d4bd75aeeb5d,2d280c7862041cee1dd36a2ac164af8b7f9dcec3,False,pynq,1,True,s2.shapes,performance,1333333,3,36.309,paper-grade environment,"A3-general random shapes, measured on KV260",1,J0001,tails,224,1,False,act1,done,0x00000000,0x00000000,,True,39,234,0,0,164,164,164,167,167,167,135,135,135,0,0,True,True,compared,1,5.749,True,,,,,,,,,,,,,,,,,,37bdfbaacba1dc000701ad690b261df81455d7636899da8f14a207513c831280,857066b70a20fcf478744032dc28a5339a5dee80d668b3c5fdc4d4bd75aeeb5d,20260929,249.997500,249.730535,249.611552,249.822465,249.997500,"f_readback (pl_clk0 PLL read-back, clock of record; f_meas is a cross-check only)"
2026-09-30T18:40:17+00:00,2d280c7862041cee1dd36a2ac164af8b7f9dcec3,False,2023.1,7b2dac6026acf6ae9e6d87f80a457fb07b6e56c167dd2a168593b2105c9e130e,ZynqMP KV260 revB machine-id:a435d1c5,shapes,72,249.997500,hw,,1,fd880d43,kria,pynq Clocks.fclk0_mhz readback,2d280c7862041cee1dd36a2ac164af8b7f9dcec3,857066b70a20fcf478744032dc28a5339a5dee80d668b3c5fdc4d4bd75aeeb5d,2d280c7862041cee1dd36a2ac164af8b7f9dcec3,False,pynq,1,True,s2.shapes,performance,1333333,3,36.309,paper-grade environment,"A3-general random shapes, measured on KV260",72,J0072,conv,225,1,False,act1,done,0x00000000,0x00000000,,True,660,5082,0,0,35669,35669,35669,35672,35672,35672,35640,35640,35640,0,0,True,True,compared,17,101.740,True,,,,,,,,,,,,,,,,,,37bdfbaacba1dc000701ad690b261df81455d7636899da8f14a207513c831280,857066b70a20fcf478744032dc28a5339a5dee80d668b3c5fdc4d4bd75aeeb5d,20260929,249.997500,249.730535,249.611552,249.822465,249.997500,"f_readback (pl_clk0 PLL read-back, clock of record; f_meas is a cross-check only)"
2026-09-30T18:40:17+00:00,2d280c7862041cee1dd36a2ac164af8b7f9dcec3,False,2023.1,7b2dac6026acf6ae9e6d87f80a457fb07b6e56c167dd2a168593b2105c9e130e,ZynqMP KV260 revB machine-id:a435d1c5,shapes,291,249.997500,hw,,1,fd880d43,kria,pynq Clocks.fclk0_mhz readback,2d280c7862041cee1dd36a2ac164af8b7f9dcec3,857066b70a20fcf478744032dc28a5339a5dee80d668b3c5fdc4d4bd75aeeb5d,2d280c7862041cee1dd36a2ac164af8b7f9dcec3,False,pynq,1,True,s2.shapes,performance,1333333,3,36.309,paper-grade environment,"A3-general random shapes, measured on KV260",291,J0291,pointwise,226,1,False,act1,done,0x00000000,0x00000000,,True,2204,14877,0,0,15533,15533,15533,15536,15536,15536,15504,15504,15504,0,0,True,True,compared,7,109.691,True,,,,,,,,,,,,,,,,,,37bdfbaacba1dc000701ad690b261df81455d7636899da8f14a207513c831280,857066b70a20fcf478744032dc28a5339a5dee80d668b3c5fdc4d4bd75aeeb5d,20260929,249.997500,249.730535,249.611552,249.822465,249.997500,"f_readback (pl_clk0 PLL read-back, clock of record; f_meas is a cross-check only)"
2026-09-30T18:40:17+00:00,2d280c7862041cee1dd36a2ac164af8b7f9dcec3,False,2023.1,7b2dac6026acf6ae9e6d87f80a457fb07b6e56c167dd2a168593b2105c9e130e,ZynqMP KV260 revB machine-id:a435d1c5,shapes,34,249.997500,hw,,1,fd880d43,kria,pynq Clocks.fclk0_mhz readback,2d280c7862041cee1dd36a2ac164af8b7f9dcec3,857066b70a20fcf478744032dc28a5339a5dee80d668b3c5fdc4d4bd75aeeb5d,2d280c7862041cee1dd36a2ac164af8b7f9dcec3,False,pynq,1,True,s2.shapes,performance,1333333,3,36.309,paper-grade environment,"A3-general random shapes, measured on KV260",34,J0034,depth2_3,227,2,False,act0,done,0x00000000,0x00000000,,True,144,1080,0,0,"117629,16669","117629,16669","117629,16669",134301,134301,134301,134240,134240,134240,0,0,True,True,compared,64,180.296,True,,,,,,,,,,,,,,,,,,37bdfbaacba1dc000701ad690b261df81455d7636899da8f14a207513c831280,857066b70a20fcf478744032dc28a5339a5dee80d668b3c5fdc4d4bd75aeeb5d,20260929,249.997500,249.730535,249.611552,249.822465,249.997500,"f_readback (pl_clk0 PLL read-back, clock of record; f_meas is a cross-check only)"
2026-09-30T18:40:17+00:00,2d280c7862041cee1dd36a2ac164af8b7f9dcec3,False,2023.1,7b2dac6026acf6ae9e6d87f80a457fb07b6e56c167dd2a168593b2105c9e130e,ZynqMP KV260 revB machine-id:a435d1c5,shapes,181,249.997500,hw,,1,fd880d43,kria,pynq Clocks.fclk0_mhz readback,2d280c7862041cee1dd36a2ac164af8b7f9dcec3,857066b70a20fcf478744032dc28a5339a5dee80d668b3c5fdc4d4bd75aeeb5d,2d280c7862041cee1dd36a2ac164af8b7f9dcec3,False,pynq,1,True,s2.shapes,performance,1333333,3,36.309,paper-grade environment,"A3-general random shapes, measured on KV260",181,J0181,depth7_8,228,8,False,act0,done,0x00000000,0x00000000,,True,100,800,0,0,"18929,7421,1415,5699,5321,5909,1289,589","18929,7421,1415,5699,5321,5909,1289,589","18929,7421,1415,5699,5321,5909,1289,589",46575,46575,46575,46340,46340,46340,0,0,True,True,compared,22,77.631,True,,,,,,,,,,,,,,,,,,37bdfbaacba1dc000701ad690b261df81455d7636899da8f14a207513c831280,857066b70a20fcf478744032dc28a5339a5dee80d668b3c5fdc4d4bd75aeeb5d,20260929,249.997500,249.730535,249.611552,249.822465,249.997500,"f_readback (pl_clk0 PLL read-back, clock of record; f_meas is a cross-check only)"
2026-09-30T18:40:17+00:00,2d280c7862041cee1dd36a2ac164af8b7f9dcec3,False,2023.1,7b2dac6026acf6ae9e6d87f80a457fb07b6e56c167dd2a168593b2105c9e130e,ZynqMP KV260 revB machine-id:a435d1c5,shapes,5,249.997500,hw,,1,fd880d43,kria,pynq Clocks.fclk0_mhz readback,2d280c7862041cee1dd36a2ac164af8b7f9dcec3,857066b70a20fcf478744032dc28a5339a5dee80d668b3c5fdc4d4bd75aeeb5d,2d280c7862041cee1dd36a2ac164af8b7f9dcec3,False,pynq,1,True,s2.shapes,performance,1333333,3,36.309,paper-grade environment,"A3-general random shapes, measured on KV260",5,J0005,conv_pool,229,1,False,act1,done,0x00000000,0x00000000,,True,1125,2250,0,0,34529,34529,34529,34532,34532,34532,34500,34500,34500,0,0,True,True,compared,16,56.309,True,,,,,,,,,,,,,,,,,,37bdfbaacba1dc000701ad690b261df81455d7636899da8f14a207513c831280,857066b70a20fcf478744032dc28a5339a5dee80d668b3c5fdc4d4bd75aeeb5d,20260929,249.997500,249.730535,249.611552,249.822465,249.997500,"f_readback (pl_clk0 PLL read-back, clock of record; f_meas is a cross-check only)"
2026-09-30T18:40:17+00:00,2d280c7862041cee1dd36a2ac164af8b7f9dcec3,False,2023.1,7b2dac6026acf6ae9e6d87f80a457fb07b6e56c167dd2a168593b2105c9e130e,ZynqMP KV260 revB machine-id:a435d1c5,shapes,210,249.997500,hw,,1,fd880d43,kria,pynq Clocks.fclk0_mhz readback,2d280c7862041cee1dd36a2ac164af8b7f9dcec3,857066b70a20fcf478744032dc28a5339a5dee80d668b3c5fdc4d4bd75aeeb5d,2d280c7862041cee1dd36a2ac164af8b7f9dcec3,False,pynq,1,True,s2.shapes,performance,1333333,3,36.309,paper-grade environment,"A3-general random shapes, measured on KV260",210,J0210,fc,230,3,False,raw,done,0x00000000,0x00000000,,True,2,8,0,0,"1633,464,144","1633,464,144","1633,464,144",2244,2244,2244,2154,2154,2154,0,0,True,True,compared,1,53.651,True,,,,,,,,,,,,,,,,,,37bdfbaacba1dc000701ad690b261df81455d7636899da8f14a207513c831280,857066b70a20fcf478744032dc28a5339a5dee80d668b3c5fdc4d4bd75aeeb5d,20260929,249.997500,249.730535,249.611552,249.822465,249.997500,"f_readback (pl_clk0 PLL read-back, clock of record; f_meas is a cross-check only)"
2026-09-30T18:40:17+00:00,2d280c7862041cee1dd36a2ac164af8b7f9dcec3,False,2023.1,7b2dac6026acf6ae9e6d87f80a457fb07b6e56c167dd2a168593b2105c9e130e,ZynqMP KV260 revB machine-id:a435d1c5,shapes,117,249.997500,hw,,1,fd880d43,kria,pynq Clocks.fclk0_mhz readback,2d280c7862041cee1dd36a2ac164af8b7f9dcec3,857066b70a20fcf478744032dc28a5339a5dee80d668b3c5fdc4d4bd75aeeb5d,2d280c7862041cee1dd36a2ac164af8b7f9dcec3,False,pynq,1,True,s2.shapes,performance,1333333,3,36.309,paper-grade environment,"A3-general random shapes, measured on KV260",117,J0117,depth4_6,231,6,False,act0,done,0x00000000,0x00000000,,True,45,285,0,0,"10829,5645,3101,785,461,317","10829,5645,3101,785,461,317","10829,5645,3101,785,461,317",21141,21141,21141,20964,20964,20964,0,0,True,True,compared,10,60.392,True,,,,,,,,,,,,,,,,,,37bdfbaacba1dc000701ad690b261df81455d7636899da8f14a207513c831280,857066b70a20fcf478744032dc28a5339a5dee80d668b3c5fdc4d4bd75aeeb5d,20260929,249.997500,249.730535,249.611552,249.822465,249.997500,"f_readback (pl_clk0 PLL read-back, clock of record; f_meas is a cross-check only)"
2026-09-30T18:40:17+00:00,2d280c7862041cee1dd36a2ac164af8b7f9dcec3,False,2023.1,7b2dac6026acf6ae9e6d87f80a457fb07b6e56c167dd2a168593b2105c9e130e,ZynqMP KV260 revB machine-id:a435d1c5,shapes,120,249.997500,hw,,1,fd880d43,kria,pynq Clocks.fclk0_mhz readback,2d280c7862041cee1dd36a2ac164af8b7f9dcec3,857066b70a20fcf478744032dc28a5339a5dee80d668b3c5fdc4d4bd75aeeb5d,2d280c7862041cee1dd36a2ac164af8b7f9dcec3,False,pynq,1,True,s2.shapes,performance,1333333,3,36.309,paper-grade environment,"A3-general random shapes, measured on KV260",120,J0120,head_raw,232,1,False,raw,done,0x00000000,0x00000000,,True,7,28,0,0,197,197,197,200,200,200,168,168,168,0,0,True,True,compared,1,6.670,True,,,,,,,,,,,,,,,,,,37bdfbaacba1dc000701ad690b261df81455d7636899da8f14a207513c831280,857066b70a20fcf478744032dc28a5339a5dee80d668b3c5fdc4d4bd75aeeb5d,20260929,249.997500,249.730535,249.611552,249.822465,249.997500,"f_readback (pl_clk0 PLL read-back, clock of record; f_meas is a cross-check only)"
2026-09-30T18:40:17+00:00,2d280c7862041cee1dd36a2ac164af8b7f9dcec3,False,2023.1,7b2dac6026acf6ae9e6d87f80a457fb07b6e56c167dd2a168593b2105c9e130e,ZynqMP KV260 revB machine-id:a435d1c5,shapes,289,249.997500,hw,,1,fd880d43,kria,pynq Clocks.fclk0_mhz readback,2d280c7862041cee1dd36a2ac164af8b7f9dcec3,857066b70a20fcf478744032dc28a5339a5dee80d668b3c5fdc4d4bd75aeeb5d,2d280c7862041cee1dd36a2ac164af8b7f9dcec3,False,pynq,1,True,s2.shapes,performance,1333333,3,36.309,paper-grade environment,"A3-general random shapes, measured on KV260",289,J0289,tails,233,2,False,act0,done,0x00000000,0x00000000,,True,1938,10982,0,0,"36737,126254","36737,126254","36737,126254",162994,162994,162994,162933,162933,162933,0,0,True,True,compared,78,125.778,True,,,,,,,,,,,,,,,,,,37bdfbaacba1dc000701ad690b261df81455d7636899da8f14a207513c831280,857066b70a20fcf478744032dc28a5339a5dee80d668b3c5fdc4d4bd75aeeb5d,20260929,249.997500,249.730535,249.611552,249.822465,249.997500,"f_readback (pl_clk0 PLL read-back, clock of record; f_meas is a cross-check only)"
2026-09-30T18:40:17+00:00,2d280c7862041cee1dd36a2ac164af8b7f9dcec3,False,2023.1,7b2dac6026acf6ae9e6d87f80a457fb07b6e56c167dd2a168593b2105c9e130e,ZynqMP KV260 revB machine-id:a435d1c5,shapes,187,249.997500,hw,,1,fd880d43,kria,pynq Clocks.fclk0_mhz readback,2d280c7862041cee1dd36a2ac164af8b7f9dcec3,857066b70a20fcf478744032dc28a5339a5dee80d668b3c5fdc4d4bd75aeeb5d,2d280c7862041cee1dd36a2ac164af8b7f9dcec3,False,pynq,1,True,s2.shapes,performance,1333333,3,36.309,paper-grade environment,"A3-general random shapes, measured on KV260",187,J0187,conv,234,1,False,act1,done,0x00000000,0x00000000,,True,600,4800,0,0,15005,15005,15005,15008,15008,15008,14976,14976,14976,0,0,True,True,compared,7,61.369,True,,,,,,,,,,,,,,,,,,37bdfbaacba1dc000701ad690b261df81455d7636899da8f14a207513c831280,857066b70a20fcf478744032dc28a5339a5dee80d668b3c5fdc4d4bd75aeeb5d,20260929,249.997500,249.730535,249.611552,249.822465,249.997500,"f_readback (pl_clk0 PLL read-back, clock of record; f_meas is a cross-check only)"
2026-09-30T18:40:17+00:00,2d280c7862041cee1dd36a2ac164af8b7f9dcec3,False,2023.1,7b2dac6026acf6ae9e6d87f80a457fb07b6e56c167dd2a168593b2105c9e130e,ZynqMP KV260 revB machine-id:a435d1c5,shapes,30,249.997500,hw,,1,fd880d43,kria,pynq Clocks.fclk0_mhz readback,2d280c7862041cee1dd36a2ac164af8b7f9dcec3,857066b70a20fcf478744032dc28a5339a5dee80d668b3c5fdc4d4bd75aeeb5d,2d280c7862041cee1dd36a2ac164af8b7f9dcec3,False,pynq,1,True,s2.shapes,performance,1333333,3,36.309,paper-grade environment,"A3-general random shapes, measured on KV260",30,J0030,pointwise,235,1,False,act1,done,0x00000000,0x00000000,,True,75,570,0,0,4049,4049,4049,4052,4052,4052,4020,4020,4020,0,0,True,True,compared,2,84.870,True,,,,,,,,,,,,,,,,,,37bdfbaacba1dc000701ad690b261df81455d7636899da8f14a207513c831280,857066b70a20fcf478744032dc28a5339a5dee80d668b3c5fdc4d4bd75aeeb5d,20260929,249.997500,249.730535,249.611552,249.822465,249.997500,"f_readback (pl_clk0 PLL read-back, clock of record; f_meas is a cross-check only)"
2026-09-30T18:40:17+00:00,2d280c7862041cee1dd36a2ac164af8b7f9dcec3,False,2023.1,7b2dac6026acf6ae9e6d87f80a457fb07b6e56c167dd2a168593b2105c9e130e,ZynqMP KV260 revB machine-id:a435d1c5,shapes,151,249.997500,hw,,1,fd880d43,kria,pynq Clocks.fclk0_mhz readback,2d280c7862041cee1dd36a2ac164af8b7f9dcec3,857066b70a20fcf478744032dc28a5339a5dee80d668b3c5fdc4d4bd75aeeb5d,2d280c7862041cee1dd36a2ac164af8b7f9dcec3,False,pynq,1,True,s2.shapes,performance,1333333,3,36.309,paper-grade environment,"A3-general random shapes, measured on KV260",151,J0151,depth2_3,236,2,False,act0,done,0x00000000,0x00000000,,True,18,18,0,0,"299,629","299,629","299,629",931,931,931,870,870,870,0,0,True,True,compared,1,16.934,True,,,,,,,,,,,,,,,,,,37bdfbaacba1dc000701ad690b261df81455d7636899da8f14a207513c831280,857066b70a20fcf478744032dc28a5339a5dee80d668b3c5fdc4d4bd75aeeb5d,20260929,249.997500,249.730535,249.611552,249.822465,249.997500,"f_readback (pl_clk0 PLL read-back, clock of record; f_meas is a cross-check only)"
2026-09-30T18:40:17+00:00,2d280c7862041cee1dd36a2ac164af8b7f9dcec3,False,2023.1,7b2dac6026acf6ae9e6d87f80a457fb07b6e56c167dd2a168593b2105c9e130e,ZynqMP KV260 revB machine-id:a435d1c5,shapes,173,249.997500,hw,,1,fd880d43,kria,pynq Clocks.fclk0_mhz readback,2d280c7862041cee1dd36a2ac164af8b7f9dcec3,857066b70a20fcf478744032dc28a5339a5dee80d668b3c5fdc4d4bd75aeeb5d,2d280c7862041cee1dd36a2ac164af8b7f9dcec3,False,pynq,1,True,s2.shapes,performance,1333333,3,36.309,paper-grade environment,"A3-general random shapes, measured on KV260",173,J0173,depth7_8,237,8,False,act0,done,0x00000000,0x00000000,,True,35,175,0,0,"7709,4781,5429,1109,5375,43037,10109,84","7709,4781,5429,1109,5375,43037,10109,84","7709,4781,5429,1109,5375,43037,10109,84",77636,77636,77636,77401,77401,77401,0,0,True,True,compared,37,72.088,True,,,,,,,,,,,,,,,,,,37bdfbaacba1dc000701ad690b261df81455d7636899da8f14a207513c831280,857066b70a20fcf478744032dc28a5339a5dee80d668b3c5fdc4d4bd75aeeb5d,20260929,249.997500,249.730535,249.611552,249.822465,249.997500,"f_readback (pl_clk0 PLL read-back, clock of record; f_meas is a cross-check only)"
2026-09-30T18:40:17+00:00,2d280c7862041cee1dd36a2ac164af8b7f9dcec3,False,2023.1,7b2dac6026acf6ae9e6d87f80a457fb07b6e56c167dd2a168593b2105c9e130e,ZynqMP KV260 revB machine-id:a435d1c5,shapes,286,249.997500,hw,,1,fd880d43,kria,pynq Clocks.fclk0_mhz readback,2d280c7862041cee1dd36a2ac164af8b7f9dcec3,857066b70a20fcf478744032dc28a5339a5dee80d668b3c5fdc4d4bd75aeeb5d,2d280c7862041cee1dd36a2ac164af8b7f9dcec3,False,pynq,1,True,s2.shapes,performance,1333333,3,36.309,paper-grade environment,"A3-general random shapes, measured on KV260",286,J0286,conv_pool,238,1,False,act1,done,0x00000000,0x00000000,,True,2295,13770,0,0,123779,123779,123779,123782,123782,123782,123750,123750,123750,0,0,True,True,compared,49,80.001,True,,,,,,,,,,,,,,,,,,37bdfbaacba1dc000701ad690b261df81455d7636899da8f14a207513c831280,857066b70a20fcf478744032dc28a5339a5dee80d668b3c5fdc4d4bd75aeeb5d,20260929,249.997500,249.730535,249.611552,249.822465,249.997500,"f_readback (pl_clk0 PLL read-back, clock of record; f_meas is a cross-check only)"
2026-09-30T18:40:17+00:00,2d280c7862041cee1dd36a2ac164af8b7f9dcec3,False,2023.1,7b2dac6026acf6ae9e6d87f80a457fb07b6e56c167dd2a168593b2105c9e130e,ZynqMP KV260 revB machine-id:a435d1c5,shapes,257,249.997500,hw,,1,fd880d43,kria,pynq Clocks.fclk0_mhz readback,2d280c7862041cee1dd36a2ac164af8b7f9dcec3,857066b70a20fcf478744032dc28a5339a5dee80d668b3c5fdc4d4bd75aeeb5d,2d280c7862041cee1dd36a2ac164af8b7f9dcec3,False,pynq,1,True,s2.shapes,performance,1333333,3,36.309,paper-grade environment,"A3-general random shapes, measured on KV260",257,J0257,fc,239,3,False,raw,done,0x00000000,0x00000000,,True,4,16,0,0,"5476,1559,147","5476,1559,147","5476,1559,147",7185,7185,7185,7095,7095,7095,0,0,True,True,compared,3,149.129,True,,,,,,,,,,,,,,,,,,37bdfbaacba1dc000701ad690b261df81455d7636899da8f14a207513c831280,857066b70a20fcf478744032dc28a5339a5dee80d668b3c5fdc4d4bd75aeeb5d,20260929,249.997500,249.730535,249.611552,249.822465,249.997500,"f_readback (pl_clk0 PLL read-back, clock of record; f_meas is a cross-check only)"
2026-09-30T18:40:17+00:00,2d280c7862041cee1dd36a2ac164af8b7f9dcec3,False,2023.1,7b2dac6026acf6ae9e6d87f80a457fb07b6e56c167dd2a168593b2105c9e130e,ZynqMP KV260 revB machine-id:a435d1c5,shapes,220,249.997500,hw,,1,fd880d43,kria,pynq Clocks.fclk0_mhz readback,2d280c7862041cee1dd36a2ac164af8b7f9dcec3,857066b70a20fcf478744032dc28a5339a5dee80d668b3c5fdc4d4bd75aeeb5d,2d280c7862041cee1dd36a2ac164af8b7f9dcec3,False,pynq,1,True,s2.shapes,performance,1333333,3,36.309,paper-grade environment,"A3-general random shapes, measured on KV260",220,J0220,depth4_6,240,4,False,act0,done,0x00000000,0x00000000,,True,500,3600,0,0,"569,509,1349,1079","569,509,1349,1079","569,509,1349,1079",3509,3509,3509,3390,3390,3390,0,0,True,True,compared,2,21.798,True,,,,,,,,,,,,,,,,,,37bdfbaacba1dc000701ad690b261df81455d7636899da8f14a207513c831280,857066b70a20fcf478744032dc28a5339a5dee80d668b3c5fdc4d4bd75aeeb5d,20260929,249.997500,249.730535,249.611552,249.822465,249.997500,"f_readback (pl_clk0 PLL read-back, clock of record; f_meas is a cross-check only)"
2026-09-30T18:40:17+00:00,2d280c7862041cee1dd36a2ac164af8b7f9dcec3,False,2023.1,7b2dac6026acf6ae9e6d87f80a457fb07b6e56c167dd2a168593b2105c9e130e,ZynqMP KV260 revB machine-id:a435d1c5,shapes,40,249.997500,hw,,1,fd880d43,kria,pynq Clocks.fclk0_mhz readback,2d280c7862041cee1dd36a2ac164af8b7f9dcec3,857066b70a20fcf478744032dc28a5339a5dee80d668b3c5fdc4d4bd75aeeb5d,2d280c7862041cee1dd36a2ac164af8b7f9dcec3,False,pynq,1,True,s2.shapes,performance,1333333,3,36.309,paper-grade environment,"A3-general random shapes, measured on KV260",40,J0040,tails,241,1,False,act1,done,0x00000000,0x00000000,,True,84,476,0,0,989,989,989,992,992,992,960,960,960,0,0,True,True,compared,1,10.686,True,,,,,,,,,,,,,,,,,,37bdfbaacba1dc000701ad690b261df81455d7636899da8f14a207513c831280,857066b70a20fcf478744032dc28a5339a5dee80d668b3c5fdc4d4bd75aeeb5d,20260929,249.997500,249.730535,249.611552,249.822465,249.997500,"f_readback (pl_clk0 PLL read-back, clock of record; f_meas is a cross-check only)"
2026-09-30T18:40:17+00:00,2d280c7862041cee1dd36a2ac164af8b7f9dcec3,False,2023.1,7b2dac6026acf6ae9e6d87f80a457fb07b6e56c167dd2a168593b2105c9e130e,ZynqMP KV260 revB machine-id:a435d1c5,shapes,95,249.997500,hw,,1,fd880d43,kria,pynq Clocks.fclk0_mhz readback,2d280c7862041cee1dd36a2ac164af8b7f9dcec3,857066b70a20fcf478744032dc28a5339a5dee80d668b3c5fdc4d4bd75aeeb5d,2d280c7862041cee1dd36a2ac164af8b7f9dcec3,False,pynq,1,True,s2.shapes,performance,1333333,3,36.309,paper-grade environment,"A3-general random shapes, measured on KV260",95,J0095,conv,242,1,False,act1,done,0x00000000,0x00000000,,True,240,1830,0,0,69029,69029,69029,69032,69032,69032,69000,69000,69000,0,0,True,True,compared,33,92.921,True,,,,,,,,,,,,,,,,,,37bdfbaacba1dc000701ad690b261df81455d7636899da8f14a207513c831280,857066b70a20fcf478744032dc28a5339a5dee80d668b3c5fdc4d4bd75aeeb5d,20260929,249.997500,249.730535,249.611552,249.822465,249.997500,"f_readback (pl_clk0 PLL read-back, clock of record; f_meas is a cross-check only)"
2026-09-30T18:40:17+00:00,2d280c7862041cee1dd36a2ac164af8b7f9dcec3,False,2023.1,7b2dac6026acf6ae9e6d87f80a457fb07b6e56c167dd2a168593b2105c9e130e,ZynqMP KV260 revB machine-id:a435d1c5,shapes,212,249.997500,hw,,1,fd880d43,kria,pynq Clocks.fclk0_mhz readback,2d280c7862041cee1dd36a2ac164af8b7f9dcec3,857066b70a20fcf478744032dc28a5339a5dee80d668b3c5fdc4d4bd75aeeb5d,2d280c7862041cee1dd36a2ac164af8b7f9dcec3,False,pynq,1,True,s2.shapes,performance,1333333,3,36.309,paper-grade environment,"A3-general random shapes, measured on KV260",212,J0212,depth2_3,243,3,False,raw,done,0x00000000,0x00000000,,True,1,4,0,0,"281,12701,275","281,12701,275","281,12701,275",13260,13260,13260,13170,13170,13170,0,0,True,True,compared,6,53.527,True,,,,,,,,,,,,,,,,,,37bdfbaacba1dc000701ad690b261df81455d7636899da8f14a207513c831280,857066b70a20fcf478744032dc28a5339a5dee80d668b3c5fdc4d4bd75aeeb5d,20260929,249.997500,249.730535,249.611552,249.822465,249.997500,"f_readback (pl_clk0 PLL read-back, clock of record; f_meas is a cross-check only)"
2026-09-30T18:40:17+00:00,2d280c7862041cee1dd36a2ac164af8b7f9dcec3,False,2023.1,7b2dac6026acf6ae9e6d87f80a457fb07b6e56c167dd2a168593b2105c9e130e,ZynqMP KV260 revB machine-id:a435d1c5,shapes,283,249.997500,hw,,1,fd880d43,kria,pynq Clocks.fclk0_mhz readback,2d280c7862041cee1dd36a2ac164af8b7f9dcec3,857066b70a20fcf478744032dc28a5339a5dee80d668b3c5fdc4d4bd75aeeb5d,2d280c7862041cee1dd36a2ac164af8b7f9dcec3,False,pynq,1,True,s2.shapes,performance,1333333,3,36.309,paper-grade environment,"A3-general random shapes, measured on KV260",283,J0283,depth7_8,244,8,False,act0,done,0x00000000,0x00000000,,True,56,336,0,0,"19901,629,2429,205,125,893,773,109","19901,629,2429,205,125,893,773,109","19901,629,2429,205,125,893,773,109",25067,25067,25067,24832,24832,24832,0,0,True,True,compared,12,58.479,True,,,,,,,,,,,,,,,,,,37bdfbaacba1dc000701ad690b261df81455d7636899da8f14a207513c831280,857066b70a20fcf478744032dc28a5339a5dee80d668b3c5fdc4d4bd75aeeb5d,20260929,249.997500,249.730535,249.611552,249.822465,249.997500,"f_readback (pl_clk0 PLL read-back, clock of record; f_meas is a cross-check only)"
2026-09-30T18:40:17+00:00,2d280c7862041cee1dd36a2ac164af8b7f9dcec3,False,2023.1,7b2dac6026acf6ae9e6d87f80a457fb07b6e56c167dd2a168593b2105c9e130e,ZynqMP KV260 revB machine-id:a435d1c5,shapes,265,249.997500,hw,,1,fd880d43,kria,pynq Clocks.fclk0_mhz readback,2d280c7862041cee1dd36a2ac164af8b7f9dcec3,857066b70a20fcf478744032dc28a5339a5dee80d668b3c5fdc4d4bd75aeeb5d,2d280c7862041cee1dd36a2ac164af8b7f9dcec3,False,pynq,1,True,s2.shapes,performance,1333333,3,36.309,paper-grade environment,"A3-general random shapes, measured on KV260",265,J0265,conv_pool,245,1,False,act1,done,0x00000000,0x00000000,,True,55,385,0,0,1829,1829,1829,1832,1832,1832,1800,1800,1800,0,0,True,True,compared,1,6.246,True,,,,,,,,,,,,,,,,,,37bdfbaacba1dc000701ad690b261df81455d7636899da8f14a207513c831280,857066b70a20fcf478744032dc28a5339a5dee80d668b3c5fdc4d4bd75aeeb5d,20260929,249.997500,249.730535,249.611552,249.822465,249.997500,"f_readback (pl_clk0 PLL read-back, clock of record; f_meas is a cross-check only)"
2026-09-30T18:40:17+00:00,2d280c7862041cee1dd36a2ac164af8b7f9dcec3,False,2023.1,7b2dac6026acf6ae9e6d87f80a457fb07b6e56c167dd2a168593b2105c9e130e,ZynqMP KV260 revB machine-id:a435d1c5,shapes,149,249.997500,hw,,1,fd880d43,kria,pynq Clocks.fclk0_mhz readback,2d280c7862041cee1dd36a2ac164af8b7f9dcec3,857066b70a20fcf478744032dc28a5339a5dee80d668b3c5fdc4d4bd75aeeb5d,2d280c7862041cee1dd36a2ac164af8b7f9dcec3,False,pynq,1,True,s2.shapes,performance,1333333,3,36.309,paper-grade environment,"A3-general random shapes, measured on KV260",149,J0149,fc,246,2,False,raw,done,0x00000000,0x00000000,,True,5,20,0,0,"2429,76","2429,76","2429,76",2508,2508,2508,2447,2447,2447,0,0,True,True,compared,1,57.432,True,,,,,,,,,,,,,,,,,,37bdfbaacba1dc000701ad690b261df81455d7636899da8f14a207513c831280,857066b70a20fcf478744032dc28a5339a5dee80d668b3c5fdc4d4bd75aeeb5d,20260929,249.997500,249.730535,249.611552,249.822465,249.997500,"f_readback (pl_clk0 PLL read-back, clock of record; f_meas is a cross-check only)"
2026-09-30T18:40:17+00:00,2d280c7862041cee1dd36a2ac164af8b7f9dcec3,False,2023.1,7b2dac6026acf6ae9e6d87f80a457fb07b6e56c167dd2a168593b2105c9e130e,ZynqMP KV260 revB machine-id:a435d1c5,shapes,86,249.997500,hw,,1,fd880d43,kria,pynq Clocks.fclk0_mhz readback,2d280c7862041cee1dd36a2ac164af8b7f9dcec3,857066b70a20fcf478744032dc28a5339a5dee80d668b3c5fdc4d4bd75aeeb5d,2d280c7862041cee1dd36a2ac164af8b7f9dcec3,False,pynq,1,True,s2.shapes,performance,1333333,3,36.309,paper-grade environment,"A3-general random shapes, measured on KV260",86,J0086,depth4_6,247,5,False,act1,done,0x00000000,0x00000000,,True,80,440,0,0,"94529,19685,27229,789,317","94529,19685,27229,789,317","94529,19685,27229,789,317",142552,142552,142552,142404,142404,142404,0,0,True,True,compared,69,111.300,True,,,,,,,,,,,,,,,,,,37bdfbaacba1dc000701ad690b261df81455d7636899da8f14a207513c831280,857066b70a20fcf478744032dc28a5339a5dee80d668b3c5fdc4d4bd75aeeb5d,20260929,249.997500,249.730535,249.611552,249.822465,249.997500,"f_readback (pl_clk0 PLL read-back, clock of record; f_meas is a cross-check only)"
2026-09-30T18:40:17+00:00,2d280c7862041cee1dd36a2ac164af8b7f9dcec3,False,2023.1,7b2dac6026acf6ae9e6d87f80a457fb07b6e56c167dd2a168593b2105c9e130e,ZynqMP KV260 revB machine-id:a435d1c5,shapes,190,249.997500,hw,,1,fd880d43,kria,pynq Clocks.fclk0_mhz readback,2d280c7862041cee1dd36a2ac164af8b7f9dcec3,857066b70a20fcf478744032dc28a5339a5dee80d668b3c5fdc4d4bd75aeeb5d,2d280c7862041cee1dd36a2ac164af8b7f9dcec3,False,pynq,1,True,s2.shapes,performance,1333333,3,36.309,paper-grade environment,"A3-general random shapes, measured on KV260",190,J0190,tails,248,1,False,act1,done,0x00000000,0x00000000,,True,1014,6591,0,0,28109,28109,28109,28112,28112,28112,28080,28080,28080,0,0,True,True,compared,13,54.593,True,,,,,,,,,,,,,,,,,,37bdfbaacba1dc000701ad690b261df81455d7636899da8f14a207513c831280,857066b70a20fcf478744032dc28a5339a5dee80d668b3c5fdc4d4bd75aeeb5d,20260929,249.997500,249.730535,249.611552,249.822465,249.997500,"f_readback (pl_clk0 PLL read-back, clock of record; f_meas is a cross-check only)"
2026-09-30T18:40:17+00:00,2d280c7862041cee1dd36a2ac164af8b7f9dcec3,False,2023.1,7b2dac6026acf6ae9e6d87f80a457fb07b6e56c167dd2a168593b2105c9e130e,ZynqMP KV260 revB machine-id:a435d1c5,shapes,109,249.997500,hw,,1,fd880d43,kria,pynq Clocks.fclk0_mhz readback,2d280c7862041cee1dd36a2ac164af8b7f9dcec3,857066b70a20fcf478744032dc28a5339a5dee80d668b3c5fdc4d4bd75aeeb5d,2d280c7862041cee1dd36a2ac164af8b7f9dcec3,False,pynq,1,True,s2.shapes,performance,1333333,3,36.309,paper-grade environment,"A3-general random shapes, measured on KV260",109,J0109,conv,249,1,False,act1,done,0x00000000,0x00000000,,True,903,1806,0,0,2045,2045,2045,2048,2048,2048,2016,2016,2016,0,0,True,True,compared,1,20.571,True,,,,,,,,,,,,,,,,,,37bdfbaacba1dc000701ad690b261df81455d7636899da8f14a207513c831280,857066b70a20fcf478744032dc28a5339a5dee80d668b3c5fdc4d4bd75aeeb5d,20260929,249.997500,249.730535,249.611552,249.822465,249.997500,"f_readback (pl_clk0 PLL read-back, clock of record; f_meas is a cross-check only)"
2026-09-30T18:40:17+00:00,2d280c7862041cee1dd36a2ac164af8b7f9dcec3,False,2023.1,7b2dac6026acf6ae9e6d87f80a457fb07b6e56c167dd2a168593b2105c9e130e,ZynqMP KV260 revB machine-id:a435d1c5,shapes,184,249.997500,hw,,1,fd880d43,kria,pynq Clocks.fclk0_mhz readback,2d280c7862041cee1dd36a2ac164af8b7f9dcec3,857066b70a20fcf478744032dc28a5339a5dee80d668b3c5fdc4d4bd75aeeb5d,2d280c7862041cee1dd36a2ac164af8b7f9dcec3,False,pynq,1,True,s2.shapes,performance,1333333,3,36.309,paper-grade environment,"A3-general random shapes, measured on KV260",184,J0184,depth2_3,250,3,False,act1,done,0x00000000,0x00000000,,True,1248,8736,0,0,"17949,28253,74117","17949,28253,74117","17949,28253,74117",120322,120322,120322,120232,120232,120232,0,0,True,True,compared,58,128.971,True,,,,,,,,,,,,,,,,,,37bdfbaacba1dc000701ad690b261df81455d7636899da8f14a207513c831280,857066b70a20fcf478744032dc28a5339a5dee80d668b3c5fdc4d4bd75aeeb5d,20260929,249.997500,249.730535,249.611552,249.822465,249.997500,"f_readback (pl_clk0 PLL read-back, clock of record; f_meas is a cross-check only)"
2026-09-30T18:40:17+00:00,2d280c7862041cee1dd36a2ac164af8b7f9dcec3,False,2023.1,7b2dac6026acf6ae9e6d87f80a457fb07b6e56c167dd2a168593b2105c9e130e,ZynqMP KV260 revB machine-id:a435d1c5,shapes,13,249.997500,hw,,1,fd880d43,kria,pynq Clocks.fclk0_mhz readback,2d280c7862041cee1dd36a2ac164af8b7f9dcec3,857066b70a20fcf478744032dc28a5339a5dee80d668b3c5fdc4d4bd75aeeb5d,2d280c7862041cee1dd36a2ac164af8b7f9dcec3,False,pynq,1,True,s2.shapes,performance,1333333,3,36.309,paper-grade environment,"A3-general random shapes, measured on KV260",13,J0013,depth7_8,251,7,False,act1,done,0x00000000,0x00000000,,True,30,190,0,0,"1949,1821,20117,8129,4133,1277,209","1949,1821,20117,8129,4133,1277,209","1949,1821,20117,8129,4133,1277,209",37638,37638,37638,37432,37432,37432,0,0,True,True,compared,18,86.411,True,,,,,,,,,,,,,,,,,,37bdfbaacba1dc000701ad690b261df81455d7636899da8f14a207513c831280,857066b70a20fcf478744032dc28a5339a5dee80d668b3c5fdc4d4bd75aeeb5d,20260929,249.997500,249.730535,249.611552,249.822465,249.997500,"f_readback (pl_clk0 PLL read-back, clock of record; f_meas is a cross-check only)"
2026-09-30T18:40:17+00:00,2d280c7862041cee1dd36a2ac164af8b7f9dcec3,False,2023.1,7b2dac6026acf6ae9e6d87f80a457fb07b6e56c167dd2a168593b2105c9e130e,ZynqMP KV260 revB machine-id:a435d1c5,shapes,17,249.997500,hw,,1,fd880d43,kria,pynq Clocks.fclk0_mhz readback,2d280c7862041cee1dd36a2ac164af8b7f9dcec3,857066b70a20fcf478744032dc28a5339a5dee80d668b3c5fdc4d4bd75aeeb5d,2d280c7862041cee1dd36a2ac164af8b7f9dcec3,False,pynq,1,True,s2.shapes,performance,1333333,3,36.309,paper-grade environment,"A3-general random shapes, measured on KV260",17,J0017,conv_pool,252,1,False,act1,done,0x00000000,0x00000000,,True,18,36,0,0,1517,1517,1517,1520,1520,1520,1488,1488,1488,0,0,True,True,compared,1,23.024,True,,,,,,,,,,,,,,,,,,37bdfbaacba1dc000701ad690b261df81455d7636899da8f14a207513c831280,857066b70a20fcf478744032dc28a5339a5dee80d668b3c5fdc4d4bd75aeeb5d,20260929,249.997500,249.730535,249.611552,249.822465,249.997500,"f_readback (pl_clk0 PLL read-back, clock of record; f_meas is a cross-check only)"
2026-09-30T18:40:17+00:00,2d280c7862041cee1dd36a2ac164af8b7f9dcec3,False,2023.1,7b2dac6026acf6ae9e6d87f80a457fb07b6e56c167dd2a168593b2105c9e130e,ZynqMP KV260 revB machine-id:a435d1c5,shapes,255,249.997500,hw,,1,fd880d43,kria,pynq Clocks.fclk0_mhz readback,2d280c7862041cee1dd36a2ac164af8b7f9dcec3,857066b70a20fcf478744032dc28a5339a5dee80d668b3c5fdc4d4bd75aeeb5d,2d280c7862041cee1dd36a2ac164af8b7f9dcec3,False,pynq,1,True,s2.shapes,performance,1333333,3,36.309,paper-grade environment,"A3-general random shapes, measured on KV260",255,J0255,fc,253,3,False,raw,done,0x00000000,0x00000000,,True,16,64,0,0,"593,227,201","593,227,201","593,227,201",1024,1024,1024,934,934,934,0,0,True,True,compared,1,28.029,True,,,,,,,,,,,,,,,,,,37bdfbaacba1dc000701ad690b261df81455d7636899da8f14a207513c831280,857066b70a20fcf478744032dc28a5339a5dee80d668b3c5fdc4d4bd75aeeb5d,20260929,249.997500,249.730535,249.611552,249.822465,249.997500,"f_readback (pl_clk0 PLL read-back, clock of record; f_meas is a cross-check only)"
2026-09-30T18:40:17+00:00,2d280c7862041cee1dd36a2ac164af8b7f9dcec3,False,2023.1,7b2dac6026acf6ae9e6d87f80a457fb07b6e56c167dd2a168593b2105c9e130e,ZynqMP KV260 revB machine-id:a435d1c5,shapes,29,249.997500,hw,,1,fd880d43,kria,pynq Clocks.fclk0_mhz readback,2d280c7862041cee1dd36a2ac164af8b7f9dcec3,857066b70a20fcf478744032dc28a5339a5dee80d668b3c5fdc4d4bd75aeeb5d,2d280c7862041cee1dd36a2ac164af8b7f9dcec3,False,pynq,1,True,s2.shapes,performance,1333333,3,36.309,paper-grade environment,"A3-general random shapes, measured on KV260",29,J0029,depth4_6,254,4,False,raw,done,0x00000000,0x00000000,,True,16,64,0,0,"11549,749,641,123","11549,749,641,123","11549,749,641,123",13065,13065,13065,12946,12946,12946,0,0,True,True,compared,6,108.327,True,,,,,,,,,,,,,,,,,,37bdfbaacba1dc000701ad690b261df81455d7636899da8f14a207513c831280,857066b70a20fcf478744032dc28a5339a5dee80d668b3c5fdc4d4bd75aeeb5d,20260929,249.997500,249.730535,249.611552,249.822465,249.997500,"f_readback (pl_clk0 PLL read-back, clock of record; f_meas is a cross-check only)"
2026-09-30T18:40:17+00:00,2d280c7862041cee1dd36a2ac164af8b7f9dcec3,False,2023.1,7b2dac6026acf6ae9e6d87f80a457fb07b6e56c167dd2a168593b2105c9e130e,ZynqMP KV260 revB machine-id:a435d1c5,shapes,67,249.997500,hw,,1,fd880d43,kria,pynq Clocks.fclk0_mhz readback,2d280c7862041cee1dd36a2ac164af8b7f9dcec3,857066b70a20fcf478744032dc28a5339a5dee80d668b3c5fdc4d4bd75aeeb5d,2d280c7862041cee1dd36a2ac164af8b7f9dcec3,False,pynq,1,True,s2.shapes,performance,1333333,3,36.309,paper-grade environment,"A3-general random shapes, measured on KV260",67,J0067,tails,255,2,False,act0,done,0x00000000,0x00000000,,True,208,1456,0,0,"893,1341","893,1341","893,1341",2237,2237,2237,2176,2176,2176,0,0,True,True,compared,1,12.586,True,,,,,,,,,,,,,,,,,,37bdfbaacba1dc000701ad690b261df81455d7636899da8f14a207513c831280,857066b70a20fcf478744032dc28a5339a5dee80d668b3c5fdc4d4bd75aeeb5d,20260929,249.997500,249.730535,249.611552,249.822465,249.997500,"f_readback (pl_clk0 PLL read-back, clock of record; f_meas is a cross-check only)"
2026-09-30T18:40:17+00:00,2d280c7862041cee1dd36a2ac164af8b7f9dcec3,False,2023.1,7b2dac6026acf6ae9e6d87f80a457fb07b6e56c167dd2a168593b2105c9e130e,ZynqMP KV260 revB machine-id:a435d1c5,shapes,193,249.997500,hw,,1,fd880d43,kria,pynq Clocks.fclk0_mhz readback,2d280c7862041cee1dd36a2ac164af8b7f9dcec3,857066b70a20fcf478744032dc28a5339a5dee80d668b3c5fdc4d4bd75aeeb5d,2d280c7862041cee1dd36a2ac164af8b7f9dcec3,False,pynq,1,True,s2.shapes,performance,1333333,3,36.309,paper-grade environment,"A3-general random shapes, measured on KV260",193,J0193,conv,256,1,False,act1,done,0x00000000,0x00000000,,True,1680,11760,0,0,108893,108893,108893,108896,108896,108896,108864,108864,108864,0,0,True,True,compared,52,82.606,True,,,,,,,,,,,,,,,,,,37bdfbaacba1dc000701ad690b261df81455d7636899da8f14a207513c831280,857066b70a20fcf478744032dc28a5339a5dee80d668b3c5fdc4d4bd75aeeb5d,20260929,249.997500,249.730535,249.611552,249.822465,249.997500,"f_readback (pl_clk0 PLL read-back, clock of record; f_meas is a cross-check only)"
2026-09-30T18:40:17+00:00,2d280c7862041cee1dd36a2ac164af8b7f9dcec3,False,2023.1,7b2dac6026acf6ae9e6d87f80a457fb07b6e56c167dd2a168593b2105c9e130e,ZynqMP KV260 revB machine-id:a435d1c5,shapes,64,249.997500,hw,,1,fd880d43,kria,pynq Clocks.fclk0_mhz readback,2d280c7862041cee1dd36a2ac164af8b7f9dcec3,857066b70a20fcf478744032dc28a5339a5dee80d668b3c5fdc4d4bd75aeeb5d,2d280c7862041cee1dd36a2ac164af8b7f9dcec3,False,pynq,1,True,s2.shapes,performance,1333333,3,36.309,paper-grade environment,"A3-general random shapes, measured on KV260",64,J0064,depth2_3,257,2,False,act0,done,0x00000000,0x00000000,,True,238,1071,0,0,"20729,23353","20729,23353","20729,23353",44085,44085,44085,44024,44024,44024,0,0,True,True,compared,17,53.690,True,,,,,,,,,,,,,,,,,,37bdfbaacba1dc000701ad690b261df81455d7636899da8f14a207513c831280,857066b70a20fcf478744032dc28a5339a5dee80d668b3c5fdc4d4bd75aeeb5d,20260929,249.997500,249.730535,249.611552,249.822465,249.997500,"f_readback (pl_clk0 PLL read-back, clock of record; f_meas is a cross-check only)"
2026-09-30T18:40:17+00:00,2d280c7862041cee1dd36a2ac164af8b7f9dcec3,False,2023.1,7b2dac6026acf6ae9e6d87f80a457fb07b6e56c167dd2a168593b2105c9e130e,ZynqMP KV260 revB machine-id:a435d1c5,shapes,39,249.997500,hw,,1,fd880d43,kria,pynq Clocks.fclk0_mhz readback,2d280c7862041cee1dd36a2ac164af8b7f9dcec3,857066b70a20fcf478744032dc28a5339a5dee80d668b3c5fdc4d4bd75aeeb5d,2d280c7862041cee1dd36a2ac164af8b7f9dcec3,False,pynq,1,True,s2.shapes,performance,1333333,3,36.309,paper-grade environment,"A3-general random shapes, measured on KV260",39,J0039,depth7_8,258,8,False,act0,done,0x00000000,0x00000000,,True,62,62,0,0,"13829,13637,21575,67613,7829,5129,1325,269","13829,13637,21575,67613,7829,5129,1325,269","13829,13637,21575,67613,7829,5129,1325,269",131209,131209,131209,130974,130974,130974,0,0,True,True,compared,49,152.103,True,,,,,,,,,,,,,,,,,,37bdfbaacba1dc000701ad690b261df81455d7636899da8f14a207513c831280,857066b70a20fcf478744032dc28a5339a5dee80d668b3c5fdc4d4bd75aeeb5d,20260929,249.997500,249.730535,249.611552,249.822465,249.997500,"f_readback (pl_clk0 PLL read-back, clock of record; f_meas is a cross-check only)"
2026-09-30T18:40:17+00:00,2d280c7862041cee1dd36a2ac164af8b7f9dcec3,False,2023.1,7b2dac6026acf6ae9e6d87f80a457fb07b6e56c167dd2a168593b2105c9e130e,ZynqMP KV260 revB machine-id:a435d1c5,shapes,186,249.997500,hw,,1,fd880d43,kria,pynq Clocks.fclk0_mhz readback,2d280c7862041cee1dd36a2ac164af8b7f9dcec3,857066b70a20fcf478744032dc28a5339a5dee80d668b3c5fdc4d4bd75aeeb5d,2d280c7862041cee1dd36a2ac164af8b7f9dcec3,False,pynq,1,True,s2.shapes,performance,1333333,3,36.309,paper-grade environment,"A3-general random shapes, measured on KV260",186,J0186,conv_pool,259,1,False,act1,done,0x00000000,0x00000000,,True,1080,8280,0,0,54029,54029,54029,54032,54032,54032,54000,54000,54000,0,0,True,True,compared,26,48.827,True,,,,,,,,,,,,,,,,,,37bdfbaacba1dc000701ad690b261df81455d7636899da8f14a207513c831280,857066b70a20fcf478744032dc28a5339a5dee80d668b3c5fdc4d4bd75aeeb5d,20260929,249.997500,249.730535,249.611552,249.822465,249.997500,"f_readback (pl_clk0 PLL read-back, clock of record; f_meas is a cross-check only)"
2026-09-30T18:40:17+00:00,2d280c7862041cee1dd36a2ac164af8b7f9dcec3,False,2023.1,7b2dac6026acf6ae9e6d87f80a457fb07b6e56c167dd2a168593b2105c9e130e,ZynqMP KV260 revB machine-id:a435d1c5,shapes,127,249.997500,hw,,1,fd880d43,kria,pynq Clocks.fclk0_mhz readback,2d280c7862041cee1dd36a2ac164af8b7f9dcec3,857066b70a20fcf478744032dc28a5339a5dee80d668b3c5fdc4d4bd75aeeb5d,2d280c7862041cee1dd36a2ac164af8b7f9dcec3,False,pynq,1,True,s2.shapes,performance,1333333,3,36.309,paper-grade environment,"A3-general random shapes, measured on KV260",127,J0127,fc,260,1,False,raw,done,0x00000000,0x00000000,,True,5,20,0,0,438,438,438,441,441,441,409,409,409,0,0,True,True,compared,1,16.176,True,,,,,,,,,,,,,,,,,,37bdfbaacba1dc000701ad690b261df81455d7636899da8f14a207513c831280,857066b70a20fcf478744032dc28a5339a5dee80d668b3c5fdc4d4bd75aeeb5d,20260929,249.997500,249.730535,249.611552,249.822465,249.997500,"f_readback (pl_clk0 PLL read-back, clock of record; f_meas is a cross-check only)"
2026-09-30T18:40:17+00:00,2d280c7862041cee1dd36a2ac164af8b7f9dcec3,False,2023.1,7b2dac6026acf6ae9e6d87f80a457fb07b6e56c167dd2a168593b2105c9e130e,ZynqMP KV260 revB machine-id:a435d1c5,shapes,240,249.997500,hw,,1,fd880d43,kria,pynq Clocks.fclk0_mhz readback,2d280c7862041cee1dd36a2ac164af8b7f9dcec3,857066b70a20fcf478744032dc28a5339a5dee80d668b3c5fdc4d4bd75aeeb5d,2d280c7862041cee1dd36a2ac164af8b7f9dcec3,False,pynq,1,True,s2.shapes,performance,1333333,3,36.309,paper-grade environment,"A3-general random shapes, measured on KV260",240,J0240,depth4_6,261,6,False,act0,done,0x00000000,0x00000000,,True,92,460,0,0,"1757,11693,28829,1229,461,533","1757,11693,28829,1229,461,533","1757,11693,28829,1229,461,533",44505,44505,44505,44328,44328,44328,0,0,True,True,compared,21,58.227,True,,,,,,,,,,,,,,,,,,37bdfbaacba1dc000701ad690b261df81455d7636899da8f14a207513c831280,857066b70a20fcf478744032dc28a5339a5dee80d668b3c5fdc4d4bd75aeeb5d,20260929,249.997500,249.730535,249.611552,249.822465,249.997500,"f_readback (pl_clk0 PLL read-back, clock of record; f_meas is a cross-check only)"
2026-09-30T18:40:17+00:00,2d280c7862041cee1dd36a2ac164af8b7f9dcec3,False,2023.1,7b2dac6026acf6ae9e6d87f80a457fb07b6e56c167dd2a168593b2105c9e130e,ZynqMP KV260 revB machine-id:a435d1c5,shapes,288,249.997500,hw,,1,fd880d43,kria,pynq Clocks.fclk0_mhz readback,2d280c7862041cee1dd36a2ac164af8b7f9dcec3,857066b70a20fcf478744032dc28a5339a5dee80d668b3c5fdc4d4bd75aeeb5d,2d280c7862041cee1dd36a2ac164af8b7f9dcec3,False,pynq,1,True,s2.shapes,performance,1333333,3,36.309,paper-grade environment,"A3-general random shapes, measured on KV260",288,J0288,tails,262,1,False,act1,done,0x00000000,0x00000000,,True,1121,3363,0,0,21917,21917,21917,21920,21920,21920,21888,21888,21888,0,0,True,True,compared,10,47.631,True,,,,,,,,,,,,,,,,,,37bdfbaacba1dc000701ad690b261df81455d7636899da8f14a207513c831280,857066b70a20fcf478744032dc28a5339a5dee80d668b3c5fdc4d4bd75aeeb5d,20260929,249.997500,249.730535,249.611552,249.822465,249.997500,"f_readback (pl_clk0 PLL read-back, clock of record; f_meas is a cross-check only)"
2026-09-30T18:40:17+00:00,2d280c7862041cee1dd36a2ac164af8b7f9dcec3,False,2023.1,7b2dac6026acf6ae9e6d87f80a457fb07b6e56c167dd2a168593b2105c9e130e,ZynqMP KV260 revB machine-id:a435d1c5,shapes,49,249.997500,hw,,1,fd880d43,kria,pynq Clocks.fclk0_mhz readback,2d280c7862041cee1dd36a2ac164af8b7f9dcec3,857066b70a20fcf478744032dc28a5339a5dee80d668b3c5fdc4d4bd75aeeb5d,2d280c7862041cee1dd36a2ac164af8b7f9dcec3,False,pynq,1,True,s2.shapes,performance,1333333,3,36.309,paper-grade environment,"A3-general random shapes, measured on KV260",49,J0049,conv,263,1,False,act1,done,0x00000000,0x00000000,,True,864,6624,0,0,10397,10397,10397,10400,10400,10400,10368,10368,10368,0,0,True,True,compared,4,65.239,True,,,,,,,,,,,,,,,,,,37bdfbaacba1dc000701ad690b261df81455d7636899da8f14a207513c831280,857066b70a20fcf478744032dc28a5339a5dee80d668b3c5fdc4d4bd75aeeb5d,20260929,249.997500,249.730535,249.611552,249.822465,249.997500,"f_readback (pl_clk0 PLL read-back, clock of record; f_meas is a cross-check only)"
2026-09-30T18:40:17+00:00,2d280c7862041cee1dd36a2ac164af8b7f9dcec3,False,2023.1,7b2dac6026acf6ae9e6d87f80a457fb07b6e56c167dd2a168593b2105c9e130e,ZynqMP KV260 revB machine-id:a435d1c5,shapes,198,249.997500,hw,,1,fd880d43,kria,pynq Clocks.fclk0_mhz readback,2d280c7862041cee1dd36a2ac164af8b7f9dcec3,857066b70a20fcf478744032dc28a5339a5dee80d668b3c5fdc4d4bd75aeeb5d,2d280c7862041cee1dd36a2ac164af8b7f9dcec3,False,pynq,1,True,s2.shapes,performance,1333333,3,36.309,paper-grade environment,"A3-general random shapes, measured on KV260",198,J0198,depth2_3,264,2,False,act0,done,0x00000000,0x00000000,,True,444,1776,0,0,"1757,1109","1757,1109","1757,1109",2869,2869,2869,2808,2808,2808,0,0,True,True,compared,1,28.812,True,,,,,,,,,,,,,,,,,,37bdfbaacba1dc000701ad690b261df81455d7636899da8f14a207513c831280,857066b70a20fcf478744032dc28a5339a5dee80d668b3c5fdc4d4bd75aeeb5d,20260929,249.997500,249.730535,249.611552,249.822465,249.997500,"f_readback (pl_clk0 PLL read-back, clock of record; f_meas is a cross-check only)"
2026-09-30T18:40:17+00:00,2d280c7862041cee1dd36a2ac164af8b7f9dcec3,False,2023.1,7b2dac6026acf6ae9e6d87f80a457fb07b6e56c167dd2a168593b2105c9e130e,ZynqMP KV260 revB machine-id:a435d1c5,shapes,171,249.997500,hw,,1,fd880d43,kria,pynq Clocks.fclk0_mhz readback,2d280c7862041cee1dd36a2ac164af8b7f9dcec3,857066b70a20fcf478744032dc28a5339a5dee80d668b3c5fdc4d4bd75aeeb5d,2d280c7862041cee1dd36a2ac164af8b7f9dcec3,False,pynq,1,True,s2.shapes,performance,1333333,3,36.309,paper-grade environment,"A3-general random shapes, measured on KV260",171,J0171,depth7_8,265,7,False,act1,done,0x00000000,0x00000000,,True,90,90,0,0,"30917,36857,36317,43229,749,1829,629","30917,36857,36317,43229,749,1829,629","30917,36857,36317,43229,749,1829,629",150530,150530,150530,150324,150324,150324,0,0,True,True,compared,72,97.681,True,,,,,,,,,,,,,,,,,,37bdfbaacba1dc000701ad690b261df81455d7636899da8f14a207513c831280,857066b70a20fcf478744032dc28a5339a5dee80d668b3c5fdc4d4bd75aeeb5d,20260929,249.997500,249.730535,249.611552,249.822465,249.997500,"f_readback (pl_clk0 PLL read-back, clock of record; f_meas is a cross-check only)"
2026-09-30T18:40:17+00:00,2d280c7862041cee1dd36a2ac164af8b7f9dcec3,False,2023.1,7b2dac6026acf6ae9e6d87f80a457fb07b6e56c167dd2a168593b2105c9e130e,ZynqMP KV260 revB machine-id:a435d1c5,shapes,297,249.997500,hw,,1,fd880d43,kria,pynq Clocks.fclk0_mhz readback,2d280c7862041cee1dd36a2ac164af8b7f9dcec3,857066b70a20fcf478744032dc28a5339a5dee80d668b3c5fdc4d4bd75aeeb5d,2d280c7862041cee1dd36a2ac164af8b7f9dcec3,False,pynq,1,True,s2.shapes,performance,1333333,3,36.309,paper-grade environment,"A3-general random shapes, measured on KV260",297,J0297,conv_pool,266,1,False,act1,done,0x00000000,0x00000000,,True,42,252,0,0,3179,3179,3179,3182,3182,3182,3150,3150,3150,0,0,True,True,compared,2,57.490,True,,,,,,,,,,,,,,,,,,37bdfbaacba1dc000701ad690b261df81455d7636899da8f14a207513c831280,857066b70a20fcf478744032dc28a5339a5dee80d668b3c5fdc4d4bd75aeeb5d,20260929,249.997500,249.730535,249.611552,249.822465,249.997500,"f_readback (pl_clk0 PLL read-back, clock of record; f_meas is a cross-check only)"
2026-09-30T18:40:17+00:00,2d280c7862041cee1dd36a2ac164af8b7f9dcec3,False,2023.1,7b2dac6026acf6ae9e6d87f80a457fb07b6e56c167dd2a168593b2105c9e130e,ZynqMP KV260 revB machine-id:a435d1c5,shapes,226,249.997500,hw,,1,fd880d43,kria,pynq Clocks.fclk0_mhz readback,2d280c7862041cee1dd36a2ac164af8b7f9dcec3,857066b70a20fcf478744032dc28a5339a5dee80d668b3c5fdc4d4bd75aeeb5d,2d280c7862041cee1dd36a2ac164af8b7f9dcec3,False,pynq,1,True,s2.shapes,performance,1333333,3,36.309,paper-grade environment,"A3-general random shapes, measured on KV260",226,J0226,depth4_6,267,5,False,act1,done,0x00000000,0x00000000,,True,100,650,0,0,"15077,15389,37829,1085,2973","15077,15389,37829,1085,2973","15077,15389,37829,1085,2973",72356,72356,72356,72208,72208,72208,0,0,True,True,compared,35,90.201,True,,,,,,,,,,,,,,,,,,37bdfbaacba1dc000701ad690b261df81455d7636899da8f14a207513c831280,857066b70a20fcf478744032dc28a5339a5dee80d668b3c5fdc4d4bd75aeeb5d,20260929,249.997500,249.730535,249.611552,249.822465,249.997500,"f_readback (pl_clk0 PLL read-back, clock of record; f_meas is a cross-check only)"
2026-09-30T18:40:17+00:00,2d280c7862041cee1dd36a2ac164af8b7f9dcec3,False,2023.1,7b2dac6026acf6ae9e6d87f80a457fb07b6e56c167dd2a168593b2105c9e130e,ZynqMP KV260 revB machine-id:a435d1c5,shapes,254,249.997500,hw,,1,fd880d43,kria,pynq Clocks.fclk0_mhz readback,2d280c7862041cee1dd36a2ac164af8b7f9dcec3,857066b70a20fcf478744032dc28a5339a5dee80d668b3c5fdc4d4bd75aeeb5d,2d280c7862041cee1dd36a2ac164af8b7f9dcec3,False,pynq,1,True,s2.shapes,performance,1333333,3,36.309,paper-grade environment,"A3-general random shapes, measured on KV260",254,J0254,tails,268,1,False,act1,done,0x00000000,0x00000000,,True,1376,8944,0,0,20765,20765,20765,20768,20768,20768,20736,20736,20736,0,0,True,True,compared,10,42.851,True,,,,,,,,,,,,,,,,,,37bdfbaacba1dc000701ad690b261df81455d7636899da8f14a207513c831280,857066b70a20fcf478744032dc28a5339a5dee80d668b3c5fdc4d4bd75aeeb5d,20260929,249.997500,249.730535,249.611552,249.822465,249.997500,"f_readback (pl_clk0 PLL read-back, clock of record; f_meas is a cross-check only)"
2026-09-30T18:40:17+00:00,2d280c7862041cee1dd36a2ac164af8b7f9dcec3,False,2023.1,7b2dac6026acf6ae9e6d87f80a457fb07b6e56c167dd2a168593b2105c9e130e,ZynqMP KV260 revB machine-id:a435d1c5,shapes,280,249.997500,hw,,1,fd880d43,kria,pynq Clocks.fclk0_mhz readback,2d280c7862041cee1dd36a2ac164af8b7f9dcec3,857066b70a20fcf478744032dc28a5339a5dee80d668b3c5fdc4d4bd75aeeb5d,2d280c7862041cee1dd36a2ac164af8b7f9dcec3,False,pynq,1,True,s2.shapes,performance,1333333,3,36.309,paper-grade environment,"A3-general random shapes, measured on KV260",280,J0280,conv,269,1,False,act1,done,0x00000000,0x00000000,,True,186,1488,0,0,9629,9629,9629,9632,9632,9632,9600,9600,9600,0,0,True,True,compared,4,69.509,True,,,,,,,,,,,,,,,,,,37bdfbaacba1dc000701ad690b261df81455d7636899da8f14a207513c831280,857066b70a20fcf478744032dc28a5339a5dee80d668b3c5fdc4d4bd75aeeb5d,20260929,249.997500,249.730535,249.611552,249.822465,249.997500,"f_readback (pl_clk0 PLL read-back, clock of record; f_meas is a cross-check only)"
2026-09-30T18:40:17+00:00,2d280c7862041cee1dd36a2ac164af8b7f9dcec3,False,2023.1,7b2dac6026acf6ae9e6d87f80a457fb07b6e56c167dd2a168593b2105c9e130e,ZynqMP KV260 revB machine-id:a435d1c5,shapes,59,249.997500,hw,,1,fd880d43,kria,pynq Clocks.fclk0_mhz readback,2d280c7862041cee1dd36a2ac164af8b7f9dcec3,857066b70a20fcf478744032dc28a5339a5dee80d668b3c5fdc4d4bd75aeeb5d,2d280c7862041cee1dd36a2ac164af8b7f9dcec3,False,pynq,1,True,s2.shapes,performance,1333333,3,36.309,paper-grade environment,"A3-general random shapes, measured on KV260",59,J0059,depth2_3,270,2,False,act0,done,0x00000000,0x00000000,,True,1890,12852,0,0,"133799,94529","133799,94529","133799,94529",228331,228331,228331,228270,228270,228270,0,0,True,True,compared,88,164.373,True,,,,,,,,,,,,,,,,,,37bdfbaacba1dc000701ad690b261df81455d7636899da8f14a207513c831280,857066b70a20fcf478744032dc28a5339a5dee80d668b3c5fdc4d4bd75aeeb5d,20260929,249.997500,249.730535,249.611552,249.822465,249.997500,"f_readback (pl_clk0 PLL read-back, clock of record; f_meas is a cross-check only)"
2026-09-30T18:40:17+00:00,2d280c7862041cee1dd36a2ac164af8b7f9dcec3,False,2023.1,7b2dac6026acf6ae9e6d87f80a457fb07b6e56c167dd2a168593b2105c9e130e,ZynqMP KV260 revB machine-id:a435d1c5,shapes,98,249.997500,hw,,1,fd880d43,kria,pynq Clocks.fclk0_mhz readback,2d280c7862041cee1dd36a2ac164af8b7f9dcec3,857066b70a20fcf478744032dc28a5339a5dee80d668b3c5fdc4d4bd75aeeb5d,2d280c7862041cee1dd36a2ac164af8b7f9dcec3,False,pynq,1,True,s2.shapes,performance,1333333,3,36.309,paper-grade environment,"A3-general random shapes, measured on KV260",98,J0098,conv_pool,271,1,False,act1,done,0x00000000,0x00000000,,True,1976,10868,0,0,14393,14393,14393,14396,14396,14396,14364,14364,14364,0,0,True,True,compared,6,58.691,True,,,,,,,,,,,,,,,,,,37bdfbaacba1dc000701ad690b261df81455d7636899da8f14a207513c831280,857066b70a20fcf478744032dc28a5339a5dee80d668b3c5fdc4d4bd75aeeb5d,20260929,249.997500,249.730535,249.611552,249.822465,249.997500,"f_readback (pl_clk0 PLL read-back, clock of record; f_meas is a cross-check only)"
2026-09-30T18:40:17+00:00,2d280c7862041cee1dd36a2ac164af8b7f9dcec3,False,2023.1,7b2dac6026acf6ae9e6d87f80a457fb07b6e56c167dd2a168593b2105c9e130e,ZynqMP KV260 revB machine-id:a435d1c5,shapes,43,249.997500,hw,,1,fd880d43,kria,pynq Clocks.fclk0_mhz readback,2d280c7862041cee1dd36a2ac164af8b7f9dcec3,857066b70a20fcf478744032dc28a5339a5dee80d668b3c5fdc4d4bd75aeeb5d,2d280c7862041cee1dd36a2ac164af8b7f9dcec3,False,pynq,1,True,s2.shapes,performance,1333333,3,36.309,paper-grade environment,"A3-general random shapes, measured on KV260",43,J0043,depth4_6,272,4,False,act0,done,0x00000000,0x00000000,,True,648,2916,0,0,"37661,28109,140829,78329","37661,28109,140829,78329","37661,28109,140829,78329",284931,284931,284931,284812,284812,284812,0,0,True,True,compared,114,156.892,True,,,,,,,,,,,,,,,,,,37bdfbaacba1dc000701ad690b261df81455d7636899da8f14a207513c831280,857066b70a20fcf478744032dc28a5339a5dee80d668b3c5fdc4d4bd75aeeb5d,20260929,249.997500,249.730535,249.611552,249.822465,249.997500,"f_readback (pl_clk0 PLL read-back, clock of record; f_meas is a cross-check only)"
2026-09-30T18:40:17+00:00,2d280c7862041cee1dd36a2ac164af8b7f9dcec3,False,2023.1,7b2dac6026acf6ae9e6d87f80a457fb07b6e56c167dd2a168593b2105c9e130e,ZynqMP KV260 revB machine-id:a435d1c5,shapes,260,249.997500,hw,,1,fd880d43,kria,pynq Clocks.fclk0_mhz readback,2d280c7862041cee1dd36a2ac164af8b7f9dcec3,857066b70a20fcf478744032dc28a5339a5dee80d668b3c5fdc4d4bd75aeeb5d,2d280c7862041cee1dd36a2ac164af8b7f9dcec3,False,pynq,1,True,s2.shapes,performance,1333333,3,36.309,paper-grade environment,"A3-general random shapes, measured on KV260",260,J0260,tails,273,2,False,act0,done,0x00000000,0x00000000,,True,378,378,0,0,"629,1805","629,1805","629,1805",2437,2437,2437,2376,2376,2376,0,0,True,True,compared,1,19.979,True,,,,,,,,,,,,,,,,,,37bdfbaacba1dc000701ad690b261df81455d7636899da8f14a207513c831280,857066b70a20fcf478744032dc28a5339a5dee80d668b3c5fdc4d4bd75aeeb5d,20260929,249.997500,249.730535,249.611552,249.822465,249.997500,"f_readback (pl_clk0 PLL read-back, clock of record; f_meas is a cross-check only)"
2026-09-30T18:40:17+00:00,2d280c7862041cee1dd36a2ac164af8b7f9dcec3,False,2023.1,7b2dac6026acf6ae9e6d87f80a457fb07b6e56c167dd2a168593b2105c9e130e,ZynqMP KV260 revB machine-id:a435d1c5,shapes,134,249.997500,hw,,1,fd880d43,kria,pynq Clocks.fclk0_mhz readback,2d280c7862041cee1dd36a2ac164af8b7f9dcec3,857066b70a20fcf478744032dc28a5339a5dee80d668b3c5fdc4d4bd75aeeb5d,2d280c7862041cee1dd36a2ac164af8b7f9dcec3,False,pynq,1,True,s2.shapes,performance,1333333,3,36.309,paper-grade environment,"A3-general random shapes, measured on KV260",134,J0134,conv,274,1,False,act1,done,0x00000000,0x00000000,,True,1764,12600,0,0,98204,98204,98204,98207,98207,98207,98175,98175,98175,0,0,True,True,compared,47,138.557,True,,,,,,,,,,,,,,,,,,37bdfbaacba1dc000701ad690b261df81455d7636899da8f14a207513c831280,857066b70a20fcf478744032dc28a5339a5dee80d668b3c5fdc4d4bd75aeeb5d,20260929,249.997500,249.730535,249.611552,249.822465,249.997500,"f_readback (pl_clk0 PLL read-back, clock of record; f_meas is a cross-check only)"
2026-09-30T18:40:17+00:00,2d280c7862041cee1dd36a2ac164af8b7f9dcec3,False,2023.1,7b2dac6026acf6ae9e6d87f80a457fb07b6e56c167dd2a168593b2105c9e130e,ZynqMP KV260 revB machine-id:a435d1c5,shapes,113,249.997500,hw,,1,fd880d43,kria,pynq Clocks.fclk0_mhz readback,2d280c7862041cee1dd36a2ac164af8b7f9dcec3,857066b70a20fcf478744032dc28a5339a5dee80d668b3c5fdc4d4bd75aeeb5d,2d280c7862041cee1dd36a2ac164af8b7f9dcec3,False,pynq,1,True,s2.shapes,performance,1333333,3,36.309,paper-grade environment,"A3-general random shapes, measured on KV260",113,J0113,depth2_3,275,2,False,act0,done,0x00000000,0x00000000,,True,399,1596,0,0,"57359,31493","57359,31493","57359,31493",88855,88855,88855,88794,88794,88794,0,0,True,True,compared,31,109.804,True,,,,,,,,,,,,,,,,,,37bdfbaacba1dc000701ad690b261df81455d7636899da8f14a207513c831280,857066b70a20fcf478744032dc28a5339a5dee80d668b3c5fdc4d4bd75aeeb5d,20260929,249.997500,249.730535,249.611552,249.822465,249.997500,"f_readback (pl_clk0 PLL read-back, clock of record; f_meas is a cross-check only)"
2026-09-30T18:40:17+00:00,2d280c7862041cee1dd36a2ac164af8b7f9dcec3,False,2023.1,7b2dac6026acf6ae9e6d87f80a457fb07b6e56c167dd2a168593b2105c9e130e,ZynqMP KV260 revB machine-id:a435d1c5,shapes,106,249.997500,hw,,1,fd880d43,kria,pynq Clocks.fclk0_mhz readback,2d280c7862041cee1dd36a2ac164af8b7f9dcec3,857066b70a20fcf478744032dc28a5339a5dee80d668b3c5fdc4d4bd75aeeb5d,2d280c7862041cee1dd36a2ac164af8b7f9dcec3,False,pynq,1,True,s2.shapes,performance,1333333,3,36.309,paper-grade environment,"A3-general random shapes, measured on KV260",106,J0106,conv_pool,276,1,False,act1,done,0x00000000,0x00000000,,True,1305,8265,0,0,4829,4829,4829,4832,4832,4832,4800,4800,4800,0,0,True,True,compared,2,30.572,True,,,,,,,,,,,,,,,,,,37bdfbaacba1dc000701ad690b261df81455d7636899da8f14a207513c831280,857066b70a20fcf478744032dc28a5339a5dee80d668b3c5fdc4d4bd75aeeb5d,20260929,249.997500,249.730535,249.611552,249.822465,249.997500,"f_readback (pl_clk0 PLL read-back, clock of record; f_meas is a cross-check only)"
2026-09-30T18:40:17+00:00,2d280c7862041cee1dd36a2ac164af8b7f9dcec3,False,2023.1,7b2dac6026acf6ae9e6d87f80a457fb07b6e56c167dd2a168593b2105c9e130e,ZynqMP KV260 revB machine-id:a435d1c5,shapes,162,249.997500,hw,,1,fd880d43,kria,pynq Clocks.fclk0_mhz readback,2d280c7862041cee1dd36a2ac164af8b7f9dcec3,857066b70a20fcf478744032dc28a5339a5dee80d668b3c5fdc4d4bd75aeeb5d,2d280c7862041cee1dd36a2ac164af8b7f9dcec3,False,pynq,1,True,s2.shapes,performance,1333333,3,36.309,paper-grade environment,"A3-general random shapes, measured on KV260",162,J0162,depth4_6,277,4,False,act0,done,0x00000000,0x00000000,,True,28,224,0,0,"1541,3329,689,129","1541,3329,689,129","1541,3329,689,129",5691,5691,5691,5572,5572,5572,0,0,True,True,compared,2,65.087,True,,,,,,,,,,,,,,,,,,37bdfbaacba1dc000701ad690b261df81455d7636899da8f14a207513c831280,857066b70a20fcf478744032dc28a5339a5dee80d668b3c5fdc4d4bd75aeeb5d,20260929,249.997500,249.730535,249.611552,249.822465,249.997500,"f_readback (pl_clk0 PLL read-back, clock of record; f_meas is a cross-check only)"
2026-09-30T18:40:17+00:00,2d280c7862041cee1dd36a2ac164af8b7f9dcec3,False,2023.1,7b2dac6026acf6ae9e6d87f80a457fb07b6e56c167dd2a168593b2105c9e130e,ZynqMP KV260 revB machine-id:a435d1c5,shapes,6,249.997500,hw,,1,fd880d43,kria,pynq Clocks.fclk0_mhz readback,2d280c7862041cee1dd36a2ac164af8b7f9dcec3,857066b70a20fcf478744032dc28a5339a5dee80d668b3c5fdc4d4bd75aeeb5d,2d280c7862041cee1dd36a2ac164af8b7f9dcec3,False,pynq,1,True,s2.shapes,performance,1333333,3,36.309,paper-grade environment,"A3-general random shapes, measured on KV260",6,J0006,tails,278,2,False,act0,done,0x00000000,0x00000000,,True,165,1100,0,0,"1271,1877","1271,1877","1271,1877",3151,3151,3151,3090,3090,3090,0,0,True,True,compared,1,27.532,True,,,,,,,,,,,,,,,,,,37bdfbaacba1dc000701ad690b261df81455d7636899da8f14a207513c831280,857066b70a20fcf478744032dc28a5339a5dee80d668b3c5fdc4d4bd75aeeb5d,20260929,249.997500,249.730535,249.611552,249.822465,249.997500,"f_readback (pl_clk0 PLL read-back, clock of record; f_meas is a cross-check only)"
2026-09-30T18:40:17+00:00,2d280c7862041cee1dd36a2ac164af8b7f9dcec3,False,2023.1,7b2dac6026acf6ae9e6d87f80a457fb07b6e56c167dd2a168593b2105c9e130e,ZynqMP KV260 revB machine-id:a435d1c5,shapes,272,249.997500,hw,,1,fd880d43,kria,pynq Clocks.fclk0_mhz readback,2d280c7862041cee1dd36a2ac164af8b7f9dcec3,857066b70a20fcf478744032dc28a5339a5dee80d668b3c5fdc4d4bd75aeeb5d,2d280c7862041cee1dd36a2ac164af8b7f9dcec3,False,pynq,1,True,s2.shapes,performance,1333333,3,36.309,paper-grade environment,"A3-general random shapes, measured on KV260",272,J0272,depth2_3,279,3,False,act1,done,0x00000000,0x00000000,,True,40,300,0,0,"389,1805,1061","389,1805,1061","389,1805,1061",3258,3258,3258,3168,3168,3168,0,0,True,True,compared,2,13.087,True,,,,,,,,,,,,,,,,,,37bdfbaacba1dc000701ad690b261df81455d7636899da8f14a207513c831280,857066b70a20fcf478744032dc28a5339a5dee80d668b3c5fdc4d4bd75aeeb5d,20260929,249.997500,249.730535,249.611552,249.822465,249.997500,"f_readback (pl_clk0 PLL read-back, clock of record; f_meas is a cross-check only)"
2026-09-30T18:40:17+00:00,2d280c7862041cee1dd36a2ac164af8b7f9dcec3,False,2023.1,7b2dac6026acf6ae9e6d87f80a457fb07b6e56c167dd2a168593b2105c9e130e,ZynqMP KV260 revB machine-id:a435d1c5,shapes,277,249.997500,hw,,1,fd880d43,kria,pynq Clocks.fclk0_mhz readback,2d280c7862041cee1dd36a2ac164af8b7f9dcec3,857066b70a20fcf478744032dc28a5339a5dee80d668b3c5fdc4d4bd75aeeb5d,2d280c7862041cee1dd36a2ac164af8b7f9dcec3,False,pynq,1,True,s2.shapes,performance,1333333,3,36.309,paper-grade environment,"A3-general random shapes, measured on KV260",277,J0277,conv_pool,280,1,False,act1,done,0x00000000,0x00000000,,True,1000,7200,0,0,148205,148205,148205,148208,148208,148208,148176,148176,148176,0,0,True,True,compared,72,90.419,True,,,,,,,,,,,,,,,,,,37bdfbaacba1dc000701ad690b261df81455d7636899da8f14a207513c831280,857066b70a20fcf478744032dc28a5339a5dee80d668b3c5fdc4d4bd75aeeb5d,20260929,249.997500,249.730535,249.611552,249.822465,249.997500,"f_readback (pl_clk0 PLL read-back, clock of record; f_meas is a cross-check only)"
2026-09-30T18:40:17+00:00,2d280c7862041cee1dd36a2ac164af8b7f9dcec3,False,2023.1,7b2dac6026acf6ae9e6d87f80a457fb07b6e56c167dd2a168593b2105c9e130e,ZynqMP KV260 revB machine-id:a435d1c5,shapes,203,249.997500,hw,,1,fd880d43,kria,pynq Clocks.fclk0_mhz readback,2d280c7862041cee1dd36a2ac164af8b7f9dcec3,857066b70a20fcf478744032dc28a5339a5dee80d668b3c5fdc4d4bd75aeeb5d,2d280c7862041cee1dd36a2ac164af8b7f9dcec3,False,pynq,1,True,s2.shapes,performance,1333333,3,36.309,paper-grade environment,"A3-general random shapes, measured on KV260",203,J0203,depth4_6,281,4,False,act0,done,0x00000000,0x00000000,,True,390,2574,0,0,"8429,10019,909,1629","8429,10019,909,1629","8429,10019,909,1629",20989,20989,20989,20870,20870,20870,0,0,True,True,compared,10,53.184,True,,,,,,,,,,,,,,,,,,37bdfbaacba1dc000701ad690b261df81455d7636899da8f14a207513c831280,857066b70a20fcf478744032dc28a5339a5dee80d668b3c5fdc4d4bd75aeeb5d,20260929,249.997500,249.730535,249.611552,249.822465,249.997500,"f_readback (pl_clk0 PLL read-back, clock of record; f_meas is a cross-check only)"
2026-09-30T18:40:17+00:00,2d280c7862041cee1dd36a2ac164af8b7f9dcec3,False,2023.1,7b2dac6026acf6ae9e6d87f80a457fb07b6e56c167dd2a168593b2105c9e130e,ZynqMP KV260 revB machine-id:a435d1c5,shapes,164,249.997500,hw,,1,fd880d43,kria,pynq Clocks.fclk0_mhz readback,2d280c7862041cee1dd36a2ac164af8b7f9dcec3,857066b70a20fcf478744032dc28a5339a5dee80d668b3c5fdc4d4bd75aeeb5d,2d280c7862041cee1dd36a2ac164af8b7f9dcec3,False,pynq,1,True,s2.shapes,performance,1333333,3,36.309,paper-grade environment,"A3-general random shapes, measured on KV260",164,J0164,tails,282,2,False,act0,done,0x00000000,0x00000000,,True,322,644,0,0,"1289,995","1289,995","1289,995",2287,2287,2287,2226,2226,2226,0,0,True,True,compared,1,15.100,True,,,,,,,,,,,,,,,,,,37bdfbaacba1dc000701ad690b261df81455d7636899da8f14a207513c831280,857066b70a20fcf478744032dc28a5339a5dee80d668b3c5fdc4d4bd75aeeb5d,20260929,249.997500,249.730535,249.611552,249.822465,249.997500,"f_readback (pl_clk0 PLL read-back, clock of record; f_meas is a cross-check only)"
2026-09-30T18:40:17+00:00,2d280c7862041cee1dd36a2ac164af8b7f9dcec3,False,2023.1,7b2dac6026acf6ae9e6d87f80a457fb07b6e56c167dd2a168593b2105c9e130e,ZynqMP KV260 revB machine-id:a435d1c5,shapes,58,249.997500,hw,,1,fd880d43,kria,pynq Clocks.fclk0_mhz readback,2d280c7862041cee1dd36a2ac164af8b7f9dcec3,857066b70a20fcf478744032dc28a5339a5dee80d668b3c5fdc4d4bd75aeeb5d,2d280c7862041cee1dd36a2ac164af8b7f9dcec3,False,pynq,1,True,s2.shapes,performance,1333333,3,36.309,paper-grade environment,"A3-general random shapes, measured on KV260",58,J0058,depth2_3,283,3,False,act1,done,0x00000000,0x00000000,,True,158,711,0,0,"1181,16589,6189","1181,16589,6189","1181,16589,6189",23962,23962,23962,23872,23872,23872,0,0,True,True,compared,11,150.693,True,,,,,,,,,,,,,,,,,,37bdfbaacba1dc000701ad690b261df81455d7636899da8f14a207513c831280,857066b70a20fcf478744032dc28a5339a5dee80d668b3c5fdc4d4bd75aeeb5d,20260929,249.997500,249.730535,249.611552,249.822465,249.997500,"f_readback (pl_clk0 PLL read-back, clock of record; f_meas is a cross-check only)"
2026-09-30T18:40:17+00:00,2d280c7862041cee1dd36a2ac164af8b7f9dcec3,False,2023.1,7b2dac6026acf6ae9e6d87f80a457fb07b6e56c167dd2a168593b2105c9e130e,ZynqMP KV260 revB machine-id:a435d1c5,shapes,71,249.997500,hw,,1,fd880d43,kria,pynq Clocks.fclk0_mhz readback,2d280c7862041cee1dd36a2ac164af8b7f9dcec3,857066b70a20fcf478744032dc28a5339a5dee80d668b3c5fdc4d4bd75aeeb5d,2d280c7862041cee1dd36a2ac164af8b7f9dcec3,False,pynq,1,True,s2.shapes,performance,1333333,3,36.309,paper-grade environment,"A3-general random shapes, measured on KV260",71,J0071,conv_pool,284,1,False,act1,done,0x00000000,0x00000000,,True,1092,8190,0,0,20765,20765,20765,20768,20768,20768,20736,20736,20736,0,0,True,True,compared,9,36.436,True,,,,,,,,,,,,,,,,,,37bdfbaacba1dc000701ad690b261df81455d7636899da8f14a207513c831280,857066b70a20fcf478744032dc28a5339a5dee80d668b3c5fdc4d4bd75aeeb5d,20260929,249.997500,249.730535,249.611552,249.822465,249.997500,"f_readback (pl_clk0 PLL read-back, clock of record; f_meas is a cross-check only)"
2026-09-30T18:40:17+00:00,2d280c7862041cee1dd36a2ac164af8b7f9dcec3,False,2023.1,7b2dac6026acf6ae9e6d87f80a457fb07b6e56c167dd2a168593b2105c9e130e,ZynqMP KV260 revB machine-id:a435d1c5,shapes,60,249.997500,hw,,1,fd880d43,kria,pynq Clocks.fclk0_mhz readback,2d280c7862041cee1dd36a2ac164af8b7f9dcec3,857066b70a20fcf478744032dc28a5339a5dee80d668b3c5fdc4d4bd75aeeb5d,2d280c7862041cee1dd36a2ac164af8b7f9dcec3,False,pynq,1,True,s2.shapes,performance,1333333,3,36.309,paper-grade environment,"A3-general random shapes, measured on KV260",60,J0060,depth4_6,285,6,False,act0,done,0x00000000,0x00000000,,True,102,102,0,0,"7673,77309,126389,6833,512,641","7673,77309,126389,6833,512,641","7673,77309,126389,6833,512,641",219360,219360,219360,219183,219183,219183,0,0,True,True,compared,94,203.334,True,,,,,,,,,,,,,,,,,,37bdfbaacba1dc000701ad690b261df81455d7636899da8f14a207513c831280,857066b70a20fcf478744032dc28a5339a5dee80d668b3c5fdc4d4bd75aeeb5d,20260929,249.997500,249.730535,249.611552,249.822465,249.997500,"f_readback (pl_clk0 PLL read-back, clock of record; f_meas is a cross-check only)"
2026-09-30T18:40:17+00:00,2d280c7862041cee1dd36a2ac164af8b7f9dcec3,False,2023.1,7b2dac6026acf6ae9e6d87f80a457fb07b6e56c167dd2a168593b2105c9e130e,ZynqMP KV260 revB machine-id:a435d1c5,shapes,238,249.997500,hw,,1,fd880d43,kria,pynq Clocks.fclk0_mhz readback,2d280c7862041cee1dd36a2ac164af8b7f9dcec3,857066b70a20fcf478744032dc28a5339a5dee80d668b3c5fdc4d4bd75aeeb5d,2d280c7862041cee1dd36a2ac164af8b7f9dcec3,False,pynq,1,True,s2.shapes,performance,1333333,3,36.309,paper-grade environment,"A3-general random shapes, measured on KV260",238,J0238,tails,286,1,False,act1,done,0x00000000,0x00000000,,True,58,406,0,0,3229,3229,3229,3232,3232,3232,3200,3200,3200,0,0,True,True,compared,2,67.504,True,,,,,,,,,,,,,,,,,,37bdfbaacba1dc000701ad690b261df81455d7636899da8f14a207513c831280,857066b70a20fcf478744032dc28a5339a5dee80d668b3c5fdc4d4bd75aeeb5d,20260929,249.997500,249.730535,249.611552,249.822465,249.997500,"f_readback (pl_clk0 PLL read-back, clock of record; f_meas is a cross-check only)"
2026-09-30T18:40:17+00:00,2d280c7862041cee1dd36a2ac164af8b7f9dcec3,False,2023.1,7b2dac6026acf6ae9e6d87f80a457fb07b6e56c167dd2a168593b2105c9e130e,ZynqMP KV260 revB machine-id:a435d1c5,shapes,279,249.997500,hw,,1,fd880d43,kria,pynq Clocks.fclk0_mhz readback,2d280c7862041cee1dd36a2ac164af8b7f9dcec3,857066b70a20fcf478744032dc28a5339a5dee80d668b3c5fdc4d4bd75aeeb5d,2d280c7862041cee1dd36a2ac164af8b7f9dcec3,False,pynq,1,True,s2.shapes,performance,1333333,3,36.309,paper-grade environment,"A3-general random shapes, measured on KV260",279,J0279,depth2_3,287,2,False,act0,done,0x00000000,0x00000000,,True,2754,17442,0,0,"4889,107129","4889,107129","4889,107129",112021,112021,112021,111960,111960,111960,0,0,True,True,compared,54,96.435,True,,,,,,,,,,,,,,,,,,37bdfbaacba1dc000701ad690b261df81455d7636899da8f14a207513c831280,857066b70a20fcf478744032dc28a5339a5dee80d668b3c5fdc4d4bd75aeeb5d,20260929,249.997500,249.730535,249.611552,249.822465,249.997500,"f_readback (pl_clk0 PLL read-back, clock of record; f_meas is a cross-check only)"
2026-09-30T18:40:17+00:00,2d280c7862041cee1dd36a2ac164af8b7f9dcec3,False,2023.1,7b2dac6026acf6ae9e6d87f80a457fb07b6e56c167dd2a168593b2105c9e130e,ZynqMP KV260 revB machine-id:a435d1c5,shapes,89,249.997500,hw,,1,fd880d43,kria,pynq Clocks.fclk0_mhz readback,2d280c7862041cee1dd36a2ac164af8b7f9dcec3,857066b70a20fcf478744032dc28a5339a5dee80d668b3c5fdc4d4bd75aeeb5d,2d280c7862041cee1dd36a2ac164af8b7f9dcec3,False,pynq,1,True,s2.shapes,performance,1333333,3,36.309,paper-grade environment,"A3-general random shapes, measured on KV260",89,J0089,conv_pool,288,1,False,act1,done,0x00000000,0x00000000,,True,11,55,0,0,26429,26429,26429,26432,26432,26432,26400,26400,26400,0,0,True,True,compared,6,36.890,True,,,,,,,,,,,,,,,,,,37bdfbaacba1dc000701ad690b261df81455d7636899da8f14a207513c831280,857066b70a20fcf478744032dc28a5339a5dee80d668b3c5fdc4d4bd75aeeb5d,20260929,249.997500,249.730535,249.611552,249.822465,249.997500,"f_readback (pl_clk0 PLL read-back, clock of record; f_meas is a cross-check only)"
2026-09-30T18:40:17+00:00,2d280c7862041cee1dd36a2ac164af8b7f9dcec3,False,2023.1,7b2dac6026acf6ae9e6d87f80a457fb07b6e56c167dd2a168593b2105c9e130e,ZynqMP KV260 revB machine-id:a435d1c5,shapes,130,249.997500,hw,,1,fd880d43,kria,pynq Clocks.fclk0_mhz readback,2d280c7862041cee1dd36a2ac164af8b7f9dcec3,857066b70a20fcf478744032dc28a5339a5dee80d668b3c5fdc4d4bd75aeeb5d,2d280c7862041cee1dd36a2ac164af8b7f9dcec3,False,pynq,1,True,s2.shapes,performance,1333333,3,36.309,paper-grade environment,"A3-general random shapes, measured on KV260",130,J0130,depth4_6,289,4,False,raw,done,0x00000000,0x00000000,,True,8,32,0,0,"25949,26429,15779,519","25949,26429,15779,519","25949,26429,15779,519",68679,68679,68679,68560,68560,68560,0,0,True,True,compared,33,139.359,True,,,,,,,,,,,,,,,,,,37bdfbaacba1dc000701ad690b261df81455d7636899da8f14a207513c831280,857066b70a20fcf478744032dc28a5339a5dee80d668b3c5fdc4d4bd75aeeb5d,20260929,249.997500,249.730535,249.611552,249.822465,249.997500,"f_readback (pl_clk0 PLL read-back, clock of record; f_meas is a cross-check only)"
2026-09-30T18:40:17+00:00,2d280c7862041cee1dd36a2ac164af8b7f9dcec3,False,2023.1,7b2dac6026acf6ae9e6d87f80a457fb07b6e56c167dd2a168593b2105c9e130e,ZynqMP KV260 revB machine-id:a435d1c5,shapes,268,249.997500,hw,,1,fd880d43,kria,pynq Clocks.fclk0_mhz readback,2d280c7862041cee1dd36a2ac164af8b7f9dcec3,857066b70a20fcf478744032dc28a5339a5dee80d668b3c5fdc4d4bd75aeeb5d,2d280c7862041cee1dd36a2ac164af8b7f9dcec3,False,pynq,1,True,s2.shapes,performance,1333333,3,36.309,paper-grade environment,"A3-general random shapes, measured on KV260",268,J0268,tails,290,1,False,act1,done,0x00000000,0x00000000,,True,1368,6840,0,0,86045,86045,86045,86048,86048,86048,86016,86016,86016,0,0,True,True,compared,37,112.655,True,,,,,,,,,,,,,,,,,,37bdfbaacba1dc000701ad690b261df81455d7636899da8f14a207513c831280,857066b70a20fcf478744032dc28a5339a5dee80d668b3c5fdc4d4bd75aeeb5d,20260929,249.997500,249.730535,249.611552,249.822465,249.997500,"f_readback (pl_clk0 PLL read-back, clock of record; f_meas is a cross-check only)"
2026-09-30T18:40:17+00:00,2d280c7862041cee1dd36a2ac164af8b7f9dcec3,False,2023.1,7b2dac6026acf6ae9e6d87f80a457fb07b6e56c167dd2a168593b2105c9e130e,ZynqMP KV260 revB machine-id:a435d1c5,shapes,177,249.997500,hw,,1,fd880d43,kria,pynq Clocks.fclk0_mhz readback,2d280c7862041cee1dd36a2ac164af8b7f9dcec3,857066b70a20fcf478744032dc28a5339a5dee80d668b3c5fdc4d4bd75aeeb5d,2d280c7862041cee1dd36a2ac164af8b7f9dcec3,False,pynq,1,True,s2.shapes,performance,1333333,3,36.309,paper-grade environment,"A3-general random shapes, measured on KV260",177,J0177,depth2_3,291,2,False,act0,done,0x00000000,0x00000000,,True,1023,1023,0,0,"10589,5441","10589,5441","10589,5441",16033,16033,16033,15972,15972,15972,0,0,True,True,compared,7,55.678,True,,,,,,,,,,,,,,,,,,37bdfbaacba1dc000701ad690b261df81455d7636899da8f14a207513c831280,857066b70a20fcf478744032dc28a5339a5dee80d668b3c5fdc4d4bd75aeeb5d,20260929,249.997500,249.730535,249.611552,249.822465,249.997500,"f_readback (pl_clk0 PLL read-back, clock of record; f_meas is a cross-check only)"
2026-09-30T18:40:17+00:00,2d280c7862041cee1dd36a2ac164af8b7f9dcec3,False,2023.1,7b2dac6026acf6ae9e6d87f80a457fb07b6e56c167dd2a168593b2105c9e130e,ZynqMP KV260 revB machine-id:a435d1c5,shapes,228,249.997500,hw,,1,fd880d43,kria,pynq Clocks.fclk0_mhz readback,2d280c7862041cee1dd36a2ac164af8b7f9dcec3,857066b70a20fcf478744032dc28a5339a5dee80d668b3c5fdc4d4bd75aeeb5d,2d280c7862041cee1dd36a2ac164af8b7f9dcec3,False,pynq,1,True,s2.shapes,performance,1333333,3,36.309,paper-grade environment,"A3-general random shapes, measured on KV260",228,J0228,depth4_6,292,4,False,act0,done,0x00000000,0x00000000,,True,2484,12420,0,0,"9029,38045,83729,139133","9029,38045,83729,139133","9029,38045,83729,139133",269939,269939,269939,269820,269820,269820,0,0,True,True,compared,130,159.864,True,,,,,,,,,,,,,,,,,,37bdfbaacba1dc000701ad690b261df81455d7636899da8f14a207513c831280,857066b70a20fcf478744032dc28a5339a5dee80d668b3c5fdc4d4bd75aeeb5d,20260929,249.997500,249.730535,249.611552,249.822465,249.997500,"f_readback (pl_clk0 PLL read-back, clock of record; f_meas is a cross-check only)"
2026-09-30T18:40:17+00:00,2d280c7862041cee1dd36a2ac164af8b7f9dcec3,False,2023.1,7b2dac6026acf6ae9e6d87f80a457fb07b6e56c167dd2a168593b2105c9e130e,ZynqMP KV260 revB machine-id:a435d1c5,shapes,119,249.997500,hw,,1,fd880d43,kria,pynq Clocks.fclk0_mhz readback,2d280c7862041cee1dd36a2ac164af8b7f9dcec3,857066b70a20fcf478744032dc28a5339a5dee80d668b3c5fdc4d4bd75aeeb5d,2d280c7862041cee1dd36a2ac164af8b7f9dcec3,False,pynq,1,True,s2.shapes,performance,1333333,3,36.309,paper-grade environment,"A3-general random shapes, measured on KV260",119,J0119,depth2_3,293,2,False,act0,done,0x00000000,0x00000000,,True,315,2250,0,0,"46685,85149","46685,85149","46685,85149",131837,131837,131837,131776,131776,131776,0,0,True,True,compared,51,99.723,True,,,,,,,,,,,,,,,,,,37bdfbaacba1dc000701ad690b261df81455d7636899da8f14a207513c831280,857066b70a20fcf478744032dc28a5339a5dee80d668b3c5fdc4d4bd75aeeb5d,20260929,249.997500,249.730535,249.611552,249.822465,249.997500,"f_readback (pl_clk0 PLL read-back, clock of record; f_meas is a cross-check only)"
2026-09-30T18:40:17+00:00,2d280c7862041cee1dd36a2ac164af8b7f9dcec3,False,2023.1,7b2dac6026acf6ae9e6d87f80a457fb07b6e56c167dd2a168593b2105c9e130e,ZynqMP KV260 revB machine-id:a435d1c5,shapes,128,249.997500,hw,,1,fd880d43,kria,pynq Clocks.fclk0_mhz readback,2d280c7862041cee1dd36a2ac164af8b7f9dcec3,857066b70a20fcf478744032dc28a5339a5dee80d668b3c5fdc4d4bd75aeeb5d,2d280c7862041cee1dd36a2ac164af8b7f9dcec3,False,pynq,1,True,s2.shapes,performance,1333333,3,36.309,paper-grade environment,"A3-general random shapes, measured on KV260",128,J0128,depth4_6,294,5,False,act1,done,0x00000000,0x00000000,,True,105,105,0,0,"2837,536,1667,18479,449","2837,536,1667,18479,449","2837,536,1667,18479,449",23971,23971,23971,23823,23823,23823,0,0,True,True,compared,11,58.972,True,,,,,,,,,,,,,,,,,,37bdfbaacba1dc000701ad690b261df81455d7636899da8f14a207513c831280,857066b70a20fcf478744032dc28a5339a5dee80d668b3c5fdc4d4bd75aeeb5d,20260929,249.997500,249.730535,249.611552,249.822465,249.997500,"f_readback (pl_clk0 PLL read-back, clock of record; f_meas is a cross-check only)"
2026-09-30T18:40:17+00:00,2d280c7862041cee1dd36a2ac164af8b7f9dcec3,False,2023.1,7b2dac6026acf6ae9e6d87f80a457fb07b6e56c167dd2a168593b2105c9e130e,ZynqMP KV260 revB machine-id:a435d1c5,shapes,36,249.997500,hw,,1,fd880d43,kria,pynq Clocks.fclk0_mhz readback,2d280c7862041cee1dd36a2ac164af8b7f9dcec3,857066b70a20fcf478744032dc28a5339a5dee80d668b3c5fdc4d4bd75aeeb5d,2d280c7862041cee1dd36a2ac164af8b7f9dcec3,False,pynq,1,True,s2.shapes,performance,1333333,3,36.309,paper-grade environment,"A3-general random shapes, measured on KV260",36,J0036,depth2_3,295,2,False,act0,done,0x00000000,0x00000000,,True,1225,3675,0,0,"10991,56904","10991,56904","10991,56904",67898,67898,67898,67837,67837,67837,0,0,True,True,compared,33,87.630,True,,,,,,,,,,,,,,,,,,37bdfbaacba1dc000701ad690b261df81455d7636899da8f14a207513c831280,857066b70a20fcf478744032dc28a5339a5dee80d668b3c5fdc4d4bd75aeeb5d,20260929,249.997500,249.730535,249.611552,249.822465,249.997500,"f_readback (pl_clk0 PLL read-back, clock of record; f_meas is a cross-check only)"
2026-09-30T18:40:17+00:00,2d280c7862041cee1dd36a2ac164af8b7f9dcec3,False,2023.1,7b2dac6026acf6ae9e6d87f80a457fb07b6e56c167dd2a168593b2105c9e130e,ZynqMP KV260 revB machine-id:a435d1c5,shapes,83,249.997500,hw,,1,fd880d43,kria,pynq Clocks.fclk0_mhz readback,2d280c7862041cee1dd36a2ac164af8b7f9dcec3,857066b70a20fcf478744032dc28a5339a5dee80d668b3c5fdc4d4bd75aeeb5d,2d280c7862041cee1dd36a2ac164af8b7f9dcec3,False,pynq,1,True,s2.shapes,performance,1333333,3,36.309,paper-grade environment,"A3-general random shapes, measured on KV260",83,J0083,depth4_6,296,4,False,act0,done,0x00000000,0x00000000,,True,162,918,0,0,"6749,3329,497,638","6749,3329,497,638","6749,3329,497,638",11216,11216,11216,11097,11097,11097,0,0,True,True,compared,5,54.978,True,,,,,,,,,,,,,,,,,,37bdfbaacba1dc000701ad690b261df81455d7636899da8f14a207513c831280,857066b70a20fcf478744032dc28a5339a5dee80d668b3c5fdc4d4bd75aeeb5d,20260929,249.997500,249.730535,249.611552,249.822465,249.997500,"f_readback (pl_clk0 PLL read-back, clock of record; f_meas is a cross-check only)"
2026-09-30T18:40:17+00:00,2d280c7862041cee1dd36a2ac164af8b7f9dcec3,False,2023.1,7b2dac6026acf6ae9e6d87f80a457fb07b6e56c167dd2a168593b2105c9e130e,ZynqMP KV260 revB machine-id:a435d1c5,shapes,176,249.997500,hw,,1,fd880d43,kria,pynq Clocks.fclk0_mhz readback,2d280c7862041cee1dd36a2ac164af8b7f9dcec3,857066b70a20fcf478744032dc28a5339a5dee80d668b3c5fdc4d4bd75aeeb5d,2d280c7862041cee1dd36a2ac164af8b7f9dcec3,False,pynq,1,True,s2.shapes,performance,1333333,3,36.309,paper-grade environment,"A3-general random shapes, measured on KV260",176,J0176,depth4_6,297,5,False,raw,done,0x00000000,0x00000000,,True,15,60,0,0,"407,19279,813,141,197","407,19279,813,141,197","407,19279,813,141,197",20840,20840,20840,20692,20692,20692,0,0,True,True,compared,10,209.310,True,,,,,,,,,,,,,,,,,,37bdfbaacba1dc000701ad690b261df81455d7636899da8f14a207513c831280,857066b70a20fcf478744032dc28a5339a5dee80d668b3c5fdc4d4bd75aeeb5d,20260929,249.997500,249.730535,249.611552,249.822465,249.997500,"f_readback (pl_clk0 PLL read-back, clock of record; f_meas is a cross-check only)"
2026-09-30T18:40:17+00:00,2d280c7862041cee1dd36a2ac164af8b7f9dcec3,False,2023.1,7b2dac6026acf6ae9e6d87f80a457fb07b6e56c167dd2a168593b2105c9e130e,ZynqMP KV260 revB machine-id:a435d1c5,shapes,56,249.997500,hw,,1,fd880d43,kria,pynq Clocks.fclk0_mhz readback,2d280c7862041cee1dd36a2ac164af8b7f9dcec3,857066b70a20fcf478744032dc28a5339a5dee80d668b3c5fdc4d4bd75aeeb5d,2d280c7862041cee1dd36a2ac164af8b7f9dcec3,False,pynq,1,True,s2.shapes,performance,1333333,3,36.309,paper-grade environment,"A3-general random shapes, measured on KV260",56,J0056,depth4_6,298,4,False,act0,done,0x00000000,0x00000000,,True,7,35,0,0,"1901,3149,3395,1079","1901,3149,3395,1079","1901,3149,3395,1079",9527,9527,9527,9408,9408,9408,0,0,True,True,compared,4,21.282,True,,,,,,,,,,,,,,,,,,37bdfbaacba1dc000701ad690b261df81455d7636899da8f14a207513c831280,857066b70a20fcf478744032dc28a5339a5dee80d668b3c5fdc4d4bd75aeeb5d,20260929,249.997500,249.730535,249.611552,249.822465,249.997500,"f_readback (pl_clk0 PLL read-back, clock of record; f_meas is a cross-check only)"
2026-09-30T18:40:17+00:00,2d280c7862041cee1dd36a2ac164af8b7f9dcec3,False,2023.1,7b2dac6026acf6ae9e6d87f80a457fb07b6e56c167dd2a168593b2105c9e130e,ZynqMP KV260 revB machine-id:a435d1c5,shapes,152,249.997500,hw,,1,fd880d43,kria,pynq Clocks.fclk0_mhz readback,2d280c7862041cee1dd36a2ac164af8b7f9dcec3,857066b70a20fcf478744032dc28a5339a5dee80d668b3c5fdc4d4bd75aeeb5d,2d280c7862041cee1dd36a2ac164af8b7f9dcec3,False,pynq,1,True,s2.shapes,performance,1333333,3,36.309,paper-grade environment,"A3-general random shapes, measured on KV260",152,J0152,depth4_6,299,5,False,raw,done,0x00000000,0x00000000,,True,4,16,0,0,"10829,2621,641,221,244","10829,2621,641,221,244","10829,2621,641,221,244",14559,14559,14559,14411,14411,14411,0,0,True,True,compared,6,76.195,True,,,,,,,,,,,,,,,,,,37bdfbaacba1dc000701ad690b261df81455d7636899da8f14a207513c831280,857066b70a20fcf478744032dc28a5339a5dee80d668b3c5fdc4d4bd75aeeb5d,20260929,249.997500,249.730535,249.611552,249.822465,249.997500,"f_readback (pl_clk0 PLL read-back, clock of record; f_meas is a cross-check only)"
2026-09-30T18:40:17+00:00,2d280c7862041cee1dd36a2ac164af8b7f9dcec3,False,2023.1,7b2dac6026acf6ae9e6d87f80a457fb07b6e56c167dd2a168593b2105c9e130e,ZynqMP KV260 revB machine-id:a435d1c5,shapes,summary,249.997500,hw,37.240,300,fd880d43,kria,pynq Clocks.fclk0_mhz readback,2d280c7862041cee1dd36a2ac164af8b7f9dcec3,857066b70a20fcf478744032dc28a5339a5dee80d668b3c5fdc4d4bd75aeeb5d,2d280c7862041cee1dd36a2ac164af8b7f9dcec3,False,pynq,1,True,s2.shapes,performance,1333333,3,36.309,paper-grade environment,"A3-general random shapes, measured on KV260",summary,,,,,,,,,,,,,,,,,,,,,,,,,,,,,300 RTL-sim rows for shape set 37bdfbaacba1,,,True,,300,300,False,900,37.240,1295327910,13,13,286,14,14,300,286,286,0,0,37bdfbaacba1dc000701ad690b261df81455d7636899da8f14a207513c831280,857066b70a20fcf478744032dc28a5339a5dee80d668b3c5fdc4d4bd75aeeb5d,20260929,249.997500,249.730535,249.611552,249.822465,249.997500,"f_readback (pl_clk0 PLL read-back, clock of record; f_meas is a cross-check only)"
