timestamp,git_commit,git_dirty,vivado_version,bitstream_sha256,board_id,net,layer,clock_mhz,source,duration_s,num_inferences,channel,B,s,m,values_checked_exact,values_checked_saturated,mismatches,first_mismatch_v,m_rne,delta_from_rne,mismatches_rne,candidates_tried,sat_seed,ref_float_vs_exact_diffs
2026-09-24T04:25:28+00:00,9ff764412bb9b2fe84f2af6e39c2588033037add,True,,,,lenet5,conv1,,model,0.593,,0,32,42,4171421095,274125,1000004,0,,4171421095,0,0,1,"default_rng([20260924, 0, 0, 0])",0
2026-09-24T04:25:28+00:00,9ff764412bb9b2fe84f2af6e39c2588033037add,True,,,,lenet5,conv1,,model,0.593,,0,40,50,1067883800270,274125,1000004,0,,1067883800270,0,0,1,"default_rng([20260924, 0, 0, 0])",0
2026-09-24T04:25:28+00:00,9ff764412bb9b2fe84f2af6e39c2588033037add,True,,,,lenet5,conv1,,model,0.593,,0,48,58,273378252868993,274125,1000004,0,,273378252868993,0,0,1,"default_rng([20260924, 0, 0, 0])",0
2026-09-24T04:25:28+00:00,9ff764412bb9b2fe84f2af6e39c2588033037add,True,,,,lenet5,conv1,,model,0.593,,1,32,42,3606474765,317067,1000004,0,,3606474765,0,0,1,"default_rng([20260924, 0, 0, 1])",0
2026-09-24T04:25:28+00:00,9ff764412bb9b2fe84f2af6e39c2588033037add,True,,,,lenet5,conv1,,model,0.593,,1,40,50,923257539843,317067,1000004,0,,923257539843,0,0,1,"default_rng([20260924, 0, 0, 1])",0
2026-09-24T04:25:28+00:00,9ff764412bb9b2fe84f2af6e39c2588033037add,True,,,,lenet5,conv1,,model,0.593,,1,48,58,236353930199767,317067,1000004,0,,236353930199767,0,0,1,"default_rng([20260924, 0, 0, 1])",0
2026-09-24T04:25:28+00:00,9ff764412bb9b2fe84f2af6e39c2588033037add,True,,,,lenet5,conv1,,model,0.593,,2,32,42,3899216976,293261,1000004,0,,3899216976,0,0,1,"default_rng([20260924, 0, 0, 2])",0
2026-09-24T04:25:28+00:00,9ff764412bb9b2fe84f2af6e39c2588033037add,True,,,,lenet5,conv1,,model,0.593,,2,40,50,998199545797,293261,1000004,0,,998199545797,0,0,1,"default_rng([20260924, 0, 0, 2])",0
2026-09-24T04:25:28+00:00,9ff764412bb9b2fe84f2af6e39c2588033037add,True,,,,lenet5,conv1,,model,0.593,,2,48,58,255539083724097,293261,1000004,0,,255539083724097,0,0,1,"default_rng([20260924, 0, 0, 2])",0
2026-09-24T04:25:28+00:00,9ff764412bb9b2fe84f2af6e39c2588033037add,True,,,,lenet5,conv1,,model,0.593,,3,32,42,4063444285,281409,1000004,0,,4063444285,0,0,1,"default_rng([20260924, 0, 0, 3])",0
2026-09-24T04:25:28+00:00,9ff764412bb9b2fe84f2af6e39c2588033037add,True,,,,lenet5,conv1,,model,0.593,,3,40,50,1040241736971,281409,1000004,0,,1040241736971,0,0,1,"default_rng([20260924, 0, 0, 3])",0
2026-09-24T04:25:28+00:00,9ff764412bb9b2fe84f2af6e39c2588033037add,True,,,,lenet5,conv1,,model,0.593,,3,48,58,266301884664486,281409,1000004,0,,266301884664486,0,0,1,"default_rng([20260924, 0, 0, 3])",0
2026-09-24T04:25:28+00:00,9ff764412bb9b2fe84f2af6e39c2588033037add,True,,,,lenet5,conv1,,model,0.593,,4,32,41,3059586032,186871,1000004,0,,3059586032,0,0,1,"default_rng([20260924, 0, 0, 4])",0
2026-09-24T04:25:28+00:00,9ff764412bb9b2fe84f2af6e39c2588033037add,True,,,,lenet5,conv1,,model,0.593,,4,40,49,783254024305,186871,1000004,0,,783254024305,0,0,1,"default_rng([20260924, 0, 0, 4])",0
2026-09-24T04:25:28+00:00,9ff764412bb9b2fe84f2af6e39c2588033037add,True,,,,lenet5,conv1,,model,0.593,,4,48,57,200513030221997,186871,1000004,0,,200513030221997,0,0,1,"default_rng([20260924, 0, 0, 4])",0
2026-09-24T04:25:28+00:00,9ff764412bb9b2fe84f2af6e39c2588033037add,True,,,,lenet5,conv1,,model,0.593,,5,32,41,2762411378,206973,1000004,0,,2762411378,0,0,1,"default_rng([20260924, 0, 0, 5])",0
2026-09-24T04:25:28+00:00,9ff764412bb9b2fe84f2af6e39c2588033037add,True,,,,lenet5,conv1,,model,0.593,,5,40,49,707177312838,206973,1000004,0,,707177312838,0,0,1,"default_rng([20260924, 0, 0, 5])",0
2026-09-24T04:25:28+00:00,9ff764412bb9b2fe84f2af6e39c2588033037add,True,,,,lenet5,conv1,,model,0.593,,5,48,57,181037392086438,206973,1000004,0,,181037392086438,0,0,1,"default_rng([20260924, 0, 0, 5])",0
2026-09-24T04:25:29+00:00,9ff764412bb9b2fe84f2af6e39c2588033037add,True,,,,lenet5,conv3,,model,1.686,,0,32,42,2642806783,432681,1000004,0,,2642806783,0,0,1,"default_rng([20260924, 0, 1, 0])",0
2026-09-24T04:25:29+00:00,9ff764412bb9b2fe84f2af6e39c2588033037add,True,,,,lenet5,conv3,,model,1.686,,0,40,50,676558536436,432681,1000004,0,,676558536436,0,0,1,"default_rng([20260924, 0, 1, 0])",0
2026-09-24T04:25:29+00:00,9ff764412bb9b2fe84f2af6e39c2588033037add,True,,,,lenet5,conv3,,model,1.686,,0,48,58,173198985327616,432681,1000004,0,,173198985327616,0,0,1,"default_rng([20260924, 0, 1, 0])",0
2026-09-24T04:25:29+00:00,9ff764412bb9b2fe84f2af6e39c2588033037add,True,,,,lenet5,conv3,,model,1.686,,1,32,42,3516198094,325207,1000004,0,,3516198094,0,0,1,"default_rng([20260924, 0, 1, 1])",0
2026-09-24T04:25:29+00:00,9ff764412bb9b2fe84f2af6e39c2588033037add,True,,,,lenet5,conv3,,model,1.686,,1,40,50,900146711944,325207,1000004,0,,900146711944,0,0,1,"default_rng([20260924, 0, 1, 1])",0
2026-09-24T04:25:29+00:00,9ff764412bb9b2fe84f2af6e39c2588033037add,True,,,,lenet5,conv3,,model,1.686,,1,48,58,230437558257639,325207,1000004,0,,230437558257639,0,0,1,"default_rng([20260924, 0, 1, 1])",0
2026-09-24T04:25:29+00:00,9ff764412bb9b2fe84f2af6e39c2588033037add,True,,,,lenet5,conv3,,model,1.686,,2,32,42,3538045200,323199,1000004,0,,3538045200,0,0,1,"default_rng([20260924, 0, 1, 2])",0
2026-09-24T04:25:29+00:00,9ff764412bb9b2fe84f2af6e39c2588033037add,True,,,,lenet5,conv3,,model,1.686,,2,40,50,905739571076,323199,1000004,0,,905739571076,0,0,1,"default_rng([20260924, 0, 1, 2])",0
2026-09-24T04:25:29+00:00,9ff764412bb9b2fe84f2af6e39c2588033037add,True,,,,lenet5,conv3,,model,1.686,,2,48,58,231869330195543,323199,1000004,0,,231869330195543,0,0,1,"default_rng([20260924, 0, 1, 2])",0
2026-09-24T04:25:29+00:00,9ff764412bb9b2fe84f2af6e39c2588033037add,True,,,,lenet5,conv3,,model,1.686,,3,32,42,2800930499,408255,1000004,0,,2800930499,0,0,1,"default_rng([20260924, 0, 1, 3])",0
2026-09-24T04:25:29+00:00,9ff764412bb9b2fe84f2af6e39c2588033037add,True,,,,lenet5,conv3,,model,1.686,,3,40,50,717038207756,408255,1000004,0,,717038207756,0,0,1,"default_rng([20260924, 0, 1, 3])",0
2026-09-24T04:25:29+00:00,9ff764412bb9b2fe84f2af6e39c2588033037add,True,,,,lenet5,conv3,,model,1.686,,3,48,58,183561781185449,408255,1000004,0,,183561781185449,0,0,1,"default_rng([20260924, 0, 1, 3])",0
2026-09-24T04:25:29+00:00,9ff764412bb9b2fe84f2af6e39c2588033037add,True,,,,lenet5,conv3,,model,1.686,,4,32,42,3434258100,332967,1000004,0,,3434258100,0,0,1,"default_rng([20260924, 0, 1, 4])",0
2026-09-24T04:25:29+00:00,9ff764412bb9b2fe84f2af6e39c2588033037add,True,,,,lenet5,conv3,,model,1.686,,4,40,50,879170073580,332967,1000004,0,,879170073580,0,0,1,"default_rng([20260924, 0, 1, 4])",0
2026-09-24T04:25:29+00:00,9ff764412bb9b2fe84f2af6e39c2588033037add,True,,,,lenet5,conv3,,model,1.686,,4,48,58,225067538836501,332967,1000004,0,,225067538836501,0,0,1,"default_rng([20260924, 0, 1, 4])",0
2026-09-24T04:25:29+00:00,9ff764412bb9b2fe84f2af6e39c2588033037add,True,,,,lenet5,conv3,,model,1.686,,5,32,41,2603556443,219601,1000004,0,,2603556443,0,0,1,"default_rng([20260924, 0, 1, 5])",0
2026-09-24T04:25:29+00:00,9ff764412bb9b2fe84f2af6e39c2588033037add,True,,,,lenet5,conv3,,model,1.686,,5,40,49,666510449402,219601,1000004,0,,666510449402,0,0,1,"default_rng([20260924, 0, 1, 5])",0
2026-09-24T04:25:29+00:00,9ff764412bb9b2fe84f2af6e39c2588033037add,True,,,,lenet5,conv3,,model,1.686,,5,48,57,170626675046980,219601,1000004,0,,170626675046980,0,0,1,"default_rng([20260924, 0, 1, 5])",0
2026-09-24T04:25:29+00:00,9ff764412bb9b2fe84f2af6e39c2588033037add,True,,,,lenet5,conv3,,model,1.686,,6,32,41,3342020624,171077,1000004,0,,3342020624,0,0,1,"default_rng([20260924, 0, 1, 6])",0
2026-09-24T04:25:29+00:00,9ff764412bb9b2fe84f2af6e39c2588033037add,True,,,,lenet5,conv3,,model,1.686,,6,40,49,855557279776,171077,1000004,0,,855557279776,0,0,1,"default_rng([20260924, 0, 1, 6])",0
2026-09-24T04:25:29+00:00,9ff764412bb9b2fe84f2af6e39c2588033037add,True,,,,lenet5,conv3,,model,1.686,,6,48,57,219022663622733,171077,1000004,0,,219022663622733,0,0,1,"default_rng([20260924, 0, 1, 6])",0
2026-09-24T04:25:29+00:00,9ff764412bb9b2fe84f2af6e39c2588033037add,True,,,,lenet5,conv3,,model,1.686,,7,32,42,3164887819,361305,1000004,0,,3164887819,0,0,1,"default_rng([20260924, 0, 1, 7])",0
2026-09-24T04:25:29+00:00,9ff764412bb9b2fe84f2af6e39c2588033037add,True,,,,lenet5,conv3,,model,1.686,,7,40,50,810211281718,361305,1000004,0,,810211281718,0,0,1,"default_rng([20260924, 0, 1, 7])",0
2026-09-24T04:25:29+00:00,9ff764412bb9b2fe84f2af6e39c2588033037add,True,,,,lenet5,conv3,,model,1.686,,7,48,58,207414088119766,361305,1000004,0,,207414088119766,0,0,1,"default_rng([20260924, 0, 1, 7])",0
2026-09-24T04:25:29+00:00,9ff764412bb9b2fe84f2af6e39c2588033037add,True,,,,lenet5,conv3,,model,1.686,,8,32,41,2595807039,220257,1000004,0,,2595807039,0,0,1,"default_rng([20260924, 0, 1, 8])",0
2026-09-24T04:25:29+00:00,9ff764412bb9b2fe84f2af6e39c2588033037add,True,,,,lenet5,conv3,,model,1.686,,8,40,49,664526601882,220257,1000004,0,,664526601882,0,0,1,"default_rng([20260924, 0, 1, 8])",0
2026-09-24T04:25:29+00:00,9ff764412bb9b2fe84f2af6e39c2588033037add,True,,,,lenet5,conv3,,model,1.686,,8,48,57,170118810081751,220257,1000004,0,,170118810081751,0,0,1,"default_rng([20260924, 0, 1, 8])",0
2026-09-24T04:25:29+00:00,9ff764412bb9b2fe84f2af6e39c2588033037add,True,,,,lenet5,conv3,,model,1.686,,9,32,42,3472670749,329283,1000004,0,,3472670749,0,0,1,"default_rng([20260924, 0, 1, 9])",0
2026-09-24T04:25:29+00:00,9ff764412bb9b2fe84f2af6e39c2588033037add,True,,,,lenet5,conv3,,model,1.686,,9,40,50,889003711623,329283,1000004,0,,889003711623,0,0,1,"default_rng([20260924, 0, 1, 9])",0
2026-09-24T04:25:29+00:00,9ff764412bb9b2fe84f2af6e39c2588033037add,True,,,,lenet5,conv3,,model,1.686,,9,48,58,227584950175573,329283,1000004,0,,227584950175573,0,0,1,"default_rng([20260924, 0, 1, 9])",0
2026-09-24T04:25:29+00:00,9ff764412bb9b2fe84f2af6e39c2588033037add,True,,,,lenet5,conv3,,model,1.686,,10,32,41,2318417074,246611,1000004,0,,2318417074,0,0,1,"default_rng([20260924, 0, 1, 10])",0
2026-09-24T04:25:29+00:00,9ff764412bb9b2fe84f2af6e39c2588033037add,True,,,,lenet5,conv3,,model,1.686,,10,40,49,593514770886,246611,1000004,0,,593514770886,0,0,1,"default_rng([20260924, 0, 1, 10])",0
2026-09-24T04:25:29+00:00,9ff764412bb9b2fe84f2af6e39c2588033037add,True,,,,lenet5,conv3,,model,1.686,,10,48,57,151939781346899,246611,1000004,0,,151939781346899,0,0,1,"default_rng([20260924, 0, 1, 10])",0
2026-09-24T04:25:29+00:00,9ff764412bb9b2fe84f2af6e39c2588033037add,True,,,,lenet5,conv3,,model,1.686,,11,32,44,3618332827,1264109,1000004,0,,3618332827,0,0,1,"default_rng([20260924, 0, 1, 11])",0
2026-09-24T04:25:29+00:00,9ff764412bb9b2fe84f2af6e39c2588033037add,True,,,,lenet5,conv3,,model,1.686,,11,40,52,926293203589,1264109,1000004,0,,926293203589,0,0,1,"default_rng([20260924, 0, 1, 11])",0
2026-09-24T04:25:29+00:00,9ff764412bb9b2fe84f2af6e39c2588033037add,True,,,,lenet5,conv3,,model,1.686,,11,48,60,237131060118897,1264109,1000004,0,,237131060118897,0,0,1,"default_rng([20260924, 0, 1, 11])",0
2026-09-24T04:25:29+00:00,9ff764412bb9b2fe84f2af6e39c2588033037add,True,,,,lenet5,conv3,,model,1.686,,12,32,42,4077047569,280471,1000004,0,,4077047569,0,0,1,"default_rng([20260924, 0, 1, 12])",0
2026-09-24T04:25:29+00:00,9ff764412bb9b2fe84f2af6e39c2588033037add,True,,,,lenet5,conv3,,model,1.686,,12,40,50,1043724177782,280471,1000004,0,,1043724177782,0,0,1,"default_rng([20260924, 0, 1, 12])",0
2026-09-24T04:25:29+00:00,9ff764412bb9b2fe84f2af6e39c2588033037add,True,,,,lenet5,conv3,,model,1.686,,12,48,58,267193389512296,280471,1000004,0,,267193389512296,0,0,1,"default_rng([20260924, 0, 1, 12])",0
2026-09-24T04:25:29+00:00,9ff764412bb9b2fe84f2af6e39c2588033037add,True,,,,lenet5,conv3,,model,1.686,,13,32,42,3373133962,338999,1000004,0,,3373133962,0,0,1,"default_rng([20260924, 0, 1, 13])",0
2026-09-24T04:25:29+00:00,9ff764412bb9b2fe84f2af6e39c2588033037add,True,,,,lenet5,conv3,,model,1.686,,13,40,50,863522294180,338999,1000004,0,,863522294180,0,0,1,"default_rng([20260924, 0, 1, 13])",0
2026-09-24T04:25:29+00:00,9ff764412bb9b2fe84f2af6e39c2588033037add,True,,,,lenet5,conv3,,model,1.686,,13,48,58,221061707309960,338999,1000004,0,,221061707309960,0,0,1,"default_rng([20260924, 0, 1, 13])",0
2026-09-24T04:25:29+00:00,9ff764412bb9b2fe84f2af6e39c2588033037add,True,,,,lenet5,conv3,,model,1.686,,14,32,42,2271787346,503345,1000004,0,,2271787346,0,0,1,"default_rng([20260924, 0, 1, 14])",0
2026-09-24T04:25:29+00:00,9ff764412bb9b2fe84f2af6e39c2588033037add,True,,,,lenet5,conv3,,model,1.686,,14,40,50,581577560509,503345,1000004,0,,581577560509,0,0,1,"default_rng([20260924, 0, 1, 14])",0
2026-09-24T04:25:29+00:00,9ff764412bb9b2fe84f2af6e39c2588033037add,True,,,,lenet5,conv3,,model,1.686,,14,48,58,148883855490410,503345,1000004,0,,148883855490410,0,0,1,"default_rng([20260924, 0, 1, 14])",0
2026-09-24T04:25:29+00:00,9ff764412bb9b2fe84f2af6e39c2588033037add,True,,,,lenet5,conv3,,model,1.686,,15,32,42,2549429689,448529,1000004,0,,2549429689,0,0,1,"default_rng([20260924, 0, 1, 15])",0
2026-09-24T04:25:29+00:00,9ff764412bb9b2fe84f2af6e39c2588033037add,True,,,,lenet5,conv3,,model,1.686,,15,40,50,652654000350,448529,1000004,0,,652654000350,0,0,1,"default_rng([20260924, 0, 1, 15])",0
2026-09-24T04:25:29+00:00,9ff764412bb9b2fe84f2af6e39c2588033037add,True,,,,lenet5,conv3,,model,1.686,,15,48,58,167079424089550,448529,1000004,0,,167079424089550,0,0,1,"default_rng([20260924, 0, 1, 15])",0
2026-09-24T04:25:31+00:00,9ff764412bb9b2fe84f2af6e39c2588033037add,True,,,,lenet5,conv5,,model,13.457,,0,32,42,3286981954,347885,1000004,0,,3286981954,0,0,1,"default_rng([20260924, 0, 2, 0])",0
2026-09-24T04:25:31+00:00,9ff764412bb9b2fe84f2af6e39c2588033037add,True,,,,lenet5,conv5,,model,13.457,,0,40,50,841467380100,347885,1000004,0,,841467380100,0,0,1,"default_rng([20260924, 0, 2, 0])",0
2026-09-24T04:25:31+00:00,9ff764412bb9b2fe84f2af6e39c2588033037add,True,,,,lenet5,conv5,,model,13.457,,0,48,58,215415649305491,347885,1000004,0,,215415649305491,0,0,1,"default_rng([20260924, 0, 2, 0])",0
2026-09-24T04:25:31+00:00,9ff764412bb9b2fe84f2af6e39c2588033037add,True,,,,lenet5,conv5,,model,13.457,,1,32,42,3741964085,305587,1000004,0,,3741964085,0,0,1,"default_rng([20260924, 0, 2, 1])",0
2026-09-24T04:25:31+00:00,9ff764412bb9b2fe84f2af6e39c2588033037add,True,,,,lenet5,conv5,,model,13.457,,1,40,50,957942805688,305587,1000004,0,,957942805688,0,0,1,"default_rng([20260924, 0, 2, 1])",0
2026-09-24T04:25:31+00:00,9ff764412bb9b2fe84f2af6e39c2588033037add,True,,,,lenet5,conv5,,model,13.457,,1,48,58,245233358256087,305587,1000004,0,,245233358256087,0,0,1,"default_rng([20260924, 0, 2, 1])",0
2026-09-24T04:25:31+00:00,9ff764412bb9b2fe84f2af6e39c2588033037add,True,,,,lenet5,conv5,,model,13.457,,2,32,41,2570366692,222437,1000004,0,,2570366692,0,0,1,"default_rng([20260924, 0, 2, 2])",0
2026-09-24T04:25:31+00:00,9ff764412bb9b2fe84f2af6e39c2588033037add,True,,,,lenet5,conv5,,model,13.457,,2,40,49,658013873129,222437,1000004,0,,658013873129,0,0,1,"default_rng([20260924, 0, 2, 2])",0
2026-09-24T04:25:31+00:00,9ff764412bb9b2fe84f2af6e39c2588033037add,True,,,,lenet5,conv5,,model,13.457,,2,48,57,168451551520929,222437,1000004,0,,168451551520929,0,0,1,"default_rng([20260924, 0, 2, 2])",0
2026-09-24T04:25:31+00:00,9ff764412bb9b2fe84f2af6e39c2588033037add,True,,,,lenet5,conv5,,model,13.457,,3,32,42,3234244107,353557,1000004,0,,3234244107,0,0,1,"default_rng([20260924, 0, 2, 3])",0
2026-09-24T04:25:31+00:00,9ff764412bb9b2fe84f2af6e39c2588033037add,True,,,,lenet5,conv5,,model,13.457,,3,40,50,827966491282,353557,1000004,0,,827966491282,0,0,1,"default_rng([20260924, 0, 2, 3])",0
2026-09-24T04:25:31+00:00,9ff764412bb9b2fe84f2af6e39c2588033037add,True,,,,lenet5,conv5,,model,13.457,,3,48,58,211959421768215,353557,1000004,0,,211959421768215,0,0,1,"default_rng([20260924, 0, 2, 3])",0
2026-09-24T04:25:31+00:00,9ff764412bb9b2fe84f2af6e39c2588033037add,True,,,,lenet5,conv5,,model,13.457,,4,32,41,2486453733,229945,1000004,0,,2486453733,0,0,1,"default_rng([20260924, 0, 2, 4])",0
2026-09-24T04:25:31+00:00,9ff764412bb9b2fe84f2af6e39c2588033037add,True,,,,lenet5,conv5,,model,13.457,,4,40,49,636532155654,229945,1000004,0,,636532155654,0,0,1,"default_rng([20260924, 0, 2, 4])",0
2026-09-24T04:25:31+00:00,9ff764412bb9b2fe84f2af6e39c2588033037add,True,,,,lenet5,conv5,,model,13.457,,4,48,57,162952231847358,229945,1000004,0,,162952231847358,0,0,1,"default_rng([20260924, 0, 2, 4])",0
2026-09-24T04:25:31+00:00,9ff764412bb9b2fe84f2af6e39c2588033037add,True,,,,lenet5,conv5,,model,13.457,,5,32,42,3548103421,322283,1000004,0,,3548103421,0,0,1,"default_rng([20260924, 0, 2, 5])",0
2026-09-24T04:25:31+00:00,9ff764412bb9b2fe84f2af6e39c2588033037add,True,,,,lenet5,conv5,,model,13.457,,5,40,50,908314475728,322283,1000004,0,,908314475728,0,0,1,"default_rng([20260924, 0, 2, 5])",0
2026-09-24T04:25:31+00:00,9ff764412bb9b2fe84f2af6e39c2588033037add,True,,,,lenet5,conv5,,model,13.457,,5,48,58,232528505786358,322283,1000004,0,,232528505786358,0,0,1,"default_rng([20260924, 0, 2, 5])",0
2026-09-24T04:25:31+00:00,9ff764412bb9b2fe84f2af6e39c2588033037add,True,,,,lenet5,conv5,,model,13.457,,6,32,42,3739565401,305783,1000004,0,,3739565401,0,0,1,"default_rng([20260924, 0, 2, 6])",0
2026-09-24T04:25:31+00:00,9ff764412bb9b2fe84f2af6e39c2588033037add,True,,,,lenet5,conv5,,model,13.457,,6,40,50,957328742751,305783,1000004,0,,957328742751,0,0,1,"default_rng([20260924, 0, 2, 6])",0
2026-09-24T04:25:31+00:00,9ff764412bb9b2fe84f2af6e39c2588033037add,True,,,,lenet5,conv5,,model,13.457,,6,48,58,245076158144268,305783,1000004,0,,245076158144268,0,0,1,"default_rng([20260924, 0, 2, 6])",0
2026-09-24T04:25:31+00:00,9ff764412bb9b2fe84f2af6e39c2588033037add,True,,,,lenet5,conv5,,model,13.457,,7,32,41,3248152479,176021,1000004,0,,3248152479,0,0,1,"default_rng([20260924, 0, 2, 7])",0
2026-09-24T04:25:31+00:00,9ff764412bb9b2fe84f2af6e39c2588033037add,True,,,,lenet5,conv5,,model,13.457,,7,40,49,831527034670,176021,1000004,0,,831527034670,0,0,1,"default_rng([20260924, 0, 2, 7])",0
2026-09-24T04:25:31+00:00,9ff764412bb9b2fe84f2af6e39c2588033037add,True,,,,lenet5,conv5,,model,13.457,,7,48,57,212870920875422,176021,1000004,0,,212870920875422,0,0,1,"default_rng([20260924, 0, 2, 7])",0
2026-09-24T04:25:31+00:00,9ff764412bb9b2fe84f2af6e39c2588033037add,True,,,,lenet5,conv5,,model,13.457,,8,32,41,2193760594,260623,1000004,0,,2193760594,0,0,1,"default_rng([20260924, 0, 2, 8])",0
2026-09-24T04:25:31+00:00,9ff764412bb9b2fe84f2af6e39c2588033037add,True,,,,lenet5,conv5,,model,13.457,,8,40,49,561602712031,260623,1000004,0,,561602712031,0,0,1,"default_rng([20260924, 0, 2, 8])",0
2026-09-24T04:25:31+00:00,9ff764412bb9b2fe84f2af6e39c2588033037add,True,,,,lenet5,conv5,,model,13.457,,8,48,57,143770294280011,260623,1000004,0,,143770294280011,0,0,1,"default_rng([20260924, 0, 2, 8])",0
2026-09-24T04:25:31+00:00,9ff764412bb9b2fe84f2af6e39c2588033037add,True,,,,lenet5,conv5,,model,13.457,,9,32,42,4274696113,267503,1000004,0,,4274696113,0,0,1,"default_rng([20260924, 0, 2, 9])",0
2026-09-24T04:25:31+00:00,9ff764412bb9b2fe84f2af6e39c2588033037add,True,,,,lenet5,conv5,,model,13.457,,9,40,50,1094322204908,267503,1000004,0,,1094322204908,0,0,1,"default_rng([20260924, 0, 2, 9])",0
2026-09-24T04:25:31+00:00,9ff764412bb9b2fe84f2af6e39c2588033037add,True,,,,lenet5,conv5,,model,13.457,,9,48,58,280146484456350,267503,1000004,0,,280146484456350,0,0,1,"default_rng([20260924, 0, 2, 9])",0
2026-09-24T04:25:31+00:00,9ff764412bb9b2fe84f2af6e39c2588033037add,True,,,,lenet5,conv5,,model,13.457,,10,32,41,2795887035,204495,1000004,0,,2795887035,0,0,1,"default_rng([20260924, 0, 2, 10])",0
2026-09-24T04:25:31+00:00,9ff764412bb9b2fe84f2af6e39c2588033037add,True,,,,lenet5,conv5,,model,13.457,,10,40,49,715747081062,204495,1000004,0,,715747081062,0,0,1,"default_rng([20260924, 0, 2, 10])",0
2026-09-24T04:25:31+00:00,9ff764412bb9b2fe84f2af6e39c2588033037add,True,,,,lenet5,conv5,,model,13.457,,10,48,57,183231252751994,204495,1000004,0,,183231252751994,0,0,1,"default_rng([20260924, 0, 2, 10])",0
2026-09-24T04:25:31+00:00,9ff764412bb9b2fe84f2af6e39c2588033037add,True,,,,lenet5,conv5,,model,13.457,,11,32,42,3720373834,307359,1000004,0,,3720373834,0,0,1,"default_rng([20260924, 0, 2, 11])",0
2026-09-24T04:25:31+00:00,9ff764412bb9b2fe84f2af6e39c2588033037add,True,,,,lenet5,conv5,,model,13.457,,11,40,50,952415701548,307359,1000004,0,,952415701548,0,0,1,"default_rng([20260924, 0, 2, 11])",0
2026-09-24T04:25:31+00:00,9ff764412bb9b2fe84f2af6e39c2588033037add,True,,,,lenet5,conv5,,model,13.457,,11,48,58,243818419596380,307359,1000004,0,,243818419596380,0,0,1,"default_rng([20260924, 0, 2, 11])",0
2026-09-24T04:25:31+00:00,9ff764412bb9b2fe84f2af6e39c2588033037add,True,,,,lenet5,conv5,,model,13.457,,12,32,41,2499466065,228747,1000004,0,,2499466065,0,0,1,"default_rng([20260924, 0, 2, 12])",0
2026-09-24T04:25:31+00:00,9ff764412bb9b2fe84f2af6e39c2588033037add,True,,,,lenet5,conv5,,model,13.457,,12,40,49,639863312659,228747,1000004,0,,639863312659,0,0,1,"default_rng([20260924, 0, 2, 12])",0
2026-09-24T04:25:31+00:00,9ff764412bb9b2fe84f2af6e39c2588033037add,True,,,,lenet5,conv5,,model,13.457,,12,48,57,163805008040641,228747,1000004,0,,163805008040641,0,0,1,"default_rng([20260924, 0, 2, 12])",0
2026-09-24T04:25:31+00:00,9ff764412bb9b2fe84f2af6e39c2588033037add,True,,,,lenet5,conv5,,model,13.457,,13,32,41,2204645617,259337,1000004,0,,2204645617,0,0,1,"default_rng([20260924, 0, 2, 13])",0
2026-09-24T04:25:31+00:00,9ff764412bb9b2fe84f2af6e39c2588033037add,True,,,,lenet5,conv5,,model,13.457,,13,40,49,564389278018,259337,1000004,0,,564389278018,0,0,1,"default_rng([20260924, 0, 2, 13])",0
2026-09-24T04:25:31+00:00,9ff764412bb9b2fe84f2af6e39c2588033037add,True,,,,lenet5,conv5,,model,13.457,,13,48,57,144483655172725,259337,1000004,0,,144483655172725,0,0,1,"default_rng([20260924, 0, 2, 13])",0
2026-09-24T04:25:31+00:00,9ff764412bb9b2fe84f2af6e39c2588033037add,True,,,,lenet5,conv5,,model,13.457,,14,32,41,2299403061,248649,1000004,0,,2299403061,0,0,1,"default_rng([20260924, 0, 2, 14])",0
2026-09-24T04:25:31+00:00,9ff764412bb9b2fe84f2af6e39c2588033037add,True,,,,lenet5,conv5,,model,13.457,,14,40,49,588647183709,248649,1000004,0,,588647183709,0,0,1,"default_rng([20260924, 0, 2, 14])",0
2026-09-24T04:25:31+00:00,9ff764412bb9b2fe84f2af6e39c2588033037add,True,,,,lenet5,conv5,,model,13.457,,14,48,57,150693679029589,248649,1000004,0,,150693679029589,0,0,1,"default_rng([20260924, 0, 2, 14])",0
2026-09-24T04:25:31+00:00,9ff764412bb9b2fe84f2af6e39c2588033037add,True,,,,lenet5,conv5,,model,13.457,,15,32,42,2391145138,478219,1000004,0,,2391145138,0,0,1,"default_rng([20260924, 0, 2, 15])",0
2026-09-24T04:25:31+00:00,9ff764412bb9b2fe84f2af6e39c2588033037add,True,,,,lenet5,conv5,,model,13.457,,15,40,50,612133155292,478219,1000004,0,,612133155292,0,0,1,"default_rng([20260924, 0, 2, 15])",0
2026-09-24T04:25:31+00:00,9ff764412bb9b2fe84f2af6e39c2588033037add,True,,,,lenet5,conv5,,model,13.457,,15,48,58,156706087754643,478219,1000004,0,,156706087754643,0,0,1,"default_rng([20260924, 0, 2, 15])",0
2026-09-24T04:25:31+00:00,9ff764412bb9b2fe84f2af6e39c2588033037add,True,,,,lenet5,conv5,,model,13.457,,16,32,42,3215950890,355569,1000004,0,,3215950890,0,0,1,"default_rng([20260924, 0, 2, 16])",0
2026-09-24T04:25:31+00:00,9ff764412bb9b2fe84f2af6e39c2588033037add,True,,,,lenet5,conv5,,model,13.457,,16,40,50,823283427941,355569,1000004,0,,823283427941,0,0,1,"default_rng([20260924, 0, 2, 16])",0
2026-09-24T04:25:31+00:00,9ff764412bb9b2fe84f2af6e39c2588033037add,True,,,,lenet5,conv5,,model,13.457,,16,48,58,210760557552922,355569,1000004,0,,210760557552922,0,0,1,"default_rng([20260924, 0, 2, 16])",0
2026-09-24T04:25:31+00:00,9ff764412bb9b2fe84f2af6e39c2588033037add,True,,,,lenet5,conv5,,model,13.457,,17,32,42,3328553320,343541,1000004,0,,3328553320,0,0,1,"default_rng([20260924, 0, 2, 17])",0
2026-09-24T04:25:31+00:00,9ff764412bb9b2fe84f2af6e39c2588033037add,True,,,,lenet5,conv5,,model,13.457,,17,40,50,852109650011,343541,1000004,0,,852109650011,0,0,1,"default_rng([20260924, 0, 2, 17])",0
2026-09-24T04:25:31+00:00,9ff764412bb9b2fe84f2af6e39c2588033037add,True,,,,lenet5,conv5,,model,13.457,,17,48,58,218140070402783,343541,1000004,0,,218140070402783,0,0,1,"default_rng([20260924, 0, 2, 17])",0
2026-09-24T04:25:31+00:00,9ff764412bb9b2fe84f2af6e39c2588033037add,True,,,,lenet5,conv5,,model,13.457,,18,32,42,3264772078,350251,1000004,0,,3264772078,0,0,1,"default_rng([20260924, 0, 2, 18])",0
2026-09-24T04:25:31+00:00,9ff764412bb9b2fe84f2af6e39c2588033037add,True,,,,lenet5,conv5,,model,13.457,,18,40,50,835781651997,350251,1000004,0,,835781651997,0,0,1,"default_rng([20260924, 0, 2, 18])",0
2026-09-24T04:25:31+00:00,9ff764412bb9b2fe84f2af6e39c2588033037add,True,,,,lenet5,conv5,,model,13.457,,18,48,58,213960102911120,350251,1000004,0,,213960102911120,0,0,1,"default_rng([20260924, 0, 2, 18])",0
2026-09-24T04:25:31+00:00,9ff764412bb9b2fe84f2af6e39c2588033037add,True,,,,lenet5,conv5,,model,13.457,,19,32,43,3136240458,729213,1000004,0,,3136240458,0,0,1,"default_rng([20260924, 0, 2, 19])",0
2026-09-24T04:25:31+00:00,9ff764412bb9b2fe84f2af6e39c2588033037add,True,,,,lenet5,conv5,,model,13.457,,19,40,51,802877557335,729213,1000004,0,,802877557335,0,0,1,"default_rng([20260924, 0, 2, 19])",0
2026-09-24T04:25:31+00:00,9ff764412bb9b2fe84f2af6e39c2588033037add,True,,,,lenet5,conv5,,model,13.457,,19,48,59,205536654677711,729213,1000004,0,,205536654677711,0,0,1,"default_rng([20260924, 0, 2, 19])",0
2026-09-24T04:25:31+00:00,9ff764412bb9b2fe84f2af6e39c2588033037add,True,,,,lenet5,conv5,,model,13.457,,20,32,41,2274785681,251341,1000004,0,,2274785681,0,0,1,"default_rng([20260924, 0, 2, 20])",0
2026-09-24T04:25:31+00:00,9ff764412bb9b2fe84f2af6e39c2588033037add,True,,,,lenet5,conv5,,model,13.457,,20,40,49,582345134294,251341,1000004,0,,582345134294,0,0,1,"default_rng([20260924, 0, 2, 20])",0
2026-09-24T04:25:31+00:00,9ff764412bb9b2fe84f2af6e39c2588033037add,True,,,,lenet5,conv5,,model,13.457,,20,48,57,149080354379380,251341,1000004,0,,149080354379380,0,0,1,"default_rng([20260924, 0, 2, 20])",0
2026-09-24T04:25:31+00:00,9ff764412bb9b2fe84f2af6e39c2588033037add,True,,,,lenet5,conv5,,model,13.457,,21,32,41,2653201294,215493,1000004,0,,2653201294,0,0,1,"default_rng([20260924, 0, 2, 21])",0
2026-09-24T04:25:31+00:00,9ff764412bb9b2fe84f2af6e39c2588033037add,True,,,,lenet5,conv5,,model,13.457,,21,40,49,679219531136,215493,1000004,0,,679219531136,0,0,1,"default_rng([20260924, 0, 2, 21])",0
2026-09-24T04:25:31+00:00,9ff764412bb9b2fe84f2af6e39c2588033037add,True,,,,lenet5,conv5,,model,13.457,,21,48,57,173880199970851,215493,1000004,0,,173880199970851,0,0,1,"default_rng([20260924, 0, 2, 21])",0
2026-09-24T04:25:31+00:00,9ff764412bb9b2fe84f2af6e39c2588033037add,True,,,,lenet5,conv5,,model,13.457,,22,32,41,2400668037,238161,1000004,0,,2400668037,0,0,1,"default_rng([20260924, 0, 2, 22])",0
2026-09-24T04:25:31+00:00,9ff764412bb9b2fe84f2af6e39c2588033037add,True,,,,lenet5,conv5,,model,13.457,,22,40,49,614571017413,238161,1000004,0,,614571017413,0,0,1,"default_rng([20260924, 0, 2, 22])",0
2026-09-24T04:25:31+00:00,9ff764412bb9b2fe84f2af6e39c2588033037add,True,,,,lenet5,conv5,,model,13.457,,22,48,57,157330180457764,238161,1000004,0,,157330180457764,0,0,1,"default_rng([20260924, 0, 2, 22])",0
2026-09-24T04:25:31+00:00,9ff764412bb9b2fe84f2af6e39c2588033037add,True,,,,lenet5,conv5,,model,13.457,,23,32,42,4060345400,281625,1000004,0,,4060345400,0,0,1,"default_rng([20260924, 0, 2, 23])",0
2026-09-24T04:25:31+00:00,9ff764412bb9b2fe84f2af6e39c2588033037add,True,,,,lenet5,conv5,,model,13.457,,23,40,50,1039448422442,281625,1000004,0,,1039448422442,0,0,1,"default_rng([20260924, 0, 2, 23])",0
2026-09-24T04:25:31+00:00,9ff764412bb9b2fe84f2af6e39c2588033037add,True,,,,lenet5,conv5,,model,13.457,,23,48,58,266098796145277,281625,1000004,0,,266098796145277,0,0,1,"default_rng([20260924, 0, 2, 23])",0
2026-09-24T04:25:31+00:00,9ff764412bb9b2fe84f2af6e39c2588033037add,True,,,,lenet5,conv5,,model,13.457,,24,32,43,3041736535,751867,1000004,0,,3041736535,0,0,1,"default_rng([20260924, 0, 2, 24])",0
2026-09-24T04:25:31+00:00,9ff764412bb9b2fe84f2af6e39c2588033037add,True,,,,lenet5,conv5,,model,13.457,,24,40,51,778684553042,751867,1000004,0,,778684553042,0,0,1,"default_rng([20260924, 0, 2, 24])",0
2026-09-24T04:25:31+00:00,9ff764412bb9b2fe84f2af6e39c2588033037add,True,,,,lenet5,conv5,,model,13.457,,24,48,59,199343245578725,751867,1000004,0,,199343245578725,0,0,1,"default_rng([20260924, 0, 2, 24])",0
2026-09-24T04:25:31+00:00,9ff764412bb9b2fe84f2af6e39c2588033037add,True,,,,lenet5,conv5,,model,13.457,,25,32,41,2626470047,217687,1000004,0,,2626470047,0,0,1,"default_rng([20260924, 0, 2, 25])",0
2026-09-24T04:25:31+00:00,9ff764412bb9b2fe84f2af6e39c2588033037add,True,,,,lenet5,conv5,,model,13.457,,25,40,49,672376332037,217687,1000004,0,,672376332037,0,0,1,"default_rng([20260924, 0, 2, 25])",0
2026-09-24T04:25:31+00:00,9ff764412bb9b2fe84f2af6e39c2588033037add,True,,,,lenet5,conv5,,model,13.457,,25,48,57,172128341001434,217687,1000004,0,,172128341001434,0,0,1,"default_rng([20260924, 0, 2, 25])",0
2026-09-24T04:25:31+00:00,9ff764412bb9b2fe84f2af6e39c2588033037add,True,,,,lenet5,conv5,,model,13.457,,26,32,41,3056969225,187031,1000004,0,,3056969225,0,0,1,"default_rng([20260924, 0, 2, 26])",0
2026-09-24T04:25:31+00:00,9ff764412bb9b2fe84f2af6e39c2588033037add,True,,,,lenet5,conv5,,model,13.457,,26,40,49,782584121545,187031,1000004,0,,782584121545,0,0,1,"default_rng([20260924, 0, 2, 26])",0
2026-09-24T04:25:31+00:00,9ff764412bb9b2fe84f2af6e39c2588033037add,True,,,,lenet5,conv5,,model,13.457,,26,48,57,200341535115443,187031,1000004,0,,200341535115443,0,0,1,"default_rng([20260924, 0, 2, 26])",0
2026-09-24T04:25:31+00:00,9ff764412bb9b2fe84f2af6e39c2588033037add,True,,,,lenet5,conv5,,model,13.457,,27,32,42,4229687824,270349,1000004,0,,4229687824,0,0,1,"default_rng([20260924, 0, 2, 27])",0
2026-09-24T04:25:31+00:00,9ff764412bb9b2fe84f2af6e39c2588033037add,True,,,,lenet5,conv5,,model,13.457,,27,40,50,1082800082822,270349,1000004,0,,1082800082822,0,0,1,"default_rng([20260924, 0, 2, 27])",0
2026-09-24T04:25:31+00:00,9ff764412bb9b2fe84f2af6e39c2588033037add,True,,,,lenet5,conv5,,model,13.457,,27,48,58,277196821202343,270349,1000004,0,,277196821202343,0,0,1,"default_rng([20260924, 0, 2, 27])",0
2026-09-24T04:25:31+00:00,9ff764412bb9b2fe84f2af6e39c2588033037add,True,,,,lenet5,conv5,,model,13.457,,28,32,41,2845354103,200941,1000004,0,,2845354103,0,0,1,"default_rng([20260924, 0, 2, 28])",0
2026-09-24T04:25:31+00:00,9ff764412bb9b2fe84f2af6e39c2588033037add,True,,,,lenet5,conv5,,model,13.457,,28,40,49,728410650436,200941,1000004,0,,728410650436,0,0,1,"default_rng([20260924, 0, 2, 28])",0
2026-09-24T04:25:31+00:00,9ff764412bb9b2fe84f2af6e39c2588033037add,True,,,,lenet5,conv5,,model,13.457,,28,48,57,186473126511579,200941,1000004,0,,186473126511579,0,0,1,"default_rng([20260924, 0, 2, 28])",0
2026-09-24T04:25:31+00:00,9ff764412bb9b2fe84f2af6e39c2588033037add,True,,,,lenet5,conv5,,model,13.457,,29,32,41,2447166997,233635,1000004,0,,2447166997,0,0,1,"default_rng([20260924, 0, 2, 29])",0
2026-09-24T04:25:31+00:00,9ff764412bb9b2fe84f2af6e39c2588033037add,True,,,,lenet5,conv5,,model,13.457,,29,40,49,626474751116,233635,1000004,0,,626474751116,0,0,1,"default_rng([20260924, 0, 2, 29])",0
2026-09-24T04:25:31+00:00,9ff764412bb9b2fe84f2af6e39c2588033037add,True,,,,lenet5,conv5,,model,13.457,,29,48,57,160377536285640,233635,1000004,0,,160377536285640,0,0,1,"default_rng([20260924, 0, 2, 29])",0
2026-09-24T04:25:31+00:00,9ff764412bb9b2fe84f2af6e39c2588033037add,True,,,,lenet5,conv5,,model,13.457,,30,32,42,4098436156,279007,1000004,0,,4098436156,0,0,1,"default_rng([20260924, 0, 2, 30])",0
2026-09-24T04:25:31+00:00,9ff764412bb9b2fe84f2af6e39c2588033037add,True,,,,lenet5,conv5,,model,13.457,,30,40,50,1049199655845,279007,1000004,0,,1049199655845,0,0,1,"default_rng([20260924, 0, 2, 30])",0
2026-09-24T04:25:31+00:00,9ff764412bb9b2fe84f2af6e39c2588033037add,True,,,,lenet5,conv5,,model,13.457,,30,48,58,268595111896426,279007,1000004,0,,268595111896426,0,0,1,"default_rng([20260924, 0, 2, 30])",0
2026-09-24T04:25:31+00:00,9ff764412bb9b2fe84f2af6e39c2588033037add,True,,,,lenet5,conv5,,model,13.457,,31,32,41,2664998321,214539,1000004,0,,2664998321,0,0,1,"default_rng([20260924, 0, 2, 31])",0
2026-09-24T04:25:31+00:00,9ff764412bb9b2fe84f2af6e39c2588033037add,True,,,,lenet5,conv5,,model,13.457,,31,40,49,682239570089,214539,1000004,0,,682239570089,0,0,1,"default_rng([20260924, 0, 2, 31])",0
2026-09-24T04:25:31+00:00,9ff764412bb9b2fe84f2af6e39c2588033037add,True,,,,lenet5,conv5,,model,13.457,,31,48,57,174653329942856,214539,1000004,0,,174653329942856,0,0,1,"default_rng([20260924, 0, 2, 31])",0
2026-09-24T04:25:31+00:00,9ff764412bb9b2fe84f2af6e39c2588033037add,True,,,,lenet5,conv5,,model,13.457,,32,32,42,3980095369,287303,1000004,0,,3980095369,0,0,1,"default_rng([20260924, 0, 2, 32])",0
2026-09-24T04:25:31+00:00,9ff764412bb9b2fe84f2af6e39c2588033037add,True,,,,lenet5,conv5,,model,13.457,,32,40,50,1018904414561,287303,1000004,0,,1018904414561,0,0,1,"default_rng([20260924, 0, 2, 32])",0
2026-09-24T04:25:31+00:00,9ff764412bb9b2fe84f2af6e39c2588033037add,True,,,,lenet5,conv5,,model,13.457,,32,48,58,260839530127573,287303,1000004,0,,260839530127573,0,0,1,"default_rng([20260924, 0, 2, 32])",0
2026-09-24T04:25:31+00:00,9ff764412bb9b2fe84f2af6e39c2588033037add,True,,,,lenet5,conv5,,model,13.457,,33,32,42,4242522670,269531,1000004,0,,4242522670,0,0,1,"default_rng([20260924, 0, 2, 33])",0
2026-09-24T04:25:31+00:00,9ff764412bb9b2fe84f2af6e39c2588033037add,True,,,,lenet5,conv5,,model,13.457,,33,40,50,1086085803471,269531,1000004,0,,1086085803471,0,0,1,"default_rng([20260924, 0, 2, 33])",0
2026-09-24T04:25:31+00:00,9ff764412bb9b2fe84f2af6e39c2588033037add,True,,,,lenet5,conv5,,model,13.457,,33,48,58,278037965688578,269531,1000004,0,,278037965688578,0,0,1,"default_rng([20260924, 0, 2, 33])",0
2026-09-24T04:25:31+00:00,9ff764412bb9b2fe84f2af6e39c2588033037add,True,,,,lenet5,conv5,,model,13.457,,34,32,42,3614948550,316323,1000004,0,,3614948550,0,0,1,"default_rng([20260924, 0, 2, 34])",0
2026-09-24T04:25:31+00:00,9ff764412bb9b2fe84f2af6e39c2588033037add,True,,,,lenet5,conv5,,model,13.457,,34,40,50,925426828914,316323,1000004,0,,925426828914,0,0,1,"default_rng([20260924, 0, 2, 34])",0
2026-09-24T04:25:31+00:00,9ff764412bb9b2fe84f2af6e39c2588033037add,True,,,,lenet5,conv5,,model,13.457,,34,48,58,236909268201935,316323,1000004,0,,236909268201935,0,0,1,"default_rng([20260924, 0, 2, 34])",0
2026-09-24T04:25:31+00:00,9ff764412bb9b2fe84f2af6e39c2588033037add,True,,,,lenet5,conv5,,model,13.457,,35,32,42,2312006021,494589,1000004,0,,2312006021,0,0,1,"default_rng([20260924, 0, 2, 35])",0
2026-09-24T04:25:31+00:00,9ff764412bb9b2fe84f2af6e39c2588033037add,True,,,,lenet5,conv5,,model,13.457,,35,40,50,591873541357,494589,1000004,0,,591873541357,0,0,1,"default_rng([20260924, 0, 2, 35])",0
2026-09-24T04:25:31+00:00,9ff764412bb9b2fe84f2af6e39c2588033037add,True,,,,lenet5,conv5,,model,13.457,,35,48,58,151519626587326,494589,1000004,0,,151519626587326,0,0,1,"default_rng([20260924, 0, 2, 35])",0
2026-09-24T04:25:31+00:00,9ff764412bb9b2fe84f2af6e39c2588033037add,True,,,,lenet5,conv5,,model,13.457,,36,32,41,2653546603,215465,1000004,0,,2653546603,0,0,1,"default_rng([20260924, 0, 2, 36])",0
2026-09-24T04:25:31+00:00,9ff764412bb9b2fe84f2af6e39c2588033037add,True,,,,lenet5,conv5,,model,13.457,,36,40,49,679307930389,215465,1000004,0,,679307930389,0,0,1,"default_rng([20260924, 0, 2, 36])",0
2026-09-24T04:25:31+00:00,9ff764412bb9b2fe84f2af6e39c2588033037add,True,,,,lenet5,conv5,,model,13.457,,36,48,57,173902830179592,215465,1000004,0,,173902830179592,0,0,1,"default_rng([20260924, 0, 2, 36])",0
2026-09-24T04:25:31+00:00,9ff764412bb9b2fe84f2af6e39c2588033037add,True,,,,lenet5,conv5,,model,13.457,,37,32,42,3466307268,329887,1000004,0,,3466307268,0,0,1,"default_rng([20260924, 0, 2, 37])",0
2026-09-24T04:25:31+00:00,9ff764412bb9b2fe84f2af6e39c2588033037add,True,,,,lenet5,conv5,,model,13.457,,37,40,50,887374660729,329887,1000004,0,,887374660729,0,0,1,"default_rng([20260924, 0, 2, 37])",0
2026-09-24T04:25:31+00:00,9ff764412bb9b2fe84f2af6e39c2588033037add,True,,,,lenet5,conv5,,model,13.457,,37,48,58,227167913146667,329887,1000004,0,,227167913146667,0,0,1,"default_rng([20260924, 0, 2, 37])",0
2026-09-24T04:25:31+00:00,9ff764412bb9b2fe84f2af6e39c2588033037add,True,,,,lenet5,conv5,,model,13.457,,38,32,42,3463078078,330195,1000004,0,,3463078078,0,0,1,"default_rng([20260924, 0, 2, 38])",0
2026-09-24T04:25:31+00:00,9ff764412bb9b2fe84f2af6e39c2588033037add,True,,,,lenet5,conv5,,model,13.457,,38,40,50,886547987910,330195,1000004,0,,886547987910,0,0,1,"default_rng([20260924, 0, 2, 38])",0
2026-09-24T04:25:31+00:00,9ff764412bb9b2fe84f2af6e39c2588033037add,True,,,,lenet5,conv5,,model,13.457,,38,48,58,226956284905064,330195,1000004,0,,226956284905064,0,0,1,"default_rng([20260924, 0, 2, 38])",0
2026-09-24T04:25:31+00:00,9ff764412bb9b2fe84f2af6e39c2588033037add,True,,,,lenet5,conv5,,model,13.457,,39,32,42,2979566528,383779,1000004,0,,2979566528,0,0,1,"default_rng([20260924, 0, 2, 39])",0
2026-09-24T04:25:31+00:00,9ff764412bb9b2fe84f2af6e39c2588033037add,True,,,,lenet5,conv5,,model,13.457,,39,40,50,762769031104,383779,1000004,0,,762769031104,0,0,1,"default_rng([20260924, 0, 2, 39])",0
2026-09-24T04:25:31+00:00,9ff764412bb9b2fe84f2af6e39c2588033037add,True,,,,lenet5,conv5,,model,13.457,,39,48,58,195268871962522,383779,1000004,0,,195268871962522,0,0,1,"default_rng([20260924, 0, 2, 39])",0
2026-09-24T04:25:31+00:00,9ff764412bb9b2fe84f2af6e39c2588033037add,True,,,,lenet5,conv5,,model,13.457,,40,32,41,3195184846,178939,1000004,0,,3195184846,0,0,1,"default_rng([20260924, 0, 2, 40])",0
2026-09-24T04:25:31+00:00,9ff764412bb9b2fe84f2af6e39c2588033037add,True,,,,lenet5,conv5,,model,13.457,,40,40,49,817967320559,178939,1000004,0,,817967320559,0,0,1,"default_rng([20260924, 0, 2, 40])",0
2026-09-24T04:25:31+00:00,9ff764412bb9b2fe84f2af6e39c2588033037add,True,,,,lenet5,conv5,,model,13.457,,40,48,57,209399634062985,178939,1000004,0,,209399634062985,0,0,1,"default_rng([20260924, 0, 2, 40])",0
2026-09-24T04:25:31+00:00,9ff764412bb9b2fe84f2af6e39c2588033037add,True,,,,lenet5,conv5,,model,13.457,,41,32,42,3485415029,328079,1000004,0,,3485415029,0,0,1,"default_rng([20260924, 0, 2, 41])",0
2026-09-24T04:25:31+00:00,9ff764412bb9b2fe84f2af6e39c2588033037add,True,,,,lenet5,conv5,,model,13.457,,41,40,50,892266247369,328079,1000004,0,,892266247369,0,0,1,"default_rng([20260924, 0, 2, 41])",0
2026-09-24T04:25:31+00:00,9ff764412bb9b2fe84f2af6e39c2588033037add,True,,,,lenet5,conv5,,model,13.457,,41,48,58,228420159326375,328079,1000004,0,,228420159326375,0,0,1,"default_rng([20260924, 0, 2, 41])",0
2026-09-24T04:25:31+00:00,9ff764412bb9b2fe84f2af6e39c2588033037add,True,,,,lenet5,conv5,,model,13.457,,42,32,43,3812450928,599873,1000004,0,,3812450928,0,0,1,"default_rng([20260924, 0, 2, 42])",0
2026-09-24T04:25:31+00:00,9ff764412bb9b2fe84f2af6e39c2588033037add,True,,,,lenet5,conv5,,model,13.457,,42,40,51,975987437613,599873,1000004,0,,975987437613,0,0,1,"default_rng([20260924, 0, 2, 42])",0
2026-09-24T04:25:31+00:00,9ff764412bb9b2fe84f2af6e39c2588033037add,True,,,,lenet5,conv5,,model,13.457,,42,48,59,249852784028820,599873,1000004,0,,249852784028820,0,0,1,"default_rng([20260924, 0, 2, 42])",0
2026-09-24T04:25:31+00:00,9ff764412bb9b2fe84f2af6e39c2588033037add,True,,,,lenet5,conv5,,model,13.457,,43,32,41,2420454024,236215,1000004,0,,2420454024,0,0,1,"default_rng([20260924, 0, 2, 43])",0
2026-09-24T04:25:31+00:00,9ff764412bb9b2fe84f2af6e39c2588033037add,True,,,,lenet5,conv5,,model,13.457,,43,40,49,619636230079,236215,1000004,0,,619636230079,0,0,1,"default_rng([20260924, 0, 2, 43])",0
2026-09-24T04:25:31+00:00,9ff764412bb9b2fe84f2af6e39c2588033037add,True,,,,lenet5,conv5,,model,13.457,,43,48,57,158626874900263,236215,1000004,0,,158626874900263,0,0,1,"default_rng([20260924, 0, 2, 43])",0
2026-09-24T04:25:31+00:00,9ff764412bb9b2fe84f2af6e39c2588033037add,True,,,,lenet5,conv5,,model,13.457,,44,32,43,3924187564,582791,1000004,0,,3924187564,0,0,1,"default_rng([20260924, 0, 2, 44])",0
2026-09-24T04:25:31+00:00,9ff764412bb9b2fe84f2af6e39c2588033037add,True,,,,lenet5,conv5,,model,13.457,,44,40,51,1004592016300,582791,1000004,0,,1004592016300,0,0,1,"default_rng([20260924, 0, 2, 44])",0
2026-09-24T04:25:31+00:00,9ff764412bb9b2fe84f2af6e39c2588033037add,True,,,,lenet5,conv5,,model,13.457,,44,48,59,257175556172821,582791,1000004,0,,257175556172821,0,0,1,"default_rng([20260924, 0, 2, 44])",0
2026-09-24T04:25:31+00:00,9ff764412bb9b2fe84f2af6e39c2588033037add,True,,,,lenet5,conv5,,model,13.457,,45,32,42,3825980594,298875,1000004,0,,3825980594,0,0,1,"default_rng([20260924, 0, 2, 45])",0
2026-09-24T04:25:31+00:00,9ff764412bb9b2fe84f2af6e39c2588033037add,True,,,,lenet5,conv5,,model,13.457,,45,40,50,979451032184,298875,1000004,0,,979451032184,0,0,1,"default_rng([20260924, 0, 2, 45])",0
2026-09-24T04:25:31+00:00,9ff764412bb9b2fe84f2af6e39c2588033037add,True,,,,lenet5,conv5,,model,13.457,,45,48,58,250739464239214,298875,1000004,0,,250739464239214,0,0,1,"default_rng([20260924, 0, 2, 45])",0
2026-09-24T04:25:31+00:00,9ff764412bb9b2fe84f2af6e39c2588033037add,True,,,,lenet5,conv5,,model,13.457,,46,32,42,4267095941,267979,1000004,0,,4267095941,0,0,1,"default_rng([20260924, 0, 2, 46])",0
2026-09-24T04:25:31+00:00,9ff764412bb9b2fe84f2af6e39c2588033037add,True,,,,lenet5,conv5,,model,13.457,,46,40,50,1092376561011,267979,1000004,0,,1092376561011,0,0,1,"default_rng([20260924, 0, 2, 46])",0
2026-09-24T04:25:31+00:00,9ff764412bb9b2fe84f2af6e39c2588033037add,True,,,,lenet5,conv5,,model,13.457,,46,48,58,279648399618693,267979,1000004,0,,279648399618693,0,0,1,"default_rng([20260924, 0, 2, 46])",0
2026-09-24T04:25:31+00:00,9ff764412bb9b2fe84f2af6e39c2588033037add,True,,,,lenet5,conv5,,model,13.457,,47,32,41,3392732803,168521,1000004,0,,3392732803,0,0,1,"default_rng([20260924, 0, 2, 47])",0
2026-09-24T04:25:31+00:00,9ff764412bb9b2fe84f2af6e39c2588033037add,True,,,,lenet5,conv5,,model,13.457,,47,40,49,868539597529,168521,1000004,0,,868539597529,0,0,1,"default_rng([20260924, 0, 2, 47])",0
2026-09-24T04:25:31+00:00,9ff764412bb9b2fe84f2af6e39c2588033037add,True,,,,lenet5,conv5,,model,13.457,,47,48,57,222346136967302,168521,1000004,0,,222346136967302,0,0,1,"default_rng([20260924, 0, 2, 47])",0
2026-09-24T04:25:31+00:00,9ff764412bb9b2fe84f2af6e39c2588033037add,True,,,,lenet5,conv5,,model,13.457,,48,32,41,2302243884,248343,1000004,0,,2302243884,0,0,1,"default_rng([20260924, 0, 2, 48])",0
2026-09-24T04:25:31+00:00,9ff764412bb9b2fe84f2af6e39c2588033037add,True,,,,lenet5,conv5,,model,13.457,,48,40,49,589374434254,248343,1000004,0,,589374434254,0,0,1,"default_rng([20260924, 0, 2, 48])",0
2026-09-24T04:25:31+00:00,9ff764412bb9b2fe84f2af6e39c2588033037add,True,,,,lenet5,conv5,,model,13.457,,48,48,57,150879855169024,248343,1000004,0,,150879855169024,0,0,1,"default_rng([20260924, 0, 2, 48])",0
2026-09-24T04:25:31+00:00,9ff764412bb9b2fe84f2af6e39c2588033037add,True,,,,lenet5,conv5,,model,13.457,,49,32,42,4145294078,275853,1000004,0,,4145294078,0,0,1,"default_rng([20260924, 0, 2, 49])",0
2026-09-24T04:25:31+00:00,9ff764412bb9b2fe84f2af6e39c2588033037add,True,,,,lenet5,conv5,,model,13.457,,49,40,50,1061195283905,275853,1000004,0,,1061195283905,0,0,1,"default_rng([20260924, 0, 2, 49])",0
2026-09-24T04:25:31+00:00,9ff764412bb9b2fe84f2af6e39c2588033037add,True,,,,lenet5,conv5,,model,13.457,,49,48,58,271665992679739,275853,1000004,0,,271665992679739,0,0,1,"default_rng([20260924, 0, 2, 49])",0
2026-09-24T04:25:31+00:00,9ff764412bb9b2fe84f2af6e39c2588033037add,True,,,,lenet5,conv5,,model,13.457,,50,32,42,2347976819,487011,1000004,0,,2347976819,0,0,1,"default_rng([20260924, 0, 2, 50])",0
2026-09-24T04:25:31+00:00,9ff764412bb9b2fe84f2af6e39c2588033037add,True,,,,lenet5,conv5,,model,13.457,,50,40,50,601082065721,487011,1000004,0,,601082065721,0,0,1,"default_rng([20260924, 0, 2, 50])",0
2026-09-24T04:25:31+00:00,9ff764412bb9b2fe84f2af6e39c2588033037add,True,,,,lenet5,conv5,,model,13.457,,50,48,58,153877008824588,487011,1000004,0,,153877008824588,0,0,1,"default_rng([20260924, 0, 2, 50])",0
2026-09-24T04:25:31+00:00,9ff764412bb9b2fe84f2af6e39c2588033037add,True,,,,lenet5,conv5,,model,13.457,,51,32,43,3142842089,727681,1000004,0,,3142842089,0,0,1,"default_rng([20260924, 0, 2, 51])",0
2026-09-24T04:25:31+00:00,9ff764412bb9b2fe84f2af6e39c2588033037add,True,,,,lenet5,conv5,,model,13.457,,51,40,51,804567574682,727681,1000004,0,,804567574682,0,0,1,"default_rng([20260924, 0, 2, 51])",0
2026-09-24T04:25:31+00:00,9ff764412bb9b2fe84f2af6e39c2588033037add,True,,,,lenet5,conv5,,model,13.457,,51,48,59,205969299118558,727681,1000004,0,,205969299118558,0,0,1,"default_rng([20260924, 0, 2, 51])",0
2026-09-24T04:25:31+00:00,9ff764412bb9b2fe84f2af6e39c2588033037add,True,,,,lenet5,conv5,,model,13.457,,52,32,41,2191927344,260841,1000004,0,,2191927344,0,0,1,"default_rng([20260924, 0, 2, 52])",0
2026-09-24T04:25:31+00:00,9ff764412bb9b2fe84f2af6e39c2588033037add,True,,,,lenet5,conv5,,model,13.457,,52,40,49,561133400183,260841,1000004,0,,561133400183,0,0,1,"default_rng([20260924, 0, 2, 52])",0
2026-09-24T04:25:31+00:00,9ff764412bb9b2fe84f2af6e39c2588033037add,True,,,,lenet5,conv5,,model,13.457,,52,48,57,143650150446740,260841,1000004,0,,143650150446740,0,0,1,"default_rng([20260924, 0, 2, 52])",0
2026-09-24T04:25:31+00:00,9ff764412bb9b2fe84f2af6e39c2588033037add,True,,,,lenet5,conv5,,model,13.457,,53,32,42,3683528630,310433,1000004,0,,3683528630,0,0,1,"default_rng([20260924, 0, 2, 53])",0
2026-09-24T04:25:31+00:00,9ff764412bb9b2fe84f2af6e39c2588033037add,True,,,,lenet5,conv5,,model,13.457,,53,40,50,942983329198,310433,1000004,0,,942983329198,0,0,1,"default_rng([20260924, 0, 2, 53])",0
2026-09-24T04:25:31+00:00,9ff764412bb9b2fe84f2af6e39c2588033037add,True,,,,lenet5,conv5,,model,13.457,,53,48,58,241403732274573,310433,1000004,0,,241403732274573,0,0,1,"default_rng([20260924, 0, 2, 53])",0
2026-09-24T04:25:31+00:00,9ff764412bb9b2fe84f2af6e39c2588033037add,True,,,,lenet5,conv5,,model,13.457,,54,32,42,3089997960,370063,1000004,0,,3089997960,0,0,1,"default_rng([20260924, 0, 2, 54])",0
2026-09-24T04:25:31+00:00,9ff764412bb9b2fe84f2af6e39c2588033037add,True,,,,lenet5,conv5,,model,13.457,,54,40,50,791039477822,370063,1000004,0,,791039477822,0,0,1,"default_rng([20260924, 0, 2, 54])",0
2026-09-24T04:25:31+00:00,9ff764412bb9b2fe84f2af6e39c2588033037add,True,,,,lenet5,conv5,,model,13.457,,54,48,58,202506106322386,370063,1000004,0,,202506106322386,0,0,1,"default_rng([20260924, 0, 2, 54])",0
2026-09-24T04:25:31+00:00,9ff764412bb9b2fe84f2af6e39c2588033037add,True,,,,lenet5,conv5,,model,13.457,,55,32,41,2938483929,194571,1000004,0,,2938483929,0,0,1,"default_rng([20260924, 0, 2, 55])",0
2026-09-24T04:25:31+00:00,9ff764412bb9b2fe84f2af6e39c2588033037add,True,,,,lenet5,conv5,,model,13.457,,55,40,49,752251885926,194571,1000004,0,,752251885926,0,0,1,"default_rng([20260924, 0, 2, 55])",0
2026-09-24T04:25:31+00:00,9ff764412bb9b2fe84f2af6e39c2588033037add,True,,,,lenet5,conv5,,model,13.457,,55,48,57,192576482796947,194571,1000004,0,,192576482796947,0,0,1,"default_rng([20260924, 0, 2, 55])",0
2026-09-24T04:25:31+00:00,9ff764412bb9b2fe84f2af6e39c2588033037add,True,,,,lenet5,conv5,,model,13.457,,56,32,42,2753483271,415289,1000004,0,,2753483271,0,0,1,"default_rng([20260924, 0, 2, 56])",0
2026-09-24T04:25:31+00:00,9ff764412bb9b2fe84f2af6e39c2588033037add,True,,,,lenet5,conv5,,model,13.457,,56,40,50,704891717332,415289,1000004,0,,704891717332,0,0,1,"default_rng([20260924, 0, 2, 56])",0
2026-09-24T04:25:31+00:00,9ff764412bb9b2fe84f2af6e39c2588033037add,True,,,,lenet5,conv5,,model,13.457,,56,48,58,180452279636915,415289,1000004,0,,180452279636915,0,0,1,"default_rng([20260924, 0, 2, 56])",0
2026-09-24T04:25:31+00:00,9ff764412bb9b2fe84f2af6e39c2588033037add,True,,,,lenet5,conv5,,model,13.457,,57,32,42,3439147536,332493,1000004,0,,3439147536,0,0,1,"default_rng([20260924, 0, 2, 57])",0
2026-09-24T04:25:31+00:00,9ff764412bb9b2fe84f2af6e39c2588033037add,True,,,,lenet5,conv5,,model,13.457,,57,40,50,880421769126,332493,1000004,0,,880421769126,0,0,1,"default_rng([20260924, 0, 2, 57])",0
2026-09-24T04:25:31+00:00,9ff764412bb9b2fe84f2af6e39c2588033037add,True,,,,lenet5,conv5,,model,13.457,,57,48,58,225387972896330,332493,1000004,0,,225387972896330,0,0,1,"default_rng([20260924, 0, 2, 57])",0
2026-09-24T04:25:31+00:00,9ff764412bb9b2fe84f2af6e39c2588033037add,True,,,,lenet5,conv5,,model,13.457,,58,32,42,3096058942,369337,1000004,0,,3096058942,0,0,1,"default_rng([20260924, 0, 2, 58])",0
2026-09-24T04:25:31+00:00,9ff764412bb9b2fe84f2af6e39c2588033037add,True,,,,lenet5,conv5,,model,13.457,,58,40,50,792591089039,369337,1000004,0,,792591089039,0,0,1,"default_rng([20260924, 0, 2, 58])",0
2026-09-24T04:25:31+00:00,9ff764412bb9b2fe84f2af6e39c2588033037add,True,,,,lenet5,conv5,,model,13.457,,58,48,58,202903318794071,369337,1000004,0,,202903318794071,0,0,1,"default_rng([20260924, 0, 2, 58])",0
2026-09-24T04:25:31+00:00,9ff764412bb9b2fe84f2af6e39c2588033037add,True,,,,lenet5,conv5,,model,13.457,,59,32,42,2258077444,506401,1000004,0,,2258077444,0,0,1,"default_rng([20260924, 0, 2, 59])",0
2026-09-24T04:25:31+00:00,9ff764412bb9b2fe84f2af6e39c2588033037add,True,,,,lenet5,conv5,,model,13.457,,59,40,50,578067825675,506401,1000004,0,,578067825675,0,0,1,"default_rng([20260924, 0, 2, 59])",0
2026-09-24T04:25:31+00:00,9ff764412bb9b2fe84f2af6e39c2588033037add,True,,,,lenet5,conv5,,model,13.457,,59,48,58,147985363372825,506401,1000004,0,,147985363372825,0,0,1,"default_rng([20260924, 0, 2, 59])",0
2026-09-24T04:25:31+00:00,9ff764412bb9b2fe84f2af6e39c2588033037add,True,,,,lenet5,conv5,,model,13.457,,60,32,43,3109904722,735387,1000004,0,,3109904722,0,0,1,"default_rng([20260924, 0, 2, 60])",0
2026-09-24T04:25:31+00:00,9ff764412bb9b2fe84f2af6e39c2588033037add,True,,,,lenet5,conv5,,model,13.457,,60,40,51,796135608718,735387,1000004,0,,796135608718,0,0,1,"default_rng([20260924, 0, 2, 60])",0
2026-09-24T04:25:31+00:00,9ff764412bb9b2fe84f2af6e39c2588033037add,True,,,,lenet5,conv5,,model,13.457,,60,48,59,203810715831811,735387,1000004,0,,203810715831811,0,0,1,"default_rng([20260924, 0, 2, 60])",0
2026-09-24T04:25:31+00:00,9ff764412bb9b2fe84f2af6e39c2588033037add,True,,,,lenet5,conv5,,model,13.457,,61,32,42,3245646884,352315,1000004,0,,3245646884,0,0,1,"default_rng([20260924, 0, 2, 61])",0
2026-09-24T04:25:31+00:00,9ff764412bb9b2fe84f2af6e39c2588033037add,True,,,,lenet5,conv5,,model,13.457,,61,40,50,830885602378,352315,1000004,0,,830885602378,0,0,1,"default_rng([20260924, 0, 2, 61])",0
2026-09-24T04:25:31+00:00,9ff764412bb9b2fe84f2af6e39c2588033037add,True,,,,lenet5,conv5,,model,13.457,,61,48,58,212706714208707,352315,1000004,0,,212706714208707,0,0,1,"default_rng([20260924, 0, 2, 61])",0
2026-09-24T04:25:31+00:00,9ff764412bb9b2fe84f2af6e39c2588033037add,True,,,,lenet5,conv5,,model,13.457,,62,32,43,4126543179,554213,1000004,0,,4126543179,0,0,1,"default_rng([20260924, 0, 2, 62])",0
2026-09-24T04:25:31+00:00,9ff764412bb9b2fe84f2af6e39c2588033037add,True,,,,lenet5,conv5,,model,13.457,,62,40,51,1056395053915,554213,1000004,0,,1056395053915,0,0,1,"default_rng([20260924, 0, 2, 62])",0
2026-09-24T04:25:31+00:00,9ff764412bb9b2fe84f2af6e39c2588033037add,True,,,,lenet5,conv5,,model,13.457,,62,48,59,270437133802131,554213,1000004,0,,270437133802131,0,0,1,"default_rng([20260924, 0, 2, 62])",0
2026-09-24T04:25:31+00:00,9ff764412bb9b2fe84f2af6e39c2588033037add,True,,,,lenet5,conv5,,model,13.457,,63,32,43,2999723660,762399,1000004,0,,2999723660,0,0,1,"default_rng([20260924, 0, 2, 63])",0
2026-09-24T04:25:31+00:00,9ff764412bb9b2fe84f2af6e39c2588033037add,True,,,,lenet5,conv5,,model,13.457,,63,40,51,767929256835,762399,1000004,0,,767929256835,0,0,1,"default_rng([20260924, 0, 2, 63])",0
2026-09-24T04:25:31+00:00,9ff764412bb9b2fe84f2af6e39c2588033037add,True,,,,lenet5,conv5,,model,13.457,,63,48,59,196589889749818,762399,1000004,0,,196589889749818,0,0,1,"default_rng([20260924, 0, 2, 63])",0
2026-09-24T04:25:31+00:00,9ff764412bb9b2fe84f2af6e39c2588033037add,True,,,,lenet5,conv5,,model,13.457,,64,32,42,3186116899,358899,1000004,0,,3186116899,0,0,1,"default_rng([20260924, 0, 2, 64])",0
2026-09-24T04:25:31+00:00,9ff764412bb9b2fe84f2af6e39c2588033037add,True,,,,lenet5,conv5,,model,13.457,,64,40,50,815645926066,358899,1000004,0,,815645926066,0,0,1,"default_rng([20260924, 0, 2, 64])",0
2026-09-24T04:25:31+00:00,9ff764412bb9b2fe84f2af6e39c2588033037add,True,,,,lenet5,conv5,,model,13.457,,64,48,58,208805357072842,358899,1000004,0,,208805357072842,0,0,1,"default_rng([20260924, 0, 2, 64])",0
2026-09-24T04:25:31+00:00,9ff764412bb9b2fe84f2af6e39c2588033037add,True,,,,lenet5,conv5,,model,13.457,,65,32,43,3402587149,672131,1000004,0,,3402587149,0,0,1,"default_rng([20260924, 0, 2, 65])",0
2026-09-24T04:25:31+00:00,9ff764412bb9b2fe84f2af6e39c2588033037add,True,,,,lenet5,conv5,,model,13.457,,65,40,51,871062310028,672131,1000004,0,,871062310028,0,0,1,"default_rng([20260924, 0, 2, 65])",0
2026-09-24T04:25:31+00:00,9ff764412bb9b2fe84f2af6e39c2588033037add,True,,,,lenet5,conv5,,model,13.457,,65,48,59,222991951367135,672131,1000004,0,,222991951367135,0,0,1,"default_rng([20260924, 0, 2, 65])",0
2026-09-24T04:25:31+00:00,9ff764412bb9b2fe84f2af6e39c2588033037add,True,,,,lenet5,conv5,,model,13.457,,66,32,41,2787017578,205147,1000004,0,,2787017578,0,0,1,"default_rng([20260924, 0, 2, 66])",0
2026-09-24T04:25:31+00:00,9ff764412bb9b2fe84f2af6e39c2588033037add,True,,,,lenet5,conv5,,model,13.457,,66,40,49,713476500009,205147,1000004,0,,713476500009,0,0,1,"default_rng([20260924, 0, 2, 66])",0
2026-09-24T04:25:31+00:00,9ff764412bb9b2fe84f2af6e39c2588033037add,True,,,,lenet5,conv5,,model,13.457,,66,48,57,182649984002277,205147,1000004,0,,182649984002277,0,0,1,"default_rng([20260924, 0, 2, 66])",0
2026-09-24T04:25:31+00:00,9ff764412bb9b2fe84f2af6e39c2588033037add,True,,,,lenet5,conv5,,model,13.457,,67,32,41,2901155207,197075,1000004,0,,2901155207,0,0,1,"default_rng([20260924, 0, 2, 67])",0
2026-09-24T04:25:31+00:00,9ff764412bb9b2fe84f2af6e39c2588033037add,True,,,,lenet5,conv5,,model,13.457,,67,40,49,742695733112,197075,1000004,0,,742695733112,0,0,1,"default_rng([20260924, 0, 2, 67])",0
2026-09-24T04:25:31+00:00,9ff764412bb9b2fe84f2af6e39c2588033037add,True,,,,lenet5,conv5,,model,13.457,,67,48,57,190130107676768,197075,1000004,0,,190130107676768,0,0,1,"default_rng([20260924, 0, 2, 67])",0
2026-09-24T04:25:31+00:00,9ff764412bb9b2fe84f2af6e39c2588033037add,True,,,,lenet5,conv5,,model,13.457,,68,32,42,2893803726,395151,1000004,0,,2893803726,0,0,1,"default_rng([20260924, 0, 2, 68])",0
2026-09-24T04:25:31+00:00,9ff764412bb9b2fe84f2af6e39c2588033037add,True,,,,lenet5,conv5,,model,13.457,,68,40,50,740813753884,395151,1000004,0,,740813753884,0,0,1,"default_rng([20260924, 0, 2, 68])",0
2026-09-24T04:25:31+00:00,9ff764412bb9b2fe84f2af6e39c2588033037add,True,,,,lenet5,conv5,,model,13.457,,68,48,58,189648320994311,395151,1000004,0,,189648320994311,0,0,1,"default_rng([20260924, 0, 2, 68])",0
2026-09-24T04:25:31+00:00,9ff764412bb9b2fe84f2af6e39c2588033037add,True,,,,lenet5,conv5,,model,13.457,,69,32,41,3194932795,178955,1000004,0,,3194932795,0,0,1,"default_rng([20260924, 0, 2, 69])",0
2026-09-24T04:25:31+00:00,9ff764412bb9b2fe84f2af6e39c2588033037add,True,,,,lenet5,conv5,,model,13.457,,69,40,49,817902795556,178955,1000004,0,,817902795556,0,0,1,"default_rng([20260924, 0, 2, 69])",0
2026-09-24T04:25:31+00:00,9ff764412bb9b2fe84f2af6e39c2588033037add,True,,,,lenet5,conv5,,model,13.457,,69,48,57,209383115662444,178955,1000004,0,,209383115662444,0,0,1,"default_rng([20260924, 0, 2, 69])",0
2026-09-24T04:25:31+00:00,9ff764412bb9b2fe84f2af6e39c2588033037add,True,,,,lenet5,conv5,,model,13.457,,70,32,41,2176772581,262657,1000004,0,,2176772581,0,0,1,"default_rng([20260924, 0, 2, 70])",0
2026-09-24T04:25:31+00:00,9ff764412bb9b2fe84f2af6e39c2588033037add,True,,,,lenet5,conv5,,model,13.457,,70,40,49,557253780660,262657,1000004,0,,557253780660,0,0,1,"default_rng([20260924, 0, 2, 70])",0
2026-09-24T04:25:31+00:00,9ff764412bb9b2fe84f2af6e39c2588033037add,True,,,,lenet5,conv5,,model,13.457,,70,48,57,142656967848856,262657,1000004,0,,142656967848856,0,0,1,"default_rng([20260924, 0, 2, 70])",0
2026-09-24T04:25:31+00:00,9ff764412bb9b2fe84f2af6e39c2588033037add,True,,,,lenet5,conv5,,model,13.457,,71,32,42,3739886766,305755,1000004,0,,3739886766,0,0,1,"default_rng([20260924, 0, 2, 71])",0
2026-09-24T04:25:31+00:00,9ff764412bb9b2fe84f2af6e39c2588033037add,True,,,,lenet5,conv5,,model,13.457,,71,40,50,957411012129,305755,1000004,0,,957411012129,0,0,1,"default_rng([20260924, 0, 2, 71])",0
2026-09-24T04:25:31+00:00,9ff764412bb9b2fe84f2af6e39c2588033037add,True,,,,lenet5,conv5,,model,13.457,,71,48,58,245097219104959,305755,1000004,0,,245097219104959,0,0,1,"default_rng([20260924, 0, 2, 71])",0
2026-09-24T04:25:31+00:00,9ff764412bb9b2fe84f2af6e39c2588033037add,True,,,,lenet5,conv5,,model,13.457,,72,32,42,2858874108,399979,1000004,0,,2858874108,0,0,1,"default_rng([20260924, 0, 2, 72])",0
2026-09-24T04:25:31+00:00,9ff764412bb9b2fe84f2af6e39c2588033037add,True,,,,lenet5,conv5,,model,13.457,,72,40,50,731871771549,399979,1000004,0,,731871771549,0,0,1,"default_rng([20260924, 0, 2, 72])",0
2026-09-24T04:25:31+00:00,9ff764412bb9b2fe84f2af6e39c2588033037add,True,,,,lenet5,conv5,,model,13.457,,72,48,58,187359173516618,399979,1000004,0,,187359173516618,0,0,1,"default_rng([20260924, 0, 2, 72])",0
2026-09-24T04:25:31+00:00,9ff764412bb9b2fe84f2af6e39c2588033037add,True,,,,lenet5,conv5,,model,13.457,,73,32,42,3506268871,326127,1000004,0,,3506268871,0,0,1,"default_rng([20260924, 0, 2, 73])",0
2026-09-24T04:25:31+00:00,9ff764412bb9b2fe84f2af6e39c2588033037add,True,,,,lenet5,conv5,,model,13.457,,73,40,50,897604830960,326127,1000004,0,,897604830960,0,0,1,"default_rng([20260924, 0, 2, 73])",0
2026-09-24T04:25:31+00:00,9ff764412bb9b2fe84f2af6e39c2588033037add,True,,,,lenet5,conv5,,model,13.457,,73,48,58,229786836725834,326127,1000004,0,,229786836725834,0,0,1,"default_rng([20260924, 0, 2, 73])",0
2026-09-24T04:25:31+00:00,9ff764412bb9b2fe84f2af6e39c2588033037add,True,,,,lenet5,conv5,,model,13.457,,74,32,41,2855937716,200195,1000004,0,,2855937716,0,0,1,"default_rng([20260924, 0, 2, 74])",0
2026-09-24T04:25:31+00:00,9ff764412bb9b2fe84f2af6e39c2588033037add,True,,,,lenet5,conv5,,model,13.457,,74,40,49,731120055275,200195,1000004,0,,731120055275,0,0,1,"default_rng([20260924, 0, 2, 74])",0
2026-09-24T04:25:31+00:00,9ff764412bb9b2fe84f2af6e39c2588033037add,True,,,,lenet5,conv5,,model,13.457,,74,48,57,187166734150311,200195,1000004,0,,187166734150311,0,0,1,"default_rng([20260924, 0, 2, 74])",0
2026-09-24T04:25:31+00:00,9ff764412bb9b2fe84f2af6e39c2588033037add,True,,,,lenet5,conv5,,model,13.457,,75,32,43,3176686628,719927,1000004,0,,3176686628,0,0,1,"default_rng([20260924, 0, 2, 75])",0
2026-09-24T04:25:31+00:00,9ff764412bb9b2fe84f2af6e39c2588033037add,True,,,,lenet5,conv5,,model,13.457,,75,40,51,813231776882,719927,1000004,0,,813231776882,0,0,1,"default_rng([20260924, 0, 2, 75])",0
2026-09-24T04:25:31+00:00,9ff764412bb9b2fe84f2af6e39c2588033037add,True,,,,lenet5,conv5,,model,13.457,,75,48,59,208187334881919,719927,1000004,0,,208187334881919,0,0,1,"default_rng([20260924, 0, 2, 75])",0
2026-09-24T04:25:31+00:00,9ff764412bb9b2fe84f2af6e39c2588033037add,True,,,,lenet5,conv5,,model,13.457,,76,32,41,2282127710,250533,1000004,0,,2282127710,0,0,1,"default_rng([20260924, 0, 2, 76])",0
2026-09-24T04:25:31+00:00,9ff764412bb9b2fe84f2af6e39c2588033037add,True,,,,lenet5,conv5,,model,13.457,,76,40,49,584224693835,250533,1000004,0,,584224693835,0,0,1,"default_rng([20260924, 0, 2, 76])",0
2026-09-24T04:25:31+00:00,9ff764412bb9b2fe84f2af6e39c2588033037add,True,,,,lenet5,conv5,,model,13.457,,76,48,57,149561521621816,250533,1000004,0,,149561521621816,0,0,1,"default_rng([20260924, 0, 2, 76])",0
2026-09-24T04:25:31+00:00,9ff764412bb9b2fe84f2af6e39c2588033037add,True,,,,lenet5,conv5,,model,13.457,,77,32,43,3062024944,746887,1000004,0,,3062024944,0,0,1,"default_rng([20260924, 0, 2, 77])",0
2026-09-24T04:25:31+00:00,9ff764412bb9b2fe84f2af6e39c2588033037add,True,,,,lenet5,conv5,,model,13.457,,77,40,51,783878385545,746887,1000004,0,,783878385545,0,0,1,"default_rng([20260924, 0, 2, 77])",0
2026-09-24T04:25:31+00:00,9ff764412bb9b2fe84f2af6e39c2588033037add,True,,,,lenet5,conv5,,model,13.457,,77,48,59,200672866699636,746887,1000004,0,,200672866699636,0,0,1,"default_rng([20260924, 0, 2, 77])",0
2026-09-24T04:25:31+00:00,9ff764412bb9b2fe84f2af6e39c2588033037add,True,,,,lenet5,conv5,,model,13.457,,78,32,41,2363406948,241917,1000004,0,,2363406948,0,0,1,"default_rng([20260924, 0, 2, 78])",0
2026-09-24T04:25:31+00:00,9ff764412bb9b2fe84f2af6e39c2588033037add,True,,,,lenet5,conv5,,model,13.457,,78,40,49,605032178809,241917,1000004,0,,605032178809,0,0,1,"default_rng([20260924, 0, 2, 78])",0
2026-09-24T04:25:31+00:00,9ff764412bb9b2fe84f2af6e39c2588033037add,True,,,,lenet5,conv5,,model,13.457,,78,48,57,154888237775064,241917,1000004,0,,154888237775064,0,0,1,"default_rng([20260924, 0, 2, 78])",0
2026-09-24T04:25:31+00:00,9ff764412bb9b2fe84f2af6e39c2588033037add,True,,,,lenet5,conv5,,model,13.457,,79,32,41,2660698544,214885,1000004,0,,2660698544,0,0,1,"default_rng([20260924, 0, 2, 79])",0
2026-09-24T04:25:31+00:00,9ff764412bb9b2fe84f2af6e39c2588033037add,True,,,,lenet5,conv5,,model,13.457,,79,40,49,681138827324,214885,1000004,0,,681138827324,0,0,1,"default_rng([20260924, 0, 2, 79])",0
2026-09-24T04:25:31+00:00,9ff764412bb9b2fe84f2af6e39c2588033037add,True,,,,lenet5,conv5,,model,13.457,,79,48,57,174371539794954,214885,1000004,0,,174371539794954,0,0,1,"default_rng([20260924, 0, 2, 79])",0
2026-09-24T04:25:31+00:00,9ff764412bb9b2fe84f2af6e39c2588033037add,True,,,,lenet5,conv5,,model,13.457,,80,32,41,2454082850,232977,1000004,0,,2454082850,0,0,1,"default_rng([20260924, 0, 2, 80])",0
2026-09-24T04:25:31+00:00,9ff764412bb9b2fe84f2af6e39c2588033037add,True,,,,lenet5,conv5,,model,13.457,,80,40,49,628245209632,232977,1000004,0,,628245209632,0,0,1,"default_rng([20260924, 0, 2, 80])",0
2026-09-24T04:25:31+00:00,9ff764412bb9b2fe84f2af6e39c2588033037add,True,,,,lenet5,conv5,,model,13.457,,80,48,57,160830773665828,232977,1000004,0,,160830773665828,0,0,1,"default_rng([20260924, 0, 2, 80])",0
2026-09-24T04:25:31+00:00,9ff764412bb9b2fe84f2af6e39c2588033037add,True,,,,lenet5,conv5,,model,13.457,,81,32,42,4004119590,285579,1000004,0,,4004119590,0,0,1,"default_rng([20260924, 0, 2, 81])",0
2026-09-24T04:25:31+00:00,9ff764412bb9b2fe84f2af6e39c2588033037add,True,,,,lenet5,conv5,,model,13.457,,81,40,50,1025054615137,285579,1000004,0,,1025054615137,0,0,1,"default_rng([20260924, 0, 2, 81])",0
2026-09-24T04:25:31+00:00,9ff764412bb9b2fe84f2af6e39c2588033037add,True,,,,lenet5,conv5,,model,13.457,,81,48,58,262413981475175,285579,1000004,0,,262413981475175,0,0,1,"default_rng([20260924, 0, 2, 81])",0
2026-09-24T04:25:31+00:00,9ff764412bb9b2fe84f2af6e39c2588033037add,True,,,,lenet5,conv5,,model,13.457,,82,32,41,2496656118,229005,1000004,0,,2496656119,-1,2,3,"default_rng([20260924, 0, 2, 82])",0
2026-09-24T04:25:31+00:00,9ff764412bb9b2fe84f2af6e39c2588033037add,True,,,,lenet5,conv5,,model,13.457,,82,40,49,639143966426,229005,1000004,0,,639143966427,-1,2,3,"default_rng([20260924, 0, 2, 82])",0
2026-09-24T04:25:31+00:00,9ff764412bb9b2fe84f2af6e39c2588033037add,True,,,,lenet5,conv5,,model,13.457,,82,48,57,163620855405271,229005,1000004,0,,163620855405272,-1,2,3,"default_rng([20260924, 0, 2, 82])",0
2026-09-24T04:25:31+00:00,9ff764412bb9b2fe84f2af6e39c2588033037add,True,,,,lenet5,conv5,,model,13.457,,83,32,42,3165346233,361253,1000004,0,,3165346233,0,0,1,"default_rng([20260924, 0, 2, 83])",0
2026-09-24T04:25:31+00:00,9ff764412bb9b2fe84f2af6e39c2588033037add,True,,,,lenet5,conv5,,model,13.457,,83,40,50,810328635725,361253,1000004,0,,810328635725,0,0,1,"default_rng([20260924, 0, 2, 83])",0
2026-09-24T04:25:31+00:00,9ff764412bb9b2fe84f2af6e39c2588033037add,True,,,,lenet5,conv5,,model,13.457,,83,48,58,207444130745561,361253,1000004,0,,207444130745561,0,0,1,"default_rng([20260924, 0, 2, 83])",0
2026-09-24T04:25:31+00:00,9ff764412bb9b2fe84f2af6e39c2588033037add,True,,,,lenet5,conv5,,model,13.457,,84,32,42,3797047684,301153,1000004,0,,3797047684,0,0,1,"default_rng([20260924, 0, 2, 84])",0
2026-09-24T04:25:31+00:00,9ff764412bb9b2fe84f2af6e39c2588033037add,True,,,,lenet5,conv5,,model,13.457,,84,40,50,972044207192,301153,1000004,0,,972044207192,0,0,1,"default_rng([20260924, 0, 2, 84])",0
2026-09-24T04:25:31+00:00,9ff764412bb9b2fe84f2af6e39c2588033037add,True,,,,lenet5,conv5,,model,13.457,,84,48,58,248843317041069,301153,1000004,0,,248843317041069,0,0,1,"default_rng([20260924, 0, 2, 84])",0
2026-09-24T04:25:31+00:00,9ff764412bb9b2fe84f2af6e39c2588033037add,True,,,,lenet5,conv5,,model,13.457,,85,32,42,2160774497,529205,1000004,0,,2160774497,0,0,1,"default_rng([20260924, 0, 2, 85])",0
2026-09-24T04:25:31+00:00,9ff764412bb9b2fe84f2af6e39c2588033037add,True,,,,lenet5,conv5,,model,13.457,,85,40,50,553158271234,529205,1000004,0,,553158271234,0,0,1,"default_rng([20260924, 0, 2, 85])",0
2026-09-24T04:25:31+00:00,9ff764412bb9b2fe84f2af6e39c2588033037add,True,,,,lenet5,conv5,,model,13.457,,85,48,58,141608517435827,529205,1000004,0,,141608517435827,0,0,1,"default_rng([20260924, 0, 2, 85])",0
2026-09-24T04:25:31+00:00,9ff764412bb9b2fe84f2af6e39c2588033037add,True,,,,lenet5,conv5,,model,13.457,,86,32,43,2957680748,773235,1000004,0,,2957680748,0,0,1,"default_rng([20260924, 0, 2, 86])",0
2026-09-24T04:25:31+00:00,9ff764412bb9b2fe84f2af6e39c2588033037add,True,,,,lenet5,conv5,,model,13.457,,86,40,51,757166271399,773235,1000004,0,,757166271399,0,0,1,"default_rng([20260924, 0, 2, 86])",0
2026-09-24T04:25:31+00:00,9ff764412bb9b2fe84f2af6e39c2588033037add,True,,,,lenet5,conv5,,model,13.457,,86,48,59,193834565478180,773235,1000004,0,,193834565478180,0,0,1,"default_rng([20260924, 0, 2, 86])",0
2026-09-24T04:25:31+00:00,9ff764412bb9b2fe84f2af6e39c2588033037add,True,,,,lenet5,conv5,,model,13.457,,87,32,42,3036594489,376571,1000004,0,,3036594489,0,0,1,"default_rng([20260924, 0, 2, 87])",0
2026-09-24T04:25:31+00:00,9ff764412bb9b2fe84f2af6e39c2588033037add,True,,,,lenet5,conv5,,model,13.457,,87,40,50,777368189228,376571,1000004,0,,777368189228,0,0,1,"default_rng([20260924, 0, 2, 87])",0
2026-09-24T04:25:31+00:00,9ff764412bb9b2fe84f2af6e39c2588033037add,True,,,,lenet5,conv5,,model,13.457,,87,48,58,199006256442347,376571,1000004,0,,199006256442347,0,0,1,"default_rng([20260924, 0, 2, 87])",0
2026-09-24T04:25:31+00:00,9ff764412bb9b2fe84f2af6e39c2588033037add,True,,,,lenet5,conv5,,model,13.457,,88,32,42,2863538518,399329,1000004,0,,2863538518,0,0,1,"default_rng([20260924, 0, 2, 88])",0
2026-09-24T04:25:31+00:00,9ff764412bb9b2fe84f2af6e39c2588033037add,True,,,,lenet5,conv5,,model,13.457,,88,40,50,733065860484,399329,1000004,0,,733065860484,0,0,1,"default_rng([20260924, 0, 2, 88])",0
2026-09-24T04:25:31+00:00,9ff764412bb9b2fe84f2af6e39c2588033037add,True,,,,lenet5,conv5,,model,13.457,,88,48,58,187664860283971,399329,1000004,0,,187664860283971,0,0,1,"default_rng([20260924, 0, 2, 88])",0
2026-09-24T04:25:31+00:00,9ff764412bb9b2fe84f2af6e39c2588033037add,True,,,,lenet5,conv5,,model,13.457,,89,32,43,3977511849,574979,1000004,0,,3977511849,0,0,1,"default_rng([20260924, 0, 2, 89])",0
2026-09-24T04:25:31+00:00,9ff764412bb9b2fe84f2af6e39c2588033037add,True,,,,lenet5,conv5,,model,13.457,,89,40,51,1018243033289,574979,1000004,0,,1018243033289,0,0,1,"default_rng([20260924, 0, 2, 89])",0
2026-09-24T04:25:31+00:00,9ff764412bb9b2fe84f2af6e39c2588033037add,True,,,,lenet5,conv5,,model,13.457,,89,48,59,260670216522024,574979,1000004,0,,260670216522024,0,0,1,"default_rng([20260924, 0, 2, 89])",0
2026-09-24T04:25:31+00:00,9ff764412bb9b2fe84f2af6e39c2588033037add,True,,,,lenet5,conv5,,model,13.457,,90,32,41,2283981544,250329,1000004,0,,2283981544,0,0,1,"default_rng([20260924, 0, 2, 90])",0
2026-09-24T04:25:31+00:00,9ff764412bb9b2fe84f2af6e39c2588033037add,True,,,,lenet5,conv5,,model,13.457,,90,40,49,584699275226,250329,1000004,0,,584699275226,0,0,1,"default_rng([20260924, 0, 2, 90])",0
2026-09-24T04:25:31+00:00,9ff764412bb9b2fe84f2af6e39c2588033037add,True,,,,lenet5,conv5,,model,13.457,,90,48,57,149683014457798,250329,1000004,0,,149683014457798,0,0,1,"default_rng([20260924, 0, 2, 90])",0
2026-09-24T04:25:31+00:00,9ff764412bb9b2fe84f2af6e39c2588033037add,True,,,,lenet5,conv5,,model,13.457,,91,32,41,2303080482,248253,1000004,0,,2303080482,0,0,1,"default_rng([20260924, 0, 2, 91])",0
2026-09-24T04:25:31+00:00,9ff764412bb9b2fe84f2af6e39c2588033037add,True,,,,lenet5,conv5,,model,13.457,,91,40,49,589588603490,248253,1000004,0,,589588603490,0,0,1,"default_rng([20260924, 0, 2, 91])",0
2026-09-24T04:25:31+00:00,9ff764412bb9b2fe84f2af6e39c2588033037add,True,,,,lenet5,conv5,,model,13.457,,91,48,57,150934682493488,248253,1000004,0,,150934682493488,0,0,1,"default_rng([20260924, 0, 2, 91])",0
2026-09-24T04:25:31+00:00,9ff764412bb9b2fe84f2af6e39c2588033037add,True,,,,lenet5,conv5,,model,13.457,,92,32,42,3454708521,330995,1000004,0,,3454708521,0,0,1,"default_rng([20260924, 0, 2, 92])",0
2026-09-24T04:25:31+00:00,9ff764412bb9b2fe84f2af6e39c2588033037add,True,,,,lenet5,conv5,,model,13.457,,92,40,50,884405381444,330995,1000004,0,,884405381444,0,0,1,"default_rng([20260924, 0, 2, 92])",0
2026-09-24T04:25:31+00:00,9ff764412bb9b2fe84f2af6e39c2588033037add,True,,,,lenet5,conv5,,model,13.457,,92,48,58,226407777649753,330995,1000004,0,,226407777649753,0,0,1,"default_rng([20260924, 0, 2, 92])",0
2026-09-24T04:25:31+00:00,9ff764412bb9b2fe84f2af6e39c2588033037add,True,,,,lenet5,conv5,,model,13.457,,93,32,41,2252527706,253825,1000004,0,,2252527706,0,0,1,"default_rng([20260924, 0, 2, 93])",0
2026-09-24T04:25:31+00:00,9ff764412bb9b2fe84f2af6e39c2588033037add,True,,,,lenet5,conv5,,model,13.457,,93,40,49,576647092670,253825,1000004,0,,576647092670,0,0,1,"default_rng([20260924, 0, 2, 93])",0
2026-09-24T04:25:31+00:00,9ff764412bb9b2fe84f2af6e39c2588033037add,True,,,,lenet5,conv5,,model,13.457,,93,48,57,147621655723571,253825,1000004,0,,147621655723571,0,0,1,"default_rng([20260924, 0, 2, 93])",0
2026-09-24T04:25:31+00:00,9ff764412bb9b2fe84f2af6e39c2588033037add,True,,,,lenet5,conv5,,model,13.457,,94,32,42,3706561871,308505,1000004,0,,3706561871,0,0,1,"default_rng([20260924, 0, 2, 94])",0
2026-09-24T04:25:31+00:00,9ff764412bb9b2fe84f2af6e39c2588033037add,True,,,,lenet5,conv5,,model,13.457,,94,40,50,948879838974,308505,1000004,0,,948879838974,0,0,1,"default_rng([20260924, 0, 2, 94])",0
2026-09-24T04:25:31+00:00,9ff764412bb9b2fe84f2af6e39c2588033037add,True,,,,lenet5,conv5,,model,13.457,,94,48,58,242913238777380,308505,1000004,0,,242913238777380,0,0,1,"default_rng([20260924, 0, 2, 94])",0
2026-09-24T04:25:31+00:00,9ff764412bb9b2fe84f2af6e39c2588033037add,True,,,,lenet5,conv5,,model,13.457,,95,32,41,3857542394,148215,1000004,0,,3857542394,0,0,1,"default_rng([20260924, 0, 2, 95])",0
2026-09-24T04:25:31+00:00,9ff764412bb9b2fe84f2af6e39c2588033037add,True,,,,lenet5,conv5,,model,13.457,,95,40,49,987530852949,148215,1000004,0,,987530852949,0,0,1,"default_rng([20260924, 0, 2, 95])",0
2026-09-24T04:25:31+00:00,9ff764412bb9b2fe84f2af6e39c2588033037add,True,,,,lenet5,conv5,,model,13.457,,95,48,57,252807898355006,148215,1000004,0,,252807898355006,0,0,1,"default_rng([20260924, 0, 2, 95])",0
2026-09-24T04:25:31+00:00,9ff764412bb9b2fe84f2af6e39c2588033037add,True,,,,lenet5,conv5,,model,13.457,,96,32,42,2336089264,489489,1000004,0,,2336089264,0,0,1,"default_rng([20260924, 0, 2, 96])",0
2026-09-24T04:25:31+00:00,9ff764412bb9b2fe84f2af6e39c2588033037add,True,,,,lenet5,conv5,,model,13.457,,96,40,50,598038851538,489489,1000004,0,,598038851538,0,0,1,"default_rng([20260924, 0, 2, 96])",0
2026-09-24T04:25:31+00:00,9ff764412bb9b2fe84f2af6e39c2588033037add,True,,,,lenet5,conv5,,model,13.457,,96,48,58,153097945993721,489489,1000004,0,,153097945993721,0,0,1,"default_rng([20260924, 0, 2, 96])",0
2026-09-24T04:25:31+00:00,9ff764412bb9b2fe84f2af6e39c2588033037add,True,,,,lenet5,conv5,,model,13.457,,97,32,41,2226245110,256821,1000004,0,,2226245110,0,0,1,"default_rng([20260924, 0, 2, 97])",0
2026-09-24T04:25:31+00:00,9ff764412bb9b2fe84f2af6e39c2588033037add,True,,,,lenet5,conv5,,model,13.457,,97,40,49,569918748075,256821,1000004,0,,569918748075,0,0,1,"default_rng([20260924, 0, 2, 97])",0
2026-09-24T04:25:31+00:00,9ff764412bb9b2fe84f2af6e39c2588033037add,True,,,,lenet5,conv5,,model,13.457,,97,48,57,145899199507119,256821,1000004,0,,145899199507119,0,0,1,"default_rng([20260924, 0, 2, 97])",0
2026-09-24T04:25:31+00:00,9ff764412bb9b2fe84f2af6e39c2588033037add,True,,,,lenet5,conv5,,model,13.457,,98,32,41,2404418973,237789,1000004,0,,2404418973,0,0,1,"default_rng([20260924, 0, 2, 98])",0
2026-09-24T04:25:31+00:00,9ff764412bb9b2fe84f2af6e39c2588033037add,True,,,,lenet5,conv5,,model,13.457,,98,40,49,615531256986,237789,1000004,0,,615531256986,0,0,1,"default_rng([20260924, 0, 2, 98])",0
2026-09-24T04:25:31+00:00,9ff764412bb9b2fe84f2af6e39c2588033037add,True,,,,lenet5,conv5,,model,13.457,,98,48,57,157576001788488,237789,1000004,0,,157576001788488,0,0,1,"default_rng([20260924, 0, 2, 98])",0
2026-09-24T04:25:31+00:00,9ff764412bb9b2fe84f2af6e39c2588033037add,True,,,,lenet5,conv5,,model,13.457,,99,32,41,2520165106,226869,1000004,0,,2520165106,0,0,1,"default_rng([20260924, 0, 2, 99])",0
2026-09-24T04:25:31+00:00,9ff764412bb9b2fe84f2af6e39c2588033037add,True,,,,lenet5,conv5,,model,13.457,,99,40,49,645162267145,226869,1000004,0,,645162267145,0,0,1,"default_rng([20260924, 0, 2, 99])",0
2026-09-24T04:25:31+00:00,9ff764412bb9b2fe84f2af6e39c2588033037add,True,,,,lenet5,conv5,,model,13.457,,99,48,57,165161540389100,226869,1000004,0,,165161540389100,0,0,1,"default_rng([20260924, 0, 2, 99])",0
2026-09-24T04:25:31+00:00,9ff764412bb9b2fe84f2af6e39c2588033037add,True,,,,lenet5,conv5,,model,13.457,,100,32,41,3306798187,172901,1000004,0,,3306798187,0,0,1,"default_rng([20260924, 0, 2, 100])",0
2026-09-24T04:25:31+00:00,9ff764412bb9b2fe84f2af6e39c2588033037add,True,,,,lenet5,conv5,,model,13.457,,100,40,49,846540335766,172901,1000004,0,,846540335766,0,0,1,"default_rng([20260924, 0, 2, 100])",0
2026-09-24T04:25:31+00:00,9ff764412bb9b2fe84f2af6e39c2588033037add,True,,,,lenet5,conv5,,model,13.457,,100,48,57,216714325956055,172901,1000004,0,,216714325956055,0,0,1,"default_rng([20260924, 0, 2, 100])",0
2026-09-24T04:25:31+00:00,9ff764412bb9b2fe84f2af6e39c2588033037add,True,,,,lenet5,conv5,,model,13.457,,101,32,42,4212257251,271467,1000004,0,,4212257251,0,0,1,"default_rng([20260924, 0, 2, 101])",0
2026-09-24T04:25:31+00:00,9ff764412bb9b2fe84f2af6e39c2588033037add,True,,,,lenet5,conv5,,model,13.457,,101,40,50,1078337856300,271467,1000004,0,,1078337856300,0,0,1,"default_rng([20260924, 0, 2, 101])",0
2026-09-24T04:25:31+00:00,9ff764412bb9b2fe84f2af6e39c2588033037add,True,,,,lenet5,conv5,,model,13.457,,101,48,58,276054491212904,271467,1000004,0,,276054491212904,0,0,1,"default_rng([20260924, 0, 2, 101])",0
2026-09-24T04:25:31+00:00,9ff764412bb9b2fe84f2af6e39c2588033037add,True,,,,lenet5,conv5,,model,13.457,,102,32,41,3496354453,163527,1000004,0,,3496354453,0,0,1,"default_rng([20260924, 0, 2, 102])",0
2026-09-24T04:25:31+00:00,9ff764412bb9b2fe84f2af6e39c2588033037add,True,,,,lenet5,conv5,,model,13.457,,102,40,49,895066740002,163527,1000004,0,,895066740002,0,0,1,"default_rng([20260924, 0, 2, 102])",0
2026-09-24T04:25:31+00:00,9ff764412bb9b2fe84f2af6e39c2588033037add,True,,,,lenet5,conv5,,model,13.457,,102,48,57,229137085440539,163527,1000004,0,,229137085440539,0,0,1,"default_rng([20260924, 0, 2, 102])",0
2026-09-24T04:25:31+00:00,9ff764412bb9b2fe84f2af6e39c2588033037add,True,,,,lenet5,conv5,,model,13.457,,103,32,41,2785071536,205289,1000004,0,,2785071536,0,0,1,"default_rng([20260924, 0, 2, 103])",0
2026-09-24T04:25:31+00:00,9ff764412bb9b2fe84f2af6e39c2588033037add,True,,,,lenet5,conv5,,model,13.457,,103,40,49,712978313222,205289,1000004,0,,712978313222,0,0,1,"default_rng([20260924, 0, 2, 103])",0
2026-09-24T04:25:31+00:00,9ff764412bb9b2fe84f2af6e39c2588033037add,True,,,,lenet5,conv5,,model,13.457,,103,48,57,182522448184764,205289,1000004,0,,182522448184764,0,0,1,"default_rng([20260924, 0, 2, 103])",0
2026-09-24T04:25:31+00:00,9ff764412bb9b2fe84f2af6e39c2588033037add,True,,,,lenet5,conv5,,model,13.457,,104,32,41,2277734045,251015,1000004,0,,2277734045,0,0,1,"default_rng([20260924, 0, 2, 104])",0
2026-09-24T04:25:31+00:00,9ff764412bb9b2fe84f2af6e39c2588033037add,True,,,,lenet5,conv5,,model,13.457,,104,40,49,583099915507,251015,1000004,0,,583099915507,0,0,1,"default_rng([20260924, 0, 2, 104])",0
2026-09-24T04:25:31+00:00,9ff764412bb9b2fe84f2af6e39c2588033037add,True,,,,lenet5,conv5,,model,13.457,,104,48,57,149273578369712,251015,1000004,0,,149273578369712,0,0,1,"default_rng([20260924, 0, 2, 104])",0
2026-09-24T04:25:31+00:00,9ff764412bb9b2fe84f2af6e39c2588033037add,True,,,,lenet5,conv5,,model,13.457,,105,32,41,3098506985,184523,1000004,0,,3098506985,0,0,1,"default_rng([20260924, 0, 2, 105])",0
2026-09-24T04:25:31+00:00,9ff764412bb9b2fe84f2af6e39c2588033037add,True,,,,lenet5,conv5,,model,13.457,,105,40,49,793217788122,184523,1000004,0,,793217788122,0,0,1,"default_rng([20260924, 0, 2, 105])",0
2026-09-24T04:25:31+00:00,9ff764412bb9b2fe84f2af6e39c2588033037add,True,,,,lenet5,conv5,,model,13.457,,105,48,57,203063753759330,184523,1000004,0,,203063753759330,0,0,1,"default_rng([20260924, 0, 2, 105])",0
2026-09-24T04:25:31+00:00,9ff764412bb9b2fe84f2af6e39c2588033037add,True,,,,lenet5,conv5,,model,13.457,,106,32,41,2404714712,237761,1000004,0,,2404714712,0,0,1,"default_rng([20260924, 0, 2, 106])",0
2026-09-24T04:25:31+00:00,9ff764412bb9b2fe84f2af6e39c2588033037add,True,,,,lenet5,conv5,,model,13.457,,106,40,49,615606966322,237761,1000004,0,,615606966322,0,0,1,"default_rng([20260924, 0, 2, 106])",0
2026-09-24T04:25:31+00:00,9ff764412bb9b2fe84f2af6e39c2588033037add,True,,,,lenet5,conv5,,model,13.457,,106,48,57,157595383378456,237761,1000004,0,,157595383378456,0,0,1,"default_rng([20260924, 0, 2, 106])",0
2026-09-24T04:25:31+00:00,9ff764412bb9b2fe84f2af6e39c2588033037add,True,,,,lenet5,conv5,,model,13.457,,107,32,42,2999860607,381181,1000004,0,,2999860607,0,0,1,"default_rng([20260924, 0, 2, 107])",0
2026-09-24T04:25:31+00:00,9ff764412bb9b2fe84f2af6e39c2588033037add,True,,,,lenet5,conv5,,model,13.457,,107,40,50,767964315420,381181,1000004,0,,767964315420,0,0,1,"default_rng([20260924, 0, 2, 107])",0
2026-09-24T04:25:31+00:00,9ff764412bb9b2fe84f2af6e39c2588033037add,True,,,,lenet5,conv5,,model,13.457,,107,48,58,196598864747446,381181,1000004,0,,196598864747446,0,0,1,"default_rng([20260924, 0, 2, 107])",0
2026-09-24T04:25:31+00:00,9ff764412bb9b2fe84f2af6e39c2588033037add,True,,,,lenet5,conv5,,model,13.457,,108,32,42,4070393825,280929,1000004,0,,4070393825,0,0,1,"default_rng([20260924, 0, 2, 108])",0
2026-09-24T04:25:31+00:00,9ff764412bb9b2fe84f2af6e39c2588033037add,True,,,,lenet5,conv5,,model,13.457,,108,40,50,1042020819193,280929,1000004,0,,1042020819193,0,0,1,"default_rng([20260924, 0, 2, 108])",0
2026-09-24T04:25:31+00:00,9ff764412bb9b2fe84f2af6e39c2588033037add,True,,,,lenet5,conv5,,model,13.457,,108,48,58,266757329713526,280929,1000004,0,,266757329713526,0,0,1,"default_rng([20260924, 0, 2, 108])",0
2026-09-24T04:25:31+00:00,9ff764412bb9b2fe84f2af6e39c2588033037add,True,,,,lenet5,conv5,,model,13.457,,109,32,41,2722115970,210037,1000004,0,,2722115970,0,0,1,"default_rng([20260924, 0, 2, 109])",0
2026-09-24T04:25:31+00:00,9ff764412bb9b2fe84f2af6e39c2588033037add,True,,,,lenet5,conv5,,model,13.457,,109,40,49,696861688360,210037,1000004,0,,696861688360,0,0,1,"default_rng([20260924, 0, 2, 109])",0
2026-09-24T04:25:31+00:00,9ff764412bb9b2fe84f2af6e39c2588033037add,True,,,,lenet5,conv5,,model,13.457,,109,48,57,178396592220207,210037,1000004,0,,178396592220207,0,0,1,"default_rng([20260924, 0, 2, 109])",0
2026-09-24T04:25:31+00:00,9ff764412bb9b2fe84f2af6e39c2588033037add,True,,,,lenet5,conv5,,model,13.457,,110,32,42,4278748670,267249,1000004,0,,4278748670,0,0,1,"default_rng([20260924, 0, 2, 110])",0
2026-09-24T04:25:31+00:00,9ff764412bb9b2fe84f2af6e39c2588033037add,True,,,,lenet5,conv5,,model,13.457,,110,40,50,1095359659400,267249,1000004,0,,1095359659400,0,0,1,"default_rng([20260924, 0, 2, 110])",0
2026-09-24T04:25:31+00:00,9ff764412bb9b2fe84f2af6e39c2588033037add,True,,,,lenet5,conv5,,model,13.457,,110,48,58,280412072806388,267249,1000004,0,,280412072806388,0,0,1,"default_rng([20260924, 0, 2, 110])",0
2026-09-24T04:25:31+00:00,9ff764412bb9b2fe84f2af6e39c2588033037add,True,,,,lenet5,conv5,,model,13.457,,111,32,42,2531344609,451733,1000004,0,,2531344609,0,0,1,"default_rng([20260924, 0, 2, 111])",0
2026-09-24T04:25:31+00:00,9ff764412bb9b2fe84f2af6e39c2588033037add,True,,,,lenet5,conv5,,model,13.457,,111,40,50,648024219843,451733,1000004,0,,648024219843,0,0,1,"default_rng([20260924, 0, 2, 111])",0
2026-09-24T04:25:31+00:00,9ff764412bb9b2fe84f2af6e39c2588033037add,True,,,,lenet5,conv5,,model,13.457,,111,48,58,165894200279780,451733,1000004,0,,165894200279780,0,0,1,"default_rng([20260924, 0, 2, 111])",0
2026-09-24T04:25:31+00:00,9ff764412bb9b2fe84f2af6e39c2588033037add,True,,,,lenet5,conv5,,model,13.457,,112,32,41,2415958908,236653,1000004,0,,2415958908,0,0,1,"default_rng([20260924, 0, 2, 112])",0
2026-09-24T04:25:31+00:00,9ff764412bb9b2fe84f2af6e39c2588033037add,True,,,,lenet5,conv5,,model,13.457,,112,40,49,618485480437,236653,1000004,0,,618485480437,0,0,1,"default_rng([20260924, 0, 2, 112])",0
2026-09-24T04:25:31+00:00,9ff764412bb9b2fe84f2af6e39c2588033037add,True,,,,lenet5,conv5,,model,13.457,,112,48,57,158332282991941,236653,1000004,0,,158332282991941,0,0,1,"default_rng([20260924, 0, 2, 112])",0
2026-09-24T04:25:31+00:00,9ff764412bb9b2fe84f2af6e39c2588033037add,True,,,,lenet5,conv5,,model,13.457,,113,32,42,2661290444,429675,1000004,0,,2661290444,0,0,1,"default_rng([20260924, 0, 2, 113])",0
2026-09-24T04:25:31+00:00,9ff764412bb9b2fe84f2af6e39c2588033037add,True,,,,lenet5,conv5,,model,13.457,,113,40,50,681290353537,429675,1000004,0,,681290353537,0,0,1,"default_rng([20260924, 0, 2, 113])",0
2026-09-24T04:25:31+00:00,9ff764412bb9b2fe84f2af6e39c2588033037add,True,,,,lenet5,conv5,,model,13.457,,113,48,58,174410330505559,429675,1000004,0,,174410330505559,0,0,1,"default_rng([20260924, 0, 2, 113])",0
2026-09-24T04:25:31+00:00,9ff764412bb9b2fe84f2af6e39c2588033037add,True,,,,lenet5,conv5,,model,13.457,,114,32,42,3985120002,286941,1000004,0,,3985120002,0,0,1,"default_rng([20260924, 0, 2, 114])",0
2026-09-24T04:25:31+00:00,9ff764412bb9b2fe84f2af6e39c2588033037add,True,,,,lenet5,conv5,,model,13.457,,114,40,50,1020190720478,286941,1000004,0,,1020190720478,0,0,1,"default_rng([20260924, 0, 2, 114])",0
2026-09-24T04:25:31+00:00,9ff764412bb9b2fe84f2af6e39c2588033037add,True,,,,lenet5,conv5,,model,13.457,,114,48,58,261168824442366,286941,1000004,0,,261168824442366,0,0,1,"default_rng([20260924, 0, 2, 114])",0
2026-09-24T04:25:31+00:00,9ff764412bb9b2fe84f2af6e39c2588033037add,True,,,,lenet5,conv5,,model,13.457,,115,32,41,2913970310,196209,1000004,0,,2913970310,0,0,1,"default_rng([20260924, 0, 2, 115])",0
2026-09-24T04:25:31+00:00,9ff764412bb9b2fe84f2af6e39c2588033037add,True,,,,lenet5,conv5,,model,13.457,,115,40,49,745976399303,196209,1000004,0,,745976399303,0,0,1,"default_rng([20260924, 0, 2, 115])",0
2026-09-24T04:25:31+00:00,9ff764412bb9b2fe84f2af6e39c2588033037add,True,,,,lenet5,conv5,,model,13.457,,115,48,57,190969958221627,196209,1000004,0,,190969958221627,0,0,1,"default_rng([20260924, 0, 2, 115])",0
2026-09-24T04:25:31+00:00,9ff764412bb9b2fe84f2af6e39c2588033037add,True,,,,lenet5,conv5,,model,13.457,,116,32,41,2575942475,221957,1000004,0,,2575942475,0,0,1,"default_rng([20260924, 0, 2, 116])",0
2026-09-24T04:25:31+00:00,9ff764412bb9b2fe84f2af6e39c2588033037add,True,,,,lenet5,conv5,,model,13.457,,116,40,49,659441273717,221957,1000004,0,,659441273717,0,0,1,"default_rng([20260924, 0, 2, 116])",0
2026-09-24T04:25:31+00:00,9ff764412bb9b2fe84f2af6e39c2588033037add,True,,,,lenet5,conv5,,model,13.457,,116,48,57,168816966071572,221957,1000004,0,,168816966071572,0,0,1,"default_rng([20260924, 0, 2, 116])",0
2026-09-24T04:25:31+00:00,9ff764412bb9b2fe84f2af6e39c2588033037add,True,,,,lenet5,conv5,,model,13.457,,117,32,42,2465722136,463755,1000004,0,,2465722136,0,0,1,"default_rng([20260924, 0, 2, 117])",0
2026-09-24T04:25:31+00:00,9ff764412bb9b2fe84f2af6e39c2588033037add,True,,,,lenet5,conv5,,model,13.457,,117,40,50,631224866688,463755,1000004,0,,631224866688,0,0,1,"default_rng([20260924, 0, 2, 117])",0
2026-09-24T04:25:31+00:00,9ff764412bb9b2fe84f2af6e39c2588033037add,True,,,,lenet5,conv5,,model,13.457,,117,48,58,161593565872162,463755,1000004,0,,161593565872162,0,0,1,"default_rng([20260924, 0, 2, 117])",0
2026-09-24T04:25:31+00:00,9ff764412bb9b2fe84f2af6e39c2588033037add,True,,,,lenet5,conv5,,model,13.457,,118,32,41,2563432145,223039,1000004,0,,2563432145,0,0,1,"default_rng([20260924, 0, 2, 118])",0
2026-09-24T04:25:31+00:00,9ff764412bb9b2fe84f2af6e39c2588033037add,True,,,,lenet5,conv5,,model,13.457,,118,40,49,656238629008,223039,1000004,0,,656238629008,0,0,1,"default_rng([20260924, 0, 2, 118])",0
2026-09-24T04:25:31+00:00,9ff764412bb9b2fe84f2af6e39c2588033037add,True,,,,lenet5,conv5,,model,13.457,,118,48,57,167997089026034,223039,1000004,0,,167997089026034,0,0,1,"default_rng([20260924, 0, 2, 118])",0
2026-09-24T04:25:31+00:00,9ff764412bb9b2fe84f2af6e39c2588033037add,True,,,,lenet5,conv5,,model,13.457,,119,32,42,3666354309,311889,1000004,0,,3666354309,0,0,1,"default_rng([20260924, 0, 2, 119])",0
2026-09-24T04:25:31+00:00,9ff764412bb9b2fe84f2af6e39c2588033037add,True,,,,lenet5,conv5,,model,13.457,,119,40,50,938586703095,311889,1000004,0,,938586703095,0,0,1,"default_rng([20260924, 0, 2, 119])",0
2026-09-24T04:25:31+00:00,9ff764412bb9b2fe84f2af6e39c2588033037add,True,,,,lenet5,conv5,,model,13.457,,119,48,58,240278195992351,311889,1000004,0,,240278195992351,0,0,1,"default_rng([20260924, 0, 2, 119])",0
2026-09-24T04:25:44+00:00,9ff764412bb9b2fe84f2af6e39c2588033037add,True,,,,lenet5,fc1,,model,7.77,,0,32,41,3341396592,171109,1000004,0,,3341396592,0,0,1,"default_rng([20260924, 0, 3, 0])",0
2026-09-24T04:25:44+00:00,9ff764412bb9b2fe84f2af6e39c2588033037add,True,,,,lenet5,fc1,,model,7.77,,0,40,49,855397527496,171109,1000004,0,,855397527496,0,0,1,"default_rng([20260924, 0, 3, 0])",0
2026-09-24T04:25:44+00:00,9ff764412bb9b2fe84f2af6e39c2588033037add,True,,,,lenet5,fc1,,model,7.77,,0,48,57,218981767038949,171109,1000004,0,,218981767038949,0,0,1,"default_rng([20260924, 0, 3, 0])",0
2026-09-24T04:25:44+00:00,9ff764412bb9b2fe84f2af6e39c2588033037add,True,,,,lenet5,fc1,,model,7.77,,1,32,42,3489872522,327661,1000004,0,,3489872522,0,0,1,"default_rng([20260924, 0, 3, 1])",0
2026-09-24T04:25:44+00:00,9ff764412bb9b2fe84f2af6e39c2588033037add,True,,,,lenet5,fc1,,model,7.77,,1,40,50,893407365622,327661,1000004,0,,893407365622,0,0,1,"default_rng([20260924, 0, 3, 1])",0
2026-09-24T04:25:44+00:00,9ff764412bb9b2fe84f2af6e39c2588033037add,True,,,,lenet5,fc1,,model,7.77,,1,48,58,228712285599130,327661,1000004,0,,228712285599130,0,0,1,"default_rng([20260924, 0, 3, 1])",0
2026-09-24T04:25:44+00:00,9ff764412bb9b2fe84f2af6e39c2588033037add,True,,,,lenet5,fc1,,model,7.77,,2,32,41,2180217495,262243,1000004,0,,2180217495,0,0,1,"default_rng([20260924, 0, 3, 2])",0
2026-09-24T04:25:44+00:00,9ff764412bb9b2fe84f2af6e39c2588033037add,True,,,,lenet5,fc1,,model,7.77,,2,40,49,558135678826,262243,1000004,0,,558135678826,0,0,1,"default_rng([20260924, 0, 3, 2])",0
2026-09-24T04:25:44+00:00,9ff764412bb9b2fe84f2af6e39c2588033037add,True,,,,lenet5,fc1,,model,7.77,,2,48,57,142882733779571,262243,1000004,0,,142882733779571,0,0,1,"default_rng([20260924, 0, 3, 2])",0
2026-09-24T04:25:44+00:00,9ff764412bb9b2fe84f2af6e39c2588033037add,True,,,,lenet5,fc1,,model,7.77,,3,32,41,3818874028,149715,1000004,0,,3818874028,0,0,1,"default_rng([20260924, 0, 3, 3])",0
2026-09-24T04:25:44+00:00,9ff764412bb9b2fe84f2af6e39c2588033037add,True,,,,lenet5,fc1,,model,7.77,,3,40,49,977631751271,149715,1000004,0,,977631751271,0,0,1,"default_rng([20260924, 0, 3, 3])",0
2026-09-24T04:25:44+00:00,9ff764412bb9b2fe84f2af6e39c2588033037add,True,,,,lenet5,fc1,,model,7.77,,3,48,57,250273728325281,149715,1000004,0,,250273728325281,0,0,1,"default_rng([20260924, 0, 3, 3])",0
2026-09-24T04:25:44+00:00,9ff764412bb9b2fe84f2af6e39c2588033037add,True,,,,lenet5,fc1,,model,7.77,,4,32,41,3795705236,150629,1000004,0,,3795705236,0,0,1,"default_rng([20260924, 0, 3, 4])",0
2026-09-24T04:25:44+00:00,9ff764412bb9b2fe84f2af6e39c2588033037add,True,,,,lenet5,fc1,,model,7.77,,4,40,49,971700540380,150629,1000004,0,,971700540380,0,0,1,"default_rng([20260924, 0, 3, 4])",0
2026-09-24T04:25:44+00:00,9ff764412bb9b2fe84f2af6e39c2588033037add,True,,,,lenet5,fc1,,model,7.77,,4,48,57,248755338337354,150629,1000004,0,,248755338337354,0,0,1,"default_rng([20260924, 0, 3, 4])",0
2026-09-24T04:25:44+00:00,9ff764412bb9b2fe84f2af6e39c2588033037add,True,,,,lenet5,fc1,,model,7.77,,5,32,41,2176723826,262663,1000004,0,,2176723826,0,0,1,"default_rng([20260924, 0, 3, 5])",0
2026-09-24T04:25:44+00:00,9ff764412bb9b2fe84f2af6e39c2588033037add,True,,,,lenet5,fc1,,model,7.77,,5,40,49,557241299335,262663,1000004,0,,557241299335,0,0,1,"default_rng([20260924, 0, 3, 5])",0
2026-09-24T04:25:44+00:00,9ff764412bb9b2fe84f2af6e39c2588033037add,True,,,,lenet5,fc1,,model,7.77,,5,48,57,142653772629785,262663,1000004,0,,142653772629785,0,0,1,"default_rng([20260924, 0, 3, 5])",0
2026-09-24T04:25:44+00:00,9ff764412bb9b2fe84f2af6e39c2588033037add,True,,,,lenet5,fc1,,model,7.77,,6,32,41,3921489241,145799,1000004,0,,3921489241,0,0,1,"default_rng([20260924, 0, 3, 6])",0
2026-09-24T04:25:44+00:00,9ff764412bb9b2fe84f2af6e39c2588033037add,True,,,,lenet5,fc1,,model,7.77,,6,40,49,1003901245751,145799,1000004,0,,1003901245751,0,0,1,"default_rng([20260924, 0, 3, 6])",0
2026-09-24T04:25:44+00:00,9ff764412bb9b2fe84f2af6e39c2588033037add,True,,,,lenet5,fc1,,model,7.77,,6,48,57,256998718912371,145799,1000004,0,,256998718912371,0,0,1,"default_rng([20260924, 0, 3, 6])",0
2026-09-24T04:25:44+00:00,9ff764412bb9b2fe84f2af6e39c2588033037add,True,,,,lenet5,fc1,,model,7.77,,7,32,41,3242304255,176339,1000004,0,,3242304255,0,0,1,"default_rng([20260924, 0, 3, 7])",0
2026-09-24T04:25:44+00:00,9ff764412bb9b2fe84f2af6e39c2588033037add,True,,,,lenet5,fc1,,model,7.77,,7,40,49,830029889379,176339,1000004,0,,830029889379,0,0,1,"default_rng([20260924, 0, 3, 7])",0
2026-09-24T04:25:44+00:00,9ff764412bb9b2fe84f2af6e39c2588033037add,True,,,,lenet5,fc1,,model,7.77,,7,48,57,212487651680947,176339,1000004,0,,212487651680947,0,0,1,"default_rng([20260924, 0, 3, 7])",0
2026-09-24T04:25:44+00:00,9ff764412bb9b2fe84f2af6e39c2588033037add,True,,,,lenet5,fc1,,model,7.77,,8,32,41,2957224980,193339,1000004,0,,2957224980,0,0,1,"default_rng([20260924, 0, 3, 8])",0
2026-09-24T04:25:44+00:00,9ff764412bb9b2fe84f2af6e39c2588033037add,True,,,,lenet5,fc1,,model,7.77,,8,40,49,757049594790,193339,1000004,0,,757049594790,0,0,1,"default_rng([20260924, 0, 3, 8])",0
2026-09-24T04:25:44+00:00,9ff764412bb9b2fe84f2af6e39c2588033037add,True,,,,lenet5,fc1,,model,7.77,,8,48,57,193804696266246,193339,1000004,0,,193804696266246,0,0,1,"default_rng([20260924, 0, 3, 8])",0
2026-09-24T04:25:44+00:00,9ff764412bb9b2fe84f2af6e39c2588033037add,True,,,,lenet5,fc1,,model,7.77,,9,32,41,2831059739,201955,1000004,0,,2831059739,0,0,1,"default_rng([20260924, 0, 3, 9])",0
2026-09-24T04:25:44+00:00,9ff764412bb9b2fe84f2af6e39c2588033037add,True,,,,lenet5,fc1,,model,7.77,,9,40,49,724751293077,201955,1000004,0,,724751293077,0,0,1,"default_rng([20260924, 0, 3, 9])",0
2026-09-24T04:25:44+00:00,9ff764412bb9b2fe84f2af6e39c2588033037add,True,,,,lenet5,fc1,,model,7.77,,9,48,57,185536331027773,201955,1000004,0,,185536331027773,0,0,1,"default_rng([20260924, 0, 3, 9])",0
2026-09-24T04:25:44+00:00,9ff764412bb9b2fe84f2af6e39c2588033037add,True,,,,lenet5,fc1,,model,7.77,,10,32,41,3000404382,190557,1000004,0,,3000404382,0,0,1,"default_rng([20260924, 0, 3, 10])",0
2026-09-24T04:25:44+00:00,9ff764412bb9b2fe84f2af6e39c2588033037add,True,,,,lenet5,fc1,,model,7.77,,10,40,49,768103521860,190557,1000004,0,,768103521860,0,0,1,"default_rng([20260924, 0, 3, 10])",0
2026-09-24T04:25:44+00:00,9ff764412bb9b2fe84f2af6e39c2588033037add,True,,,,lenet5,fc1,,model,7.77,,10,48,57,196634501596155,190557,1000004,0,,196634501596155,0,0,1,"default_rng([20260924, 0, 3, 10])",0
2026-09-24T04:25:44+00:00,9ff764412bb9b2fe84f2af6e39c2588033037add,True,,,,lenet5,fc1,,model,7.77,,11,32,41,3002181328,190443,1000004,0,,3002181328,0,0,1,"default_rng([20260924, 0, 3, 11])",0
2026-09-24T04:25:44+00:00,9ff764412bb9b2fe84f2af6e39c2588033037add,True,,,,lenet5,fc1,,model,7.77,,11,40,49,768558420062,190443,1000004,0,,768558420062,0,0,1,"default_rng([20260924, 0, 3, 11])",0
2026-09-24T04:25:44+00:00,9ff764412bb9b2fe84f2af6e39c2588033037add,True,,,,lenet5,fc1,,model,7.77,,11,48,57,196750955535992,190443,1000004,0,,196750955535992,0,0,1,"default_rng([20260924, 0, 3, 11])",0
2026-09-24T04:25:44+00:00,9ff764412bb9b2fe84f2af6e39c2588033037add,True,,,,lenet5,fc1,,model,7.77,,12,32,41,3126109039,182893,1000004,0,,3126109039,0,0,1,"default_rng([20260924, 0, 3, 12])",0
2026-09-24T04:25:44+00:00,9ff764412bb9b2fe84f2af6e39c2588033037add,True,,,,lenet5,fc1,,model,7.77,,12,40,49,800283913959,182893,1000004,0,,800283913959,0,0,1,"default_rng([20260924, 0, 3, 12])",0
2026-09-24T04:25:44+00:00,9ff764412bb9b2fe84f2af6e39c2588033037add,True,,,,lenet5,fc1,,model,7.77,,12,48,57,204872681973423,182893,1000004,0,,204872681973423,0,0,1,"default_rng([20260924, 0, 3, 12])",0
2026-09-24T04:25:44+00:00,9ff764412bb9b2fe84f2af6e39c2588033037add,True,,,,lenet5,fc1,,model,7.77,,13,32,42,3226667130,354387,1000004,0,,3226667130,0,0,1,"default_rng([20260924, 0, 3, 13])",0
2026-09-24T04:25:44+00:00,9ff764412bb9b2fe84f2af6e39c2588033037add,True,,,,lenet5,fc1,,model,7.77,,13,40,50,826026785197,354387,1000004,0,,826026785197,0,0,1,"default_rng([20260924, 0, 3, 13])",0
2026-09-24T04:25:44+00:00,9ff764412bb9b2fe84f2af6e39c2588033037add,True,,,,lenet5,fc1,,model,7.77,,13,48,58,211462857010380,354387,1000004,0,,211462857010380,0,0,1,"default_rng([20260924, 0, 3, 13])",0
2026-09-24T04:25:44+00:00,9ff764412bb9b2fe84f2af6e39c2588033037add,True,,,,lenet5,fc1,,model,7.77,,14,32,41,3901489487,146545,1000004,0,,3901489487,0,0,1,"default_rng([20260924, 0, 3, 14])",0
2026-09-24T04:25:44+00:00,9ff764412bb9b2fe84f2af6e39c2588033037add,True,,,,lenet5,fc1,,model,7.77,,14,40,49,998781308586,146545,1000004,0,,998781308586,0,0,1,"default_rng([20260924, 0, 3, 14])",0
2026-09-24T04:25:44+00:00,9ff764412bb9b2fe84f2af6e39c2588033037add,True,,,,lenet5,fc1,,model,7.77,,14,48,57,255688014998094,146545,1000004,0,,255688014998094,0,0,1,"default_rng([20260924, 0, 3, 14])",0
2026-09-24T04:25:44+00:00,9ff764412bb9b2fe84f2af6e39c2588033037add,True,,,,lenet5,fc1,,model,7.77,,15,32,41,3168177043,180465,1000004,0,,3168177043,0,0,1,"default_rng([20260924, 0, 3, 15])",0
2026-09-24T04:25:44+00:00,9ff764412bb9b2fe84f2af6e39c2588033037add,True,,,,lenet5,fc1,,model,7.77,,15,40,49,811053322880,180465,1000004,0,,811053322880,0,0,1,"default_rng([20260924, 0, 3, 15])",0
2026-09-24T04:25:44+00:00,9ff764412bb9b2fe84f2af6e39c2588033037add,True,,,,lenet5,fc1,,model,7.77,,15,48,57,207629650657325,180465,1000004,0,,207629650657325,0,0,1,"default_rng([20260924, 0, 3, 15])",0
2026-09-24T04:25:44+00:00,9ff764412bb9b2fe84f2af6e39c2588033037add,True,,,,lenet5,fc1,,model,7.77,,16,32,42,3550219162,322091,1000004,0,,3550219162,0,0,1,"default_rng([20260924, 0, 3, 16])",0
2026-09-24T04:25:44+00:00,9ff764412bb9b2fe84f2af6e39c2588033037add,True,,,,lenet5,fc1,,model,7.77,,16,40,50,908856105580,322091,1000004,0,,908856105580,0,0,1,"default_rng([20260924, 0, 3, 16])",0
2026-09-24T04:25:44+00:00,9ff764412bb9b2fe84f2af6e39c2588033037add,True,,,,lenet5,fc1,,model,7.77,,16,48,58,232667163028527,322091,1000004,0,,232667163028527,0,0,1,"default_rng([20260924, 0, 3, 16])",0
2026-09-24T04:25:44+00:00,9ff764412bb9b2fe84f2af6e39c2588033037add,True,,,,lenet5,fc1,,model,7.77,,17,32,42,3544377081,322621,1000004,0,,3544377081,0,0,1,"default_rng([20260924, 0, 3, 17])",0
2026-09-24T04:25:44+00:00,9ff764412bb9b2fe84f2af6e39c2588033037add,True,,,,lenet5,fc1,,model,7.77,,17,40,50,907360532624,322621,1000004,0,,907360532624,0,0,1,"default_rng([20260924, 0, 3, 17])",0
2026-09-24T04:25:44+00:00,9ff764412bb9b2fe84f2af6e39c2588033037add,True,,,,lenet5,fc1,,model,7.77,,17,48,58,232284296351853,322621,1000004,0,,232284296351853,0,0,1,"default_rng([20260924, 0, 3, 17])",0
2026-09-24T04:25:44+00:00,9ff764412bb9b2fe84f2af6e39c2588033037add,True,,,,lenet5,fc1,,model,7.77,,18,32,41,2479004715,230635,1000004,0,,2479004715,0,0,1,"default_rng([20260924, 0, 3, 18])",0
2026-09-24T04:25:44+00:00,9ff764412bb9b2fe84f2af6e39c2588033037add,True,,,,lenet5,fc1,,model,7.77,,18,40,49,634625207025,230635,1000004,0,,634625207025,0,0,1,"default_rng([20260924, 0, 3, 18])",0
2026-09-24T04:25:44+00:00,9ff764412bb9b2fe84f2af6e39c2588033037add,True,,,,lenet5,fc1,,model,7.77,,18,48,57,162464052998374,230635,1000004,0,,162464052998374,0,0,1,"default_rng([20260924, 0, 3, 18])",0
2026-09-24T04:25:44+00:00,9ff764412bb9b2fe84f2af6e39c2588033037add,True,,,,lenet5,fc1,,model,7.77,,19,32,41,3355823843,170375,1000004,0,,3355823843,0,0,1,"default_rng([20260924, 0, 3, 19])",0
2026-09-24T04:25:44+00:00,9ff764412bb9b2fe84f2af6e39c2588033037add,True,,,,lenet5,fc1,,model,7.77,,19,40,49,859090903898,170375,1000004,0,,859090903898,0,0,1,"default_rng([20260924, 0, 3, 19])",0
2026-09-24T04:25:44+00:00,9ff764412bb9b2fe84f2af6e39c2588033037add,True,,,,lenet5,fc1,,model,7.77,,19,48,57,219927271397897,170375,1000004,0,,219927271397897,0,0,1,"default_rng([20260924, 0, 3, 19])",0
2026-09-24T04:25:44+00:00,9ff764412bb9b2fe84f2af6e39c2588033037add,True,,,,lenet5,fc1,,model,7.77,,20,32,41,3512550748,162773,1000004,0,,3512550748,0,0,1,"default_rng([20260924, 0, 3, 20])",0
2026-09-24T04:25:44+00:00,9ff764412bb9b2fe84f2af6e39c2588033037add,True,,,,lenet5,fc1,,model,7.77,,20,40,49,899212991525,162773,1000004,0,,899212991525,0,0,1,"default_rng([20260924, 0, 3, 20])",0
2026-09-24T04:25:44+00:00,9ff764412bb9b2fe84f2af6e39c2588033037add,True,,,,lenet5,fc1,,model,7.77,,20,48,57,230198525830285,162773,1000004,0,,230198525830285,0,0,1,"default_rng([20260924, 0, 3, 20])",0
2026-09-24T04:25:44+00:00,9ff764412bb9b2fe84f2af6e39c2588033037add,True,,,,lenet5,fc1,,model,7.77,,21,32,41,2354072351,242875,1000004,0,,2354072351,0,0,1,"default_rng([20260924, 0, 3, 21])",0
2026-09-24T04:25:44+00:00,9ff764412bb9b2fe84f2af6e39c2588033037add,True,,,,lenet5,fc1,,model,7.77,,21,40,49,602642521956,242875,1000004,0,,602642521956,0,0,1,"default_rng([20260924, 0, 3, 21])",0
2026-09-24T04:25:44+00:00,9ff764412bb9b2fe84f2af6e39c2588033037add,True,,,,lenet5,fc1,,model,7.77,,21,48,57,154276485620704,242875,1000004,0,,154276485620704,0,0,1,"default_rng([20260924, 0, 3, 21])",0
2026-09-24T04:25:44+00:00,9ff764412bb9b2fe84f2af6e39c2588033037add,True,,,,lenet5,fc1,,model,7.77,,22,32,41,2473595562,231139,1000004,0,,2473595562,0,0,1,"default_rng([20260924, 0, 3, 22])",0
2026-09-24T04:25:44+00:00,9ff764412bb9b2fe84f2af6e39c2588033037add,True,,,,lenet5,fc1,,model,7.77,,22,40,49,633240463813,231139,1000004,0,,633240463813,0,0,1,"default_rng([20260924, 0, 3, 22])",0
2026-09-24T04:25:44+00:00,9ff764412bb9b2fe84f2af6e39c2588033037add,True,,,,lenet5,fc1,,model,7.77,,22,48,57,162109558736132,231139,1000004,0,,162109558736132,0,0,1,"default_rng([20260924, 0, 3, 22])",0
2026-09-24T04:25:44+00:00,9ff764412bb9b2fe84f2af6e39c2588033037add,True,,,,lenet5,fc1,,model,7.77,,23,32,42,4275735013,267437,1000004,0,,4275735013,0,0,1,"default_rng([20260924, 0, 3, 23])",0
2026-09-24T04:25:44+00:00,9ff764412bb9b2fe84f2af6e39c2588033037add,True,,,,lenet5,fc1,,model,7.77,,23,40,50,1094588163391,267437,1000004,0,,1094588163391,0,0,1,"default_rng([20260924, 0, 3, 23])",0
2026-09-24T04:25:44+00:00,9ff764412bb9b2fe84f2af6e39c2588033037add,True,,,,lenet5,fc1,,model,7.77,,23,48,58,280214569828179,267437,1000004,0,,280214569828179,0,0,1,"default_rng([20260924, 0, 3, 23])",0
2026-09-24T04:25:44+00:00,9ff764412bb9b2fe84f2af6e39c2588033037add,True,,,,lenet5,fc1,,model,7.77,,24,32,41,3651384387,156583,1000004,0,,3651384387,0,0,1,"default_rng([20260924, 0, 3, 24])",0
2026-09-24T04:25:44+00:00,9ff764412bb9b2fe84f2af6e39c2588033037add,True,,,,lenet5,fc1,,model,7.77,,24,40,49,934754403128,156583,1000004,0,,934754403128,0,0,1,"default_rng([20260924, 0, 3, 24])",0
2026-09-24T04:25:44+00:00,9ff764412bb9b2fe84f2af6e39c2588033037add,True,,,,lenet5,fc1,,model,7.77,,24,48,57,239297127200711,156583,1000004,0,,239297127200711,0,0,1,"default_rng([20260924, 0, 3, 24])",0
2026-09-24T04:25:44+00:00,9ff764412bb9b2fe84f2af6e39c2588033037add,True,,,,lenet5,fc1,,model,7.77,,25,32,41,3648434011,156709,1000004,0,,3648434011,0,0,1,"default_rng([20260924, 0, 3, 25])",0
2026-09-24T04:25:44+00:00,9ff764412bb9b2fe84f2af6e39c2588033037add,True,,,,lenet5,fc1,,model,7.77,,25,40,49,933999106694,156709,1000004,0,,933999106694,0,0,1,"default_rng([20260924, 0, 3, 25])",0
2026-09-24T04:25:44+00:00,9ff764412bb9b2fe84f2af6e39c2588033037add,True,,,,lenet5,fc1,,model,7.77,,25,48,57,239103771313694,156709,1000004,0,,239103771313694,0,0,1,"default_rng([20260924, 0, 3, 25])",0
2026-09-24T04:25:44+00:00,9ff764412bb9b2fe84f2af6e39c2588033037add,True,,,,lenet5,fc1,,model,7.77,,26,32,42,3807304106,300341,1000004,0,,3807304106,0,0,1,"default_rng([20260924, 0, 3, 26])",0
2026-09-24T04:25:44+00:00,9ff764412bb9b2fe84f2af6e39c2588033037add,True,,,,lenet5,fc1,,model,7.77,,26,40,50,974669851178,300341,1000004,0,,974669851178,0,0,1,"default_rng([20260924, 0, 3, 26])",0
2026-09-24T04:25:44+00:00,9ff764412bb9b2fe84f2af6e39c2588033037add,True,,,,lenet5,fc1,,model,7.77,,26,48,58,249515481901591,300341,1000004,0,,249515481901591,0,0,1,"default_rng([20260924, 0, 3, 26])",0
2026-09-24T04:25:44+00:00,9ff764412bb9b2fe84f2af6e39c2588033037add,True,,,,lenet5,fc1,,model,7.77,,27,32,41,2868161856,199343,1000004,0,,2868161856,0,0,1,"default_rng([20260924, 0, 3, 27])",0
2026-09-24T04:25:44+00:00,9ff764412bb9b2fe84f2af6e39c2588033037add,True,,,,lenet5,fc1,,model,7.77,,27,40,49,734249435211,199343,1000004,0,,734249435211,0,0,1,"default_rng([20260924, 0, 3, 27])",0
2026-09-24T04:25:44+00:00,9ff764412bb9b2fe84f2af6e39c2588033037add,True,,,,lenet5,fc1,,model,7.77,,27,48,57,187967855414062,199343,1000004,0,,187967855414062,0,0,1,"default_rng([20260924, 0, 3, 27])",0
2026-09-24T04:25:44+00:00,9ff764412bb9b2fe84f2af6e39c2588033037add,True,,,,lenet5,fc1,,model,7.77,,28,32,42,3276601771,348987,1000004,0,,3276601771,0,0,1,"default_rng([20260924, 0, 3, 28])",0
2026-09-24T04:25:44+00:00,9ff764412bb9b2fe84f2af6e39c2588033037add,True,,,,lenet5,fc1,,model,7.77,,28,40,50,838810053273,348987,1000004,0,,838810053273,0,0,1,"default_rng([20260924, 0, 3, 28])",0
2026-09-24T04:25:44+00:00,9ff764412bb9b2fe84f2af6e39c2588033037add,True,,,,lenet5,fc1,,model,7.77,,28,48,58,214735373637974,348987,1000004,0,,214735373637974,0,0,1,"default_rng([20260924, 0, 3, 28])",0
2026-09-24T04:25:44+00:00,9ff764412bb9b2fe84f2af6e39c2588033037add,True,,,,lenet5,fc1,,model,7.77,,29,32,41,4145725365,137913,1000004,0,,4145725365,0,0,1,"default_rng([20260924, 0, 3, 29])",0
2026-09-24T04:25:44+00:00,9ff764412bb9b2fe84f2af6e39c2588033037add,True,,,,lenet5,fc1,,model,7.77,,29,40,49,1061305693553,137913,1000004,0,,1061305693553,0,0,1,"default_rng([20260924, 0, 3, 29])",0
2026-09-24T04:25:44+00:00,9ff764412bb9b2fe84f2af6e39c2588033037add,True,,,,lenet5,fc1,,model,7.77,,29,48,57,271694257549540,137913,1000004,0,,271694257549540,0,0,1,"default_rng([20260924, 0, 3, 29])",0
2026-09-24T04:25:44+00:00,9ff764412bb9b2fe84f2af6e39c2588033037add,True,,,,lenet5,fc1,,model,7.77,,30,32,41,2488634341,229743,1000004,0,,2488634341,0,0,1,"default_rng([20260924, 0, 3, 30])",0
2026-09-24T04:25:44+00:00,9ff764412bb9b2fe84f2af6e39c2588033037add,True,,,,lenet5,fc1,,model,7.77,,30,40,49,637090391364,229743,1000004,0,,637090391364,0,0,1,"default_rng([20260924, 0, 3, 30])",0
2026-09-24T04:25:44+00:00,9ff764412bb9b2fe84f2af6e39c2588033037add,True,,,,lenet5,fc1,,model,7.77,,30,48,57,163095140189139,229743,1000004,0,,163095140189139,0,0,1,"default_rng([20260924, 0, 3, 30])",0
2026-09-24T04:25:44+00:00,9ff764412bb9b2fe84f2af6e39c2588033037add,True,,,,lenet5,fc1,,model,7.77,,31,32,41,3856295350,148263,1000004,0,,3856295350,0,0,1,"default_rng([20260924, 0, 3, 31])",0
2026-09-24T04:25:44+00:00,9ff764412bb9b2fe84f2af6e39c2588033037add,True,,,,lenet5,fc1,,model,7.77,,31,40,49,987211609663,148263,1000004,0,,987211609663,0,0,1,"default_rng([20260924, 0, 3, 31])",0
2026-09-24T04:25:44+00:00,9ff764412bb9b2fe84f2af6e39c2588033037add,True,,,,lenet5,fc1,,model,7.77,,31,48,57,252726172073853,148263,1000004,0,,252726172073853,0,0,1,"default_rng([20260924, 0, 3, 31])",0
2026-09-24T04:25:44+00:00,9ff764412bb9b2fe84f2af6e39c2588033037add,True,,,,lenet5,fc1,,model,7.77,,32,32,40,2183523778,130923,1000004,0,,2183523778,0,0,1,"default_rng([20260924, 0, 3, 32])",0
2026-09-24T04:25:44+00:00,9ff764412bb9b2fe84f2af6e39c2588033037add,True,,,,lenet5,fc1,,model,7.77,,32,40,48,558982087235,130923,1000004,0,,558982087235,0,0,1,"default_rng([20260924, 0, 3, 32])",0
2026-09-24T04:25:44+00:00,9ff764412bb9b2fe84f2af6e39c2588033037add,True,,,,lenet5,fc1,,model,7.77,,32,48,56,143099414332065,130923,1000004,0,,143099414332065,0,0,1,"default_rng([20260924, 0, 3, 32])",0
2026-09-24T04:25:44+00:00,9ff764412bb9b2fe84f2af6e39c2588033037add,True,,,,lenet5,fc1,,model,7.77,,33,32,41,2948082301,193939,1000004,0,,2948082301,0,0,1,"default_rng([20260924, 0, 3, 33])",0
2026-09-24T04:25:44+00:00,9ff764412bb9b2fe84f2af6e39c2588033037add,True,,,,lenet5,fc1,,model,7.77,,33,40,49,754709069100,193939,1000004,0,,754709069100,0,0,1,"default_rng([20260924, 0, 3, 33])",0
2026-09-24T04:25:44+00:00,9ff764412bb9b2fe84f2af6e39c2588033037add,True,,,,lenet5,fc1,,model,7.77,,33,48,57,193205521689685,193939,1000004,0,,193205521689685,0,0,1,"default_rng([20260924, 0, 3, 33])",0
2026-09-24T04:25:44+00:00,9ff764412bb9b2fe84f2af6e39c2588033037add,True,,,,lenet5,fc1,,model,7.77,,34,32,41,3494869682,163595,1000004,0,,3494869682,0,0,1,"default_rng([20260924, 0, 3, 34])",0
2026-09-24T04:25:44+00:00,9ff764412bb9b2fe84f2af6e39c2588033037add,True,,,,lenet5,fc1,,model,7.77,,34,40,49,894686638618,163595,1000004,0,,894686638618,0,0,1,"default_rng([20260924, 0, 3, 34])",0
2026-09-24T04:25:44+00:00,9ff764412bb9b2fe84f2af6e39c2588033037add,True,,,,lenet5,fc1,,model,7.77,,34,48,57,229039779486084,163595,1000004,0,,229039779486084,0,0,1,"default_rng([20260924, 0, 3, 34])",0
2026-09-24T04:25:44+00:00,9ff764412bb9b2fe84f2af6e39c2588033037add,True,,,,lenet5,fc1,,model,7.77,,35,32,41,3530248097,161957,1000004,0,,3530248097,0,0,1,"default_rng([20260924, 0, 3, 35])",0
2026-09-24T04:25:44+00:00,9ff764412bb9b2fe84f2af6e39c2588033037add,True,,,,lenet5,fc1,,model,7.77,,35,40,49,903743512953,161957,1000004,0,,903743512953,0,0,1,"default_rng([20260924, 0, 3, 35])",0
2026-09-24T04:25:44+00:00,9ff764412bb9b2fe84f2af6e39c2588033037add,True,,,,lenet5,fc1,,model,7.77,,35,48,57,231358339316043,161957,1000004,0,,231358339316043,0,0,1,"default_rng([20260924, 0, 3, 35])",0
2026-09-24T04:25:44+00:00,9ff764412bb9b2fe84f2af6e39c2588033037add,True,,,,lenet5,fc1,,model,7.77,,36,32,41,4154438734,137623,1000004,0,,4154438734,0,0,1,"default_rng([20260924, 0, 3, 36])",0
2026-09-24T04:25:44+00:00,9ff764412bb9b2fe84f2af6e39c2588033037add,True,,,,lenet5,fc1,,model,7.77,,36,40,49,1063536315837,137623,1000004,0,,1063536315837,0,0,1,"default_rng([20260924, 0, 3, 36])",0
2026-09-24T04:25:44+00:00,9ff764412bb9b2fe84f2af6e39c2588033037add,True,,,,lenet5,fc1,,model,7.77,,36,48,57,272265296854236,137623,1000004,0,,272265296854236,0,0,1,"default_rng([20260924, 0, 3, 36])",0
2026-09-24T04:25:44+00:00,9ff764412bb9b2fe84f2af6e39c2588033037add,True,,,,lenet5,fc1,,model,7.77,,37,32,42,3321869311,344231,1000004,0,,3321869311,0,0,1,"default_rng([20260924, 0, 3, 37])",0
2026-09-24T04:25:44+00:00,9ff764412bb9b2fe84f2af6e39c2588033037add,True,,,,lenet5,fc1,,model,7.77,,37,40,50,850398543627,344231,1000004,0,,850398543627,0,0,1,"default_rng([20260924, 0, 3, 37])",0
2026-09-24T04:25:44+00:00,9ff764412bb9b2fe84f2af6e39c2588033037add,True,,,,lenet5,fc1,,model,7.77,,37,48,58,217702027168603,344231,1000004,0,,217702027168603,0,0,1,"default_rng([20260924, 0, 3, 37])",0
2026-09-24T04:25:44+00:00,9ff764412bb9b2fe84f2af6e39c2588033037add,True,,,,lenet5,fc1,,model,7.77,,38,32,42,3221940582,354907,1000004,0,,3221940582,0,0,1,"default_rng([20260924, 0, 3, 38])",0
2026-09-24T04:25:44+00:00,9ff764412bb9b2fe84f2af6e39c2588033037add,True,,,,lenet5,fc1,,model,7.77,,38,40,50,824816789062,354907,1000004,0,,824816789062,0,0,1,"default_rng([20260924, 0, 3, 38])",0
2026-09-24T04:25:44+00:00,9ff764412bb9b2fe84f2af6e39c2588033037add,True,,,,lenet5,fc1,,model,7.77,,38,48,58,211153097999791,354907,1000004,0,,211153097999791,0,0,1,"default_rng([20260924, 0, 3, 38])",0
2026-09-24T04:25:44+00:00,9ff764412bb9b2fe84f2af6e39c2588033037add,True,,,,lenet5,fc1,,model,7.77,,39,32,42,3141774596,363963,1000004,0,,3141774596,0,0,1,"default_rng([20260924, 0, 3, 39])",0
2026-09-24T04:25:44+00:00,9ff764412bb9b2fe84f2af6e39c2588033037add,True,,,,lenet5,fc1,,model,7.77,,39,40,50,804294296512,363963,1000004,0,,804294296512,0,0,1,"default_rng([20260924, 0, 3, 39])",0
2026-09-24T04:25:44+00:00,9ff764412bb9b2fe84f2af6e39c2588033037add,True,,,,lenet5,fc1,,model,7.77,,39,48,58,205899339907027,363963,1000004,0,,205899339907027,0,0,1,"default_rng([20260924, 0, 3, 39])",0
2026-09-24T04:25:44+00:00,9ff764412bb9b2fe84f2af6e39c2588033037add,True,,,,lenet5,fc1,,model,7.77,,40,32,41,3751688149,152397,1000004,0,,3751688149,0,0,1,"default_rng([20260924, 0, 3, 40])",0
2026-09-24T04:25:44+00:00,9ff764412bb9b2fe84f2af6e39c2588033037add,True,,,,lenet5,fc1,,model,7.77,,40,40,49,960432166027,152397,1000004,0,,960432166027,0,0,1,"default_rng([20260924, 0, 3, 40])",0
2026-09-24T04:25:44+00:00,9ff764412bb9b2fe84f2af6e39c2588033037add,True,,,,lenet5,fc1,,model,7.77,,40,48,57,245870634502861,152397,1000004,0,,245870634502861,0,0,1,"default_rng([20260924, 0, 3, 40])",0
2026-09-24T04:25:44+00:00,9ff764412bb9b2fe84f2af6e39c2588033037add,True,,,,lenet5,fc1,,model,7.77,,41,32,41,3756922063,152185,1000004,0,,3756922063,0,0,1,"default_rng([20260924, 0, 3, 41])",0
2026-09-24T04:25:44+00:00,9ff764412bb9b2fe84f2af6e39c2588033037add,True,,,,lenet5,fc1,,model,7.77,,41,40,49,961772048005,152185,1000004,0,,961772048005,0,0,1,"default_rng([20260924, 0, 3, 41])",0
2026-09-24T04:25:44+00:00,9ff764412bb9b2fe84f2af6e39c2588033037add,True,,,,lenet5,fc1,,model,7.77,,41,48,57,246213644289290,152185,1000004,0,,246213644289290,0,0,1,"default_rng([20260924, 0, 3, 41])",0
2026-09-24T04:25:44+00:00,9ff764412bb9b2fe84f2af6e39c2588033037add,True,,,,lenet5,fc1,,model,7.77,,42,32,41,2187945079,261317,1000004,0,,2187945079,0,0,1,"default_rng([20260924, 0, 3, 42])",0
2026-09-24T04:25:44+00:00,9ff764412bb9b2fe84f2af6e39c2588033037add,True,,,,lenet5,fc1,,model,7.77,,42,40,49,560113940129,261317,1000004,0,,560113940129,0,0,1,"default_rng([20260924, 0, 3, 42])",0
2026-09-24T04:25:44+00:00,9ff764412bb9b2fe84f2af6e39c2588033037add,True,,,,lenet5,fc1,,model,7.77,,42,48,57,143389168673135,261317,1000004,0,,143389168673135,0,0,1,"default_rng([20260924, 0, 3, 42])",0
2026-09-24T04:25:44+00:00,9ff764412bb9b2fe84f2af6e39c2588033037add,True,,,,lenet5,fc1,,model,7.77,,43,32,41,4201572132,136079,1000004,0,,4201572132,0,0,1,"default_rng([20260924, 0, 3, 43])",0
2026-09-24T04:25:44+00:00,9ff764412bb9b2fe84f2af6e39c2588033037add,True,,,,lenet5,fc1,,model,7.77,,43,40,49,1075602465845,136079,1000004,0,,1075602465845,0,0,1,"default_rng([20260924, 0, 3, 43])",0
2026-09-24T04:25:44+00:00,9ff764412bb9b2fe84f2af6e39c2588033037add,True,,,,lenet5,fc1,,model,7.77,,43,48,57,275354231256382,136079,1000004,0,,275354231256382,0,0,1,"default_rng([20260924, 0, 3, 43])",0
2026-09-24T04:25:44+00:00,9ff764412bb9b2fe84f2af6e39c2588033037add,True,,,,lenet5,fc1,,model,7.77,,44,32,42,3142785969,363847,1000004,0,,3142785969,0,0,1,"default_rng([20260924, 0, 3, 44])",0
2026-09-24T04:25:44+00:00,9ff764412bb9b2fe84f2af6e39c2588033037add,True,,,,lenet5,fc1,,model,7.77,,44,40,50,804553208027,363847,1000004,0,,804553208027,0,0,1,"default_rng([20260924, 0, 3, 44])",0
2026-09-24T04:25:44+00:00,9ff764412bb9b2fe84f2af6e39c2588033037add,True,,,,lenet5,fc1,,model,7.77,,44,48,58,205965621254893,363847,1000004,0,,205965621254893,0,0,1,"default_rng([20260924, 0, 3, 44])",0
2026-09-24T04:25:44+00:00,9ff764412bb9b2fe84f2af6e39c2588033037add,True,,,,lenet5,fc1,,model,7.77,,45,32,41,2152867775,265575,1000004,0,,2152867775,0,0,1,"default_rng([20260924, 0, 3, 45])",0
2026-09-24T04:25:44+00:00,9ff764412bb9b2fe84f2af6e39c2588033037add,True,,,,lenet5,fc1,,model,7.77,,45,40,49,551134150362,265575,1000004,0,,551134150362,0,0,1,"default_rng([20260924, 0, 3, 45])",0
2026-09-24T04:25:44+00:00,9ff764412bb9b2fe84f2af6e39c2588033037add,True,,,,lenet5,fc1,,model,7.77,,45,48,57,141090342492618,265575,1000004,0,,141090342492618,0,0,1,"default_rng([20260924, 0, 3, 45])",0
2026-09-24T04:25:44+00:00,9ff764412bb9b2fe84f2af6e39c2588033037add,True,,,,lenet5,fc1,,model,7.77,,46,32,41,4137664879,138181,1000004,0,,4137664879,0,0,1,"default_rng([20260924, 0, 3, 46])",0
2026-09-24T04:25:44+00:00,9ff764412bb9b2fe84f2af6e39c2588033037add,True,,,,lenet5,fc1,,model,7.77,,46,40,49,1059242209139,138181,1000004,0,,1059242209139,0,0,1,"default_rng([20260924, 0, 3, 46])",0
2026-09-24T04:25:44+00:00,9ff764412bb9b2fe84f2af6e39c2588033037add,True,,,,lenet5,fc1,,model,7.77,,46,48,57,271166005539684,138181,1000004,0,,271166005539684,0,0,1,"default_rng([20260924, 0, 3, 46])",0
2026-09-24T04:25:44+00:00,9ff764412bb9b2fe84f2af6e39c2588033037add,True,,,,lenet5,fc1,,model,7.77,,47,32,41,3598158454,158899,1000004,0,,3598158454,0,0,1,"default_rng([20260924, 0, 3, 47])",0
2026-09-24T04:25:44+00:00,9ff764412bb9b2fe84f2af6e39c2588033037add,True,,,,lenet5,fc1,,model,7.77,,47,40,49,921128564330,158899,1000004,0,,921128564330,0,0,1,"default_rng([20260924, 0, 3, 47])",0
2026-09-24T04:25:44+00:00,9ff764412bb9b2fe84f2af6e39c2588033037add,True,,,,lenet5,fc1,,model,7.77,,47,48,57,235808912468406,158899,1000004,0,,235808912468406,0,0,1,"default_rng([20260924, 0, 3, 47])",0
2026-09-24T04:25:44+00:00,9ff764412bb9b2fe84f2af6e39c2588033037add,True,,,,lenet5,fc1,,model,7.77,,48,32,42,3611340939,316639,1000004,0,,3611340939,0,0,1,"default_rng([20260924, 0, 3, 48])",0
2026-09-24T04:25:44+00:00,9ff764412bb9b2fe84f2af6e39c2588033037add,True,,,,lenet5,fc1,,model,7.77,,48,40,50,924503280406,316639,1000004,0,,924503280406,0,0,1,"default_rng([20260924, 0, 3, 48])",0
2026-09-24T04:25:44+00:00,9ff764412bb9b2fe84f2af6e39c2588033037add,True,,,,lenet5,fc1,,model,7.77,,48,48,58,236672839783826,316639,1000004,0,,236672839783826,0,0,1,"default_rng([20260924, 0, 3, 48])",0
2026-09-24T04:25:44+00:00,9ff764412bb9b2fe84f2af6e39c2588033037add,True,,,,lenet5,fc1,,model,7.77,,49,32,42,3886901470,294191,1000004,0,,3886901470,0,0,1,"default_rng([20260924, 0, 3, 49])",0
2026-09-24T04:25:44+00:00,9ff764412bb9b2fe84f2af6e39c2588033037add,True,,,,lenet5,fc1,,model,7.77,,49,40,50,995046776303,294191,1000004,0,,995046776303,0,0,1,"default_rng([20260924, 0, 3, 49])",0
2026-09-24T04:25:44+00:00,9ff764412bb9b2fe84f2af6e39c2588033037add,True,,,,lenet5,fc1,,model,7.77,,49,48,58,254731974733608,294191,1000004,0,,254731974733608,0,0,1,"default_rng([20260924, 0, 3, 49])",0
2026-09-24T04:25:44+00:00,9ff764412bb9b2fe84f2af6e39c2588033037add,True,,,,lenet5,fc1,,model,7.77,,50,32,42,3986296210,286855,1000004,0,,3986296210,0,0,1,"default_rng([20260924, 0, 3, 50])",0
2026-09-24T04:25:44+00:00,9ff764412bb9b2fe84f2af6e39c2588033037add,True,,,,lenet5,fc1,,model,7.77,,50,40,50,1020491829824,286855,1000004,0,,1020491829824,0,0,1,"default_rng([20260924, 0, 3, 50])",0
2026-09-24T04:25:44+00:00,9ff764412bb9b2fe84f2af6e39c2588033037add,True,,,,lenet5,fc1,,model,7.77,,50,48,58,261245908434826,286855,1000004,0,,261245908434826,0,0,1,"default_rng([20260924, 0, 3, 50])",0
2026-09-24T04:25:44+00:00,9ff764412bb9b2fe84f2af6e39c2588033037add,True,,,,lenet5,fc1,,model,7.77,,51,32,41,2295997617,249019,1000004,0,,2295997617,0,0,1,"default_rng([20260924, 0, 3, 51])",0
2026-09-24T04:25:44+00:00,9ff764412bb9b2fe84f2af6e39c2588033037add,True,,,,lenet5,fc1,,model,7.77,,51,40,49,587775390026,249019,1000004,0,,587775390026,0,0,1,"default_rng([20260924, 0, 3, 51])",0
2026-09-24T04:25:44+00:00,9ff764412bb9b2fe84f2af6e39c2588033037add,True,,,,lenet5,fc1,,model,7.77,,51,48,57,150470499846749,249019,1000004,0,,150470499846749,0,0,1,"default_rng([20260924, 0, 3, 51])",0
2026-09-24T04:25:44+00:00,9ff764412bb9b2fe84f2af6e39c2588033037add,True,,,,lenet5,fc1,,model,7.77,,52,32,42,4030341987,283721,1000004,0,,4030341987,0,0,1,"default_rng([20260924, 0, 3, 52])",0
2026-09-24T04:25:44+00:00,9ff764412bb9b2fe84f2af6e39c2588033037add,True,,,,lenet5,fc1,,model,7.77,,52,40,50,1031767548715,283721,1000004,0,,1031767548715,0,0,1,"default_rng([20260924, 0, 3, 52])",0
2026-09-24T04:25:44+00:00,9ff764412bb9b2fe84f2af6e39c2588033037add,True,,,,lenet5,fc1,,model,7.77,,52,48,58,264132492471111,283721,1000004,0,,264132492471111,0,0,1,"default_rng([20260924, 0, 3, 52])",0
2026-09-24T04:25:44+00:00,9ff764412bb9b2fe84f2af6e39c2588033037add,True,,,,lenet5,fc1,,model,7.77,,53,32,42,3488863217,327755,1000004,0,,3488863217,0,0,1,"default_rng([20260924, 0, 3, 53])",0
2026-09-24T04:25:44+00:00,9ff764412bb9b2fe84f2af6e39c2588033037add,True,,,,lenet5,fc1,,model,7.77,,53,40,50,893148983443,327755,1000004,0,,893148983443,0,0,1,"default_rng([20260924, 0, 3, 53])",0
2026-09-24T04:25:44+00:00,9ff764412bb9b2fe84f2af6e39c2588033037add,True,,,,lenet5,fc1,,model,7.77,,53,48,58,228646139761303,327755,1000004,0,,228646139761303,0,0,1,"default_rng([20260924, 0, 3, 53])",0
2026-09-24T04:25:44+00:00,9ff764412bb9b2fe84f2af6e39c2588033037add,True,,,,lenet5,fc1,,model,7.77,,54,32,40,2249033255,127109,1000004,0,,2249033255,0,0,1,"default_rng([20260924, 0, 3, 54])",2
2026-09-24T04:25:44+00:00,9ff764412bb9b2fe84f2af6e39c2588033037add,True,,,,lenet5,fc1,,model,7.77,,54,40,48,575752513244,127109,1000004,0,,575752513243,1,2,2,"default_rng([20260924, 0, 3, 54])",2
2026-09-24T04:25:44+00:00,9ff764412bb9b2fe84f2af6e39c2588033037add,True,,,,lenet5,fc1,,model,7.77,,54,48,56,147392643390299,127109,1000004,0,,147392643390298,1,2,2,"default_rng([20260924, 0, 3, 54])",2
2026-09-24T04:25:44+00:00,9ff764412bb9b2fe84f2af6e39c2588033037add,True,,,,lenet5,fc1,,model,7.77,,55,32,41,3739623008,152889,1000004,0,,3739623008,0,0,1,"default_rng([20260924, 0, 3, 55])",0
2026-09-24T04:25:44+00:00,9ff764412bb9b2fe84f2af6e39c2588033037add,True,,,,lenet5,fc1,,model,7.77,,55,40,49,957343489941,152889,1000004,0,,957343489941,0,0,1,"default_rng([20260924, 0, 3, 55])",0
2026-09-24T04:25:44+00:00,9ff764412bb9b2fe84f2af6e39c2588033037add,True,,,,lenet5,fc1,,model,7.77,,55,48,57,245079933424811,152889,1000004,0,,245079933424811,0,0,1,"default_rng([20260924, 0, 3, 55])",0
2026-09-24T04:25:44+00:00,9ff764412bb9b2fe84f2af6e39c2588033037add,True,,,,lenet5,fc1,,model,7.77,,56,32,41,3207205499,178269,1000004,0,,3207205499,0,0,1,"default_rng([20260924, 0, 3, 56])",0
2026-09-24T04:25:44+00:00,9ff764412bb9b2fe84f2af6e39c2588033037add,True,,,,lenet5,fc1,,model,7.77,,56,40,49,821044607749,178269,1000004,0,,821044607749,0,0,1,"default_rng([20260924, 0, 3, 56])",0
2026-09-24T04:25:44+00:00,9ff764412bb9b2fe84f2af6e39c2588033037add,True,,,,lenet5,fc1,,model,7.77,,56,48,57,210187419583775,178269,1000004,0,,210187419583775,0,0,1,"default_rng([20260924, 0, 3, 56])",0
2026-09-24T04:25:44+00:00,9ff764412bb9b2fe84f2af6e39c2588033037add,True,,,,lenet5,fc1,,model,7.77,,57,32,41,2393798922,238845,1000004,0,,2393798922,0,0,1,"default_rng([20260924, 0, 3, 57])",0
2026-09-24T04:25:44+00:00,9ff764412bb9b2fe84f2af6e39c2588033037add,True,,,,lenet5,fc1,,model,7.77,,57,40,49,612812523922,238845,1000004,0,,612812523922,0,0,1,"default_rng([20260924, 0, 3, 57])",0
2026-09-24T04:25:44+00:00,9ff764412bb9b2fe84f2af6e39c2588033037add,True,,,,lenet5,fc1,,model,7.77,,57,48,57,156880006124099,238845,1000004,0,,156880006124099,0,0,1,"default_rng([20260924, 0, 3, 57])",0
2026-09-24T04:25:44+00:00,9ff764412bb9b2fe84f2af6e39c2588033037add,True,,,,lenet5,fc1,,model,7.77,,58,32,41,2503347972,228393,1000004,0,,2503347972,0,0,1,"default_rng([20260924, 0, 3, 58])",0
2026-09-24T04:25:44+00:00,9ff764412bb9b2fe84f2af6e39c2588033037add,True,,,,lenet5,fc1,,model,7.77,,58,40,49,640857080814,228393,1000004,0,,640857080814,0,0,1,"default_rng([20260924, 0, 3, 58])",0
2026-09-24T04:25:44+00:00,9ff764412bb9b2fe84f2af6e39c2588033037add,True,,,,lenet5,fc1,,model,7.77,,58,48,57,164059412688500,228393,1000004,0,,164059412688500,0,0,1,"default_rng([20260924, 0, 3, 58])",0
2026-09-24T04:25:44+00:00,9ff764412bb9b2fe84f2af6e39c2588033037add,True,,,,lenet5,fc1,,model,7.77,,59,32,41,3086979523,185213,1000004,0,,3086979523,0,0,1,"default_rng([20260924, 0, 3, 59])",0
2026-09-24T04:25:44+00:00,9ff764412bb9b2fe84f2af6e39c2588033037add,True,,,,lenet5,fc1,,model,7.77,,59,40,49,790266757788,185213,1000004,0,,790266757788,0,0,1,"default_rng([20260924, 0, 3, 59])",0
2026-09-24T04:25:44+00:00,9ff764412bb9b2fe84f2af6e39c2588033037add,True,,,,lenet5,fc1,,model,7.77,,59,48,57,202308289993813,185213,1000004,0,,202308289993813,0,0,1,"default_rng([20260924, 0, 3, 59])",0
2026-09-24T04:25:44+00:00,9ff764412bb9b2fe84f2af6e39c2588033037add,True,,,,lenet5,fc1,,model,7.77,,60,32,40,2148290749,133069,1000004,0,,2148290749,0,0,1,"default_rng([20260924, 0, 3, 60])",0
2026-09-24T04:25:44+00:00,9ff764412bb9b2fe84f2af6e39c2588033037add,True,,,,lenet5,fc1,,model,7.77,,60,40,48,549962431843,133069,1000004,0,,549962431843,0,0,1,"default_rng([20260924, 0, 3, 60])",0
2026-09-24T04:25:44+00:00,9ff764412bb9b2fe84f2af6e39c2588033037add,True,,,,lenet5,fc1,,model,7.77,,60,48,56,140790382551730,133069,1000004,0,,140790382551730,0,0,1,"default_rng([20260924, 0, 3, 60])",0
2026-09-24T04:25:44+00:00,9ff764412bb9b2fe84f2af6e39c2588033037add,True,,,,lenet5,fc1,,model,7.77,,61,32,41,3925295912,145657,1000004,0,,3925295912,0,0,1,"default_rng([20260924, 0, 3, 61])",0
2026-09-24T04:25:44+00:00,9ff764412bb9b2fe84f2af6e39c2588033037add,True,,,,lenet5,fc1,,model,7.77,,61,40,49,1004875753493,145657,1000004,0,,1004875753493,0,0,1,"default_rng([20260924, 0, 3, 61])",0
2026-09-24T04:25:44+00:00,9ff764412bb9b2fe84f2af6e39c2588033037add,True,,,,lenet5,fc1,,model,7.77,,61,48,57,257248192894323,145657,1000004,0,,257248192894323,0,0,1,"default_rng([20260924, 0, 3, 61])",0
2026-09-24T04:25:44+00:00,9ff764412bb9b2fe84f2af6e39c2588033037add,True,,,,lenet5,fc1,,model,7.77,,62,32,42,4037430128,283223,1000004,0,,4037430128,0,0,1,"default_rng([20260924, 0, 3, 62])",0
2026-09-24T04:25:44+00:00,9ff764412bb9b2fe84f2af6e39c2588033037add,True,,,,lenet5,fc1,,model,7.77,,62,40,50,1033582112832,283223,1000004,0,,1033582112832,0,0,1,"default_rng([20260924, 0, 3, 62])",0
2026-09-24T04:25:44+00:00,9ff764412bb9b2fe84f2af6e39c2588033037add,True,,,,lenet5,fc1,,model,7.77,,62,48,58,264597020885088,283223,1000004,0,,264597020885088,0,0,1,"default_rng([20260924, 0, 3, 62])",0
2026-09-24T04:25:44+00:00,9ff764412bb9b2fe84f2af6e39c2588033037add,True,,,,lenet5,fc1,,model,7.77,,63,32,41,3562207798,160503,1000004,0,,3562207798,0,0,1,"default_rng([20260924, 0, 3, 63])",0
2026-09-24T04:25:44+00:00,9ff764412bb9b2fe84f2af6e39c2588033037add,True,,,,lenet5,fc1,,model,7.77,,63,40,49,911925196231,160503,1000004,0,,911925196231,0,0,1,"default_rng([20260924, 0, 3, 63])",0
2026-09-24T04:25:44+00:00,9ff764412bb9b2fe84f2af6e39c2588033037add,True,,,,lenet5,fc1,,model,7.77,,63,48,57,233452850235132,160503,1000004,0,,233452850235132,0,0,1,"default_rng([20260924, 0, 3, 63])",0
2026-09-24T04:25:44+00:00,9ff764412bb9b2fe84f2af6e39c2588033037add,True,,,,lenet5,fc1,,model,7.77,,64,32,41,3309306108,172769,1000004,0,,3309306108,0,0,1,"default_rng([20260924, 0, 3, 64])",0
2026-09-24T04:25:44+00:00,9ff764412bb9b2fe84f2af6e39c2588033037add,True,,,,lenet5,fc1,,model,7.77,,64,40,49,847182363711,172769,1000004,0,,847182363711,0,0,1,"default_rng([20260924, 0, 3, 64])",0
2026-09-24T04:25:44+00:00,9ff764412bb9b2fe84f2af6e39c2588033037add,True,,,,lenet5,fc1,,model,7.77,,64,48,57,216878685109888,172769,1000004,0,,216878685109888,0,0,1,"default_rng([20260924, 0, 3, 64])",0
2026-09-24T04:25:44+00:00,9ff764412bb9b2fe84f2af6e39c2588033037add,True,,,,lenet5,fc1,,model,7.77,,65,32,41,3976633242,143777,1000004,0,,3976633242,0,0,1,"default_rng([20260924, 0, 3, 65])",0
2026-09-24T04:25:44+00:00,9ff764412bb9b2fe84f2af6e39c2588033037add,True,,,,lenet5,fc1,,model,7.77,,65,40,49,1018018109940,143777,1000004,0,,1018018109940,0,0,1,"default_rng([20260924, 0, 3, 65])",0
2026-09-24T04:25:44+00:00,9ff764412bb9b2fe84f2af6e39c2588033037add,True,,,,lenet5,fc1,,model,7.77,,65,48,57,260612636144680,143777,1000004,0,,260612636144680,0,0,1,"default_rng([20260924, 0, 3, 65])",0
2026-09-24T04:25:44+00:00,9ff764412bb9b2fe84f2af6e39c2588033037add,True,,,,lenet5,fc1,,model,7.77,,66,32,41,2410044991,237235,1000004,0,,2410044991,0,0,1,"default_rng([20260924, 0, 3, 66])",0
2026-09-24T04:25:44+00:00,9ff764412bb9b2fe84f2af6e39c2588033037add,True,,,,lenet5,fc1,,model,7.77,,66,40,49,616971517583,237235,1000004,0,,616971517583,0,0,1,"default_rng([20260924, 0, 3, 66])",0
2026-09-24T04:25:44+00:00,9ff764412bb9b2fe84f2af6e39c2588033037add,True,,,,lenet5,fc1,,model,7.77,,66,48,57,157944708501176,237235,1000004,0,,157944708501176,0,0,1,"default_rng([20260924, 0, 3, 66])",0
2026-09-24T04:25:44+00:00,9ff764412bb9b2fe84f2af6e39c2588033037add,True,,,,lenet5,fc1,,model,7.77,,67,32,42,3864801947,295873,1000004,0,,3864801947,0,0,1,"default_rng([20260924, 0, 3, 67])",0
2026-09-24T04:25:44+00:00,9ff764412bb9b2fe84f2af6e39c2588033037add,True,,,,lenet5,fc1,,model,7.77,,67,40,50,989389298338,295873,1000004,0,,989389298338,0,0,1,"default_rng([20260924, 0, 3, 67])",0
2026-09-24T04:25:44+00:00,9ff764412bb9b2fe84f2af6e39c2588033037add,True,,,,lenet5,fc1,,model,7.77,,67,48,58,253283660374641,295873,1000004,0,,253283660374641,0,0,1,"default_rng([20260924, 0, 3, 67])",0
2026-09-24T04:25:44+00:00,9ff764412bb9b2fe84f2af6e39c2588033037add,True,,,,lenet5,fc1,,model,7.77,,68,32,42,4262250900,268283,1000004,0,,4262250900,0,0,1,"default_rng([20260924, 0, 3, 68])",0
2026-09-24T04:25:44+00:00,9ff764412bb9b2fe84f2af6e39c2588033037add,True,,,,lenet5,fc1,,model,7.77,,68,40,50,1091136230413,268283,1000004,0,,1091136230413,0,0,1,"default_rng([20260924, 0, 3, 68])",0
2026-09-24T04:25:44+00:00,9ff764412bb9b2fe84f2af6e39c2588033037add,True,,,,lenet5,fc1,,model,7.77,,68,48,58,279330874985808,268283,1000004,0,,279330874985808,0,0,1,"default_rng([20260924, 0, 3, 68])",0
2026-09-24T04:25:44+00:00,9ff764412bb9b2fe84f2af6e39c2588033037add,True,,,,lenet5,fc1,,model,7.77,,69,32,41,3460908688,165201,1000004,0,,3460908688,0,0,1,"default_rng([20260924, 0, 3, 69])",0
2026-09-24T04:25:44+00:00,9ff764412bb9b2fe84f2af6e39c2588033037add,True,,,,lenet5,fc1,,model,7.77,,69,40,49,885992624172,165201,1000004,0,,885992624172,0,0,1,"default_rng([20260924, 0, 3, 69])",0
2026-09-24T04:25:44+00:00,9ff764412bb9b2fe84f2af6e39c2588033037add,True,,,,lenet5,fc1,,model,7.77,,69,48,57,226814111787918,165201,1000004,0,,226814111787918,0,0,1,"default_rng([20260924, 0, 3, 69])",0
2026-09-24T04:25:44+00:00,9ff764412bb9b2fe84f2af6e39c2588033037add,True,,,,lenet5,fc1,,model,7.77,,70,32,41,4077552150,140217,1000004,0,,4077552150,0,0,1,"default_rng([20260924, 0, 3, 70])",0
2026-09-24T04:25:44+00:00,9ff764412bb9b2fe84f2af6e39c2588033037add,True,,,,lenet5,fc1,,model,7.77,,70,40,49,1043853350326,140217,1000004,0,,1043853350326,0,0,1,"default_rng([20260924, 0, 3, 70])",0
2026-09-24T04:25:44+00:00,9ff764412bb9b2fe84f2af6e39c2588033037add,True,,,,lenet5,fc1,,model,7.77,,70,48,57,267226457683458,140217,1000004,0,,267226457683458,0,0,1,"default_rng([20260924, 0, 3, 70])",0
2026-09-24T04:25:44+00:00,9ff764412bb9b2fe84f2af6e39c2588033037add,True,,,,lenet5,fc1,,model,7.77,,71,32,41,2833920945,201751,1000004,0,,2833920945,0,0,1,"default_rng([20260924, 0, 3, 71])",0
2026-09-24T04:25:44+00:00,9ff764412bb9b2fe84f2af6e39c2588033037add,True,,,,lenet5,fc1,,model,7.77,,71,40,49,725483761892,201751,1000004,0,,725483761892,0,0,1,"default_rng([20260924, 0, 3, 71])",0
2026-09-24T04:25:44+00:00,9ff764412bb9b2fe84f2af6e39c2588033037add,True,,,,lenet5,fc1,,model,7.77,,71,48,57,185723843044354,201751,1000004,0,,185723843044354,0,0,1,"default_rng([20260924, 0, 3, 71])",0
2026-09-24T04:25:44+00:00,9ff764412bb9b2fe84f2af6e39c2588033037add,True,,,,lenet5,fc1,,model,7.77,,72,32,41,4210222694,135799,1000004,0,,4210222694,0,0,1,"default_rng([20260924, 0, 3, 72])",0
2026-09-24T04:25:44+00:00,9ff764412bb9b2fe84f2af6e39c2588033037add,True,,,,lenet5,fc1,,model,7.77,,72,40,49,1077817009545,135799,1000004,0,,1077817009545,0,0,1,"default_rng([20260924, 0, 3, 72])",0
2026-09-24T04:25:44+00:00,9ff764412bb9b2fe84f2af6e39c2588033037add,True,,,,lenet5,fc1,,model,7.77,,72,48,57,275921154443642,135799,1000004,0,,275921154443642,0,0,1,"default_rng([20260924, 0, 3, 72])",0
2026-09-24T04:25:44+00:00,9ff764412bb9b2fe84f2af6e39c2588033037add,True,,,,lenet5,fc1,,model,7.77,,73,32,41,3076889570,185819,1000004,0,,3076889570,0,0,1,"default_rng([20260924, 0, 3, 73])",0
2026-09-24T04:25:44+00:00,9ff764412bb9b2fe84f2af6e39c2588033037add,True,,,,lenet5,fc1,,model,7.77,,73,40,49,787683730002,185819,1000004,0,,787683730002,0,0,1,"default_rng([20260924, 0, 3, 73])",0
2026-09-24T04:25:44+00:00,9ff764412bb9b2fe84f2af6e39c2588033037add,True,,,,lenet5,fc1,,model,7.77,,73,48,57,201647034880597,185819,1000004,0,,201647034880597,0,0,1,"default_rng([20260924, 0, 3, 73])",0
2026-09-24T04:25:44+00:00,9ff764412bb9b2fe84f2af6e39c2588033037add,True,,,,lenet5,fc1,,model,7.77,,74,32,41,3375430731,169385,1000004,0,,3375430731,0,0,1,"default_rng([20260924, 0, 3, 74])",0
2026-09-24T04:25:44+00:00,9ff764412bb9b2fe84f2af6e39c2588033037add,True,,,,lenet5,fc1,,model,7.77,,74,40,49,864110267206,169385,1000004,0,,864110267206,0,0,1,"default_rng([20260924, 0, 3, 74])",0
2026-09-24T04:25:44+00:00,9ff764412bb9b2fe84f2af6e39c2588033037add,True,,,,lenet5,fc1,,model,7.77,,74,48,57,221212228404749,169385,1000004,0,,221212228404749,0,0,1,"default_rng([20260924, 0, 3, 74])",0
2026-09-24T04:25:44+00:00,9ff764412bb9b2fe84f2af6e39c2588033037add,True,,,,lenet5,fc1,,model,7.77,,75,32,41,4105981220,139247,1000004,0,,4105981220,0,0,1,"default_rng([20260924, 0, 3, 75])",0
2026-09-24T04:25:44+00:00,9ff764412bb9b2fe84f2af6e39c2588033037add,True,,,,lenet5,fc1,,model,7.77,,75,40,49,1051131192230,139247,1000004,0,,1051131192230,0,0,1,"default_rng([20260924, 0, 3, 75])",0
2026-09-24T04:25:44+00:00,9ff764412bb9b2fe84f2af6e39c2588033037add,True,,,,lenet5,fc1,,model,7.77,,75,48,57,269089585210813,139247,1000004,0,,269089585210813,0,0,1,"default_rng([20260924, 0, 3, 75])",0
2026-09-24T04:25:44+00:00,9ff764412bb9b2fe84f2af6e39c2588033037add,True,,,,lenet5,fc1,,model,7.77,,76,32,42,3224325955,354645,1000004,0,,3224325955,0,0,1,"default_rng([20260924, 0, 3, 76])",0
2026-09-24T04:25:44+00:00,9ff764412bb9b2fe84f2af6e39c2588033037add,True,,,,lenet5,fc1,,model,7.77,,76,40,50,825427444409,354645,1000004,0,,825427444409,0,0,1,"default_rng([20260924, 0, 3, 76])",0
2026-09-24T04:25:44+00:00,9ff764412bb9b2fe84f2af6e39c2588033037add,True,,,,lenet5,fc1,,model,7.77,,76,48,58,211309425768629,354645,1000004,0,,211309425768629,0,0,1,"default_rng([20260924, 0, 3, 76])",0
2026-09-24T04:25:44+00:00,9ff764412bb9b2fe84f2af6e39c2588033037add,True,,,,lenet5,fc1,,model,7.77,,77,32,41,2300281673,248555,1000004,0,,2300281673,0,0,1,"default_rng([20260924, 0, 3, 77])",0
2026-09-24T04:25:44+00:00,9ff764412bb9b2fe84f2af6e39c2588033037add,True,,,,lenet5,fc1,,model,7.77,,77,40,49,588872108238,248555,1000004,0,,588872108238,0,0,1,"default_rng([20260924, 0, 3, 77])",0
2026-09-24T04:25:44+00:00,9ff764412bb9b2fe84f2af6e39c2588033037add,True,,,,lenet5,fc1,,model,7.77,,77,48,57,150751259708975,248555,1000004,0,,150751259708975,0,0,1,"default_rng([20260924, 0, 3, 77])",0
2026-09-24T04:25:44+00:00,9ff764412bb9b2fe84f2af6e39c2588033037add,True,,,,lenet5,fc1,,model,7.77,,78,32,41,3156843616,181113,1000004,0,,3156843616,0,0,1,"default_rng([20260924, 0, 3, 78])",0
2026-09-24T04:25:44+00:00,9ff764412bb9b2fe84f2af6e39c2588033037add,True,,,,lenet5,fc1,,model,7.77,,78,40,49,808151965603,181113,1000004,0,,808151965603,0,0,1,"default_rng([20260924, 0, 3, 78])",0
2026-09-24T04:25:44+00:00,9ff764412bb9b2fe84f2af6e39c2588033037add,True,,,,lenet5,fc1,,model,7.77,,78,48,57,206886903194355,181113,1000004,0,,206886903194355,0,0,1,"default_rng([20260924, 0, 3, 78])",0
2026-09-24T04:25:44+00:00,9ff764412bb9b2fe84f2af6e39c2588033037add,True,,,,lenet5,fc1,,model,7.77,,79,32,42,3631331647,314897,1000004,0,,3631331647,0,0,1,"default_rng([20260924, 0, 3, 79])",0
2026-09-24T04:25:44+00:00,9ff764412bb9b2fe84f2af6e39c2588033037add,True,,,,lenet5,fc1,,model,7.77,,79,40,50,929620901725,314897,1000004,0,,929620901725,0,0,1,"default_rng([20260924, 0, 3, 79])",0
2026-09-24T04:25:44+00:00,9ff764412bb9b2fe84f2af6e39c2588033037add,True,,,,lenet5,fc1,,model,7.77,,79,48,58,237982950841682,314897,1000004,0,,237982950841682,0,0,1,"default_rng([20260924, 0, 3, 79])",0
2026-09-24T04:25:44+00:00,9ff764412bb9b2fe84f2af6e39c2588033037add,True,,,,lenet5,fc1,,model,7.77,,80,32,40,2232081835,128075,1000004,0,,2232081835,0,0,1,"default_rng([20260924, 0, 3, 80])",0
2026-09-24T04:25:44+00:00,9ff764412bb9b2fe84f2af6e39c2588033037add,True,,,,lenet5,fc1,,model,7.77,,80,40,48,571412949809,128075,1000004,0,,571412949809,0,0,1,"default_rng([20260924, 0, 3, 80])",0
2026-09-24T04:25:44+00:00,9ff764412bb9b2fe84f2af6e39c2588033037add,True,,,,lenet5,fc1,,model,7.77,,80,48,56,146281715151140,128075,1000004,0,,146281715151140,0,0,1,"default_rng([20260924, 0, 3, 80])",0
2026-09-24T04:25:44+00:00,9ff764412bb9b2fe84f2af6e39c2588033037add,True,,,,lenet5,fc1,,model,7.77,,81,32,41,3305927714,172945,1000004,0,,3305927714,0,0,1,"default_rng([20260924, 0, 3, 81])",0
2026-09-24T04:25:44+00:00,9ff764412bb9b2fe84f2af6e39c2588033037add,True,,,,lenet5,fc1,,model,7.77,,81,40,49,846317494706,172945,1000004,0,,846317494706,0,0,1,"default_rng([20260924, 0, 3, 81])",0
2026-09-24T04:25:44+00:00,9ff764412bb9b2fe84f2af6e39c2588033037add,True,,,,lenet5,fc1,,model,7.77,,81,48,57,216657278644781,172945,1000004,0,,216657278644781,0,0,1,"default_rng([20260924, 0, 3, 81])",0
2026-09-24T04:25:44+00:00,9ff764412bb9b2fe84f2af6e39c2588033037add,True,,,,lenet5,fc1,,model,7.77,,82,32,41,3771145127,151611,1000004,0,,3771145127,0,0,1,"default_rng([20260924, 0, 3, 82])",0
2026-09-24T04:25:44+00:00,9ff764412bb9b2fe84f2af6e39c2588033037add,True,,,,lenet5,fc1,,model,7.77,,82,40,49,965413152468,151611,1000004,0,,965413152468,0,0,1,"default_rng([20260924, 0, 3, 82])",0
2026-09-24T04:25:44+00:00,9ff764412bb9b2fe84f2af6e39c2588033037add,True,,,,lenet5,fc1,,model,7.77,,82,48,57,247145767031879,151611,1000004,0,,247145767031879,0,0,1,"default_rng([20260924, 0, 3, 82])",0
2026-09-24T04:25:44+00:00,9ff764412bb9b2fe84f2af6e39c2588033037add,True,,,,lenet5,fc1,,model,7.77,,83,32,41,3166909789,180537,1000004,0,,3166909789,0,0,1,"default_rng([20260924, 0, 3, 83])",0
2026-09-24T04:25:44+00:00,9ff764412bb9b2fe84f2af6e39c2588033037add,True,,,,lenet5,fc1,,model,7.77,,83,40,49,810728906024,180537,1000004,0,,810728906024,0,0,1,"default_rng([20260924, 0, 3, 83])",0
2026-09-24T04:25:44+00:00,9ff764412bb9b2fe84f2af6e39c2588033037add,True,,,,lenet5,fc1,,model,7.77,,83,48,57,207546599942122,180537,1000004,0,,207546599942122,0,0,1,"default_rng([20260924, 0, 3, 83])",0
2026-09-24T04:25:52+00:00,9ff764412bb9b2fe84f2af6e39c2588033037add,True,,,,cifar10,conv1,,model,4.066,,0,32,42,2250817299,508035,1000004,0,,2250817299,0,0,1,"default_rng([20260924, 1, 0, 0])",0
2026-09-24T04:25:52+00:00,9ff764412bb9b2fe84f2af6e39c2588033037add,True,,,,cifar10,conv1,,model,4.066,,0,40,50,576209228494,508035,1000004,0,,576209228494,0,0,1,"default_rng([20260924, 1, 0, 0])",0
2026-09-24T04:25:52+00:00,9ff764412bb9b2fe84f2af6e39c2588033037add,True,,,,cifar10,conv1,,model,4.066,,0,48,58,147509562494476,508035,1000004,0,,147509562494476,0,0,1,"default_rng([20260924, 1, 0, 0])",0
2026-09-24T04:25:52+00:00,9ff764412bb9b2fe84f2af6e39c2588033037add,True,,,,cifar10,conv1,,model,4.066,,1,32,44,2722020116,1680359,1000004,0,,2722020116,0,0,1,"default_rng([20260924, 1, 0, 1])",0
2026-09-24T04:25:52+00:00,9ff764412bb9b2fe84f2af6e39c2588033037add,True,,,,cifar10,conv1,,model,4.066,,1,40,52,696837149749,1680359,1000004,0,,696837149749,0,0,1,"default_rng([20260924, 1, 0, 1])",0
2026-09-24T04:25:52+00:00,9ff764412bb9b2fe84f2af6e39c2588033037add,True,,,,cifar10,conv1,,model,4.066,,1,48,60,178390310335625,1680359,1000004,0,,178390310335625,0,0,1,"default_rng([20260924, 1, 0, 1])",0
2026-09-24T04:25:52+00:00,9ff764412bb9b2fe84f2af6e39c2588033037add,True,,,,cifar10,conv1,,model,4.066,,2,32,42,2164534660,528285,1000004,0,,2164534660,0,0,1,"default_rng([20260924, 1, 0, 2])",0
2026-09-24T04:25:52+00:00,9ff764412bb9b2fe84f2af6e39c2588033037add,True,,,,cifar10,conv1,,model,4.066,,2,40,50,554120872912,528285,1000004,0,,554120872912,0,0,1,"default_rng([20260924, 1, 0, 2])",0
2026-09-24T04:25:52+00:00,9ff764412bb9b2fe84f2af6e39c2588033037add,True,,,,cifar10,conv1,,model,4.066,,2,48,58,141854943465408,528285,1000004,0,,141854943465408,0,0,1,"default_rng([20260924, 1, 0, 2])",0
2026-09-24T04:25:52+00:00,9ff764412bb9b2fe84f2af6e39c2588033037add,True,,,,cifar10,conv1,,model,4.066,,3,32,43,4252876025,537751,1000004,0,,4252876025,0,0,1,"default_rng([20260924, 1, 0, 3])",0
2026-09-24T04:25:52+00:00,9ff764412bb9b2fe84f2af6e39c2588033037add,True,,,,cifar10,conv1,,model,4.066,,3,40,51,1088736262484,537751,1000004,0,,1088736262484,0,0,1,"default_rng([20260924, 1, 0, 3])",0
2026-09-24T04:25:52+00:00,9ff764412bb9b2fe84f2af6e39c2588033037add,True,,,,cifar10,conv1,,model,4.066,,3,48,59,278716483195944,537751,1000004,0,,278716483195944,0,0,1,"default_rng([20260924, 1, 0, 3])",0
2026-09-24T04:25:52+00:00,9ff764412bb9b2fe84f2af6e39c2588033037add,True,,,,cifar10,conv1,,model,4.066,,4,32,43,2870132293,796821,1000004,0,,2870132293,0,0,1,"default_rng([20260924, 1, 0, 4])",0
2026-09-24T04:25:52+00:00,9ff764412bb9b2fe84f2af6e39c2588033037add,True,,,,cifar10,conv1,,model,4.066,,4,40,51,734753866936,796821,1000004,0,,734753866936,0,0,1,"default_rng([20260924, 1, 0, 4])",0
2026-09-24T04:25:52+00:00,9ff764412bb9b2fe84f2af6e39c2588033037add,True,,,,cifar10,conv1,,model,4.066,,4,48,59,188096989935519,796821,1000004,0,,188096989935519,0,0,1,"default_rng([20260924, 1, 0, 4])",0
2026-09-24T04:25:52+00:00,9ff764412bb9b2fe84f2af6e39c2588033037add,True,,,,cifar10,conv1,,model,4.066,,5,32,43,3117342713,733633,1000004,0,,3117342713,0,0,1,"default_rng([20260924, 1, 0, 5])",0
2026-09-24T04:25:52+00:00,9ff764412bb9b2fe84f2af6e39c2588033037add,True,,,,cifar10,conv1,,model,4.066,,5,40,51,798039734487,733633,1000004,0,,798039734487,0,0,1,"default_rng([20260924, 1, 0, 5])",0
2026-09-24T04:25:52+00:00,9ff764412bb9b2fe84f2af6e39c2588033037add,True,,,,cifar10,conv1,,model,4.066,,5,48,59,204298172028780,733633,1000004,0,,204298172028780,0,0,1,"default_rng([20260924, 1, 0, 5])",0
2026-09-24T04:25:52+00:00,9ff764412bb9b2fe84f2af6e39c2588033037add,True,,,,cifar10,conv1,,model,4.066,,6,32,44,2737055810,1671127,1000004,0,,2737055810,0,0,1,"default_rng([20260924, 1, 0, 6])",0
2026-09-24T04:25:52+00:00,9ff764412bb9b2fe84f2af6e39c2588033037add,True,,,,cifar10,conv1,,model,4.066,,6,40,52,700686287285,1671127,1000004,0,,700686287285,0,0,1,"default_rng([20260924, 1, 0, 6])",0
2026-09-24T04:25:52+00:00,9ff764412bb9b2fe84f2af6e39c2588033037add,True,,,,cifar10,conv1,,model,4.066,,6,48,60,179375689544983,1671127,1000004,0,,179375689544983,0,0,1,"default_rng([20260924, 1, 0, 6])",0
2026-09-24T04:25:52+00:00,9ff764412bb9b2fe84f2af6e39c2588033037add,True,,,,cifar10,conv1,,model,4.066,,7,32,42,2243044592,509795,1000004,0,,2243044592,0,0,1,"default_rng([20260924, 1, 0, 7])",0
2026-09-24T04:25:52+00:00,9ff764412bb9b2fe84f2af6e39c2588033037add,True,,,,cifar10,conv1,,model,4.066,,7,40,50,574219415486,509795,1000004,0,,574219415486,0,0,1,"default_rng([20260924, 1, 0, 7])",0
2026-09-24T04:25:52+00:00,9ff764412bb9b2fe84f2af6e39c2588033037add,True,,,,cifar10,conv1,,model,4.066,,7,48,58,147000170364423,509795,1000004,0,,147000170364423,0,0,1,"default_rng([20260924, 1, 0, 7])",0
2026-09-24T04:25:52+00:00,9ff764412bb9b2fe84f2af6e39c2588033037add,True,,,,cifar10,conv1,,model,4.066,,8,32,42,2617044112,436941,1000004,0,,2617044112,0,0,1,"default_rng([20260924, 1, 0, 8])",0
2026-09-24T04:25:52+00:00,9ff764412bb9b2fe84f2af6e39c2588033037add,True,,,,cifar10,conv1,,model,4.066,,8,40,50,669963292746,436941,1000004,0,,669963292746,0,0,1,"default_rng([20260924, 1, 0, 8])",0
2026-09-24T04:25:52+00:00,9ff764412bb9b2fe84f2af6e39c2588033037add,True,,,,cifar10,conv1,,model,4.066,,8,48,58,171510602942997,436941,1000004,0,,171510602942997,0,0,1,"default_rng([20260924, 1, 0, 8])",0
2026-09-24T04:25:52+00:00,9ff764412bb9b2fe84f2af6e39c2588033037add,True,,,,cifar10,conv1,,model,4.066,,9,32,43,3937318494,580849,1000004,0,,3937318494,0,0,1,"default_rng([20260924, 1, 0, 9])",0
2026-09-24T04:25:52+00:00,9ff764412bb9b2fe84f2af6e39c2588033037add,True,,,,cifar10,conv1,,model,4.066,,9,40,51,1007953534570,580849,1000004,0,,1007953534570,0,0,1,"default_rng([20260924, 1, 0, 9])",0
2026-09-24T04:25:52+00:00,9ff764412bb9b2fe84f2af6e39c2588033037add,True,,,,cifar10,conv1,,model,4.066,,9,48,59,258036104849885,580849,1000004,0,,258036104849885,0,0,1,"default_rng([20260924, 1, 0, 9])",0
2026-09-24T04:25:52+00:00,9ff764412bb9b2fe84f2af6e39c2588033037add,True,,,,cifar10,conv1,,model,4.066,,10,32,42,2278658481,501827,1000004,0,,2278658481,0,0,1,"default_rng([20260924, 1, 0, 10])",0
2026-09-24T04:25:52+00:00,9ff764412bb9b2fe84f2af6e39c2588033037add,True,,,,cifar10,conv1,,model,4.066,,10,40,50,583336571035,501827,1000004,0,,583336571035,0,0,1,"default_rng([20260924, 1, 0, 10])",0
2026-09-24T04:25:52+00:00,9ff764412bb9b2fe84f2af6e39c2588033037add,True,,,,cifar10,conv1,,model,4.066,,10,48,58,149334162184884,501827,1000004,0,,149334162184884,0,0,1,"default_rng([20260924, 1, 0, 10])",0
2026-09-24T04:25:52+00:00,9ff764412bb9b2fe84f2af6e39c2588033037add,True,,,,cifar10,conv1,,model,4.066,,11,32,44,2712613357,1686185,1000004,0,,2712613357,0,0,1,"default_rng([20260924, 1, 0, 11])",0
2026-09-24T04:25:52+00:00,9ff764412bb9b2fe84f2af6e39c2588033037add,True,,,,cifar10,conv1,,model,4.066,,11,40,52,694429019390,1686185,1000004,0,,694429019390,0,0,1,"default_rng([20260924, 1, 0, 11])",0
2026-09-24T04:25:52+00:00,9ff764412bb9b2fe84f2af6e39c2588033037add,True,,,,cifar10,conv1,,model,4.066,,11,48,60,177773828963846,1686185,1000004,0,,177773828963846,0,0,1,"default_rng([20260924, 1, 0, 11])",0
2026-09-24T04:25:52+00:00,9ff764412bb9b2fe84f2af6e39c2588033037add,True,,,,cifar10,conv1,,model,4.066,,12,32,44,2649348722,1726451,1000004,0,,2649348722,0,0,1,"default_rng([20260924, 1, 0, 12])",0
2026-09-24T04:25:52+00:00,9ff764412bb9b2fe84f2af6e39c2588033037add,True,,,,cifar10,conv1,,model,4.066,,12,40,52,678233272742,1726451,1000004,0,,678233272742,0,0,1,"default_rng([20260924, 1, 0, 12])",0
2026-09-24T04:25:52+00:00,9ff764412bb9b2fe84f2af6e39c2588033037add,True,,,,cifar10,conv1,,model,4.066,,12,48,60,173627717821867,1726451,1000004,0,,173627717821867,0,0,1,"default_rng([20260924, 1, 0, 12])",0
2026-09-24T04:25:52+00:00,9ff764412bb9b2fe84f2af6e39c2588033037add,True,,,,cifar10,conv1,,model,4.066,,13,32,42,2347760588,487057,1000004,0,,2347760588,0,0,1,"default_rng([20260924, 1, 0, 13])",0
2026-09-24T04:25:52+00:00,9ff764412bb9b2fe84f2af6e39c2588033037add,True,,,,cifar10,conv1,,model,4.066,,13,40,50,601026710642,487057,1000004,0,,601026710642,0,0,1,"default_rng([20260924, 1, 0, 13])",0
2026-09-24T04:25:52+00:00,9ff764412bb9b2fe84f2af6e39c2588033037add,True,,,,cifar10,conv1,,model,4.066,,13,48,58,153862837924409,487057,1000004,0,,153862837924409,0,0,1,"default_rng([20260924, 1, 0, 13])",0
2026-09-24T04:25:52+00:00,9ff764412bb9b2fe84f2af6e39c2588033037add,True,,,,cifar10,conv1,,model,4.066,,14,32,44,3875460205,1180239,1000004,0,,3875460205,0,0,1,"default_rng([20260924, 1, 0, 14])",0
2026-09-24T04:25:52+00:00,9ff764412bb9b2fe84f2af6e39c2588033037add,True,,,,cifar10,conv1,,model,4.066,,14,40,52,992117812542,1180239,1000004,0,,992117812542,0,0,1,"default_rng([20260924, 1, 0, 14])",0
2026-09-24T04:25:52+00:00,9ff764412bb9b2fe84f2af6e39c2588033037add,True,,,,cifar10,conv1,,model,4.066,,14,48,60,253982160010876,1180239,1000004,0,,253982160010876,0,0,1,"default_rng([20260924, 1, 0, 14])",0
2026-09-24T04:25:52+00:00,9ff764412bb9b2fe84f2af6e39c2588033037add,True,,,,cifar10,conv1,,model,4.066,,15,32,44,3204733178,1427255,1000004,0,,3204733178,0,0,1,"default_rng([20260924, 1, 0, 15])",0
2026-09-24T04:25:52+00:00,9ff764412bb9b2fe84f2af6e39c2588033037add,True,,,,cifar10,conv1,,model,4.066,,15,40,52,820411693513,1427255,1000004,0,,820411693513,0,0,1,"default_rng([20260924, 1, 0, 15])",0
2026-09-24T04:25:52+00:00,9ff764412bb9b2fe84f2af6e39c2588033037add,True,,,,cifar10,conv1,,model,4.066,,15,48,60,210025393539314,1427255,1000004,0,,210025393539314,0,0,1,"default_rng([20260924, 1, 0, 15])",0
2026-09-24T04:25:52+00:00,9ff764412bb9b2fe84f2af6e39c2588033037add,True,,,,cifar10,conv1,,model,4.066,,16,32,43,2651092456,862657,1000004,0,,2651092456,0,0,1,"default_rng([20260924, 1, 0, 16])",0
2026-09-24T04:25:52+00:00,9ff764412bb9b2fe84f2af6e39c2588033037add,True,,,,cifar10,conv1,,model,4.066,,16,40,51,678679668741,862657,1000004,0,,678679668741,0,0,1,"default_rng([20260924, 1, 0, 16])",0
2026-09-24T04:25:52+00:00,9ff764412bb9b2fe84f2af6e39c2588033037add,True,,,,cifar10,conv1,,model,4.066,,16,48,59,173741995197773,862657,1000004,0,,173741995197773,0,0,1,"default_rng([20260924, 1, 0, 16])",0
2026-09-24T04:25:52+00:00,9ff764412bb9b2fe84f2af6e39c2588033037add,True,,,,cifar10,conv1,,model,4.066,,17,32,42,3128809297,365471,1000004,0,,3128809297,0,0,1,"default_rng([20260924, 1, 0, 17])",0
2026-09-24T04:25:52+00:00,9ff764412bb9b2fe84f2af6e39c2588033037add,True,,,,cifar10,conv1,,model,4.066,,17,40,50,800975180059,365471,1000004,0,,800975180059,0,0,1,"default_rng([20260924, 1, 0, 17])",0
2026-09-24T04:25:52+00:00,9ff764412bb9b2fe84f2af6e39c2588033037add,True,,,,cifar10,conv1,,model,4.066,,17,48,58,205049646095191,365471,1000004,0,,205049646095191,0,0,1,"default_rng([20260924, 1, 0, 17])",0
2026-09-24T04:25:52+00:00,9ff764412bb9b2fe84f2af6e39c2588033037add,True,,,,cifar10,conv1,,model,4.066,,18,32,42,2379615820,480537,1000004,0,,2379615820,0,0,1,"default_rng([20260924, 1, 0, 18])",0
2026-09-24T04:25:52+00:00,9ff764412bb9b2fe84f2af6e39c2588033037add,True,,,,cifar10,conv1,,model,4.066,,18,40,50,609181649959,480537,1000004,0,,609181649959,0,0,1,"default_rng([20260924, 1, 0, 18])",0
2026-09-24T04:25:52+00:00,9ff764412bb9b2fe84f2af6e39c2588033037add,True,,,,cifar10,conv1,,model,4.066,,18,48,58,155950502389458,480537,1000004,0,,155950502389458,0,0,1,"default_rng([20260924, 1, 0, 18])",0
2026-09-24T04:25:52+00:00,9ff764412bb9b2fe84f2af6e39c2588033037add,True,,,,cifar10,conv1,,model,4.066,,19,32,44,2989336459,1530095,1000004,0,,2989336459,0,0,1,"default_rng([20260924, 1, 0, 19])",0
2026-09-24T04:25:52+00:00,9ff764412bb9b2fe84f2af6e39c2588033037add,True,,,,cifar10,conv1,,model,4.066,,19,40,52,765270133556,1530095,1000004,0,,765270133556,0,0,1,"default_rng([20260924, 1, 0, 19])",0
2026-09-24T04:25:52+00:00,9ff764412bb9b2fe84f2af6e39c2588033037add,True,,,,cifar10,conv1,,model,4.066,,19,48,60,195909154190393,1530095,1000004,0,,195909154190393,0,0,1,"default_rng([20260924, 1, 0, 19])",0
2026-09-24T04:25:52+00:00,9ff764412bb9b2fe84f2af6e39c2588033037add,True,,,,cifar10,conv1,,model,4.066,,20,32,42,3164999461,361293,1000004,0,,3164999461,0,0,1,"default_rng([20260924, 1, 0, 20])",0
2026-09-24T04:25:52+00:00,9ff764412bb9b2fe84f2af6e39c2588033037add,True,,,,cifar10,conv1,,model,4.066,,20,40,50,810239862103,361293,1000004,0,,810239862103,0,0,1,"default_rng([20260924, 1, 0, 20])",0
2026-09-24T04:25:52+00:00,9ff764412bb9b2fe84f2af6e39c2588033037add,True,,,,cifar10,conv1,,model,4.066,,20,48,58,207421404698305,361293,1000004,0,,207421404698305,0,0,1,"default_rng([20260924, 1, 0, 20])",0
2026-09-24T04:25:52+00:00,9ff764412bb9b2fe84f2af6e39c2588033037add,True,,,,cifar10,conv1,,model,4.066,,21,32,43,3670650128,623047,1000004,0,,3670650128,0,0,1,"default_rng([20260924, 1, 0, 21])",0
2026-09-24T04:25:52+00:00,9ff764412bb9b2fe84f2af6e39c2588033037add,True,,,,cifar10,conv1,,model,4.066,,21,40,51,939686432879,623047,1000004,0,,939686432879,0,0,1,"default_rng([20260924, 1, 0, 21])",0
2026-09-24T04:25:52+00:00,9ff764412bb9b2fe84f2af6e39c2588033037add,True,,,,cifar10,conv1,,model,4.066,,21,48,59,240559726816942,623047,1000004,0,,240559726816942,0,0,1,"default_rng([20260924, 1, 0, 21])",0
2026-09-24T04:25:52+00:00,9ff764412bb9b2fe84f2af6e39c2588033037add,True,,,,cifar10,conv1,,model,4.066,,22,32,43,3200491777,714573,1000004,0,,3200491777,0,0,1,"default_rng([20260924, 1, 0, 22])",0
2026-09-24T04:25:52+00:00,9ff764412bb9b2fe84f2af6e39c2588033037add,True,,,,cifar10,conv1,,model,4.066,,22,40,51,819325894877,714573,1000004,0,,819325894877,0,0,1,"default_rng([20260924, 1, 0, 22])",0
2026-09-24T04:25:52+00:00,9ff764412bb9b2fe84f2af6e39c2588033037add,True,,,,cifar10,conv1,,model,4.066,,22,48,59,209747429088486,714573,1000004,0,,209747429088486,0,0,1,"default_rng([20260924, 1, 0, 22])",0
2026-09-24T04:25:52+00:00,9ff764412bb9b2fe84f2af6e39c2588033037add,True,,,,cifar10,conv1,,model,4.066,,23,32,43,3656976766,625375,1000004,0,,3656976766,0,0,1,"default_rng([20260924, 1, 0, 23])",0
2026-09-24T04:25:52+00:00,9ff764412bb9b2fe84f2af6e39c2588033037add,True,,,,cifar10,conv1,,model,4.066,,23,40,51,936186052156,625375,1000004,0,,936186052156,0,0,1,"default_rng([20260924, 1, 0, 23])",0
2026-09-24T04:25:52+00:00,9ff764412bb9b2fe84f2af6e39c2588033037add,True,,,,cifar10,conv1,,model,4.066,,23,48,59,239663629351854,625375,1000004,0,,239663629351854,0,0,1,"default_rng([20260924, 1, 0, 23])",0
2026-09-24T04:25:52+00:00,9ff764412bb9b2fe84f2af6e39c2588033037add,True,,,,cifar10,conv1,,model,4.066,,24,32,43,3461157082,660757,1000004,0,,3461157082,0,0,1,"default_rng([20260924, 1, 0, 24])",0
2026-09-24T04:25:52+00:00,9ff764412bb9b2fe84f2af6e39c2588033037add,True,,,,cifar10,conv1,,model,4.066,,24,40,51,886056213027,660757,1000004,0,,886056213027,0,0,1,"default_rng([20260924, 1, 0, 24])",0
2026-09-24T04:25:52+00:00,9ff764412bb9b2fe84f2af6e39c2588033037add,True,,,,cifar10,conv1,,model,4.066,,24,48,59,226830390534903,660757,1000004,0,,226830390534903,0,0,1,"default_rng([20260924, 1, 0, 24])",0
2026-09-24T04:25:52+00:00,9ff764412bb9b2fe84f2af6e39c2588033037add,True,,,,cifar10,conv1,,model,4.066,,25,32,44,2753202879,1661327,1000004,0,,2753202879,0,0,1,"default_rng([20260924, 1, 0, 25])",0
2026-09-24T04:25:52+00:00,9ff764412bb9b2fe84f2af6e39c2588033037add,True,,,,cifar10,conv1,,model,4.066,,25,40,52,704819936959,1661327,1000004,0,,704819936959,0,0,1,"default_rng([20260924, 1, 0, 25])",0
2026-09-24T04:25:52+00:00,9ff764412bb9b2fe84f2af6e39c2588033037add,True,,,,cifar10,conv1,,model,4.066,,25,48,60,180433903861508,1661327,1000004,0,,180433903861508,0,0,1,"default_rng([20260924, 1, 0, 25])",0
2026-09-24T04:25:52+00:00,9ff764412bb9b2fe84f2af6e39c2588033037add,True,,,,cifar10,conv1,,model,4.066,,26,32,42,2972130726,384739,1000004,0,,2972130726,0,0,1,"default_rng([20260924, 1, 0, 26])",0
2026-09-24T04:25:52+00:00,9ff764412bb9b2fe84f2af6e39c2588033037add,True,,,,cifar10,conv1,,model,4.066,,26,40,50,760865465853,384739,1000004,0,,760865465853,0,0,1,"default_rng([20260924, 1, 0, 26])",0
2026-09-24T04:25:52+00:00,9ff764412bb9b2fe84f2af6e39c2588033037add,True,,,,cifar10,conv1,,model,4.066,,26,48,58,194781559258369,384739,1000004,0,,194781559258369,0,0,1,"default_rng([20260924, 1, 0, 26])",0
2026-09-24T04:25:52+00:00,9ff764412bb9b2fe84f2af6e39c2588033037add,True,,,,cifar10,conv1,,model,4.066,,27,32,43,3249516181,703793,1000004,0,,3249516181,0,0,1,"default_rng([20260924, 1, 0, 27])",0
2026-09-24T04:25:52+00:00,9ff764412bb9b2fe84f2af6e39c2588033037add,True,,,,cifar10,conv1,,model,4.066,,27,40,51,831876142347,703793,1000004,0,,831876142347,0,0,1,"default_rng([20260924, 1, 0, 27])",0
2026-09-24T04:25:52+00:00,9ff764412bb9b2fe84f2af6e39c2588033037add,True,,,,cifar10,conv1,,model,4.066,,27,48,59,212960292440832,703793,1000004,0,,212960292440832,0,0,1,"default_rng([20260924, 1, 0, 27])",0
2026-09-24T04:25:52+00:00,9ff764412bb9b2fe84f2af6e39c2588033037add,True,,,,cifar10,conv1,,model,4.066,,28,32,43,3197235386,715301,1000004,0,,3197235386,0,0,1,"default_rng([20260924, 1, 0, 28])",0
2026-09-24T04:25:52+00:00,9ff764412bb9b2fe84f2af6e39c2588033037add,True,,,,cifar10,conv1,,model,4.066,,28,40,51,818492258867,715301,1000004,0,,818492258867,0,0,1,"default_rng([20260924, 1, 0, 28])",0
2026-09-24T04:25:52+00:00,9ff764412bb9b2fe84f2af6e39c2588033037add,True,,,,cifar10,conv1,,model,4.066,,28,48,59,209534018269849,715301,1000004,0,,209534018269849,0,0,1,"default_rng([20260924, 1, 0, 28])",0
2026-09-24T04:25:52+00:00,9ff764412bb9b2fe84f2af6e39c2588033037add,True,,,,cifar10,conv1,,model,4.066,,29,32,42,2550246928,448385,1000004,0,,2550246928,0,0,1,"default_rng([20260924, 1, 0, 29])",0
2026-09-24T04:25:52+00:00,9ff764412bb9b2fe84f2af6e39c2588033037add,True,,,,cifar10,conv1,,model,4.066,,29,40,50,652863213683,448385,1000004,0,,652863213683,0,0,1,"default_rng([20260924, 1, 0, 29])",0
2026-09-24T04:25:52+00:00,9ff764412bb9b2fe84f2af6e39c2588033037add,True,,,,cifar10,conv1,,model,4.066,,29,48,58,167132982702799,448385,1000004,0,,167132982702799,0,0,1,"default_rng([20260924, 1, 0, 29])",0
2026-09-24T04:25:52+00:00,9ff764412bb9b2fe84f2af6e39c2588033037add,True,,,,cifar10,conv1,,model,4.066,,30,32,43,2714831671,842403,1000004,0,,2714831671,0,0,1,"default_rng([20260924, 1, 0, 30])",0
2026-09-24T04:25:52+00:00,9ff764412bb9b2fe84f2af6e39c2588033037add,True,,,,cifar10,conv1,,model,4.066,,30,40,51,694996907797,842403,1000004,0,,694996907797,0,0,1,"default_rng([20260924, 1, 0, 30])",0
2026-09-24T04:25:52+00:00,9ff764412bb9b2fe84f2af6e39c2588033037add,True,,,,cifar10,conv1,,model,4.066,,30,48,59,177919208396053,842403,1000004,0,,177919208396053,0,0,1,"default_rng([20260924, 1, 0, 30])",0
2026-09-24T04:25:52+00:00,9ff764412bb9b2fe84f2af6e39c2588033037add,True,,,,cifar10,conv1,,model,4.066,,31,32,43,3318618466,689137,1000004,0,,3318618466,0,0,1,"default_rng([20260924, 1, 0, 31])",0
2026-09-24T04:25:52+00:00,9ff764412bb9b2fe84f2af6e39c2588033037add,True,,,,cifar10,conv1,,model,4.066,,31,40,51,849566327389,689137,1000004,0,,849566327389,0,0,1,"default_rng([20260924, 1, 0, 31])",0
2026-09-24T04:25:52+00:00,9ff764412bb9b2fe84f2af6e39c2588033037add,True,,,,cifar10,conv1,,model,4.066,,31,48,59,217488979811643,689137,1000004,0,,217488979811643,0,0,1,"default_rng([20260924, 1, 0, 31])",0
2026-09-24T04:25:56+00:00,9ff764412bb9b2fe84f2af6e39c2588033037add,True,,,,cifar10,conv2,,model,3.597,,0,32,42,3465736188,329943,1000004,0,,3465736187,1,2,2,"default_rng([20260924, 1, 1, 0])",0
2026-09-24T04:25:56+00:00,9ff764412bb9b2fe84f2af6e39c2588033037add,True,,,,cifar10,conv2,,model,3.597,,0,40,50,887228463981,329943,1000004,0,,887228463981,0,0,1,"default_rng([20260924, 1, 1, 0])",0
2026-09-24T04:25:56+00:00,9ff764412bb9b2fe84f2af6e39c2588033037add,True,,,,cifar10,conv2,,model,3.597,,0,48,58,227130486779104,329943,1000004,0,,227130486779103,1,2,2,"default_rng([20260924, 1, 1, 0])",0
2026-09-24T04:25:56+00:00,9ff764412bb9b2fe84f2af6e39c2588033037add,True,,,,cifar10,conv2,,model,3.597,,1,32,42,3135165553,364731,1000004,0,,3135165553,0,0,1,"default_rng([20260924, 1, 1, 1])",0
2026-09-24T04:25:56+00:00,9ff764412bb9b2fe84f2af6e39c2588033037add,True,,,,cifar10,conv2,,model,3.597,,1,40,50,802602381532,364731,1000004,0,,802602381532,0,0,1,"default_rng([20260924, 1, 1, 1])",0
2026-09-24T04:25:56+00:00,9ff764412bb9b2fe84f2af6e39c2588033037add,True,,,,cifar10,conv2,,model,3.597,,1,48,58,205466209672074,364731,1000004,0,,205466209672074,0,0,1,"default_rng([20260924, 1, 1, 1])",0
2026-09-24T04:25:56+00:00,9ff764412bb9b2fe84f2af6e39c2588033037add,True,,,,cifar10,conv2,,model,3.597,,2,32,42,2799095487,408523,1000004,0,,2799095487,0,0,1,"default_rng([20260924, 1, 1, 2])",0
2026-09-24T04:25:56+00:00,9ff764412bb9b2fe84f2af6e39c2588033037add,True,,,,cifar10,conv2,,model,3.597,,2,40,50,716568444765,408523,1000004,0,,716568444765,0,0,1,"default_rng([20260924, 1, 1, 2])",0
2026-09-24T04:25:56+00:00,9ff764412bb9b2fe84f2af6e39c2588033037add,True,,,,cifar10,conv2,,model,3.597,,2,48,58,183441521859960,408523,1000004,0,,183441521859960,0,0,1,"default_rng([20260924, 1, 1, 2])",0
2026-09-24T04:25:56+00:00,9ff764412bb9b2fe84f2af6e39c2588033037add,True,,,,cifar10,conv2,,model,3.597,,3,32,42,3008321416,380109,1000004,0,,3008321416,0,0,1,"default_rng([20260924, 1, 1, 3])",0
2026-09-24T04:25:56+00:00,9ff764412bb9b2fe84f2af6e39c2588033037add,True,,,,cifar10,conv2,,model,3.597,,3,40,50,770130282511,380109,1000004,0,,770130282511,0,0,1,"default_rng([20260924, 1, 1, 3])",0
2026-09-24T04:25:56+00:00,9ff764412bb9b2fe84f2af6e39c2588033037add,True,,,,cifar10,conv2,,model,3.597,,3,48,58,197153352322703,380109,1000004,0,,197153352322703,0,0,1,"default_rng([20260924, 1, 1, 3])",0
2026-09-24T04:25:56+00:00,9ff764412bb9b2fe84f2af6e39c2588033037add,True,,,,cifar10,conv2,,model,3.597,,4,32,42,3532050602,323747,1000004,0,,3532050602,0,0,1,"default_rng([20260924, 1, 1, 4])",0
2026-09-24T04:25:56+00:00,9ff764412bb9b2fe84f2af6e39c2588033037add,True,,,,cifar10,conv2,,model,3.597,,4,40,50,904204954223,323747,1000004,0,,904204954223,0,0,1,"default_rng([20260924, 1, 1, 4])",0
2026-09-24T04:25:56+00:00,9ff764412bb9b2fe84f2af6e39c2588033037add,True,,,,cifar10,conv2,,model,3.597,,4,48,58,231476468281043,323747,1000004,0,,231476468281043,0,0,1,"default_rng([20260924, 1, 1, 4])",0
2026-09-24T04:25:56+00:00,9ff764412bb9b2fe84f2af6e39c2588033037add,True,,,,cifar10,conv2,,model,3.597,,5,32,42,3508851093,325887,1000004,0,,3508851093,0,0,1,"default_rng([20260924, 1, 1, 5])",0
2026-09-24T04:25:56+00:00,9ff764412bb9b2fe84f2af6e39c2588033037add,True,,,,cifar10,conv2,,model,3.597,,5,40,50,898265879705,325887,1000004,0,,898265879705,0,0,1,"default_rng([20260924, 1, 1, 5])",0
2026-09-24T04:25:56+00:00,9ff764412bb9b2fe84f2af6e39c2588033037add,True,,,,cifar10,conv2,,model,3.597,,5,48,58,229956065204556,325887,1000004,0,,229956065204556,0,0,1,"default_rng([20260924, 1, 1, 5])",0
2026-09-24T04:25:56+00:00,9ff764412bb9b2fe84f2af6e39c2588033037add,True,,,,cifar10,conv2,,model,3.597,,6,32,41,2434728036,234829,1000004,0,,2434728036,0,0,1,"default_rng([20260924, 1, 1, 6])",0
2026-09-24T04:25:56+00:00,9ff764412bb9b2fe84f2af6e39c2588033037add,True,,,,cifar10,conv2,,model,3.597,,6,40,49,623290377217,234829,1000004,0,,623290377217,0,0,1,"default_rng([20260924, 1, 1, 6])",0
2026-09-24T04:25:56+00:00,9ff764412bb9b2fe84f2af6e39c2588033037add,True,,,,cifar10,conv2,,model,3.597,,6,48,57,159562336567431,234829,1000004,0,,159562336567431,0,0,1,"default_rng([20260924, 1, 1, 6])",0
2026-09-24T04:25:56+00:00,9ff764412bb9b2fe84f2af6e39c2588033037add,True,,,,cifar10,conv2,,model,3.597,,7,32,41,2562253233,223141,1000004,0,,2562253233,0,0,1,"default_rng([20260924, 1, 1, 7])",0
2026-09-24T04:25:56+00:00,9ff764412bb9b2fe84f2af6e39c2588033037add,True,,,,cifar10,conv2,,model,3.597,,7,40,49,655936827628,223141,1000004,0,,655936827628,0,0,1,"default_rng([20260924, 1, 1, 7])",0
2026-09-24T04:25:56+00:00,9ff764412bb9b2fe84f2af6e39c2588033037add,True,,,,cifar10,conv2,,model,3.597,,7,48,57,167919827872742,223141,1000004,0,,167919827872742,0,0,1,"default_rng([20260924, 1, 1, 7])",0
2026-09-24T04:25:56+00:00,9ff764412bb9b2fe84f2af6e39c2588033037add,True,,,,cifar10,conv2,,model,3.597,,8,32,42,4046222495,282607,1000004,0,,4046222495,0,0,1,"default_rng([20260924, 1, 1, 8])",0
2026-09-24T04:25:56+00:00,9ff764412bb9b2fe84f2af6e39c2588033037add,True,,,,cifar10,conv2,,model,3.597,,8,40,50,1035832958622,282607,1000004,0,,1035832958622,0,0,1,"default_rng([20260924, 1, 1, 8])",0
2026-09-24T04:25:56+00:00,9ff764412bb9b2fe84f2af6e39c2588033037add,True,,,,cifar10,conv2,,model,3.597,,8,48,58,265173237407129,282607,1000004,0,,265173237407129,0,0,1,"default_rng([20260924, 1, 1, 8])",0
2026-09-24T04:25:56+00:00,9ff764412bb9b2fe84f2af6e39c2588033037add,True,,,,cifar10,conv2,,model,3.597,,9,32,42,2987878674,382711,1000004,0,,2987878674,0,0,1,"default_rng([20260924, 1, 1, 9])",0
2026-09-24T04:25:56+00:00,9ff764412bb9b2fe84f2af6e39c2588033037add,True,,,,cifar10,conv2,,model,3.597,,9,40,50,764896940565,382711,1000004,0,,764896940565,0,0,1,"default_rng([20260924, 1, 1, 9])",0
2026-09-24T04:25:56+00:00,9ff764412bb9b2fe84f2af6e39c2588033037add,True,,,,cifar10,conv2,,model,3.597,,9,48,58,195813616784692,382711,1000004,0,,195813616784692,0,0,1,"default_rng([20260924, 1, 1, 9])",0
2026-09-24T04:25:56+00:00,9ff764412bb9b2fe84f2af6e39c2588033037add,True,,,,cifar10,conv2,,model,3.597,,10,32,42,4120918900,277485,1000004,0,,4120918900,0,0,1,"default_rng([20260924, 1, 1, 10])",0
2026-09-24T04:25:56+00:00,9ff764412bb9b2fe84f2af6e39c2588033037add,True,,,,cifar10,conv2,,model,3.597,,10,40,50,1054955238440,277485,1000004,0,,1054955238440,0,0,1,"default_rng([20260924, 1, 1, 10])",0
2026-09-24T04:25:56+00:00,9ff764412bb9b2fe84f2af6e39c2588033037add,True,,,,cifar10,conv2,,model,3.597,,10,48,58,270068541040519,277485,1000004,0,,270068541040519,0,0,1,"default_rng([20260924, 1, 1, 10])",0
2026-09-24T04:25:56+00:00,9ff764412bb9b2fe84f2af6e39c2588033037add,True,,,,cifar10,conv2,,model,3.597,,11,32,41,2314398588,247039,1000004,0,,2314398588,0,0,1,"default_rng([20260924, 1, 1, 11])",0
2026-09-24T04:25:56+00:00,9ff764412bb9b2fe84f2af6e39c2588033037add,True,,,,cifar10,conv2,,model,3.597,,11,40,49,592486038410,247039,1000004,0,,592486038410,0,0,1,"default_rng([20260924, 1, 1, 11])",0
2026-09-24T04:25:56+00:00,9ff764412bb9b2fe84f2af6e39c2588033037add,True,,,,cifar10,conv2,,model,3.597,,11,48,57,151676425832950,247039,1000004,0,,151676425832950,0,0,1,"default_rng([20260924, 1, 1, 11])",0
2026-09-24T04:25:56+00:00,9ff764412bb9b2fe84f2af6e39c2588033037add,True,,,,cifar10,conv2,,model,3.597,,12,32,41,3107767708,183973,1000004,0,,3107767708,0,0,1,"default_rng([20260924, 1, 1, 12])",0
2026-09-24T04:25:56+00:00,9ff764412bb9b2fe84f2af6e39c2588033037add,True,,,,cifar10,conv2,,model,3.597,,12,40,49,795588533122,183973,1000004,0,,795588533122,0,0,1,"default_rng([20260924, 1, 1, 12])",0
2026-09-24T04:25:56+00:00,9ff764412bb9b2fe84f2af6e39c2588033037add,True,,,,cifar10,conv2,,model,3.597,,12,48,57,203670664479195,183973,1000004,0,,203670664479195,0,0,1,"default_rng([20260924, 1, 1, 12])",0
2026-09-24T04:25:56+00:00,9ff764412bb9b2fe84f2af6e39c2588033037add,True,,,,cifar10,conv2,,model,3.597,,13,32,42,2536718372,450777,1000004,0,,2536718372,0,0,1,"default_rng([20260924, 1, 1, 13])",0
2026-09-24T04:25:56+00:00,9ff764412bb9b2fe84f2af6e39c2588033037add,True,,,,cifar10,conv2,,model,3.597,,13,40,50,649399903224,450777,1000004,0,,649399903224,0,0,1,"default_rng([20260924, 1, 1, 13])",0
2026-09-24T04:25:56+00:00,9ff764412bb9b2fe84f2af6e39c2588033037add,True,,,,cifar10,conv2,,model,3.597,,13,48,58,166246375225443,450777,1000004,0,,166246375225443,0,0,1,"default_rng([20260924, 1, 1, 13])",0
2026-09-24T04:25:56+00:00,9ff764412bb9b2fe84f2af6e39c2588033037add,True,,,,cifar10,conv2,,model,3.597,,14,32,41,2289374953,249739,1000004,0,,2289374953,0,0,1,"default_rng([20260924, 1, 1, 14])",0
2026-09-24T04:25:56+00:00,9ff764412bb9b2fe84f2af6e39c2588033037add,True,,,,cifar10,conv2,,model,3.597,,14,40,49,586079988085,249739,1000004,0,,586079988085,0,0,1,"default_rng([20260924, 1, 1, 14])",0
2026-09-24T04:25:56+00:00,9ff764412bb9b2fe84f2af6e39c2588033037add,True,,,,cifar10,conv2,,model,3.597,,14,48,57,150036476949704,249739,1000004,0,,150036476949704,0,0,1,"default_rng([20260924, 1, 1, 14])",0
2026-09-24T04:25:56+00:00,9ff764412bb9b2fe84f2af6e39c2588033037add,True,,,,cifar10,conv2,,model,3.597,,15,32,42,3808891466,300217,1000004,0,,3808891466,0,0,1,"default_rng([20260924, 1, 1, 15])",0
2026-09-24T04:25:56+00:00,9ff764412bb9b2fe84f2af6e39c2588033037add,True,,,,cifar10,conv2,,model,3.597,,15,40,50,975076215254,300217,1000004,0,,975076215254,0,0,1,"default_rng([20260924, 1, 1, 15])",0
2026-09-24T04:25:56+00:00,9ff764412bb9b2fe84f2af6e39c2588033037add,True,,,,cifar10,conv2,,model,3.597,,15,48,58,249619511104954,300217,1000004,0,,249619511104954,0,0,1,"default_rng([20260924, 1, 1, 15])",0
2026-09-24T04:25:56+00:00,9ff764412bb9b2fe84f2af6e39c2588033037add,True,,,,cifar10,conv2,,model,3.597,,16,32,42,2196256534,520655,1000004,0,,2196256534,0,0,1,"default_rng([20260924, 1, 1, 16])",0
2026-09-24T04:25:56+00:00,9ff764412bb9b2fe84f2af6e39c2588033037add,True,,,,cifar10,conv2,,model,3.597,,16,40,50,562241672645,520655,1000004,0,,562241672645,0,0,1,"default_rng([20260924, 1, 1, 16])",0
2026-09-24T04:25:56+00:00,9ff764412bb9b2fe84f2af6e39c2588033037add,True,,,,cifar10,conv2,,model,3.597,,16,48,58,143933868197026,520655,1000004,0,,143933868197026,0,0,1,"default_rng([20260924, 1, 1, 16])",0
2026-09-24T04:25:56+00:00,9ff764412bb9b2fe84f2af6e39c2588033037add,True,,,,cifar10,conv2,,model,3.597,,17,32,42,3699632267,309083,1000004,0,,3699632267,0,0,1,"default_rng([20260924, 1, 1, 17])",0
2026-09-24T04:25:56+00:00,9ff764412bb9b2fe84f2af6e39c2588033037add,True,,,,cifar10,conv2,,model,3.597,,17,40,50,947105860290,309083,1000004,0,,947105860290,0,0,1,"default_rng([20260924, 1, 1, 17])",0
2026-09-24T04:25:56+00:00,9ff764412bb9b2fe84f2af6e39c2588033037add,True,,,,cifar10,conv2,,model,3.597,,17,48,58,242459100234181,309083,1000004,0,,242459100234181,0,0,1,"default_rng([20260924, 1, 1, 17])",0
2026-09-24T04:25:56+00:00,9ff764412bb9b2fe84f2af6e39c2588033037add,True,,,,cifar10,conv2,,model,3.597,,18,32,41,3251329481,175849,1000004,0,,3251329481,0,0,1,"default_rng([20260924, 1, 1, 18])",0
2026-09-24T04:25:56+00:00,9ff764412bb9b2fe84f2af6e39c2588033037add,True,,,,cifar10,conv2,,model,3.597,,18,40,49,832340347147,175849,1000004,0,,832340347147,0,0,1,"default_rng([20260924, 1, 1, 18])",0
2026-09-24T04:25:56+00:00,9ff764412bb9b2fe84f2af6e39c2588033037add,True,,,,cifar10,conv2,,model,3.597,,18,48,57,213079128869613,175849,1000004,0,,213079128869613,0,0,1,"default_rng([20260924, 1, 1, 18])",0
2026-09-24T04:25:56+00:00,9ff764412bb9b2fe84f2af6e39c2588033037add,True,,,,cifar10,conv2,,model,3.597,,19,32,42,3797381089,301127,1000004,0,,3797381089,0,0,1,"default_rng([20260924, 1, 1, 19])",0
2026-09-24T04:25:56+00:00,9ff764412bb9b2fe84f2af6e39c2588033037add,True,,,,cifar10,conv2,,model,3.597,,19,40,50,972129558852,301127,1000004,0,,972129558852,0,0,1,"default_rng([20260924, 1, 1, 19])",0
2026-09-24T04:25:56+00:00,9ff764412bb9b2fe84f2af6e39c2588033037add,True,,,,cifar10,conv2,,model,3.597,,19,48,58,248865167066000,301127,1000004,0,,248865167066000,0,0,1,"default_rng([20260924, 1, 1, 19])",0
2026-09-24T04:25:56+00:00,9ff764412bb9b2fe84f2af6e39c2588033037add,True,,,,cifar10,conv2,,model,3.597,,20,32,42,4083312637,280041,1000004,0,,4083312637,0,0,1,"default_rng([20260924, 1, 1, 20])",0
2026-09-24T04:25:56+00:00,9ff764412bb9b2fe84f2af6e39c2588033037add,True,,,,cifar10,conv2,,model,3.597,,20,40,50,1045328035123,280041,1000004,0,,1045328035123,0,0,1,"default_rng([20260924, 1, 1, 20])",0
2026-09-24T04:25:56+00:00,9ff764412bb9b2fe84f2af6e39c2588033037add,True,,,,cifar10,conv2,,model,3.597,,20,48,58,267603976991575,280041,1000004,0,,267603976991575,0,0,1,"default_rng([20260924, 1, 1, 20])",0
2026-09-24T04:25:56+00:00,9ff764412bb9b2fe84f2af6e39c2588033037add,True,,,,cifar10,conv2,,model,3.597,,21,32,42,3063324937,373285,1000004,0,,3063324937,0,0,1,"default_rng([20260924, 1, 1, 21])",0
2026-09-24T04:25:56+00:00,9ff764412bb9b2fe84f2af6e39c2588033037add,True,,,,cifar10,conv2,,model,3.597,,21,40,50,784211183769,373285,1000004,0,,784211183769,0,0,1,"default_rng([20260924, 1, 1, 21])",0
2026-09-24T04:25:56+00:00,9ff764412bb9b2fe84f2af6e39c2588033037add,True,,,,cifar10,conv2,,model,3.597,,21,48,58,200758063044973,373285,1000004,0,,200758063044973,0,0,1,"default_rng([20260924, 1, 1, 21])",0
2026-09-24T04:25:56+00:00,9ff764412bb9b2fe84f2af6e39c2588033037add,True,,,,cifar10,conv2,,model,3.597,,22,32,42,3445568921,331873,1000004,0,,3445568921,0,0,1,"default_rng([20260924, 1, 1, 22])",0
2026-09-24T04:25:56+00:00,9ff764412bb9b2fe84f2af6e39c2588033037add,True,,,,cifar10,conv2,,model,3.597,,22,40,50,882065643709,331873,1000004,0,,882065643709,0,0,1,"default_rng([20260924, 1, 1, 22])",0
2026-09-24T04:25:56+00:00,9ff764412bb9b2fe84f2af6e39c2588033037add,True,,,,cifar10,conv2,,model,3.597,,22,48,58,225808804789628,331873,1000004,0,,225808804789628,0,0,1,"default_rng([20260924, 1, 1, 22])",0
2026-09-24T04:25:56+00:00,9ff764412bb9b2fe84f2af6e39c2588033037add,True,,,,cifar10,conv2,,model,3.597,,23,32,41,2581324643,221493,1000004,0,,2581324643,0,0,1,"default_rng([20260924, 1, 1, 23])",0
2026-09-24T04:25:56+00:00,9ff764412bb9b2fe84f2af6e39c2588033037add,True,,,,cifar10,conv2,,model,3.597,,23,40,49,660819108701,221493,1000004,0,,660819108701,0,0,1,"default_rng([20260924, 1, 1, 23])",0
2026-09-24T04:25:56+00:00,9ff764412bb9b2fe84f2af6e39c2588033037add,True,,,,cifar10,conv2,,model,3.597,,23,48,57,169169691827448,221493,1000004,0,,169169691827448,0,0,1,"default_rng([20260924, 1, 1, 23])",0
2026-09-24T04:25:56+00:00,9ff764412bb9b2fe84f2af6e39c2588033037add,True,,,,cifar10,conv2,,model,3.597,,24,32,42,4238770798,269769,1000004,0,,4238770798,0,0,1,"default_rng([20260924, 1, 1, 24])",0
2026-09-24T04:25:56+00:00,9ff764412bb9b2fe84f2af6e39c2588033037add,True,,,,cifar10,conv2,,model,3.597,,24,40,50,1085125324323,269769,1000004,0,,1085125324323,0,0,1,"default_rng([20260924, 1, 1, 24])",0
2026-09-24T04:25:56+00:00,9ff764412bb9b2fe84f2af6e39c2588033037add,True,,,,cifar10,conv2,,model,3.597,,24,48,58,277792083026574,269769,1000004,0,,277792083026574,0,0,1,"default_rng([20260924, 1, 1, 24])",0
2026-09-24T04:25:56+00:00,9ff764412bb9b2fe84f2af6e39c2588033037add,True,,,,cifar10,conv2,,model,3.597,,25,32,41,2473895901,231111,1000004,0,,2473895901,0,0,1,"default_rng([20260924, 1, 1, 25])",0
2026-09-24T04:25:56+00:00,9ff764412bb9b2fe84f2af6e39c2588033037add,True,,,,cifar10,conv2,,model,3.597,,25,40,49,633317350733,231111,1000004,0,,633317350733,0,0,1,"default_rng([20260924, 1, 1, 25])",0
2026-09-24T04:25:56+00:00,9ff764412bb9b2fe84f2af6e39c2588033037add,True,,,,cifar10,conv2,,model,3.597,,25,48,57,162129241787538,231111,1000004,0,,162129241787538,0,0,1,"default_rng([20260924, 1, 1, 25])",0
2026-09-24T04:25:56+00:00,9ff764412bb9b2fe84f2af6e39c2588033037add,True,,,,cifar10,conv2,,model,3.597,,26,32,42,3307436918,345733,1000004,0,,3307436918,0,0,1,"default_rng([20260924, 1, 1, 26])",0
2026-09-24T04:25:56+00:00,9ff764412bb9b2fe84f2af6e39c2588033037add,True,,,,cifar10,conv2,,model,3.597,,26,40,50,846703850934,345733,1000004,0,,846703850934,0,0,1,"default_rng([20260924, 1, 1, 26])",0
2026-09-24T04:25:56+00:00,9ff764412bb9b2fe84f2af6e39c2588033037add,True,,,,cifar10,conv2,,model,3.597,,26,48,58,216756185839148,345733,1000004,0,,216756185839148,0,0,1,"default_rng([20260924, 1, 1, 26])",0
2026-09-24T04:25:56+00:00,9ff764412bb9b2fe84f2af6e39c2588033037add,True,,,,cifar10,conv2,,model,3.597,,27,32,42,3881921778,294569,1000004,0,,3881921778,0,0,1,"default_rng([20260924, 1, 1, 27])",0
2026-09-24T04:25:56+00:00,9ff764412bb9b2fe84f2af6e39c2588033037add,True,,,,cifar10,conv2,,model,3.597,,27,40,50,993771975271,294569,1000004,0,,993771975271,0,0,1,"default_rng([20260924, 1, 1, 27])",0
2026-09-24T04:25:56+00:00,9ff764412bb9b2fe84f2af6e39c2588033037add,True,,,,cifar10,conv2,,model,3.597,,27,48,58,254405625669460,294569,1000004,0,,254405625669460,0,0,1,"default_rng([20260924, 1, 1, 27])",0
2026-09-24T04:25:56+00:00,9ff764412bb9b2fe84f2af6e39c2588033037add,True,,,,cifar10,conv2,,model,3.597,,28,32,41,2431170461,235173,1000004,0,,2431170461,0,0,1,"default_rng([20260924, 1, 1, 28])",0
2026-09-24T04:25:56+00:00,9ff764412bb9b2fe84f2af6e39c2588033037add,True,,,,cifar10,conv2,,model,3.597,,28,40,49,622379638064,235173,1000004,0,,622379638064,0,0,1,"default_rng([20260924, 1, 1, 28])",0
2026-09-24T04:25:56+00:00,9ff764412bb9b2fe84f2af6e39c2588033037add,True,,,,cifar10,conv2,,model,3.597,,28,48,57,159329187344498,235173,1000004,0,,159329187344498,0,0,1,"default_rng([20260924, 1, 1, 28])",0
2026-09-24T04:25:56+00:00,9ff764412bb9b2fe84f2af6e39c2588033037add,True,,,,cifar10,conv2,,model,3.597,,29,32,41,2570713807,222407,1000004,0,,2570713807,0,0,1,"default_rng([20260924, 1, 1, 29])",0
2026-09-24T04:25:56+00:00,9ff764412bb9b2fe84f2af6e39c2588033037add,True,,,,cifar10,conv2,,model,3.597,,29,40,49,658102734672,222407,1000004,0,,658102734672,0,0,1,"default_rng([20260924, 1, 1, 29])",0
2026-09-24T04:25:56+00:00,9ff764412bb9b2fe84f2af6e39c2588033037add,True,,,,cifar10,conv2,,model,3.597,,29,48,57,168474300076031,222407,1000004,0,,168474300076031,0,0,1,"default_rng([20260924, 1, 1, 29])",0
2026-09-24T04:25:56+00:00,9ff764412bb9b2fe84f2af6e39c2588033037add,True,,,,cifar10,conv2,,model,3.597,,30,32,42,4218924775,271039,1000004,0,,4218924775,0,0,1,"default_rng([20260924, 1, 1, 30])",0
2026-09-24T04:25:56+00:00,9ff764412bb9b2fe84f2af6e39c2588033037add,True,,,,cifar10,conv2,,model,3.597,,30,40,50,1080044742492,271039,1000004,0,,1080044742492,0,0,1,"default_rng([20260924, 1, 1, 30])",0
2026-09-24T04:25:56+00:00,9ff764412bb9b2fe84f2af6e39c2588033037add,True,,,,cifar10,conv2,,model,3.597,,30,48,58,276491454078024,271039,1000004,0,,276491454078024,0,0,1,"default_rng([20260924, 1, 1, 30])",0
2026-09-24T04:25:56+00:00,9ff764412bb9b2fe84f2af6e39c2588033037add,True,,,,cifar10,conv2,,model,3.597,,31,32,42,2939743613,388977,1000004,0,,2939743613,0,0,1,"default_rng([20260924, 1, 1, 31])",0
2026-09-24T04:25:56+00:00,9ff764412bb9b2fe84f2af6e39c2588033037add,True,,,,cifar10,conv2,,model,3.597,,31,40,50,752574364972,388977,1000004,0,,752574364972,0,0,1,"default_rng([20260924, 1, 1, 31])",0
2026-09-24T04:25:56+00:00,9ff764412bb9b2fe84f2af6e39c2588033037add,True,,,,cifar10,conv2,,model,3.597,,31,48,58,192659037432955,388977,1000004,0,,192659037432955,0,0,1,"default_rng([20260924, 1, 1, 31])",0
2026-09-24T04:26:00+00:00,9ff764412bb9b2fe84f2af6e39c2588033037add,True,,,,cifar10,conv3,,model,6.813,,0,32,42,3437986110,332605,1000004,0,,3437986110,0,0,1,"default_rng([20260924, 1, 2, 0])",0
2026-09-24T04:26:00+00:00,9ff764412bb9b2fe84f2af6e39c2588033037add,True,,,,cifar10,conv3,,model,6.813,,0,40,50,880124444164,332605,1000004,0,,880124444164,0,0,1,"default_rng([20260924, 1, 2, 0])",0
2026-09-24T04:26:00+00:00,9ff764412bb9b2fe84f2af6e39c2588033037add,True,,,,cifar10,conv3,,model,6.813,,0,48,58,225311857705962,332605,1000004,0,,225311857705962,0,0,1,"default_rng([20260924, 1, 2, 0])",0
2026-09-24T04:26:00+00:00,9ff764412bb9b2fe84f2af6e39c2588033037add,True,,,,cifar10,conv3,,model,6.813,,1,32,42,3605599548,317143,1000004,0,,3605599548,0,0,1,"default_rng([20260924, 1, 2, 1])",0
2026-09-24T04:26:00+00:00,9ff764412bb9b2fe84f2af6e39c2588033037add,True,,,,cifar10,conv3,,model,6.813,,1,40,50,923033484230,317143,1000004,0,,923033484230,0,0,1,"default_rng([20260924, 1, 2, 1])",0
2026-09-24T04:26:00+00:00,9ff764412bb9b2fe84f2af6e39c2588033037add,True,,,,cifar10,conv3,,model,6.813,,1,48,58,236296571962900,317143,1000004,0,,236296571962900,0,0,1,"default_rng([20260924, 1, 2, 1])",0
2026-09-24T04:26:00+00:00,9ff764412bb9b2fe84f2af6e39c2588033037add,True,,,,cifar10,conv3,,model,6.813,,2,32,42,2528683094,452209,1000004,0,,2528683094,0,0,1,"default_rng([20260924, 1, 2, 2])",0
2026-09-24T04:26:00+00:00,9ff764412bb9b2fe84f2af6e39c2588033037add,True,,,,cifar10,conv3,,model,6.813,,2,40,50,647342872035,452209,1000004,0,,647342872035,0,0,1,"default_rng([20260924, 1, 2, 2])",0
2026-09-24T04:26:00+00:00,9ff764412bb9b2fe84f2af6e39c2588033037add,True,,,,cifar10,conv3,,model,6.813,,2,48,58,165719775240929,452209,1000004,0,,165719775240929,0,0,1,"default_rng([20260924, 1, 2, 2])",0
2026-09-24T04:26:00+00:00,9ff764412bb9b2fe84f2af6e39c2588033037add,True,,,,cifar10,conv3,,model,6.813,,3,32,41,2544060050,224737,1000004,0,,2544060050,0,0,1,"default_rng([20260924, 1, 2, 3])",0
2026-09-24T04:26:00+00:00,9ff764412bb9b2fe84f2af6e39c2588033037add,True,,,,cifar10,conv3,,model,6.813,,3,40,49,651279372878,224737,1000004,0,,651279372878,0,0,1,"default_rng([20260924, 1, 2, 3])",0
2026-09-24T04:26:00+00:00,9ff764412bb9b2fe84f2af6e39c2588033037add,True,,,,cifar10,conv3,,model,6.813,,3,48,57,166727519456658,224737,1000004,0,,166727519456658,0,0,1,"default_rng([20260924, 1, 2, 3])",0
2026-09-24T04:26:00+00:00,9ff764412bb9b2fe84f2af6e39c2588033037add,True,,,,cifar10,conv3,,model,6.813,,4,32,42,2179023339,524773,1000004,0,,2179023339,0,0,1,"default_rng([20260924, 1, 2, 4])",0
2026-09-24T04:26:00+00:00,9ff764412bb9b2fe84f2af6e39c2588033037add,True,,,,cifar10,conv3,,model,6.813,,4,40,50,557829974687,524773,1000004,0,,557829974687,0,0,1,"default_rng([20260924, 1, 2, 4])",0
2026-09-24T04:26:00+00:00,9ff764412bb9b2fe84f2af6e39c2588033037add,True,,,,cifar10,conv3,,model,6.813,,4,48,58,142804473519854,524773,1000004,0,,142804473519854,0,0,1,"default_rng([20260924, 1, 2, 4])",0
2026-09-24T04:26:00+00:00,9ff764412bb9b2fe84f2af6e39c2588033037add,True,,,,cifar10,conv3,,model,6.813,,5,32,41,2537768790,225295,1000004,0,,2537768790,0,0,1,"default_rng([20260924, 1, 2, 5])",0
2026-09-24T04:26:00+00:00,9ff764412bb9b2fe84f2af6e39c2588033037add,True,,,,cifar10,conv3,,model,6.813,,5,40,49,649668810255,225295,1000004,0,,649668810255,0,0,1,"default_rng([20260924, 1, 2, 5])",0
2026-09-24T04:26:00+00:00,9ff764412bb9b2fe84f2af6e39c2588033037add,True,,,,cifar10,conv3,,model,6.813,,5,48,57,166315215425266,225295,1000004,0,,166315215425266,0,0,1,"default_rng([20260924, 1, 2, 5])",0
2026-09-24T04:26:00+00:00,9ff764412bb9b2fe84f2af6e39c2588033037add,True,,,,cifar10,conv3,,model,6.813,,6,32,42,2910555420,392877,1000004,0,,2910555420,0,0,1,"default_rng([20260924, 1, 2, 6])",0
2026-09-24T04:26:00+00:00,9ff764412bb9b2fe84f2af6e39c2588033037add,True,,,,cifar10,conv3,,model,6.813,,6,40,50,745102187405,392877,1000004,0,,745102187405,0,0,1,"default_rng([20260924, 1, 2, 6])",0
2026-09-24T04:26:00+00:00,9ff764412bb9b2fe84f2af6e39c2588033037add,True,,,,cifar10,conv3,,model,6.813,,6,48,58,190746159975726,392877,1000004,0,,190746159975726,0,0,1,"default_rng([20260924, 1, 2, 6])",0
2026-09-24T04:26:00+00:00,9ff764412bb9b2fe84f2af6e39c2588033037add,True,,,,cifar10,conv3,,model,6.813,,7,32,42,3950584660,289449,1000004,0,,3950584660,0,0,1,"default_rng([20260924, 1, 2, 7])",0
2026-09-24T04:26:00+00:00,9ff764412bb9b2fe84f2af6e39c2588033037add,True,,,,cifar10,conv3,,model,6.813,,7,40,50,1011349673017,289449,1000004,0,,1011349673017,0,0,1,"default_rng([20260924, 1, 2, 7])",0
2026-09-24T04:26:00+00:00,9ff764412bb9b2fe84f2af6e39c2588033037add,True,,,,cifar10,conv3,,model,6.813,,7,48,58,258905516292319,289449,1000004,0,,258905516292319,0,0,1,"default_rng([20260924, 1, 2, 7])",0
2026-09-24T04:26:00+00:00,9ff764412bb9b2fe84f2af6e39c2588033037add,True,,,,cifar10,conv3,,model,6.813,,8,32,42,3860788258,296181,1000004,0,,3860788258,0,0,1,"default_rng([20260924, 1, 2, 8])",0
2026-09-24T04:26:00+00:00,9ff764412bb9b2fe84f2af6e39c2588033037add,True,,,,cifar10,conv3,,model,6.813,,8,40,50,988361794164,296181,1000004,0,,988361794164,0,0,1,"default_rng([20260924, 1, 2, 8])",0
2026-09-24T04:26:00+00:00,9ff764412bb9b2fe84f2af6e39c2588033037add,True,,,,cifar10,conv3,,model,6.813,,8,48,58,253020619305990,296181,1000004,0,,253020619305990,0,0,1,"default_rng([20260924, 1, 2, 8])",0
2026-09-24T04:26:00+00:00,9ff764412bb9b2fe84f2af6e39c2588033037add,True,,,,cifar10,conv3,,model,6.813,,9,32,41,2332853761,245085,1000004,0,,2332853761,0,0,1,"default_rng([20260924, 1, 2, 9])",0
2026-09-24T04:26:00+00:00,9ff764412bb9b2fe84f2af6e39c2588033037add,True,,,,cifar10,conv3,,model,6.813,,9,40,49,597210562802,245085,1000004,0,,597210562802,0,0,1,"default_rng([20260924, 1, 2, 9])",0
2026-09-24T04:26:00+00:00,9ff764412bb9b2fe84f2af6e39c2588033037add,True,,,,cifar10,conv3,,model,6.813,,9,48,57,152885904077210,245085,1000004,0,,152885904077210,0,0,1,"default_rng([20260924, 1, 2, 9])",0
2026-09-24T04:26:00+00:00,9ff764412bb9b2fe84f2af6e39c2588033037add,True,,,,cifar10,conv3,,model,6.813,,10,32,41,2767272646,206609,1000004,0,,2767272646,0,0,1,"default_rng([20260924, 1, 2, 10])",0
2026-09-24T04:26:00+00:00,9ff764412bb9b2fe84f2af6e39c2588033037add,True,,,,cifar10,conv3,,model,6.813,,10,40,49,708421797334,206609,1000004,0,,708421797334,0,0,1,"default_rng([20260924, 1, 2, 10])",0
2026-09-24T04:26:00+00:00,9ff764412bb9b2fe84f2af6e39c2588033037add,True,,,,cifar10,conv3,,model,6.813,,10,48,57,181355980117458,206609,1000004,0,,181355980117458,0,0,1,"default_rng([20260924, 1, 2, 10])",0
2026-09-24T04:26:00+00:00,9ff764412bb9b2fe84f2af6e39c2588033037add,True,,,,cifar10,conv3,,model,6.813,,11,32,42,2545472580,449225,1000004,0,,2545472580,0,0,1,"default_rng([20260924, 1, 2, 11])",0
2026-09-24T04:26:00+00:00,9ff764412bb9b2fe84f2af6e39c2588033037add,True,,,,cifar10,conv3,,model,6.813,,11,40,50,651640980407,449225,1000004,0,,651640980407,0,0,1,"default_rng([20260924, 1, 2, 11])",0
2026-09-24T04:26:00+00:00,9ff764412bb9b2fe84f2af6e39c2588033037add,True,,,,cifar10,conv3,,model,6.813,,11,48,58,166820090984101,449225,1000004,0,,166820090984101,0,0,1,"default_rng([20260924, 1, 2, 11])",0
2026-09-24T04:26:00+00:00,9ff764412bb9b2fe84f2af6e39c2588033037add,True,,,,cifar10,conv3,,model,6.813,,12,32,42,2682926344,426211,1000004,0,,2682926344,0,0,1,"default_rng([20260924, 1, 2, 12])",0
2026-09-24T04:26:00+00:00,9ff764412bb9b2fe84f2af6e39c2588033037add,True,,,,cifar10,conv3,,model,6.813,,12,40,50,686829144019,426211,1000004,0,,686829144019,0,0,1,"default_rng([20260924, 1, 2, 12])",0
2026-09-24T04:26:00+00:00,9ff764412bb9b2fe84f2af6e39c2588033037add,True,,,,cifar10,conv3,,model,6.813,,12,48,58,175828260868736,426211,1000004,0,,175828260868736,0,0,1,"default_rng([20260924, 1, 2, 12])",0
2026-09-24T04:26:00+00:00,9ff764412bb9b2fe84f2af6e39c2588033037add,True,,,,cifar10,conv3,,model,6.813,,13,32,41,2563230369,223057,1000004,0,,2563230369,0,0,1,"default_rng([20260924, 1, 2, 13])",0
2026-09-24T04:26:00+00:00,9ff764412bb9b2fe84f2af6e39c2588033037add,True,,,,cifar10,conv3,,model,6.813,,13,40,49,656186974510,223057,1000004,0,,656186974510,0,0,1,"default_rng([20260924, 1, 2, 13])",0
2026-09-24T04:26:00+00:00,9ff764412bb9b2fe84f2af6e39c2588033037add,True,,,,cifar10,conv3,,model,6.813,,13,48,57,167983865474681,223057,1000004,0,,167983865474681,0,0,1,"default_rng([20260924, 1, 2, 13])",0
2026-09-24T04:26:00+00:00,9ff764412bb9b2fe84f2af6e39c2588033037add,True,,,,cifar10,conv3,,model,6.813,,14,32,41,2204797543,259319,1000004,0,,2204797543,0,0,1,"default_rng([20260924, 1, 2, 14])",0
2026-09-24T04:26:00+00:00,9ff764412bb9b2fe84f2af6e39c2588033037add,True,,,,cifar10,conv3,,model,6.813,,14,40,49,564428170905,259319,1000004,0,,564428170905,0,0,1,"default_rng([20260924, 1, 2, 14])",0
2026-09-24T04:26:00+00:00,9ff764412bb9b2fe84f2af6e39c2588033037add,True,,,,cifar10,conv3,,model,6.813,,14,48,57,144493611751728,259319,1000004,0,,144493611751728,0,0,1,"default_rng([20260924, 1, 2, 14])",0
2026-09-24T04:26:00+00:00,9ff764412bb9b2fe84f2af6e39c2588033037add,True,,,,cifar10,conv3,,model,6.813,,15,32,41,2738704587,208765,1000004,0,,2738704587,0,0,1,"default_rng([20260924, 1, 2, 15])",0
2026-09-24T04:26:00+00:00,9ff764412bb9b2fe84f2af6e39c2588033037add,True,,,,cifar10,conv3,,model,6.813,,15,40,49,701108374369,208765,1000004,0,,701108374369,0,0,1,"default_rng([20260924, 1, 2, 15])",0
2026-09-24T04:26:00+00:00,9ff764412bb9b2fe84f2af6e39c2588033037add,True,,,,cifar10,conv3,,model,6.813,,15,48,57,179483743838371,208765,1000004,0,,179483743838371,0,0,1,"default_rng([20260924, 1, 2, 15])",0
2026-09-24T04:26:00+00:00,9ff764412bb9b2fe84f2af6e39c2588033037add,True,,,,cifar10,conv3,,model,6.813,,16,32,43,3006842130,760593,1000004,0,,3006842130,0,0,1,"default_rng([20260924, 1, 2, 16])",0
2026-09-24T04:26:00+00:00,9ff764412bb9b2fe84f2af6e39c2588033037add,True,,,,cifar10,conv3,,model,6.813,,16,40,51,769751585375,760593,1000004,0,,769751585375,0,0,1,"default_rng([20260924, 1, 2, 16])",0
2026-09-24T04:26:00+00:00,9ff764412bb9b2fe84f2af6e39c2588033037add,True,,,,cifar10,conv3,,model,6.813,,16,48,59,197056405856055,760593,1000004,0,,197056405856055,0,0,1,"default_rng([20260924, 1, 2, 16])",0
2026-09-24T04:26:00+00:00,9ff764412bb9b2fe84f2af6e39c2588033037add,True,,,,cifar10,conv3,,model,6.813,,17,32,41,2221358907,257385,1000004,0,,2221358907,0,0,1,"default_rng([20260924, 1, 2, 17])",0
2026-09-24T04:26:00+00:00,9ff764412bb9b2fe84f2af6e39c2588033037add,True,,,,cifar10,conv3,,model,6.813,,17,40,49,568667880256,257385,1000004,0,,568667880256,0,0,1,"default_rng([20260924, 1, 2, 17])",0
2026-09-24T04:26:00+00:00,9ff764412bb9b2fe84f2af6e39c2588033037add,True,,,,cifar10,conv3,,model,6.813,,17,48,57,145578977345641,257385,1000004,0,,145578977345641,0,0,1,"default_rng([20260924, 1, 2, 17])",0
2026-09-24T04:26:00+00:00,9ff764412bb9b2fe84f2af6e39c2588033037add,True,,,,cifar10,conv3,,model,6.813,,18,32,41,3311585660,172651,1000004,0,,3311585660,0,0,1,"default_rng([20260924, 1, 2, 18])",0
2026-09-24T04:26:00+00:00,9ff764412bb9b2fe84f2af6e39c2588033037add,True,,,,cifar10,conv3,,model,6.813,,18,40,49,847765928931,172651,1000004,0,,847765928931,0,0,1,"default_rng([20260924, 1, 2, 18])",0
2026-09-24T04:26:00+00:00,9ff764412bb9b2fe84f2af6e39c2588033037add,True,,,,cifar10,conv3,,model,6.813,,18,48,57,217028077806241,172651,1000004,0,,217028077806241,0,0,1,"default_rng([20260924, 1, 2, 18])",0
2026-09-24T04:26:00+00:00,9ff764412bb9b2fe84f2af6e39c2588033037add,True,,,,cifar10,conv3,,model,6.813,,19,32,42,3150013072,363011,1000004,0,,3150013072,0,0,1,"default_rng([20260924, 1, 2, 19])",0
2026-09-24T04:26:00+00:00,9ff764412bb9b2fe84f2af6e39c2588033037add,True,,,,cifar10,conv3,,model,6.813,,19,40,50,806403346530,363011,1000004,0,,806403346530,0,0,1,"default_rng([20260924, 1, 2, 19])",0
2026-09-24T04:26:00+00:00,9ff764412bb9b2fe84f2af6e39c2588033037add,True,,,,cifar10,conv3,,model,6.813,,19,48,58,206439256711670,363011,1000004,0,,206439256711670,0,0,1,"default_rng([20260924, 1, 2, 19])",0
2026-09-24T04:26:00+00:00,9ff764412bb9b2fe84f2af6e39c2588033037add,True,,,,cifar10,conv3,,model,6.813,,20,32,43,2415414632,946829,1000004,0,,2415414632,0,0,1,"default_rng([20260924, 1, 2, 20])",0
2026-09-24T04:26:00+00:00,9ff764412bb9b2fe84f2af6e39c2588033037add,True,,,,cifar10,conv3,,model,6.813,,20,40,51,618346145788,946829,1000004,0,,618346145788,0,0,1,"default_rng([20260924, 1, 2, 20])",0
2026-09-24T04:26:00+00:00,9ff764412bb9b2fe84f2af6e39c2588033037add,True,,,,cifar10,conv3,,model,6.813,,20,48,59,158296613321705,946829,1000004,0,,158296613321705,0,0,1,"default_rng([20260924, 1, 2, 20])",0
2026-09-24T04:26:00+00:00,9ff764412bb9b2fe84f2af6e39c2588033037add,True,,,,cifar10,conv3,,model,6.813,,21,32,41,2277460048,251045,1000004,0,,2277460048,0,0,1,"default_rng([20260924, 1, 2, 21])",0
2026-09-24T04:26:00+00:00,9ff764412bb9b2fe84f2af6e39c2588033037add,True,,,,cifar10,conv3,,model,6.813,,21,40,49,583029772262,251045,1000004,0,,583029772262,0,0,1,"default_rng([20260924, 1, 2, 21])",0
2026-09-24T04:26:00+00:00,9ff764412bb9b2fe84f2af6e39c2588033037add,True,,,,cifar10,conv3,,model,6.813,,21,48,57,149255621699019,251045,1000004,0,,149255621699019,0,0,1,"default_rng([20260924, 1, 2, 21])",0
2026-09-24T04:26:00+00:00,9ff764412bb9b2fe84f2af6e39c2588033037add,True,,,,cifar10,conv3,,model,6.813,,22,32,41,2435456734,234759,1000004,0,,2435456734,0,0,1,"default_rng([20260924, 1, 2, 22])",0
2026-09-24T04:26:00+00:00,9ff764412bb9b2fe84f2af6e39c2588033037add,True,,,,cifar10,conv3,,model,6.813,,22,40,49,623476923967,234759,1000004,0,,623476923967,0,0,1,"default_rng([20260924, 1, 2, 22])",0
2026-09-24T04:26:00+00:00,9ff764412bb9b2fe84f2af6e39c2588033037add,True,,,,cifar10,conv3,,model,6.813,,22,48,57,159610092535451,234759,1000004,0,,159610092535451,0,0,1,"default_rng([20260924, 1, 2, 22])",0
2026-09-24T04:26:00+00:00,9ff764412bb9b2fe84f2af6e39c2588033037add,True,,,,cifar10,conv3,,model,6.813,,23,32,41,2835198100,201659,1000004,0,,2835198100,0,0,1,"default_rng([20260924, 1, 2, 23])",0
2026-09-24T04:26:00+00:00,9ff764412bb9b2fe84f2af6e39c2588033037add,True,,,,cifar10,conv3,,model,6.813,,23,40,49,725810713507,201659,1000004,0,,725810713507,0,0,1,"default_rng([20260924, 1, 2, 23])",0
2026-09-24T04:26:00+00:00,9ff764412bb9b2fe84f2af6e39c2588033037add,True,,,,cifar10,conv3,,model,6.813,,23,48,57,185807542657748,201659,1000004,0,,185807542657748,0,0,1,"default_rng([20260924, 1, 2, 23])",0
2026-09-24T04:26:00+00:00,9ff764412bb9b2fe84f2af6e39c2588033037add,True,,,,cifar10,conv3,,model,6.813,,24,32,41,2933289623,194917,1000004,0,,2933289623,0,0,1,"default_rng([20260924, 1, 2, 24])",0
2026-09-24T04:26:00+00:00,9ff764412bb9b2fe84f2af6e39c2588033037add,True,,,,cifar10,conv3,,model,6.813,,24,40,49,750922143490,194917,1000004,0,,750922143490,0,0,1,"default_rng([20260924, 1, 2, 24])",0
2026-09-24T04:26:00+00:00,9ff764412bb9b2fe84f2af6e39c2588033037add,True,,,,cifar10,conv3,,model,6.813,,24,48,57,192236068733404,194917,1000004,0,,192236068733404,0,0,1,"default_rng([20260924, 1, 2, 24])",0
2026-09-24T04:26:00+00:00,9ff764412bb9b2fe84f2af6e39c2588033037add,True,,,,cifar10,conv3,,model,6.813,,25,32,42,3656609535,312719,1000004,0,,3656609535,0,0,1,"default_rng([20260924, 1, 2, 25])",0
2026-09-24T04:26:00+00:00,9ff764412bb9b2fe84f2af6e39c2588033037add,True,,,,cifar10,conv3,,model,6.813,,25,40,50,936092041085,312719,1000004,0,,936092041085,0,0,1,"default_rng([20260924, 1, 2, 25])",0
2026-09-24T04:26:00+00:00,9ff764412bb9b2fe84f2af6e39c2588033037add,True,,,,cifar10,conv3,,model,6.813,,25,48,58,239639562517861,312719,1000004,0,,239639562517861,0,0,1,"default_rng([20260924, 1, 2, 25])",0
2026-09-24T04:26:00+00:00,9ff764412bb9b2fe84f2af6e39c2588033037add,True,,,,cifar10,conv3,,model,6.813,,26,32,41,2636060525,216895,1000004,0,,2636060525,0,0,1,"default_rng([20260924, 1, 2, 26])",0
2026-09-24T04:26:00+00:00,9ff764412bb9b2fe84f2af6e39c2588033037add,True,,,,cifar10,conv3,,model,6.813,,26,40,49,674831494434,216895,1000004,0,,674831494434,0,0,1,"default_rng([20260924, 1, 2, 26])",0
2026-09-24T04:26:00+00:00,9ff764412bb9b2fe84f2af6e39c2588033037add,True,,,,cifar10,conv3,,model,6.813,,26,48,57,172756862574996,216895,1000004,0,,172756862574996,0,0,1,"default_rng([20260924, 1, 2, 26])",0
2026-09-24T04:26:00+00:00,9ff764412bb9b2fe84f2af6e39c2588033037add,True,,,,cifar10,conv3,,model,6.813,,27,32,42,4075842373,280553,1000004,0,,4075842373,0,0,1,"default_rng([20260924, 1, 2, 27])",0
2026-09-24T04:26:00+00:00,9ff764412bb9b2fe84f2af6e39c2588033037add,True,,,,cifar10,conv3,,model,6.813,,27,40,50,1043415647362,280553,1000004,0,,1043415647362,0,0,1,"default_rng([20260924, 1, 2, 27])",0
2026-09-24T04:26:00+00:00,9ff764412bb9b2fe84f2af6e39c2588033037add,True,,,,cifar10,conv3,,model,6.813,,27,48,58,267114405724724,280553,1000004,0,,267114405724724,0,0,1,"default_rng([20260924, 1, 2, 27])",0
2026-09-24T04:26:00+00:00,9ff764412bb9b2fe84f2af6e39c2588033037add,True,,,,cifar10,conv3,,model,6.813,,28,32,41,3131415479,182583,1000004,0,,3131415479,0,0,1,"default_rng([20260924, 1, 2, 28])",0
2026-09-24T04:26:00+00:00,9ff764412bb9b2fe84f2af6e39c2588033037add,True,,,,cifar10,conv3,,model,6.813,,28,40,49,801642362659,182583,1000004,0,,801642362659,0,0,1,"default_rng([20260924, 1, 2, 28])",0
2026-09-24T04:26:00+00:00,9ff764412bb9b2fe84f2af6e39c2588033037add,True,,,,cifar10,conv3,,model,6.813,,28,48,57,205220444840683,182583,1000004,0,,205220444840683,0,0,1,"default_rng([20260924, 1, 2, 28])",0
2026-09-24T04:26:00+00:00,9ff764412bb9b2fe84f2af6e39c2588033037add,True,,,,cifar10,conv3,,model,6.813,,29,32,42,4259119614,268481,1000004,0,,4259119614,0,0,1,"default_rng([20260924, 1, 2, 29])",0
2026-09-24T04:26:00+00:00,9ff764412bb9b2fe84f2af6e39c2588033037add,True,,,,cifar10,conv3,,model,6.813,,29,40,50,1090334621194,268481,1000004,0,,1090334621194,0,0,1,"default_rng([20260924, 1, 2, 29])",0
2026-09-24T04:26:00+00:00,9ff764412bb9b2fe84f2af6e39c2588033037add,True,,,,cifar10,conv3,,model,6.813,,29,48,58,279125663025687,268481,1000004,0,,279125663025687,0,0,1,"default_rng([20260924, 1, 2, 29])",0
2026-09-24T04:26:00+00:00,9ff764412bb9b2fe84f2af6e39c2588033037add,True,,,,cifar10,conv3,,model,6.813,,30,32,42,4190440604,272881,1000004,0,,4190440604,0,0,1,"default_rng([20260924, 1, 2, 30])",0
2026-09-24T04:26:00+00:00,9ff764412bb9b2fe84f2af6e39c2588033037add,True,,,,cifar10,conv3,,model,6.813,,30,40,50,1072752794748,272881,1000004,0,,1072752794748,0,0,1,"default_rng([20260924, 1, 2, 30])",0
2026-09-24T04:26:00+00:00,9ff764412bb9b2fe84f2af6e39c2588033037add,True,,,,cifar10,conv3,,model,6.813,,30,48,58,274624715455389,272881,1000004,0,,274624715455389,0,0,1,"default_rng([20260924, 1, 2, 30])",0
2026-09-24T04:26:00+00:00,9ff764412bb9b2fe84f2af6e39c2588033037add,True,,,,cifar10,conv3,,model,6.813,,31,32,42,3260416356,350719,1000004,0,,3260416356,0,0,1,"default_rng([20260924, 1, 2, 31])",0
2026-09-24T04:26:00+00:00,9ff764412bb9b2fe84f2af6e39c2588033037add,True,,,,cifar10,conv3,,model,6.813,,31,40,50,834666587033,350719,1000004,0,,834666587033,0,0,1,"default_rng([20260924, 1, 2, 31])",0
2026-09-24T04:26:00+00:00,9ff764412bb9b2fe84f2af6e39c2588033037add,True,,,,cifar10,conv3,,model,6.813,,31,48,58,213674646280429,350719,1000004,0,,213674646280429,0,0,1,"default_rng([20260924, 1, 2, 31])",0
2026-09-24T04:26:00+00:00,9ff764412bb9b2fe84f2af6e39c2588033037add,True,,,,cifar10,conv3,,model,6.813,,32,32,41,2274528584,251369,1000004,0,,2274528584,0,0,1,"default_rng([20260924, 1, 2, 32])",0
2026-09-24T04:26:00+00:00,9ff764412bb9b2fe84f2af6e39c2588033037add,True,,,,cifar10,conv3,,model,6.813,,32,40,49,582279317559,251369,1000004,0,,582279317559,0,0,1,"default_rng([20260924, 1, 2, 32])",0
2026-09-24T04:26:00+00:00,9ff764412bb9b2fe84f2af6e39c2588033037add,True,,,,cifar10,conv3,,model,6.813,,32,48,57,149063505294990,251369,1000004,0,,149063505294990,0,0,1,"default_rng([20260924, 1, 2, 32])",0
2026-09-24T04:26:00+00:00,9ff764412bb9b2fe84f2af6e39c2588033037add,True,,,,cifar10,conv3,,model,6.813,,33,32,42,2924143069,391053,1000004,0,,2924143069,0,0,1,"default_rng([20260924, 1, 2, 33])",0
2026-09-24T04:26:00+00:00,9ff764412bb9b2fe84f2af6e39c2588033037add,True,,,,cifar10,conv3,,model,6.813,,33,40,50,748580625582,391053,1000004,0,,748580625582,0,0,1,"default_rng([20260924, 1, 2, 33])",0
2026-09-24T04:26:00+00:00,9ff764412bb9b2fe84f2af6e39c2588033037add,True,,,,cifar10,conv3,,model,6.813,,33,48,58,191636640149009,391053,1000004,0,,191636640149009,0,0,1,"default_rng([20260924, 1, 2, 33])",0
2026-09-24T04:26:00+00:00,9ff764412bb9b2fe84f2af6e39c2588033037add,True,,,,cifar10,conv3,,model,6.813,,34,32,41,2729127762,209497,1000004,0,,2729127762,0,0,1,"default_rng([20260924, 1, 2, 34])",0
2026-09-24T04:26:00+00:00,9ff764412bb9b2fe84f2af6e39c2588033037add,True,,,,cifar10,conv3,,model,6.813,,34,40,49,698656707076,209497,1000004,0,,698656707076,0,0,1,"default_rng([20260924, 1, 2, 34])",0
2026-09-24T04:26:00+00:00,9ff764412bb9b2fe84f2af6e39c2588033037add,True,,,,cifar10,conv3,,model,6.813,,34,48,57,178856117011534,209497,1000004,0,,178856117011534,0,0,1,"default_rng([20260924, 1, 2, 34])",0
2026-09-24T04:26:00+00:00,9ff764412bb9b2fe84f2af6e39c2588033037add,True,,,,cifar10,conv3,,model,6.813,,35,32,41,2148636513,266097,1000004,0,,2148636513,0,0,1,"default_rng([20260924, 1, 2, 35])",0
2026-09-24T04:26:00+00:00,9ff764412bb9b2fe84f2af6e39c2588033037add,True,,,,cifar10,conv3,,model,6.813,,35,40,49,550050947296,266097,1000004,0,,550050947296,0,0,1,"default_rng([20260924, 1, 2, 35])",0
2026-09-24T04:26:00+00:00,9ff764412bb9b2fe84f2af6e39c2588033037add,True,,,,cifar10,conv3,,model,6.813,,35,48,57,140813042507848,266097,1000004,0,,140813042507848,0,0,1,"default_rng([20260924, 1, 2, 35])",0
2026-09-24T04:26:00+00:00,9ff764412bb9b2fe84f2af6e39c2588033037add,True,,,,cifar10,conv3,,model,6.813,,36,32,41,2397408371,238485,1000004,0,,2397408371,0,0,1,"default_rng([20260924, 1, 2, 36])",0
2026-09-24T04:26:00+00:00,9ff764412bb9b2fe84f2af6e39c2588033037add,True,,,,cifar10,conv3,,model,6.813,,36,40,49,613736542895,238485,1000004,0,,613736542895,0,0,1,"default_rng([20260924, 1, 2, 36])",0
2026-09-24T04:26:00+00:00,9ff764412bb9b2fe84f2af6e39c2588033037add,True,,,,cifar10,conv3,,model,6.813,,36,48,57,157116554981211,238485,1000004,0,,157116554981211,0,0,1,"default_rng([20260924, 1, 2, 36])",0
2026-09-24T04:26:00+00:00,9ff764412bb9b2fe84f2af6e39c2588033037add,True,,,,cifar10,conv3,,model,6.813,,37,32,42,3127941719,365573,1000004,0,,3127941719,0,0,1,"default_rng([20260924, 1, 2, 37])",0
2026-09-24T04:26:00+00:00,9ff764412bb9b2fe84f2af6e39c2588033037add,True,,,,cifar10,conv3,,model,6.813,,37,40,50,800753080038,365573,1000004,0,,800753080038,0,0,1,"default_rng([20260924, 1, 2, 37])",0
2026-09-24T04:26:00+00:00,9ff764412bb9b2fe84f2af6e39c2588033037add,True,,,,cifar10,conv3,,model,6.813,,37,48,58,204992788489647,365573,1000004,0,,204992788489647,0,0,1,"default_rng([20260924, 1, 2, 37])",0
2026-09-24T04:26:00+00:00,9ff764412bb9b2fe84f2af6e39c2588033037add,True,,,,cifar10,conv3,,model,6.813,,38,32,41,2314841491,246991,1000004,0,,2314841491,0,0,1,"default_rng([20260924, 1, 2, 38])",0
2026-09-24T04:26:00+00:00,9ff764412bb9b2fe84f2af6e39c2588033037add,True,,,,cifar10,conv3,,model,6.813,,38,40,49,592599421787,246991,1000004,0,,592599421787,0,0,1,"default_rng([20260924, 1, 2, 38])",0
2026-09-24T04:26:00+00:00,9ff764412bb9b2fe84f2af6e39c2588033037add,True,,,,cifar10,conv3,,model,6.813,,38,48,57,151705451977474,246991,1000004,0,,151705451977474,0,0,1,"default_rng([20260924, 1, 2, 38])",0
2026-09-24T04:26:00+00:00,9ff764412bb9b2fe84f2af6e39c2588033037add,True,,,,cifar10,conv3,,model,6.813,,39,32,41,2330151775,245369,1000004,0,,2330151775,0,0,1,"default_rng([20260924, 1, 2, 39])",0
2026-09-24T04:26:00+00:00,9ff764412bb9b2fe84f2af6e39c2588033037add,True,,,,cifar10,conv3,,model,6.813,,39,40,49,596518854437,245369,1000004,0,,596518854437,0,0,1,"default_rng([20260924, 1, 2, 39])",0
2026-09-24T04:26:00+00:00,9ff764412bb9b2fe84f2af6e39c2588033037add,True,,,,cifar10,conv3,,model,6.813,,39,48,57,152708826735816,245369,1000004,0,,152708826735816,0,0,1,"default_rng([20260924, 1, 2, 39])",0
2026-09-24T04:26:00+00:00,9ff764412bb9b2fe84f2af6e39c2588033037add,True,,,,cifar10,conv3,,model,6.813,,40,32,42,3896691469,293453,1000004,0,,3896691469,0,0,1,"default_rng([20260924, 1, 2, 40])",0
2026-09-24T04:26:00+00:00,9ff764412bb9b2fe84f2af6e39c2588033037add,True,,,,cifar10,conv3,,model,6.813,,40,40,50,997553016051,293453,1000004,0,,997553016051,0,0,1,"default_rng([20260924, 1, 2, 40])",0
2026-09-24T04:26:00+00:00,9ff764412bb9b2fe84f2af6e39c2588033037add,True,,,,cifar10,conv3,,model,6.813,,40,48,58,255373572109169,293453,1000004,0,,255373572109169,0,0,1,"default_rng([20260924, 1, 2, 40])",0
2026-09-24T04:26:00+00:00,9ff764412bb9b2fe84f2af6e39c2588033037add,True,,,,cifar10,conv3,,model,6.813,,41,32,41,3062702358,186681,1000004,0,,3062702358,0,0,1,"default_rng([20260924, 1, 2, 41])",0
2026-09-24T04:26:00+00:00,9ff764412bb9b2fe84f2af6e39c2588033037add,True,,,,cifar10,conv3,,model,6.813,,41,40,49,784051803649,186681,1000004,0,,784051803649,0,0,1,"default_rng([20260924, 1, 2, 41])",0
2026-09-24T04:26:00+00:00,9ff764412bb9b2fe84f2af6e39c2588033037add,True,,,,cifar10,conv3,,model,6.813,,41,48,57,200717261734047,186681,1000004,0,,200717261734047,0,0,1,"default_rng([20260924, 1, 2, 41])",0
2026-09-24T04:26:00+00:00,9ff764412bb9b2fe84f2af6e39c2588033037add,True,,,,cifar10,conv3,,model,6.813,,42,32,42,4149732701,275559,1000004,0,,4149732701,0,0,1,"default_rng([20260924, 1, 2, 42])",0
2026-09-24T04:26:00+00:00,9ff764412bb9b2fe84f2af6e39c2588033037add,True,,,,cifar10,conv3,,model,6.813,,42,40,50,1062331571399,275559,1000004,0,,1062331571399,0,0,1,"default_rng([20260924, 1, 2, 42])",0
2026-09-24T04:26:00+00:00,9ff764412bb9b2fe84f2af6e39c2588033037add,True,,,,cifar10,conv3,,model,6.813,,42,48,58,271956882278266,275559,1000004,0,,271956882278266,0,0,1,"default_rng([20260924, 1, 2, 42])",0
2026-09-24T04:26:00+00:00,9ff764412bb9b2fe84f2af6e39c2588033037add,True,,,,cifar10,conv3,,model,6.813,,43,32,41,2866025275,199491,1000004,0,,2866025275,0,0,1,"default_rng([20260924, 1, 2, 43])",0
2026-09-24T04:26:00+00:00,9ff764412bb9b2fe84f2af6e39c2588033037add,True,,,,cifar10,conv3,,model,6.813,,43,40,49,733702470358,199491,1000004,0,,733702470358,0,0,1,"default_rng([20260924, 1, 2, 43])",0
2026-09-24T04:26:00+00:00,9ff764412bb9b2fe84f2af6e39c2588033037add,True,,,,cifar10,conv3,,model,6.813,,43,48,57,187827832411570,199491,1000004,0,,187827832411570,0,0,1,"default_rng([20260924, 1, 2, 43])",0
2026-09-24T04:26:00+00:00,9ff764412bb9b2fe84f2af6e39c2588033037add,True,,,,cifar10,conv3,,model,6.813,,44,32,42,3370095155,339305,1000004,0,,3370095155,0,0,1,"default_rng([20260924, 1, 2, 44])",0
2026-09-24T04:26:00+00:00,9ff764412bb9b2fe84f2af6e39c2588033037add,True,,,,cifar10,conv3,,model,6.813,,44,40,50,862744359788,339305,1000004,0,,862744359788,0,0,1,"default_rng([20260924, 1, 2, 44])",0
2026-09-24T04:26:00+00:00,9ff764412bb9b2fe84f2af6e39c2588033037add,True,,,,cifar10,conv3,,model,6.813,,44,48,58,220862556105832,339305,1000004,0,,220862556105832,0,0,1,"default_rng([20260924, 1, 2, 44])",0
2026-09-24T04:26:00+00:00,9ff764412bb9b2fe84f2af6e39c2588033037add,True,,,,cifar10,conv3,,model,6.813,,45,32,42,3590920328,318439,1000004,0,,3590920328,0,0,1,"default_rng([20260924, 1, 2, 45])",0
2026-09-24T04:26:00+00:00,9ff764412bb9b2fe84f2af6e39c2588033037add,True,,,,cifar10,conv3,,model,6.813,,45,40,50,919275604011,318439,1000004,0,,919275604011,0,0,1,"default_rng([20260924, 1, 2, 45])",0
2026-09-24T04:26:00+00:00,9ff764412bb9b2fe84f2af6e39c2588033037add,True,,,,cifar10,conv3,,model,6.813,,45,48,58,235334554626807,318439,1000004,0,,235334554626807,0,0,1,"default_rng([20260924, 1, 2, 45])",0
2026-09-24T04:26:00+00:00,9ff764412bb9b2fe84f2af6e39c2588033037add,True,,,,cifar10,conv3,,model,6.813,,46,32,42,3277974127,348841,1000004,0,,3277974127,0,0,1,"default_rng([20260924, 1, 2, 46])",0
2026-09-24T04:26:00+00:00,9ff764412bb9b2fe84f2af6e39c2588033037add,True,,,,cifar10,conv3,,model,6.813,,46,40,50,839161376558,348841,1000004,0,,839161376558,0,0,1,"default_rng([20260924, 1, 2, 46])",0
2026-09-24T04:26:00+00:00,9ff764412bb9b2fe84f2af6e39c2588033037add,True,,,,cifar10,conv3,,model,6.813,,46,48,58,214825312398846,348841,1000004,0,,214825312398846,0,0,1,"default_rng([20260924, 1, 2, 46])",0
2026-09-24T04:26:00+00:00,9ff764412bb9b2fe84f2af6e39c2588033037add,True,,,,cifar10,conv3,,model,6.813,,47,32,42,4127394657,277049,1000004,0,,4127394657,0,0,1,"default_rng([20260924, 1, 2, 47])",0
2026-09-24T04:26:00+00:00,9ff764412bb9b2fe84f2af6e39c2588033037add,True,,,,cifar10,conv3,,model,6.813,,47,40,50,1056613032136,277049,1000004,0,,1056613032136,0,0,1,"default_rng([20260924, 1, 2, 47])",0
2026-09-24T04:26:00+00:00,9ff764412bb9b2fe84f2af6e39c2588033037add,True,,,,cifar10,conv3,,model,6.813,,47,48,58,270492936226692,277049,1000004,0,,270492936226692,0,0,1,"default_rng([20260924, 1, 2, 47])",0
2026-09-24T04:26:00+00:00,9ff764412bb9b2fe84f2af6e39c2588033037add,True,,,,cifar10,conv3,,model,6.813,,48,32,42,2995107360,381787,1000004,0,,2995107360,0,0,1,"default_rng([20260924, 1, 2, 48])",0
2026-09-24T04:26:00+00:00,9ff764412bb9b2fe84f2af6e39c2588033037add,True,,,,cifar10,conv3,,model,6.813,,48,40,50,766747484188,381787,1000004,0,,766747484188,0,0,1,"default_rng([20260924, 1, 2, 48])",0
2026-09-24T04:26:00+00:00,9ff764412bb9b2fe84f2af6e39c2588033037add,True,,,,cifar10,conv3,,model,6.813,,48,48,58,196287355952029,381787,1000004,0,,196287355952029,0,0,1,"default_rng([20260924, 1, 2, 48])",0
2026-09-24T04:26:00+00:00,9ff764412bb9b2fe84f2af6e39c2588033037add,True,,,,cifar10,conv3,,model,6.813,,49,32,42,2585108295,442339,1000004,0,,2585108295,0,0,1,"default_rng([20260924, 1, 2, 49])",0
2026-09-24T04:26:00+00:00,9ff764412bb9b2fe84f2af6e39c2588033037add,True,,,,cifar10,conv3,,model,6.813,,49,40,50,661787723397,442339,1000004,0,,661787723397,0,0,1,"default_rng([20260924, 1, 2, 49])",0
2026-09-24T04:26:00+00:00,9ff764412bb9b2fe84f2af6e39c2588033037add,True,,,,cifar10,conv3,,model,6.813,,49,48,58,169417657189516,442339,1000004,0,,169417657189516,0,0,1,"default_rng([20260924, 1, 2, 49])",0
2026-09-24T04:26:00+00:00,9ff764412bb9b2fe84f2af6e39c2588033037add,True,,,,cifar10,conv3,,model,6.813,,50,32,42,3736147268,306061,1000004,0,,3736147268,0,0,1,"default_rng([20260924, 1, 2, 50])",0
2026-09-24T04:26:00+00:00,9ff764412bb9b2fe84f2af6e39c2588033037add,True,,,,cifar10,conv3,,model,6.813,,50,40,50,956453700603,306061,1000004,0,,956453700603,0,0,1,"default_rng([20260924, 1, 2, 50])",0
2026-09-24T04:26:00+00:00,9ff764412bb9b2fe84f2af6e39c2588033037add,True,,,,cifar10,conv3,,model,6.813,,50,48,58,244852147354419,306061,1000004,0,,244852147354419,0,0,1,"default_rng([20260924, 1, 2, 50])",0
2026-09-24T04:26:00+00:00,9ff764412bb9b2fe84f2af6e39c2588033037add,True,,,,cifar10,conv3,,model,6.813,,51,32,42,2692889250,424633,1000004,0,,2692889250,0,0,1,"default_rng([20260924, 1, 2, 51])",0
2026-09-24T04:26:00+00:00,9ff764412bb9b2fe84f2af6e39c2588033037add,True,,,,cifar10,conv3,,model,6.813,,51,40,50,689379648056,424633,1000004,0,,689379648056,0,0,1,"default_rng([20260924, 1, 2, 51])",0
2026-09-24T04:26:00+00:00,9ff764412bb9b2fe84f2af6e39c2588033037add,True,,,,cifar10,conv3,,model,6.813,,51,48,58,176481189902306,424633,1000004,0,,176481189902306,0,0,1,"default_rng([20260924, 1, 2, 51])",0
2026-09-24T04:26:00+00:00,9ff764412bb9b2fe84f2af6e39c2588033037add,True,,,,cifar10,conv3,,model,6.813,,52,32,41,3079532545,185661,1000004,0,,3079532545,0,0,1,"default_rng([20260924, 1, 2, 52])",0
2026-09-24T04:26:00+00:00,9ff764412bb9b2fe84f2af6e39c2588033037add,True,,,,cifar10,conv3,,model,6.813,,52,40,49,788360331557,185661,1000004,0,,788360331557,0,0,1,"default_rng([20260924, 1, 2, 52])",0
2026-09-24T04:26:00+00:00,9ff764412bb9b2fe84f2af6e39c2588033037add,True,,,,cifar10,conv3,,model,6.813,,52,48,57,201820244878532,185661,1000004,0,,201820244878532,0,0,1,"default_rng([20260924, 1, 2, 52])",0
2026-09-24T04:26:00+00:00,9ff764412bb9b2fe84f2af6e39c2588033037add,True,,,,cifar10,conv3,,model,6.813,,53,32,41,2467307257,231729,1000004,0,,2467307257,0,0,1,"default_rng([20260924, 1, 2, 53])",0
2026-09-24T04:26:00+00:00,9ff764412bb9b2fe84f2af6e39c2588033037add,True,,,,cifar10,conv3,,model,6.813,,53,40,49,631630657732,231729,1000004,0,,631630657732,0,0,1,"default_rng([20260924, 1, 2, 53])",0
2026-09-24T04:26:00+00:00,9ff764412bb9b2fe84f2af6e39c2588033037add,True,,,,cifar10,conv3,,model,6.813,,53,48,57,161697448379407,231729,1000004,0,,161697448379407,0,0,1,"default_rng([20260924, 1, 2, 53])",0
2026-09-24T04:26:00+00:00,9ff764412bb9b2fe84f2af6e39c2588033037add,True,,,,cifar10,conv3,,model,6.813,,54,32,41,2635009850,216981,1000004,0,,2635009850,0,0,1,"default_rng([20260924, 1, 2, 54])",0
2026-09-24T04:26:00+00:00,9ff764412bb9b2fe84f2af6e39c2588033037add,True,,,,cifar10,conv3,,model,6.813,,54,40,49,674562521545,216981,1000004,0,,674562521545,0,0,1,"default_rng([20260924, 1, 2, 54])",0
2026-09-24T04:26:00+00:00,9ff764412bb9b2fe84f2af6e39c2588033037add,True,,,,cifar10,conv3,,model,6.813,,54,48,57,172688005515410,216981,1000004,0,,172688005515410,0,0,1,"default_rng([20260924, 1, 2, 54])",0
2026-09-24T04:26:00+00:00,9ff764412bb9b2fe84f2af6e39c2588033037add,True,,,,cifar10,conv3,,model,6.813,,55,32,41,2231618933,256203,1000004,0,,2231618933,0,0,1,"default_rng([20260924, 1, 2, 55])",0
2026-09-24T04:26:00+00:00,9ff764412bb9b2fe84f2af6e39c2588033037add,True,,,,cifar10,conv3,,model,6.813,,55,40,49,571294446909,256203,1000004,0,,571294446909,0,0,1,"default_rng([20260924, 1, 2, 55])",0
2026-09-24T04:26:00+00:00,9ff764412bb9b2fe84f2af6e39c2588033037add,True,,,,cifar10,conv3,,model,6.813,,55,48,57,146251378408790,256203,1000004,0,,146251378408790,0,0,1,"default_rng([20260924, 1, 2, 55])",0
2026-09-24T04:26:00+00:00,9ff764412bb9b2fe84f2af6e39c2588033037add,True,,,,cifar10,conv3,,model,6.813,,56,32,42,4109812464,278235,1000004,0,,4109812464,0,0,1,"default_rng([20260924, 1, 2, 56])",0
2026-09-24T04:26:00+00:00,9ff764412bb9b2fe84f2af6e39c2588033037add,True,,,,cifar10,conv3,,model,6.813,,56,40,50,1052111990889,278235,1000004,0,,1052111990889,0,0,1,"default_rng([20260924, 1, 2, 56])",0
2026-09-24T04:26:00+00:00,9ff764412bb9b2fe84f2af6e39c2588033037add,True,,,,cifar10,conv3,,model,6.813,,56,48,58,269340669667488,278235,1000004,0,,269340669667488,0,0,1,"default_rng([20260924, 1, 2, 56])",0
2026-09-24T04:26:00+00:00,9ff764412bb9b2fe84f2af6e39c2588033037add,True,,,,cifar10,conv3,,model,6.813,,57,32,41,2742186294,208501,1000004,0,,2742186294,0,0,1,"default_rng([20260924, 1, 2, 57])",0
2026-09-24T04:26:00+00:00,9ff764412bb9b2fe84f2af6e39c2588033037add,True,,,,cifar10,conv3,,model,6.813,,57,40,49,701999691280,208501,1000004,0,,701999691280,0,0,1,"default_rng([20260924, 1, 2, 57])",0
2026-09-24T04:26:00+00:00,9ff764412bb9b2fe84f2af6e39c2588033037add,True,,,,cifar10,conv3,,model,6.813,,57,48,57,179711920967759,208501,1000004,0,,179711920967759,0,0,1,"default_rng([20260924, 1, 2, 57])",0
2026-09-24T04:26:00+00:00,9ff764412bb9b2fe84f2af6e39c2588033037add,True,,,,cifar10,conv3,,model,6.813,,58,32,42,3577119094,319669,1000004,0,,3577119094,0,0,1,"default_rng([20260924, 1, 2, 58])",0
2026-09-24T04:26:00+00:00,9ff764412bb9b2fe84f2af6e39c2588033037add,True,,,,cifar10,conv3,,model,6.813,,58,40,50,915742488077,319669,1000004,0,,915742488077,0,0,1,"default_rng([20260924, 1, 2, 58])",0
2026-09-24T04:26:00+00:00,9ff764412bb9b2fe84f2af6e39c2588033037add,True,,,,cifar10,conv3,,model,6.813,,58,48,58,234430076947590,319669,1000004,0,,234430076947590,0,0,1,"default_rng([20260924, 1, 2, 58])",0
2026-09-24T04:26:00+00:00,9ff764412bb9b2fe84f2af6e39c2588033037add,True,,,,cifar10,conv3,,model,6.813,,59,32,42,3634227689,314645,1000004,0,,3634227689,0,0,1,"default_rng([20260924, 1, 2, 59])",0
2026-09-24T04:26:00+00:00,9ff764412bb9b2fe84f2af6e39c2588033037add,True,,,,cifar10,conv3,,model,6.813,,59,40,50,930362288416,314645,1000004,0,,930362288416,0,0,1,"default_rng([20260924, 1, 2, 59])",0
2026-09-24T04:26:00+00:00,9ff764412bb9b2fe84f2af6e39c2588033037add,True,,,,cifar10,conv3,,model,6.813,,59,48,58,238172745834400,314645,1000004,0,,238172745834400,0,0,1,"default_rng([20260924, 1, 2, 59])",0
2026-09-24T04:26:00+00:00,9ff764412bb9b2fe84f2af6e39c2588033037add,True,,,,cifar10,conv3,,model,6.813,,60,32,42,4079776833,280283,1000004,0,,4079776833,0,0,1,"default_rng([20260924, 1, 2, 60])",0
2026-09-24T04:26:00+00:00,9ff764412bb9b2fe84f2af6e39c2588033037add,True,,,,cifar10,conv3,,model,6.813,,60,40,50,1044422869212,280283,1000004,0,,1044422869212,0,0,1,"default_rng([20260924, 1, 2, 60])",0
2026-09-24T04:26:00+00:00,9ff764412bb9b2fe84f2af6e39c2588033037add,True,,,,cifar10,conv3,,model,6.813,,60,48,58,267372254518232,280283,1000004,0,,267372254518232,0,0,1,"default_rng([20260924, 1, 2, 60])",0
2026-09-24T04:26:00+00:00,9ff764412bb9b2fe84f2af6e39c2588033037add,True,,,,cifar10,conv3,,model,6.813,,61,32,41,2299024185,248691,1000004,0,,2299024185,0,0,1,"default_rng([20260924, 1, 2, 61])",0
2026-09-24T04:26:00+00:00,9ff764412bb9b2fe84f2af6e39c2588033037add,True,,,,cifar10,conv3,,model,6.813,,61,40,49,588550191484,248691,1000004,0,,588550191484,0,0,1,"default_rng([20260924, 1, 2, 61])",0
2026-09-24T04:26:00+00:00,9ff764412bb9b2fe84f2af6e39c2588033037add,True,,,,cifar10,conv3,,model,6.813,,61,48,57,150668849019929,248691,1000004,0,,150668849019929,0,0,1,"default_rng([20260924, 1, 2, 61])",0
2026-09-24T04:26:00+00:00,9ff764412bb9b2fe84f2af6e39c2588033037add,True,,,,cifar10,conv3,,model,6.813,,62,32,41,2919492265,195837,1000004,0,,2919492265,0,0,1,"default_rng([20260924, 1, 2, 62])",0
2026-09-24T04:26:00+00:00,9ff764412bb9b2fe84f2af6e39c2588033037add,True,,,,cifar10,conv3,,model,6.813,,62,40,49,747390019892,195837,1000004,0,,747390019892,0,0,1,"default_rng([20260924, 1, 2, 62])",0
2026-09-24T04:26:00+00:00,9ff764412bb9b2fe84f2af6e39c2588033037add,True,,,,cifar10,conv3,,model,6.813,,62,48,57,191331845092408,195837,1000004,0,,191331845092408,0,0,1,"default_rng([20260924, 1, 2, 62])",0
2026-09-24T04:26:00+00:00,9ff764412bb9b2fe84f2af6e39c2588033037add,True,,,,cifar10,conv3,,model,6.813,,63,32,42,2344399948,487755,1000004,0,,2344399948,0,0,1,"default_rng([20260924, 1, 2, 63])",0
2026-09-24T04:26:00+00:00,9ff764412bb9b2fe84f2af6e39c2588033037add,True,,,,cifar10,conv3,,model,6.813,,63,40,50,600166386804,487755,1000004,0,,600166386804,0,0,1,"default_rng([20260924, 1, 2, 63])",0
2026-09-24T04:26:00+00:00,9ff764412bb9b2fe84f2af6e39c2588033037add,True,,,,cifar10,conv3,,model,6.813,,63,48,58,153642595021823,487755,1000004,0,,153642595021823,0,0,1,"default_rng([20260924, 1, 2, 63])",0
