timestamp,git_commit,git_dirty,vivado_version,bitstream_sha256,board_id,net,layer,clock_mhz,source,duration_s,num_inferences,job_id,category,n_layers,expect_refuse,refuse_mode,shape,in_shape,out_shape,out_raw,has_pool,has_oc_tail,has_x_tail,has_1x1_out,K_list,T_list,T_total,tk_total,macs,model_layer_cycles,model_total,model_mac,rtl_layer_cycles,rtl_total,rtl_mac,rtl_stall,rtl_flags,total_err,abs_total_err,max_abs_layer_err,err_code_expected,err_code_rtl,err_ok,outputs_match,cycles_exact,all_ok,timeout,simulator,simulator_version,xsim_crosschecked,seed,shapeset_sha256,data_git_commit,data_git_dirty,shard,run_dir,logs_archive,logs_archive_sha256
2026-09-29T06:14:27+00:00,c2356f8641370e16f192d095b175e544167665da,False,,,,shapes,J0000,,rtl_sim,,1,0,depth2_3,2,0,,3x32x5-k5x5->88;88x28x1-k1x1->58n,3x32x5,58x28x1,0,0,1,1,0,"75,88","308,224",532,42812,327712,"23129,19741",42873,42812,"23129,19741",42873,42812,0,0,0,0,0,0,0,True,True,True,True,0,verilator,5.028,0,20260929,37bdfbaacba1dc000701ad690b261df81455d7636899da8f14a207513c831280,c2356f8641370e16f192d095b175e544167665da,False,shard_0000_0020,build/shapes/20260929/runs/c2356f864137-37bdfbaacba1/verilator,shapes_rtl_logs_c2356f864137-37bdfbaacba1.tar.xz,909826df73fdbe23d78585362039ea5b2be5128fe23d7fbcc3bdd50446261724
2026-09-29T06:14:27+00:00,c2356f8641370e16f192d095b175e544167665da,False,,,,shapes,J0001,,rtl_sim,,1,1,tails,1,0,,27x1x6-k1x1->39,27x1x6,39x1x6,0,0,1,1,0,27,5,5,135,6318,164,167,135,164,167,135,0,0,0,0,0,0,0,True,True,True,True,0,verilator,5.028,1,20260929,37bdfbaacba1dc000701ad690b261df81455d7636899da8f14a207513c831280,c2356f8641370e16f192d095b175e544167665da,False,shard_0000_0020,build/shapes/20260929/runs/c2356f864137-37bdfbaacba1/verilator,shapes_rtl_logs_c2356f864137-37bdfbaacba1.tar.xz,909826df73fdbe23d78585362039ea5b2be5128fe23d7fbcc3bdd50446261724
2026-09-29T06:14:27+00:00,c2356f8641370e16f192d095b175e544167665da,False,,,,shapes,J0002,,rtl_sim,,1,2,large,2,0,,14x42x26-k5x5->95p;95x19x11-k3x3->95,14x42x26,95x17x9,0,1,1,1,0,"350,855","1368,408",1776,827640,40224425,"478829,348869",827701,827640,"478829,348869",827701,827640,0,0,0,0,0,0,0,True,True,True,True,0,verilator,5.028,0,20260929,37bdfbaacba1dc000701ad690b261df81455d7636899da8f14a207513c831280,c2356f8641370e16f192d095b175e544167665da,False,shard_0000_0020,build/shapes/20260929/runs/c2356f864137-37bdfbaacba1/verilator,shapes_rtl_logs_c2356f864137-37bdfbaacba1.tar.xz,909826df73fdbe23d78585362039ea5b2be5128fe23d7fbcc3bdd50446261724
2026-09-29T06:14:27+00:00,c2356f8641370e16f192d095b175e544167665da,False,,,,shapes,J0003,,rtl_sim,,1,3,netlike,4,0,,1x32x32-k3x3->22p;22x15x15-k4x4->38p;38x6x6-k6x6->16;16x1x1-k1x1->16raw,1x32x32,LOGIT[16],1,1,1,1,1,"9,352,1368,16","360,120,2,2",484,48248,2126488,"3269,42269,2765,61",48367,48248,"3269,42269,2765,61",48367,48248,0,0,0,0,0,0,0,True,True,True,True,0,verilator,5.028,0,20260929,37bdfbaacba1dc000701ad690b261df81455d7636899da8f14a207513c831280,c2356f8641370e16f192d095b175e544167665da,False,shard_0000_0020,build/shapes/20260929/runs/c2356f864137-37bdfbaacba1/verilator,shapes_rtl_logs_c2356f864137-37bdfbaacba1.tar.xz,909826df73fdbe23d78585362039ea5b2be5128fe23d7fbcc3bdd50446261724
2026-09-29T06:14:27+00:00,c2356f8641370e16f192d095b175e544167665da,False,,,,shapes,J0004,,rtl_sim,,1,4,conv_pool,1,0,,15x17x15-k2x2->61pn,15x17x15,61x8x7,0,1,1,1,0,60,256,256,15360,819840,15389,15392,15360,15389,15392,15360,0,0,0,0,0,0,0,True,True,True,True,0,verilator,5.028,0,20260929,37bdfbaacba1dc000701ad690b261df81455d7636899da8f14a207513c831280,c2356f8641370e16f192d095b175e544167665da,False,shard_0000_0020,build/shapes/20260929/runs/c2356f864137-37bdfbaacba1/verilator,shapes_rtl_logs_c2356f864137-37bdfbaacba1.tar.xz,909826df73fdbe23d78585362039ea5b2be5128fe23d7fbcc3bdd50446261724
2026-09-29T06:14:27+00:00,c2356f8641370e16f192d095b175e544167665da,False,,,,shapes,J0005,,rtl_sim,,1,5,conv_pool,1,0,,23x34x4-k5x1->75p,23x34x4,75x15x2,0,1,1,1,0,115,300,300,34500,1035000,34529,34532,34500,34529,34532,34500,0,0,0,0,0,0,0,True,True,True,True,0,verilator,5.028,0,20260929,37bdfbaacba1dc000701ad690b261df81455d7636899da8f14a207513c831280,c2356f8641370e16f192d095b175e544167665da,False,shard_0000_0020,build/shapes/20260929/runs/c2356f864137-37bdfbaacba1/verilator,shapes_rtl_logs_c2356f864137-37bdfbaacba1.tar.xz,909826df73fdbe23d78585362039ea5b2be5128fe23d7fbcc3bdd50446261724
2026-09-29T06:14:27+00:00,c2356f8641370e16f192d095b175e544167665da,False,,,,shapes,J0006,,rtl_sim,,1,6,tails,2,0,,23x4x21-k3x1->22;22x2x21-k2x2->55n,23x4x21,55x1x20,0,0,1,1,0,"69,88","18,21",39,3090,160556,"1271,1877",3151,3090,"1271,1877",3151,3090,0,0,0,0,0,0,0,True,True,True,True,0,verilator,5.028,0,20260929,37bdfbaacba1dc000701ad690b261df81455d7636899da8f14a207513c831280,c2356f8641370e16f192d095b175e544167665da,False,shard_0000_0020,build/shapes/20260929/runs/c2356f864137-37bdfbaacba1/verilator,shapes_rtl_logs_c2356f864137-37bdfbaacba1.tar.xz,909826df73fdbe23d78585362039ea5b2be5128fe23d7fbcc3bdd50446261724
2026-09-29T06:14:27+00:00,c2356f8641370e16f192d095b175e544167665da,False,,,,shapes,J0007,,rtl_sim,,1,7,fc,2,0,,361x1x1-k1x1->76n;76x1x1-k1x1->12raw,361x1x1,LOGIT[12],1,0,1,1,1,"361,76","10,2",12,3762,28348,"3639,181",3823,3762,"3639,181",3823,3762,0,0,0,0,0,0,0,True,True,True,True,0,verilator,5.028,0,20260929,37bdfbaacba1dc000701ad690b261df81455d7636899da8f14a207513c831280,c2356f8641370e16f192d095b175e544167665da,False,shard_0000_0020,build/shapes/20260929/runs/c2356f864137-37bdfbaacba1/verilator,shapes_rtl_logs_c2356f864137-37bdfbaacba1.tar.xz,909826df73fdbe23d78585362039ea5b2be5128fe23d7fbcc3bdd50446261724
2026-09-29T06:14:27+00:00,c2356f8641370e16f192d095b175e544167665da,False,,,,shapes,J0008,,rtl_sim,,1,8,netlike,6,0,,1x32x32-k5x5->5p;5x14x14-k3x3->16p;16x6x6-k6x6->19;19x1x1-k1x1->27;27x1x1-k1x1->40;40x1x1-k1x1->16raw,1x32x32,LOGIT[16],1,1,1,1,1,"25,45,576,19,27,40","112,48,3,4,5,2",174,6979,214857,"2829,2189,1757,105,164,109",7156,6979,"2829,2189,1757,105,164,109",7156,6979,0,0,0,0,0,0,0,True,True,True,True,0,verilator,5.028,1,20260929,37bdfbaacba1dc000701ad690b261df81455d7636899da8f14a207513c831280,c2356f8641370e16f192d095b175e544167665da,False,shard_0000_0020,build/shapes/20260929/runs/c2356f864137-37bdfbaacba1/verilator,shapes_rtl_logs_c2356f864137-37bdfbaacba1.tar.xz,909826df73fdbe23d78585362039ea5b2be5128fe23d7fbcc3bdd50446261724
2026-09-29T06:14:27+00:00,c2356f8641370e16f192d095b175e544167665da,False,,,,shapes,J0009,,rtl_sim,,1,9,tails,1,0,,7x20x10-k8x8->37,7x20x10,37x13x3,0,0,1,1,0,448,65,65,29120,646464,29149,29152,29120,29149,29152,29120,0,0,0,0,0,0,0,True,True,True,True,0,verilator,5.028,0,20260929,37bdfbaacba1dc000701ad690b261df81455d7636899da8f14a207513c831280,c2356f8641370e16f192d095b175e544167665da,False,shard_0000_0020,build/shapes/20260929/runs/c2356f864137-37bdfbaacba1/verilator,shapes_rtl_logs_c2356f864137-37bdfbaacba1.tar.xz,909826df73fdbe23d78585362039ea5b2be5128fe23d7fbcc3bdd50446261724
2026-09-29T06:14:27+00:00,c2356f8641370e16f192d095b175e544167665da,False,,,,shapes,J0010,,rtl_sim,,1,10,head_raw,1,0,,43x6x3-k6x3->6raw,43x6x3,LOGIT[6],1,0,1,1,1,774,1,1,774,4644,803,806,774,803,806,774,0,0,0,0,0,0,0,True,True,True,True,0,verilator,5.028,0,20260929,37bdfbaacba1dc000701ad690b261df81455d7636899da8f14a207513c831280,c2356f8641370e16f192d095b175e544167665da,False,shard_0000_0020,build/shapes/20260929/runs/c2356f864137-37bdfbaacba1/verilator,shapes_rtl_logs_c2356f864137-37bdfbaacba1.tar.xz,909826df73fdbe23d78585362039ea5b2be5128fe23d7fbcc3bdd50446261724
2026-09-29T06:14:27+00:00,c2356f8641370e16f192d095b175e544167665da,False,,,,shapes,J0011,,rtl_sim,,1,11,conv,1,0,,4x20x46-k8x8->36,4x20x46,36x13x39,0,0,1,1,0,256,325,325,83200,4672512,83229,83232,83200,83229,83232,83200,0,0,0,0,0,0,0,True,True,True,True,0,verilator,5.028,0,20260929,37bdfbaacba1dc000701ad690b261df81455d7636899da8f14a207513c831280,c2356f8641370e16f192d095b175e544167665da,False,shard_0000_0020,build/shapes/20260929/runs/c2356f864137-37bdfbaacba1/verilator,shapes_rtl_logs_c2356f864137-37bdfbaacba1.tar.xz,909826df73fdbe23d78585362039ea5b2be5128fe23d7fbcc3bdd50446261724
2026-09-29T06:14:27+00:00,c2356f8641370e16f192d095b175e544167665da,False,,,,shapes,J0012,,rtl_sim,,1,12,tiny,1,0,,40x6x7-k6x7->18,40x6x7,18x1x1,0,0,1,1,1,1680,3,3,5040,30240,5069,5072,5040,5069,5072,5040,0,0,0,0,0,0,0,True,True,True,True,0,verilator,5.028,0,20260929,37bdfbaacba1dc000701ad690b261df81455d7636899da8f14a207513c831280,c2356f8641370e16f192d095b175e544167665da,False,shard_0000_0020,build/shapes/20260929/runs/c2356f864137-37bdfbaacba1/verilator,shapes_rtl_logs_c2356f864137-37bdfbaacba1.tar.xz,909826df73fdbe23d78585362039ea5b2be5128fe23d7fbcc3bdd50446261724
2026-09-29T06:14:27+00:00,c2356f8641370e16f192d095b175e544167665da,False,,,,shapes,J0013,,rtl_sim,,1,13,depth7_8,7,0,,30x8x26-k1x1->14;14x8x26-k1x1->31;31x8x26-k3x3->25n;25x6x24-k3x3->19;19x4x22-k3x3->26;26x2x20-k2x2->30;30x1x19-k1x1->10,30x8x26,10x1x19,0,0,1,1,0,"30,14,279,225,171,104,30","64,128,72,36,24,12,6",342,37432,1801052,"1949,1821,20117,8129,4133,1277,209",37638,37432,"1949,1821,20117,8129,4133,1277,209",37638,37432,0,0,0,0,0,0,0,True,True,True,True,0,verilator,5.028,0,20260929,37bdfbaacba1dc000701ad690b261df81455d7636899da8f14a207513c831280,c2356f8641370e16f192d095b175e544167665da,False,shard_0000_0020,build/shapes/20260929/runs/c2356f864137-37bdfbaacba1/verilator,shapes_rtl_logs_c2356f864137-37bdfbaacba1.tar.xz,909826df73fdbe23d78585362039ea5b2be5128fe23d7fbcc3bdd50446261724
2026-09-29T06:14:27+00:00,c2356f8641370e16f192d095b175e544167665da,False,,,,shapes,J0014,,rtl_sim,,1,14,tails,2,0,,16x2x21-k2x2->37;37x1x20-k1x1->19,16x2x21,19x1x20,0,0,1,1,0,"64,37","15,9",24,1293,61420,"989,362",1354,1293,"989,362",1354,1293,0,0,0,0,0,0,0,True,True,True,True,0,verilator,5.028,0,20260929,37bdfbaacba1dc000701ad690b261df81455d7636899da8f14a207513c831280,c2356f8641370e16f192d095b175e544167665da,False,shard_0000_0020,build/shapes/20260929/runs/c2356f864137-37bdfbaacba1/verilator,shapes_rtl_logs_c2356f864137-37bdfbaacba1.tar.xz,909826df73fdbe23d78585362039ea5b2be5128fe23d7fbcc3bdd50446261724
2026-09-29T06:14:27+00:00,c2356f8641370e16f192d095b175e544167665da,False,,,,shapes,J0015,,rtl_sim,,1,15,large,1,0,,19x34x32-k5x5->39p,19x34x32,39x15x14,0,1,1,1,0,475,600,600,285000,15561000,285029,285032,285000,285029,285032,285000,0,0,0,0,0,0,0,True,True,True,True,0,verilator,5.028,0,20260929,37bdfbaacba1dc000701ad690b261df81455d7636899da8f14a207513c831280,c2356f8641370e16f192d095b175e544167665da,False,shard_0000_0020,build/shapes/20260929/runs/c2356f864137-37bdfbaacba1/verilator,shapes_rtl_logs_c2356f864137-37bdfbaacba1.tar.xz,909826df73fdbe23d78585362039ea5b2be5128fe23d7fbcc3bdd50446261724
2026-09-29T06:14:27+00:00,c2356f8641370e16f192d095b175e544167665da,False,,,,shapes,J0016,,rtl_sim,,1,16,tails,1,0,,29x17x19-k3x3->31,29x17x19,31x15x17,0,0,1,1,0,261,180,180,46980,2063205,47009,47012,46980,47009,47012,46980,0,0,0,0,0,0,0,True,True,True,True,0,verilator,5.028,0,20260929,37bdfbaacba1dc000701ad690b261df81455d7636899da8f14a207513c831280,c2356f8641370e16f192d095b175e544167665da,False,shard_0000_0020,build/shapes/20260929/runs/c2356f864137-37bdfbaacba1/verilator,shapes_rtl_logs_c2356f864137-37bdfbaacba1.tar.xz,909826df73fdbe23d78585362039ea5b2be5128fe23d7fbcc3bdd50446261724
2026-09-29T06:14:27+00:00,c2356f8641370e16f192d095b175e544167665da,False,,,,shapes,J0017,,rtl_sim,,1,17,conv_pool,1,0,,31x9x4-k8x1->18p,31x9x4,18x1x2,0,1,1,1,0,248,6,6,1488,35712,1517,1520,1488,1517,1520,1488,0,0,0,0,0,0,0,True,True,True,True,0,verilator,5.028,0,20260929,37bdfbaacba1dc000701ad690b261df81455d7636899da8f14a207513c831280,c2356f8641370e16f192d095b175e544167665da,False,shard_0000_0020,build/shapes/20260929/runs/c2356f864137-37bdfbaacba1/verilator,shapes_rtl_logs_c2356f864137-37bdfbaacba1.tar.xz,909826df73fdbe23d78585362039ea5b2be5128fe23d7fbcc3bdd50446261724
2026-09-29T06:14:27+00:00,c2356f8641370e16f192d095b175e544167665da,False,,,,shapes,J0018,,rtl_sim,,1,18,conv_pool,1,0,,3x12x20-k1x5->59p,3x12x20,59x6x8,0,1,1,0,0,15,192,192,2880,169920,2909,2912,2880,2909,2912,2880,0,0,0,0,0,0,0,True,True,True,True,0,verilator,5.028,0,20260929,37bdfbaacba1dc000701ad690b261df81455d7636899da8f14a207513c831280,c2356f8641370e16f192d095b175e544167665da,False,shard_0000_0020,build/shapes/20260929/runs/c2356f864137-37bdfbaacba1/verilator,shapes_rtl_logs_c2356f864137-37bdfbaacba1.tar.xz,909826df73fdbe23d78585362039ea5b2be5128fe23d7fbcc3bdd50446261724
2026-09-29T06:14:27+00:00,c2356f8641370e16f192d095b175e544167665da,False,,,,shapes,J0019,,rtl_sim,,1,19,head_raw,1,0,,61x4x6-k4x6->10raw,61x4x6,LOGIT[10],1,0,1,1,1,1464,2,2,2928,14640,2957,2960,2928,2957,2960,2928,0,0,0,0,0,0,0,True,True,True,True,0,verilator,5.028,0,20260929,37bdfbaacba1dc000701ad690b261df81455d7636899da8f14a207513c831280,c2356f8641370e16f192d095b175e544167665da,False,shard_0000_0020,build/shapes/20260929/runs/c2356f864137-37bdfbaacba1/verilator,shapes_rtl_logs_c2356f864137-37bdfbaacba1.tar.xz,909826df73fdbe23d78585362039ea5b2be5128fe23d7fbcc3bdd50446261724
2026-09-29T06:14:27+00:00,c2356f8641370e16f192d095b175e544167665da,False,,,,shapes,J0020,,rtl_sim,,1,20,depth4_6,4,0,,8x15x8-k4x4->53;53x12x5-k5x5->34n;34x8x1-k1x1->56n;56x8x1-k1x1->29,8x15x8,29x8x1,0,0,1,1,0,"128,1325,34,56","84,40,56,32",212,67448,795664,"10781,53029,1933,1821",67567,67448,"10781,53029,1933,1821",67567,67448,0,0,0,0,0,0,0,True,True,True,True,0,verilator,5.028,0,20260929,37bdfbaacba1dc000701ad690b261df81455d7636899da8f14a207513c831280,c2356f8641370e16f192d095b175e544167665da,False,shard_0020_0040,build/shapes/20260929/runs/c2356f864137-37bdfbaacba1/verilator,shapes_rtl_logs_c2356f864137-37bdfbaacba1.tar.xz,909826df73fdbe23d78585362039ea5b2be5128fe23d7fbcc3bdd50446261724
2026-09-29T06:14:27+00:00,c2356f8641370e16f192d095b175e544167665da,False,,,,shapes,J0021,,rtl_sim,,1,21,refuse,3,1,pool_odd_OH,8x15x14-k7x2->16;16x9x13-k5x2->12;12x5x12-k1x1->4p,8x15x14,4x2x6,0,1,1,1,0,"112,160,12",,,,,,3,0,,3,0,0,0,0,0,0,258,258,True,,True,True,0,verilator,5.028,1,20260929,37bdfbaacba1dc000701ad690b261df81455d7636899da8f14a207513c831280,c2356f8641370e16f192d095b175e544167665da,False,shard_0020_0040,build/shapes/20260929/runs/c2356f864137-37bdfbaacba1/verilator,shapes_rtl_logs_c2356f864137-37bdfbaacba1.tar.xz,909826df73fdbe23d78585362039ea5b2be5128fe23d7fbcc3bdd50446261724
2026-09-29T06:14:27+00:00,c2356f8641370e16f192d095b175e544167665da,False,,,,shapes,J0022,,rtl_sim,,1,22,depth7_8,7,0,,18x36x7-k3x5->18;18x34x3-k1x1->26;26x34x3-k3x3->28;28x32x1-k1x1->10;10x32x1-k1x1->17n;17x32x1-k1x1->25;25x32x1-k1x1->32n,18x36x7,32x32x1,0,0,1,1,0,"270,18,234,28,10,17,25","102,136,128,64,96,128,128",782,68068,806720,"27569,2477,29981,1821,989,2205,3229",68274,68068,"27569,2477,29981,1821,989,2205,3229",68274,68068,0,0,0,0,0,0,0,True,True,True,True,0,verilator,5.028,1,20260929,37bdfbaacba1dc000701ad690b261df81455d7636899da8f14a207513c831280,c2356f8641370e16f192d095b175e544167665da,False,shard_0020_0040,build/shapes/20260929/runs/c2356f864137-37bdfbaacba1/verilator,shapes_rtl_logs_c2356f864137-37bdfbaacba1.tar.xz,909826df73fdbe23d78585362039ea5b2be5128fe23d7fbcc3bdd50446261724
2026-09-29T06:14:27+00:00,c2356f8641370e16f192d095b175e544167665da,False,,,,shapes,J0023,,rtl_sim,,1,23,tiny,1,0,,1x7x15-k4x4->22,1x7x15,22x4x12,0,0,1,1,0,16,24,24,384,16896,413,416,384,413,416,384,0,0,0,0,0,0,0,True,True,True,True,0,verilator,5.028,0,20260929,37bdfbaacba1dc000701ad690b261df81455d7636899da8f14a207513c831280,c2356f8641370e16f192d095b175e544167665da,False,shard_0020_0040,build/shapes/20260929/runs/c2356f864137-37bdfbaacba1/verilator,shapes_rtl_logs_c2356f864137-37bdfbaacba1.tar.xz,909826df73fdbe23d78585362039ea5b2be5128fe23d7fbcc3bdd50446261724
2026-09-29T06:14:27+00:00,c2356f8641370e16f192d095b175e544167665da,False,,,,shapes,J0024,,rtl_sim,,1,24,tiny,1,0,,3x7x5-k1x3->9,3x7x5,9x7x3,0,0,1,1,0,9,14,14,126,1701,155,158,126,155,158,126,0,0,0,0,0,0,0,True,True,True,True,0,verilator,5.028,1,20260929,37bdfbaacba1dc000701ad690b261df81455d7636899da8f14a207513c831280,c2356f8641370e16f192d095b175e544167665da,False,shard_0020_0040,build/shapes/20260929/runs/c2356f864137-37bdfbaacba1/verilator,shapes_rtl_logs_c2356f864137-37bdfbaacba1.tar.xz,909826df73fdbe23d78585362039ea5b2be5128fe23d7fbcc3bdd50446261724
2026-09-29T06:14:27+00:00,c2356f8641370e16f192d095b175e544167665da,False,,,,shapes,J0025,,rtl_sim,,1,25,tiny,1,0,,2x14x18-k3x3->3,2x14x18,3x12x16,0,0,1,0,0,18,24,24,432,10368,461,464,432,461,464,432,0,0,0,0,0,0,0,True,True,True,True,0,verilator,5.028,0,20260929,37bdfbaacba1dc000701ad690b261df81455d7636899da8f14a207513c831280,c2356f8641370e16f192d095b175e544167665da,False,shard_0020_0040,build/shapes/20260929/runs/c2356f864137-37bdfbaacba1/verilator,shapes_rtl_logs_c2356f864137-37bdfbaacba1.tar.xz,909826df73fdbe23d78585362039ea5b2be5128fe23d7fbcc3bdd50446261724
2026-09-29T06:14:27+00:00,c2356f8641370e16f192d095b175e544167665da,False,,,,shapes,J0026,,rtl_sim,,1,26,conv_pool,1,0,,45x8x34-k3x3->8p,45x8x34,8x3x16,0,1,0,0,0,405,24,24,9720,622080,9749,9752,9720,9749,9752,9720,0,0,0,0,0,0,0,True,True,True,True,0,verilator,5.028,0,20260929,37bdfbaacba1dc000701ad690b261df81455d7636899da8f14a207513c831280,c2356f8641370e16f192d095b175e544167665da,False,shard_0020_0040,build/shapes/20260929/runs/c2356f864137-37bdfbaacba1/verilator,shapes_rtl_logs_c2356f864137-37bdfbaacba1.tar.xz,909826df73fdbe23d78585362039ea5b2be5128fe23d7fbcc3bdd50446261724
2026-09-29T06:14:27+00:00,c2356f8641370e16f192d095b175e544167665da,False,,,,shapes,J0027,,rtl_sim,,1,27,depth4_6,5,0,,11x28x40-k5x5->17;17x24x36-k1x1->53p;53x12x18-k4x3->41;41x9x16-k6x6->36;36x4x11-k2x2->43,11x28x40,43x3x10,0,1,1,1,0,"275,17,636,1476,144","360,840,108,40,36",1384,246192,11096352,"99029,14309,68717,59069,5213",246340,246192,"99029,14309,68717,59069,5213",246340,246192,0,0,0,0,0,0,0,True,True,True,True,0,verilator,5.028,0,20260929,37bdfbaacba1dc000701ad690b261df81455d7636899da8f14a207513c831280,c2356f8641370e16f192d095b175e544167665da,False,shard_0020_0040,build/shapes/20260929/runs/c2356f864137-37bdfbaacba1/verilator,shapes_rtl_logs_c2356f864137-37bdfbaacba1.tar.xz,909826df73fdbe23d78585362039ea5b2be5128fe23d7fbcc3bdd50446261724
2026-09-29T06:14:27+00:00,c2356f8641370e16f192d095b175e544167665da,False,,,,shapes,J0028,,rtl_sim,,1,28,fc,2,0,,334x1x1-k1x1->30;30x1x1-k1x1->4raw,334x1x1,LOGIT[4],1,0,1,1,1,"334,30","4,1",5,1366,10140,"1365,59",1427,1366,"1365,59",1427,1366,0,0,0,0,0,0,0,True,True,True,True,0,verilator,5.028,0,20260929,37bdfbaacba1dc000701ad690b261df81455d7636899da8f14a207513c831280,c2356f8641370e16f192d095b175e544167665da,False,shard_0020_0040,build/shapes/20260929/runs/c2356f864137-37bdfbaacba1/verilator,shapes_rtl_logs_c2356f864137-37bdfbaacba1.tar.xz,909826df73fdbe23d78585362039ea5b2be5128fe23d7fbcc3bdd50446261724
2026-09-29T06:14:27+00:00,c2356f8641370e16f192d095b175e544167665da,False,,,,shapes,J0029,,rtl_sim,,1,29,depth4_6,4,0,,32x6x5-k4x5->48n;48x3x1-k1x1->34;34x3x1-k3x1->47;47x1x1-k1x1->16raw,32x6x5,LOGIT[16],1,0,1,1,1,"640,48,102,47","18,15,6,2",41,12946,102602,"11549,749,641,123",13065,12946,"11549,749,641,123",13065,12946,0,0,0,0,0,0,0,True,True,True,True,0,verilator,5.028,0,20260929,37bdfbaacba1dc000701ad690b261df81455d7636899da8f14a207513c831280,c2356f8641370e16f192d095b175e544167665da,False,shard_0020_0040,build/shapes/20260929/runs/c2356f864137-37bdfbaacba1/verilator,shapes_rtl_logs_c2356f864137-37bdfbaacba1.tar.xz,909826df73fdbe23d78585362039ea5b2be5128fe23d7fbcc3bdd50446261724
2026-09-29T06:14:27+00:00,c2356f8641370e16f192d095b175e544167665da,False,,,,shapes,J0030,,rtl_sim,,1,30,pointwise,1,0,,67x6x76-k1x1->5p,67x6x76,5x3x38,0,1,1,1,0,67,60,60,4020,152760,4049,4052,4020,4049,4052,4020,0,0,0,0,0,0,0,True,True,True,True,0,verilator,5.028,0,20260929,37bdfbaacba1dc000701ad690b261df81455d7636899da8f14a207513c831280,c2356f8641370e16f192d095b175e544167665da,False,shard_0020_0040,build/shapes/20260929/runs/c2356f864137-37bdfbaacba1/verilator,shapes_rtl_logs_c2356f864137-37bdfbaacba1.tar.xz,909826df73fdbe23d78585362039ea5b2be5128fe23d7fbcc3bdd50446261724
2026-09-29T06:14:27+00:00,c2356f8641370e16f192d095b175e544167665da,False,,,,shapes,J0031,,rtl_sim,,1,31,depth2_3,3,0,,10x16x32-k4x4->66;66x13x29-k3x3->33;33x11x27-k7x7->27,10x16x32,27x5x21,0,0,1,1,0,"160,594,1617","468,220,60",748,302580,14387109,"74909,130709,97049",302670,302580,"74909,130709,97049",302670,302580,0,0,0,0,0,0,0,True,True,True,True,0,verilator,5.028,0,20260929,37bdfbaacba1dc000701ad690b261df81455d7636899da8f14a207513c831280,c2356f8641370e16f192d095b175e544167665da,False,shard_0020_0040,build/shapes/20260929/runs/c2356f864137-37bdfbaacba1/verilator,shapes_rtl_logs_c2356f864137-37bdfbaacba1.tar.xz,909826df73fdbe23d78585362039ea5b2be5128fe23d7fbcc3bdd50446261724
2026-09-29T06:14:27+00:00,c2356f8641370e16f192d095b175e544167665da,False,,,,shapes,J0032,,rtl_sim,,1,32,refuse,2,1,pool_odd_OW,13x20x11-k2x8->9;9x19x4-k2x2->4p,13x20x11,4x9x1,0,1,1,1,0,"208,36",,,,,,3,0,,3,0,0,0,0,0,0,513,513,True,,True,True,0,verilator,5.028,1,20260929,37bdfbaacba1dc000701ad690b261df81455d7636899da8f14a207513c831280,c2356f8641370e16f192d095b175e544167665da,False,shard_0020_0040,build/shapes/20260929/runs/c2356f864137-37bdfbaacba1/verilator,shapes_rtl_logs_c2356f864137-37bdfbaacba1.tar.xz,909826df73fdbe23d78585362039ea5b2be5128fe23d7fbcc3bdd50446261724
2026-09-29T06:14:27+00:00,c2356f8641370e16f192d095b175e544167665da,False,,,,shapes,J0033,,rtl_sim,,1,33,conv,1,0,,48x12x41-k2x2->14,48x12x41,14x11x40,0,0,1,0,0,192,110,110,21120,1182720,21149,21152,21120,21149,21152,21120,0,0,0,0,0,0,0,True,True,True,True,0,verilator,5.028,0,20260929,37bdfbaacba1dc000701ad690b261df81455d7636899da8f14a207513c831280,c2356f8641370e16f192d095b175e544167665da,False,shard_0020_0040,build/shapes/20260929/runs/c2356f864137-37bdfbaacba1/verilator,shapes_rtl_logs_c2356f864137-37bdfbaacba1.tar.xz,909826df73fdbe23d78585362039ea5b2be5128fe23d7fbcc3bdd50446261724
2026-09-29T06:14:27+00:00,c2356f8641370e16f192d095b175e544167665da,False,,,,shapes,J0034,,rtl_sim,,1,34,depth2_3,2,0,,30x14x43-k7x7->13;13x8x37-k8x8->36,30x14x43,36x1x30,0,0,1,1,0,"1470,832","80,20",100,134240,6555120,"117629,16669",134301,134240,"117629,16669",134301,134240,0,0,0,0,0,0,0,True,True,True,True,0,verilator,5.028,0,20260929,37bdfbaacba1dc000701ad690b261df81455d7636899da8f14a207513c831280,c2356f8641370e16f192d095b175e544167665da,False,shard_0020_0040,build/shapes/20260929/runs/c2356f864137-37bdfbaacba1/verilator,shapes_rtl_logs_c2356f864137-37bdfbaacba1.tar.xz,909826df73fdbe23d78585362039ea5b2be5128fe23d7fbcc3bdd50446261724
2026-09-29T06:14:27+00:00,c2356f8641370e16f192d095b175e544167665da,False,,,,shapes,J0035,,rtl_sim,,1,35,netlike,4,0,,5x32x32-k5x5->42p;42x14x14-k5x5->11p;11x5x5-k5x5->16;16x1x1-k1x1->4raw,5x32x32,LOGIT[4],1,1,1,1,1,"125,1050,275,16","672,40,2,1",715,126566,5275464,"84029,42029,579,45",126685,126566,"84029,42029,579,45",126685,126566,0,0,0,0,0,0,0,True,True,True,True,0,verilator,5.028,0,20260929,37bdfbaacba1dc000701ad690b261df81455d7636899da8f14a207513c831280,c2356f8641370e16f192d095b175e544167665da,False,shard_0020_0040,build/shapes/20260929/runs/c2356f864137-37bdfbaacba1/verilator,shapes_rtl_logs_c2356f864137-37bdfbaacba1.tar.xz,909826df73fdbe23d78585362039ea5b2be5128fe23d7fbcc3bdd50446261724
2026-09-29T06:14:27+00:00,c2356f8641370e16f192d095b175e544167665da,False,,,,shapes,J0036,,rtl_sim,,1,36,depth2_3,2,0,,9x35x9-k7x3->13;13x29x7-k5x5->49,9x35x9,49x25x3,0,0,1,1,0,"189,325","58,175",233,67837,1693146,"10991,56904",67898,67837,"10991,56904",67898,67837,0,0,0,0,0,0,0,True,True,True,True,0,verilator,5.028,0,20260929,37bdfbaacba1dc000701ad690b261df81455d7636899da8f14a207513c831280,c2356f8641370e16f192d095b175e544167665da,False,shard_0020_0040,build/shapes/20260929/runs/c2356f864137-37bdfbaacba1/verilator,shapes_rtl_logs_c2356f864137-37bdfbaacba1.tar.xz,909826df73fdbe23d78585362039ea5b2be5128fe23d7fbcc3bdd50446261724
2026-09-29T06:14:27+00:00,c2356f8641370e16f192d095b175e544167665da,False,,,,shapes,J0037,,rtl_sim,,1,37,conv_pool,1,0,,35x13x67-k4x4->6p,35x13x67,6x5x32,0,1,1,0,0,560,80,80,44800,2150400,44829,44832,44800,44829,44832,44800,0,0,0,0,0,0,0,True,True,True,True,0,verilator,5.028,0,20260929,37bdfbaacba1dc000701ad690b261df81455d7636899da8f14a207513c831280,c2356f8641370e16f192d095b175e544167665da,False,shard_0020_0040,build/shapes/20260929/runs/c2356f864137-37bdfbaacba1/verilator,shapes_rtl_logs_c2356f864137-37bdfbaacba1.tar.xz,909826df73fdbe23d78585362039ea5b2be5128fe23d7fbcc3bdd50446261724
2026-09-29T06:14:27+00:00,c2356f8641370e16f192d095b175e544167665da,False,,,,shapes,J0038,,rtl_sim,,1,38,conv,1,0,,41x6x49-k2x2->67,41x6x49,67x5x48,0,0,1,0,0,164,270,270,44280,2637120,44309,44312,44280,44309,44312,44280,0,0,0,0,0,0,0,True,True,True,True,0,verilator,5.028,0,20260929,37bdfbaacba1dc000701ad690b261df81455d7636899da8f14a207513c831280,c2356f8641370e16f192d095b175e544167665da,False,shard_0020_0040,build/shapes/20260929/runs/c2356f864137-37bdfbaacba1/verilator,shapes_rtl_logs_c2356f864137-37bdfbaacba1.tar.xz,909826df73fdbe23d78585362039ea5b2be5128fe23d7fbcc3bdd50446261724
2026-09-29T06:14:27+00:00,c2356f8641370e16f192d095b175e544167665da,False,,,,shapes,J0039,,rtl_sim,,1,39,depth7_8,8,0,,4x27x26-k5x5->12;12x23x22-k3x3->14;14x21x20-k3x3->22;22x19x18-k8x8->13n;13x12x11-k5x5->17;17x8x7-k5x5->18;18x4x3-k3x3->30n;30x2x1-k1x1->31,4x27x26,31x2x1,0,0,1,1,0,"100,108,126,1408,325,425,162,30","138,126,171,48,24,12,8,8",535,130974,5019172,"13829,13637,21575,67613,7829,5129,1325,269",131209,130974,"13829,13637,21575,67613,7829,5129,1325,269",131209,130974,0,0,0,0,0,0,0,True,True,True,True,0,verilator,5.028,0,20260929,37bdfbaacba1dc000701ad690b261df81455d7636899da8f14a207513c831280,c2356f8641370e16f192d095b175e544167665da,False,shard_0020_0040,build/shapes/20260929/runs/c2356f864137-37bdfbaacba1/verilator,shapes_rtl_logs_c2356f864137-37bdfbaacba1.tar.xz,909826df73fdbe23d78585362039ea5b2be5128fe23d7fbcc3bdd50446261724
2026-09-29T06:14:27+00:00,c2356f8641370e16f192d095b175e544167665da,False,,,,shapes,J0040,,rtl_sim,,1,40,tails,1,0,,16x1x21-k1x5->28,16x1x21,28x1x17,0,0,1,1,0,80,12,12,960,38080,989,992,960,989,992,960,0,0,0,0,0,0,0,True,True,True,True,0,verilator,5.028,0,20260929,37bdfbaacba1dc000701ad690b261df81455d7636899da8f14a207513c831280,c2356f8641370e16f192d095b175e544167665da,False,shard_0040_0060,build/shapes/20260929/runs/c2356f864137-37bdfbaacba1/verilator,shapes_rtl_logs_c2356f864137-37bdfbaacba1.tar.xz,909826df73fdbe23d78585362039ea5b2be5128fe23d7fbcc3bdd50446261724
2026-09-29T06:14:27+00:00,c2356f8641370e16f192d095b175e544167665da,False,,,,shapes,J0041,,rtl_sim,,1,41,conv_pool,1,0,,2x5x13-k2x2->91p,2x5x13,91x2x6,0,1,1,1,0,8,96,96,768,34944,797,800,768,797,800,768,0,0,0,0,0,0,0,True,True,True,True,0,verilator,5.028,1,20260929,37bdfbaacba1dc000701ad690b261df81455d7636899da8f14a207513c831280,c2356f8641370e16f192d095b175e544167665da,False,shard_0040_0060,build/shapes/20260929/runs/c2356f864137-37bdfbaacba1/verilator,shapes_rtl_logs_c2356f864137-37bdfbaacba1.tar.xz,909826df73fdbe23d78585362039ea5b2be5128fe23d7fbcc3bdd50446261724
2026-09-29T06:14:27+00:00,c2356f8641370e16f192d095b175e544167665da,False,,,,shapes,J0042,,rtl_sim,,1,42,refuse,1,1,K_lt_8,3x9x9-k2x1->4,3x9x9,4x8x9,0,0,1,1,0,6,,,,,,3,0,,3,0,0,0,0,0,0,768,768,True,,True,True,0,verilator,5.028,0,20260929,37bdfbaacba1dc000701ad690b261df81455d7636899da8f14a207513c831280,c2356f8641370e16f192d095b175e544167665da,False,shard_0040_0060,build/shapes/20260929/runs/c2356f864137-37bdfbaacba1/verilator,shapes_rtl_logs_c2356f864137-37bdfbaacba1.tar.xz,909826df73fdbe23d78585362039ea5b2be5128fe23d7fbcc3bdd50446261724
2026-09-29T06:14:27+00:00,c2356f8641370e16f192d095b175e544167665da,False,,,,shapes,J0043,,rtl_sim,,1,43,depth4_6,4,0,,7x35x28-k8x8->6;6x28x21-k3x5->32;32x26x17-k5x5->29;29x22x13-k5x5->18,7x35x28,18x18x9,0,0,1,1,0,"448,90,800,725","84,312,176,108",680,284812,11602804,"37661,28109,140829,78329",284931,284812,"37661,28109,140829,78329",284931,284812,0,0,0,0,0,0,0,True,True,True,True,0,verilator,5.028,0,20260929,37bdfbaacba1dc000701ad690b261df81455d7636899da8f14a207513c831280,c2356f8641370e16f192d095b175e544167665da,False,shard_0040_0060,build/shapes/20260929/runs/c2356f864137-37bdfbaacba1/verilator,shapes_rtl_logs_c2356f864137-37bdfbaacba1.tar.xz,909826df73fdbe23d78585362039ea5b2be5128fe23d7fbcc3bdd50446261724
2026-09-29T06:14:27+00:00,c2356f8641370e16f192d095b175e544167665da,False,,,,shapes,J0044,,rtl_sim,,1,44,head_raw,1,0,,65x8x2-k8x2->6raw,65x8x2,LOGIT[6],1,0,1,1,1,1040,1,1,1040,6240,1069,1072,1040,1069,1072,1040,0,0,0,0,0,0,0,True,True,True,True,0,verilator,5.028,0,20260929,37bdfbaacba1dc000701ad690b261df81455d7636899da8f14a207513c831280,c2356f8641370e16f192d095b175e544167665da,False,shard_0040_0060,build/shapes/20260929/runs/c2356f864137-37bdfbaacba1/verilator,shapes_rtl_logs_c2356f864137-37bdfbaacba1.tar.xz,909826df73fdbe23d78585362039ea5b2be5128fe23d7fbcc3bdd50446261724
2026-09-29T06:14:27+00:00,c2356f8641370e16f192d095b175e544167665da,False,,,,shapes,J0045,,rtl_sim,,1,45,pointwise,1,0,,111x4x57-k1x1->6,111x4x57,6x4x57,0,0,1,1,0,111,32,32,3552,151848,3581,3584,3552,3581,3584,3552,0,0,0,0,0,0,0,True,True,True,True,0,verilator,5.028,0,20260929,37bdfbaacba1dc000701ad690b261df81455d7636899da8f14a207513c831280,c2356f8641370e16f192d095b175e544167665da,False,shard_0040_0060,build/shapes/20260929/runs/c2356f864137-37bdfbaacba1/verilator,shapes_rtl_logs_c2356f864137-37bdfbaacba1.tar.xz,909826df73fdbe23d78585362039ea5b2be5128fe23d7fbcc3bdd50446261724
2026-09-29T06:14:27+00:00,c2356f8641370e16f192d095b175e544167665da,False,,,,shapes,J0046,,rtl_sim,,1,46,tails,2,0,,31x1x5-k1x3->50n;50x1x3-k1x1->29,31x1x5,29x1x3,0,0,1,1,0,"93,50","7,4",11,851,18300,"680,229",912,851,"680,229",912,851,0,0,0,0,0,0,0,True,True,True,True,0,verilator,5.028,0,20260929,37bdfbaacba1dc000701ad690b261df81455d7636899da8f14a207513c831280,c2356f8641370e16f192d095b175e544167665da,False,shard_0040_0060,build/shapes/20260929/runs/c2356f864137-37bdfbaacba1/verilator,shapes_rtl_logs_c2356f864137-37bdfbaacba1.tar.xz,909826df73fdbe23d78585362039ea5b2be5128fe23d7fbcc3bdd50446261724
2026-09-29T06:14:27+00:00,c2356f8641370e16f192d095b175e544167665da,False,,,,shapes,J0047,,rtl_sim,,1,47,large,1,0,,14x38x48-k3x3->60p,14x38x48,60x18x23,0,1,1,1,0,126,1728,1728,217728,12519360,217757,217760,217728,217757,217760,217728,0,0,0,0,0,0,0,True,True,True,True,0,verilator,5.028,1,20260929,37bdfbaacba1dc000701ad690b261df81455d7636899da8f14a207513c831280,c2356f8641370e16f192d095b175e544167665da,False,shard_0040_0060,build/shapes/20260929/runs/c2356f864137-37bdfbaacba1/verilator,shapes_rtl_logs_c2356f864137-37bdfbaacba1.tar.xz,909826df73fdbe23d78585362039ea5b2be5128fe23d7fbcc3bdd50446261724
2026-09-29T06:14:27+00:00,c2356f8641370e16f192d095b175e544167665da,False,,,,shapes,J0048,,rtl_sim,,1,48,large,1,0,,19x42x20-k5x5->82p,19x42x20,82x19x8,0,1,1,0,0,475,836,836,397100,23681600,397129,397132,397100,397129,397132,397100,0,0,0,0,0,0,0,True,True,True,True,0,verilator,5.028,0,20260929,37bdfbaacba1dc000701ad690b261df81455d7636899da8f14a207513c831280,c2356f8641370e16f192d095b175e544167665da,False,shard_0040_0060,build/shapes/20260929/runs/c2356f864137-37bdfbaacba1/verilator,shapes_rtl_logs_c2356f864137-37bdfbaacba1.tar.xz,909826df73fdbe23d78585362039ea5b2be5128fe23d7fbcc3bdd50446261724
2026-09-29T06:14:27+00:00,c2356f8641370e16f192d095b175e544167665da,False,,,,shapes,J0049,,rtl_sim,,1,49,conv,1,0,,18x17x70-k2x2->6n,18x17x70,6x16x69,0,0,1,1,0,72,144,144,10368,476928,10397,10400,10368,10397,10400,10368,0,0,0,0,0,0,0,True,True,True,True,0,verilator,5.028,0,20260929,37bdfbaacba1dc000701ad690b261df81455d7636899da8f14a207513c831280,c2356f8641370e16f192d095b175e544167665da,False,shard_0040_0060,build/shapes/20260929/runs/c2356f864137-37bdfbaacba1/verilator,shapes_rtl_logs_c2356f864137-37bdfbaacba1.tar.xz,909826df73fdbe23d78585362039ea5b2be5128fe23d7fbcc3bdd50446261724
2026-09-29T06:14:27+00:00,c2356f8641370e16f192d095b175e544167665da,False,,,,shapes,J0050,,rtl_sim,,1,50,large,1,0,,30x28x22-k5x5->53,30x28x22,53x24x18,0,0,1,1,0,750,504,504,378000,17172000,378029,378032,378000,378029,378032,378000,0,0,0,0,0,0,0,True,True,True,True,0,verilator,5.028,1,20260929,37bdfbaacba1dc000701ad690b261df81455d7636899da8f14a207513c831280,c2356f8641370e16f192d095b175e544167665da,False,shard_0040_0060,build/shapes/20260929/runs/c2356f864137-37bdfbaacba1/verilator,shapes_rtl_logs_c2356f864137-37bdfbaacba1.tar.xz,909826df73fdbe23d78585362039ea5b2be5128fe23d7fbcc3bdd50446261724
2026-09-29T06:14:28+00:00,c2356f8641370e16f192d095b175e544167665da,False,,,,shapes,J0051,,rtl_sim,,1,51,depth7_8,8,0,,6x40x24-k7x7->26;26x34x18-k1x1->9p;9x17x9-k3x3->19;19x15x7-k3x3->30;30x13x5-k4x3->12;12x10x3-k1x1->18n;18x10x3-k3x3->22;22x8x1-k1x1->14,6x40x24,14x8x1,0,1,1,1,0,"294,26,81,171,360,12,162,22","408,204,45,52,20,30,24,16",799,149593,5483437,"119981,5333,3674,8921,7229,389,3917,381",149828,149593,"119981,5333,3674,8921,7229,389,3917,381",149828,149593,0,0,0,0,0,0,0,True,True,True,True,0,verilator,5.028,0,20260929,37bdfbaacba1dc000701ad690b261df81455d7636899da8f14a207513c831280,c2356f8641370e16f192d095b175e544167665da,False,shard_0040_0060,build/shapes/20260929/runs/c2356f864137-37bdfbaacba1/verilator,shapes_rtl_logs_c2356f864137-37bdfbaacba1.tar.xz,909826df73fdbe23d78585362039ea5b2be5128fe23d7fbcc3bdd50446261724
2026-09-29T06:14:28+00:00,c2356f8641370e16f192d095b175e544167665da,False,,,,shapes,J0052,,rtl_sim,,1,52,depth4_6,5,0,,13x11x27-k3x3->26;26x9x25-k1x1->36;36x9x25-k5x5->15;15x5x21-k1x1->50;50x5x21-k1x3->5,13x11x27,5x5x19,0,0,1,1,0,"117,26,900,15,150","144,180,30,105,15",474,52353,2462550,"16877,4709,27029,1604,2279",52501,52353,"16877,4709,27029,1604,2279",52501,52353,0,0,0,0,0,0,0,True,True,True,True,0,verilator,5.028,0,20260929,37bdfbaacba1dc000701ad690b261df81455d7636899da8f14a207513c831280,c2356f8641370e16f192d095b175e544167665da,False,shard_0040_0060,build/shapes/20260929/runs/c2356f864137-37bdfbaacba1/verilator,shapes_rtl_logs_c2356f864137-37bdfbaacba1.tar.xz,909826df73fdbe23d78585362039ea5b2be5128fe23d7fbcc3bdd50446261724
2026-09-29T06:14:28+00:00,c2356f8641370e16f192d095b175e544167665da,False,,,,shapes,J0053,,rtl_sim,,1,53,head_raw,1,0,,37x5x6-k5x6->6raw,37x5x6,LOGIT[6],1,0,1,1,1,1110,1,1,1110,6660,1139,1142,1110,1139,1142,1110,0,0,0,0,0,0,0,True,True,True,True,0,verilator,5.028,0,20260929,37bdfbaacba1dc000701ad690b261df81455d7636899da8f14a207513c831280,c2356f8641370e16f192d095b175e544167665da,False,shard_0040_0060,build/shapes/20260929/runs/c2356f864137-37bdfbaacba1/verilator,shapes_rtl_logs_c2356f864137-37bdfbaacba1.tar.xz,909826df73fdbe23d78585362039ea5b2be5128fe23d7fbcc3bdd50446261724
2026-09-29T06:14:28+00:00,c2356f8641370e16f192d095b175e544167665da,False,,,,shapes,J0054,,rtl_sim,,1,54,depth2_3,2,0,,8x11x13-k4x4->12p;12x4x5-k3x3->27,8x11x13,27x2x3,0,1,1,1,0,"128,108","32,8",40,4960,140376,"4125,893",5021,4960,"4125,893",5021,4960,0,0,0,0,0,0,0,True,True,True,True,0,verilator,5.028,0,20260929,37bdfbaacba1dc000701ad690b261df81455d7636899da8f14a207513c831280,c2356f8641370e16f192d095b175e544167665da,False,shard_0040_0060,build/shapes/20260929/runs/c2356f864137-37bdfbaacba1/verilator,shapes_rtl_logs_c2356f864137-37bdfbaacba1.tar.xz,909826df73fdbe23d78585362039ea5b2be5128fe23d7fbcc3bdd50446261724
2026-09-29T06:14:28+00:00,c2356f8641370e16f192d095b175e544167665da,False,,,,shapes,J0055,,rtl_sim,,1,55,tails,2,0,,17x6x11-k5x5->21;21x2x7-k1x1->35n,17x6x11,35x2x7,0,0,1,1,0,"425,21","6,10",16,2760,135240,"2579,239",2821,2760,"2579,239",2821,2760,0,0,0,0,0,0,0,True,True,True,True,0,verilator,5.028,0,20260929,37bdfbaacba1dc000701ad690b261df81455d7636899da8f14a207513c831280,c2356f8641370e16f192d095b175e544167665da,False,shard_0040_0060,build/shapes/20260929/runs/c2356f864137-37bdfbaacba1/verilator,shapes_rtl_logs_c2356f864137-37bdfbaacba1.tar.xz,909826df73fdbe23d78585362039ea5b2be5128fe23d7fbcc3bdd50446261724
2026-09-29T06:14:28+00:00,c2356f8641370e16f192d095b175e544167665da,False,,,,shapes,J0056,,rtl_sim,,1,56,depth4_6,4,0,,12x14x17-k2x3->8n;8x13x15-k1x5->17;17x13x11-k3x3->6;6x11x9-k5x5->1n,12x14x17,1x7x5,0,0,1,1,0,"72,40,153,150","26,78,22,7",133,9408,305692,"1901,3149,3395,1079",9527,9408,"1901,3149,3395,1079",9527,9408,0,0,0,0,0,0,0,True,True,True,True,0,verilator,5.028,0,20260929,37bdfbaacba1dc000701ad690b261df81455d7636899da8f14a207513c831280,c2356f8641370e16f192d095b175e544167665da,False,shard_0040_0060,build/shapes/20260929/runs/c2356f864137-37bdfbaacba1/verilator,shapes_rtl_logs_c2356f864137-37bdfbaacba1.tar.xz,909826df73fdbe23d78585362039ea5b2be5128fe23d7fbcc3bdd50446261724
2026-09-29T06:14:28+00:00,c2356f8641370e16f192d095b175e544167665da,False,,,,shapes,J0057,,rtl_sim,,1,57,depth7_8,8,0,,4x10x13-k2x2->1;1x9x12-k8x8->31;31x2x5-k1x1->32n;32x2x5-k1x1->31n;31x2x5-k1x1->10;10x2x5-k2x2->28;28x1x4-k1x1->22;22x1x4-k1x4->2raw,4x10x13,LOGIT[2],1,0,1,1,1,"16,64,31,32,31,40,28,88","18,8,8,8,4,4,3,1",54,1760,51628,"317,541,277,285,153,189,113,117",1995,1760,"317,541,277,285,153,189,113,117",1995,1760,0,0,0,0,0,0,0,True,True,True,True,0,verilator,5.028,1,20260929,37bdfbaacba1dc000701ad690b261df81455d7636899da8f14a207513c831280,c2356f8641370e16f192d095b175e544167665da,False,shard_0040_0060,build/shapes/20260929/runs/c2356f864137-37bdfbaacba1/verilator,shapes_rtl_logs_c2356f864137-37bdfbaacba1.tar.xz,909826df73fdbe23d78585362039ea5b2be5128fe23d7fbcc3bdd50446261724
2026-09-29T06:14:28+00:00,c2356f8641370e16f192d095b175e544167665da,False,,,,shapes,J0058,,rtl_sim,,1,58,depth2_3,3,0,,24x4x12-k1x1->46;46x4x12-k3x3->77;77x2x10-k2x2->79,24x4x12,79x1x9,0,0,1,1,0,"24,414,308","48,40,20",108,23872,909540,"1181,16589,6189",23962,23872,"1181,16589,6189",23962,23872,0,0,0,0,0,0,0,True,True,True,True,0,verilator,5.028,0,20260929,37bdfbaacba1dc000701ad690b261df81455d7636899da8f14a207513c831280,c2356f8641370e16f192d095b175e544167665da,False,shard_0040_0060,build/shapes/20260929/runs/c2356f864137-37bdfbaacba1/verilator,shapes_rtl_logs_c2356f864137-37bdfbaacba1.tar.xz,909826df73fdbe23d78585362039ea5b2be5128fe23d7fbcc3bdd50446261724
2026-09-29T06:14:28+00:00,c2356f8641370e16f192d095b175e544167665da,False,,,,shapes,J0059,,rtl_sim,,1,59,depth2_3,2,0,,21x19x44-k7x7->14;14x13x38-k5x5->42,21x19x44,42x9x34,0,0,1,1,0,"1029,350","130,270",400,228270,11614764,"133799,94529",228331,228270,"133799,94529",228331,228270,0,0,0,0,0,0,0,True,True,True,True,0,verilator,5.028,0,20260929,37bdfbaacba1dc000701ad690b261df81455d7636899da8f14a207513c831280,c2356f8641370e16f192d095b175e544167665da,False,shard_0040_0060,build/shapes/20260929/runs/c2356f864137-37bdfbaacba1/verilator,shapes_rtl_logs_c2356f864137-37bdfbaacba1.tar.xz,909826df73fdbe23d78585362039ea5b2be5128fe23d7fbcc3bdd50446261724
2026-09-29T06:14:28+00:00,c2356f8641370e16f192d095b175e544167665da,False,,,,shapes,J0060,,rtl_sim,,1,60,depth4_6,6,0,,1x32x23-k7x7->12n;12x26x17-k4x7->39;39x23x11-k6x6->36p;36x9x3-k3x3->23n;23x7x1-k1x1->17;17x7x1-k2x1->17n,1x32x23,17x6x1,0,1,1,1,0,"49,336,1404,324,23,34","156,230,90,21,21,18",536,219183,9092329,"7673,77309,126389,6833,512,641",219360,219183,"7673,77309,126389,6833,512,641",219360,219183,0,0,0,0,0,0,0,True,True,True,True,0,verilator,5.028,0,20260929,37bdfbaacba1dc000701ad690b261df81455d7636899da8f14a207513c831280,c2356f8641370e16f192d095b175e544167665da,False,shard_0060_0080,build/shapes/20260929/runs/c2356f864137-37bdfbaacba1/verilator,shapes_rtl_logs_c2356f864137-37bdfbaacba1.tar.xz,909826df73fdbe23d78585362039ea5b2be5128fe23d7fbcc3bdd50446261724
2026-09-29T06:14:28+00:00,c2356f8641370e16f192d095b175e544167665da,False,,,,shapes,J0061,,rtl_sim,,1,61,fc,1,0,,43x1x1-k1x1->76,43x1x1,76x1x1,0,0,1,1,1,43,10,10,430,3268,459,462,430,459,462,430,0,0,0,0,0,0,0,True,True,True,True,0,verilator,5.028,0,20260929,37bdfbaacba1dc000701ad690b261df81455d7636899da8f14a207513c831280,c2356f8641370e16f192d095b175e544167665da,False,shard_0060_0080,build/shapes/20260929/runs/c2356f864137-37bdfbaacba1/verilator,shapes_rtl_logs_c2356f864137-37bdfbaacba1.tar.xz,909826df73fdbe23d78585362039ea5b2be5128fe23d7fbcc3bdd50446261724
2026-09-29T06:14:28+00:00,c2356f8641370e16f192d095b175e544167665da,False,,,,shapes,J0062,,rtl_sim,,1,62,conv_pool,1,0,,37x4x72-k3x3->10p,37x4x72,10x1x35,0,1,1,1,0,333,36,36,11988,466200,12017,12020,11988,12017,12020,11988,0,0,0,0,0,0,0,True,True,True,True,0,verilator,5.028,0,20260929,37bdfbaacba1dc000701ad690b261df81455d7636899da8f14a207513c831280,c2356f8641370e16f192d095b175e544167665da,False,shard_0060_0080,build/shapes/20260929/runs/c2356f864137-37bdfbaacba1/verilator,shapes_rtl_logs_c2356f864137-37bdfbaacba1.tar.xz,909826df73fdbe23d78585362039ea5b2be5128fe23d7fbcc3bdd50446261724
2026-09-29T06:14:28+00:00,c2356f8641370e16f192d095b175e544167665da,False,,,,shapes,J0063,,rtl_sim,,1,63,tails,2,0,,21x2x8-k2x2->19n;19x1x7-k1x1->11,21x2x8,11x1x7,0,0,1,1,0,"84,19","3,2",5,290,12635,"281,67",351,290,"281,67",351,290,0,0,0,0,0,0,0,True,True,True,True,0,verilator,5.028,1,20260929,37bdfbaacba1dc000701ad690b261df81455d7636899da8f14a207513c831280,c2356f8641370e16f192d095b175e544167665da,False,shard_0060_0080,build/shapes/20260929/runs/c2356f864137-37bdfbaacba1/verilator,shapes_rtl_logs_c2356f864137-37bdfbaacba1.tar.xz,909826df73fdbe23d78585362039ea5b2be5128fe23d7fbcc3bdd50446261724
2026-09-29T06:14:28+00:00,c2356f8641370e16f192d095b175e544167665da,False,,,,shapes,J0064,,rtl_sim,,1,64,depth2_3,2,0,,15x27x17-k5x3->14;14x23x15-k7x7->7,15x27x17,7x17x9,0,0,1,1,0,"225,686","92,34",126,44024,1821456,"20729,23353",44085,44024,"20729,23353",44085,44024,0,0,0,0,0,0,0,True,True,True,True,0,verilator,5.028,1,20260929,37bdfbaacba1dc000701ad690b261df81455d7636899da8f14a207513c831280,c2356f8641370e16f192d095b175e544167665da,False,shard_0060_0080,build/shapes/20260929/runs/c2356f864137-37bdfbaacba1/verilator,shapes_rtl_logs_c2356f864137-37bdfbaacba1.tar.xz,909826df73fdbe23d78585362039ea5b2be5128fe23d7fbcc3bdd50446261724
2026-09-29T06:14:28+00:00,c2356f8641370e16f192d095b175e544167665da,False,,,,shapes,J0065,,rtl_sim,,1,65,large,2,0,,47x22x22-k5x5->26p;26x9x9-k6x6->55n,47x22x22,55x4x4,0,1,1,1,0,"1175,936","216,28",244,280008,10721880,"253829,26237",280069,280008,"253829,26237",280069,280008,0,0,0,0,0,0,0,True,True,True,True,0,verilator,5.028,0,20260929,37bdfbaacba1dc000701ad690b261df81455d7636899da8f14a207513c831280,c2356f8641370e16f192d095b175e544167665da,False,shard_0060_0080,build/shapes/20260929/runs/c2356f864137-37bdfbaacba1/verilator,shapes_rtl_logs_c2356f864137-37bdfbaacba1.tar.xz,909826df73fdbe23d78585362039ea5b2be5128fe23d7fbcc3bdd50446261724
2026-09-29T06:14:28+00:00,c2356f8641370e16f192d095b175e544167665da,False,,,,shapes,J0066,,rtl_sim,,1,66,depth2_3,3,0,,10x20x5-k3x3->61n;61x18x3-k2x2->23n;23x17x2-k3x2->70,10x20x5,70x15x1,0,0,1,1,0,"90,244,138","144,51,135",330,44034,632168,"12989,12473,18659",44124,44034,"12989,12473,18659",44124,44034,0,0,0,0,0,0,0,True,True,True,True,0,verilator,5.028,0,20260929,37bdfbaacba1dc000701ad690b261df81455d7636899da8f14a207513c831280,c2356f8641370e16f192d095b175e544167665da,False,shard_0060_0080,build/shapes/20260929/runs/c2356f864137-37bdfbaacba1/verilator,shapes_rtl_logs_c2356f864137-37bdfbaacba1.tar.xz,909826df73fdbe23d78585362039ea5b2be5128fe23d7fbcc3bdd50446261724
2026-09-29T06:14:28+00:00,c2356f8641370e16f192d095b175e544167665da,False,,,,shapes,J0067,,rtl_sim,,1,67,tails,2,0,,2x10x9-k3x3->41;41x8x7-k1x1->26,2x10x9,26x8x7,0,0,1,1,0,"18,41","48,32",80,2176,101024,"893,1341",2237,2176,"893,1341",2237,2176,0,0,0,0,0,0,0,True,True,True,True,0,verilator,5.028,0,20260929,37bdfbaacba1dc000701ad690b261df81455d7636899da8f14a207513c831280,c2356f8641370e16f192d095b175e544167665da,False,shard_0060_0080,build/shapes/20260929/runs/c2356f864137-37bdfbaacba1/verilator,shapes_rtl_logs_c2356f864137-37bdfbaacba1.tar.xz,909826df73fdbe23d78585362039ea5b2be5128fe23d7fbcc3bdd50446261724
2026-09-29T06:14:28+00:00,c2356f8641370e16f192d095b175e544167665da,False,,,,shapes,J0068,,rtl_sim,,1,68,depth7_8,7,0,,3x4x10-k2x2->25;25x3x9-k2x4->32;32x2x6-k1x3->15;15x2x4-k2x2->28;28x1x3-k1x1->27;27x1x3-k1x3->20;20x1x1-k1x1->3,3x4x10,3x1x1,0,0,1,1,1,"12,200,96,60,28,81,20","24,8,4,4,4,3,1",48,2887,105408,"317,1629,413,269,141,272,49",3093,2887,"317,1629,413,269,141,272,49",3093,2887,0,0,0,0,0,0,0,True,True,True,True,0,verilator,5.028,0,20260929,37bdfbaacba1dc000701ad690b261df81455d7636899da8f14a207513c831280,c2356f8641370e16f192d095b175e544167665da,False,shard_0060_0080,build/shapes/20260929/runs/c2356f864137-37bdfbaacba1/verilator,shapes_rtl_logs_c2356f864137-37bdfbaacba1.tar.xz,909826df73fdbe23d78585362039ea5b2be5128fe23d7fbcc3bdd50446261724
2026-09-29T06:14:28+00:00,c2356f8641370e16f192d095b175e544167665da,False,,,,shapes,J0069,,rtl_sim,,1,69,refuse,3,1,WGT_END,10x15x12-k3x3->3;3x13x10-k2x2->13;13x12x9-k5x5->5n,10x15x12,5x8x5,0,0,1,1,0,"90,12,325",,,,,,3,0,,3,0,0,0,0,0,0,1026,1026,True,,True,True,0,verilator,5.028,0,20260929,37bdfbaacba1dc000701ad690b261df81455d7636899da8f14a207513c831280,c2356f8641370e16f192d095b175e544167665da,False,shard_0060_0080,build/shapes/20260929/runs/c2356f864137-37bdfbaacba1/verilator,shapes_rtl_logs_c2356f864137-37bdfbaacba1.tar.xz,909826df73fdbe23d78585362039ea5b2be5128fe23d7fbcc3bdd50446261724
2026-09-29T06:14:28+00:00,c2356f8641370e16f192d095b175e544167665da,False,,,,shapes,J0070,,rtl_sim,,1,70,tiny,2,0,,61x5x1-k5x1->36n;36x1x1-k1x1->4,61x5x1,4x1x1,0,0,1,1,1,"305,36","5,1",6,1561,11124,"1554,65",1622,1561,"1554,65",1622,1561,0,0,0,0,0,0,0,True,True,True,True,0,verilator,5.028,0,20260929,37bdfbaacba1dc000701ad690b261df81455d7636899da8f14a207513c831280,c2356f8641370e16f192d095b175e544167665da,False,shard_0060_0080,build/shapes/20260929/runs/c2356f864137-37bdfbaacba1/verilator,shapes_rtl_logs_c2356f864137-37bdfbaacba1.tar.xz,909826df73fdbe23d78585362039ea5b2be5128fe23d7fbcc3bdd50446261724
2026-09-29T06:14:28+00:00,c2356f8641370e16f192d095b175e544167665da,False,,,,shapes,J0071,,rtl_sim,,1,71,conv_pool,1,0,,4x14x32-k3x3->91p,4x14x32,91x6x15,0,1,1,1,0,36,576,576,20736,1179360,20765,20768,20736,20765,20768,20736,0,0,0,0,0,0,0,True,True,True,True,0,verilator,5.028,0,20260929,37bdfbaacba1dc000701ad690b261df81455d7636899da8f14a207513c831280,c2356f8641370e16f192d095b175e544167665da,False,shard_0060_0080,build/shapes/20260929/runs/c2356f864137-37bdfbaacba1/verilator,shapes_rtl_logs_c2356f864137-37bdfbaacba1.tar.xz,909826df73fdbe23d78585362039ea5b2be5128fe23d7fbcc3bdd50446261724
2026-09-29T06:14:28+00:00,c2356f8641370e16f192d095b175e544167665da,False,,,,shapes,J0072,,rtl_sim,,1,72,conv,1,0,,33x4x79-k4x3->66,33x4x79,66x1x77,0,0,1,1,0,396,90,90,35640,2012472,35669,35672,35640,35669,35672,35640,0,0,0,0,0,0,0,True,True,True,True,0,verilator,5.028,0,20260929,37bdfbaacba1dc000701ad690b261df81455d7636899da8f14a207513c831280,c2356f8641370e16f192d095b175e544167665da,False,shard_0060_0080,build/shapes/20260929/runs/c2356f864137-37bdfbaacba1/verilator,shapes_rtl_logs_c2356f864137-37bdfbaacba1.tar.xz,909826df73fdbe23d78585362039ea5b2be5128fe23d7fbcc3bdd50446261724
2026-09-29T06:14:28+00:00,c2356f8641370e16f192d095b175e544167665da,False,,,,shapes,J0073,,rtl_sim,,1,73,netlike,6,0,,4x28x28-k5x5->16p;16x12x12-k3x3->28p;28x5x5-k5x5->72;72x1x1-k1x1->17;17x1x1-k1x1->59;59x1x1-k1x1->15raw,4x28x28,LOGIT[15],1,1,1,1,1,"100,144,700,72,17,59","144,80,9,3,8,2",246,32690,1378312,"14429,11549,6329,245,165,147",32867,32690,"14429,11549,6329,245,165,147",32867,32690,0,0,0,0,0,0,0,True,True,True,True,0,verilator,5.028,1,20260929,37bdfbaacba1dc000701ad690b261df81455d7636899da8f14a207513c831280,c2356f8641370e16f192d095b175e544167665da,False,shard_0060_0080,build/shapes/20260929/runs/c2356f864137-37bdfbaacba1/verilator,shapes_rtl_logs_c2356f864137-37bdfbaacba1.tar.xz,909826df73fdbe23d78585362039ea5b2be5128fe23d7fbcc3bdd50446261724
2026-09-29T06:14:28+00:00,c2356f8641370e16f192d095b175e544167665da,False,,,,shapes,J0074,,rtl_sim,,1,74,depth4_6,6,0,,12x30x6-k3x3->20pn;20x14x2-k1x1->16;16x14x2-k1x1->9;9x14x2-k2x1->36;36x13x2-k3x1->30n;30x11x2-k2x2->20,12x30x6,20x10x1,0,1,1,1,0,"108,20,16,18,108,120","84,28,28,65,44,30",279,19602,367040,"9101,589,477,1199,4781,3629",19779,19602,"9101,589,477,1199,4781,3629",19779,19602,0,0,0,0,0,0,0,True,True,True,True,0,verilator,5.028,0,20260929,37bdfbaacba1dc000701ad690b261df81455d7636899da8f14a207513c831280,c2356f8641370e16f192d095b175e544167665da,False,shard_0060_0080,build/shapes/20260929/runs/c2356f864137-37bdfbaacba1/verilator,shapes_rtl_logs_c2356f864137-37bdfbaacba1.tar.xz,909826df73fdbe23d78585362039ea5b2be5128fe23d7fbcc3bdd50446261724
2026-09-29T06:14:28+00:00,c2356f8641370e16f192d095b175e544167665da,False,,,,shapes,J0075,,rtl_sim,,1,75,depth2_3,3,0,,22x19x8-k5x5->31;31x15x4-k3x3->44;44x13x2-k1x1->23,22x19x8,23x13x2,0,0,1,1,0,"550,279,44","60,78,39",177,56478,1368488,"33029,21791,1745",56568,56478,"33029,21791,1745",56568,56478,0,0,0,0,0,0,0,True,True,True,True,0,verilator,5.028,0,20260929,37bdfbaacba1dc000701ad690b261df81455d7636899da8f14a207513c831280,c2356f8641370e16f192d095b175e544167665da,False,shard_0060_0080,build/shapes/20260929/runs/c2356f864137-37bdfbaacba1/verilator,shapes_rtl_logs_c2356f864137-37bdfbaacba1.tar.xz,909826df73fdbe23d78585362039ea5b2be5128fe23d7fbcc3bdd50446261724
2026-09-29T06:14:28+00:00,c2356f8641370e16f192d095b175e544167665da,False,,,,shapes,J0076,,rtl_sim,,1,76,refuse,1,1,IN_END,16x37x58-k1x1->6,16x37x58,6x37x58,0,0,1,1,0,16,,,,,,3,0,,3,0,0,0,0,0,0,1280,1280,True,,True,True,0,verilator,5.028,0,20260929,37bdfbaacba1dc000701ad690b261df81455d7636899da8f14a207513c831280,c2356f8641370e16f192d095b175e544167665da,False,shard_0060_0080,build/shapes/20260929/runs/c2356f864137-37bdfbaacba1/verilator,shapes_rtl_logs_c2356f864137-37bdfbaacba1.tar.xz,909826df73fdbe23d78585362039ea5b2be5128fe23d7fbcc3bdd50446261724
2026-09-29T06:14:28+00:00,c2356f8641370e16f192d095b175e544167665da,False,,,,shapes,J0077,,rtl_sim,,1,77,depth7_8,8,0,,31x19x37-k3x3->22;22x17x35-k2x2->32;32x16x34-k2x2->28;28x15x33-k3x3->10;10x13x31-k3x3->10;10x11x29-k3x3->21;21x9x27-k7x6->27;27x3x22-k3x3->27n,31x19x37,27x1x20,0,0,1,1,0,"279,88,128,252,90,90,882,243","255,320,300,104,88,108,36,12",1223,216221,10422968,"71174,28189,38429,26237,7949,9749,31781,2945",216456,216221,"71174,28189,38429,26237,7949,9749,31781,2945",216456,216221,0,0,0,0,0,0,0,True,True,True,True,0,verilator,5.028,0,20260929,37bdfbaacba1dc000701ad690b261df81455d7636899da8f14a207513c831280,c2356f8641370e16f192d095b175e544167665da,False,shard_0060_0080,build/shapes/20260929/runs/c2356f864137-37bdfbaacba1/verilator,shapes_rtl_logs_c2356f864137-37bdfbaacba1.tar.xz,909826df73fdbe23d78585362039ea5b2be5128fe23d7fbcc3bdd50446261724
2026-09-29T06:14:28+00:00,c2356f8641370e16f192d095b175e544167665da,False,,,,shapes,J0078,,rtl_sim,,1,78,conv,1,0,,7x34x10-k6x6->44,7x34x10,44x29x5,0,0,1,1,0,252,174,174,43848,1607760,43877,43880,43848,43877,43880,43848,0,0,0,0,0,0,0,True,True,True,True,0,verilator,5.028,1,20260929,37bdfbaacba1dc000701ad690b261df81455d7636899da8f14a207513c831280,c2356f8641370e16f192d095b175e544167665da,False,shard_0060_0080,build/shapes/20260929/runs/c2356f864137-37bdfbaacba1/verilator,shapes_rtl_logs_c2356f864137-37bdfbaacba1.tar.xz,909826df73fdbe23d78585362039ea5b2be5128fe23d7fbcc3bdd50446261724
2026-09-29T06:14:28+00:00,c2356f8641370e16f192d095b175e544167665da,False,,,,shapes,J0079,,rtl_sim,,1,79,depth7_8,7,0,,18x22x11-k7x7->21;21x16x5-k5x2->8p;8x6x2-k3x1->27n;27x4x2-k2x2->12;12x3x1-k1x1->19;19x3x1-k1x1->3;3x3x1-k3x1->6raw,18x22x11,LOGIT[6],1,1,1,1,1,"882,210,24,108,12,19,9","48,12,16,6,9,3,1",95,46062,1572381,"42365,2549,413,677,137,86,38",46268,46062,"42365,2549,413,677,137,86,38",46268,46062,0,0,0,0,0,0,0,True,True,True,True,0,verilator,5.028,0,20260929,37bdfbaacba1dc000701ad690b261df81455d7636899da8f14a207513c831280,c2356f8641370e16f192d095b175e544167665da,False,shard_0060_0080,build/shapes/20260929/runs/c2356f864137-37bdfbaacba1/verilator,shapes_rtl_logs_c2356f864137-37bdfbaacba1.tar.xz,909826df73fdbe23d78585362039ea5b2be5128fe23d7fbcc3bdd50446261724
2026-09-29T06:14:28+00:00,c2356f8641370e16f192d095b175e544167665da,False,,,,shapes,J0080,,rtl_sim,,1,80,depth2_3,2,0,,9x6x28-k3x3->94;94x4x26-k1x1->60p,9x6x28,60x2x13,0,1,1,1,0,"81,94","192,128",320,27584,1378416,"15581,12061",27645,27584,"15581,12061",27645,27584,0,0,0,0,0,0,0,True,True,True,True,0,verilator,5.028,0,20260929,37bdfbaacba1dc000701ad690b261df81455d7636899da8f14a207513c831280,c2356f8641370e16f192d095b175e544167665da,False,shard_0080_0100,build/shapes/20260929/runs/c2356f864137-37bdfbaacba1/verilator,shapes_rtl_logs_c2356f864137-37bdfbaacba1.tar.xz,909826df73fdbe23d78585362039ea5b2be5128fe23d7fbcc3bdd50446261724
2026-09-29T06:14:28+00:00,c2356f8641370e16f192d095b175e544167665da,False,,,,shapes,J0081,,rtl_sim,,1,81,conv,1,0,,18x3x62-k3x3->24,18x3x62,24x1x60,0,0,0,1,0,162,24,24,3888,233280,3917,3920,3888,3917,3920,3888,0,0,0,0,0,0,0,True,True,True,True,0,verilator,5.028,0,20260929,37bdfbaacba1dc000701ad690b261df81455d7636899da8f14a207513c831280,c2356f8641370e16f192d095b175e544167665da,False,shard_0080_0100,build/shapes/20260929/runs/c2356f864137-37bdfbaacba1/verilator,shapes_rtl_logs_c2356f864137-37bdfbaacba1.tar.xz,909826df73fdbe23d78585362039ea5b2be5128fe23d7fbcc3bdd50446261724
2026-09-29T06:14:28+00:00,c2356f8641370e16f192d095b175e544167665da,False,,,,shapes,J0082,,rtl_sim,,1,82,refuse,1,1,OUT_END,8x63x64-k1x1->9,8x63x64,9x63x64,0,0,1,0,0,8,,,,,,3,0,,3,0,0,0,0,0,0,1536,1536,True,,True,True,0,verilator,5.028,0,20260929,37bdfbaacba1dc000701ad690b261df81455d7636899da8f14a207513c831280,c2356f8641370e16f192d095b175e544167665da,False,shard_0080_0100,build/shapes/20260929/runs/c2356f864137-37bdfbaacba1/verilator,shapes_rtl_logs_c2356f864137-37bdfbaacba1.tar.xz,909826df73fdbe23d78585362039ea5b2be5128fe23d7fbcc3bdd50446261724
2026-09-29T06:14:28+00:00,c2356f8641370e16f192d095b175e544167665da,False,,,,shapes,J0083,,rtl_sim,,1,83,depth4_6,4,0,,16x6x36-k3x1->55p;55x2x18-k2x2->39;39x1x17-k1x1->29;29x1x17-k1x1->54,16x6x36,54x1x17,0,1,1,1,0,"48,220,39,29","140,15,12,21",188,11097,571869,"6749,3329,497,638",11216,11097,"6749,3329,497,638",11216,11097,0,0,0,0,0,0,0,True,True,True,True,0,verilator,5.028,0,20260929,37bdfbaacba1dc000701ad690b261df81455d7636899da8f14a207513c831280,c2356f8641370e16f192d095b175e544167665da,False,shard_0080_0100,build/shapes/20260929/runs/c2356f864137-37bdfbaacba1/verilator,shapes_rtl_logs_c2356f864137-37bdfbaacba1.tar.xz,909826df73fdbe23d78585362039ea5b2be5128fe23d7fbcc3bdd50446261724
2026-09-29T06:14:28+00:00,c2356f8641370e16f192d095b175e544167665da,False,,,,shapes,J0084,,rtl_sim,,1,84,head_raw,1,0,,45x2x2-k2x2->12raw,45x2x2,LOGIT[12],1,0,1,1,1,180,2,2,360,2160,389,392,360,389,392,360,0,0,0,0,0,0,0,True,True,True,True,0,verilator,5.028,0,20260929,37bdfbaacba1dc000701ad690b261df81455d7636899da8f14a207513c831280,c2356f8641370e16f192d095b175e544167665da,False,shard_0080_0100,build/shapes/20260929/runs/c2356f864137-37bdfbaacba1/verilator,shapes_rtl_logs_c2356f864137-37bdfbaacba1.tar.xz,909826df73fdbe23d78585362039ea5b2be5128fe23d7fbcc3bdd50446261724
2026-09-29T06:14:28+00:00,c2356f8641370e16f192d095b175e544167665da,False,,,,shapes,J0085,,rtl_sim,,1,85,fc,3,0,,260x1x1-k1x1->109n;109x1x1-k1x1->37n;37x1x1-k1x1->108,260x1x1,108x1x1,0,0,1,1,1,"260,109,37","14,5,14",33,4703,36369,"3669,574,547",4793,4703,"3669,574,547",4793,4703,0,0,0,0,0,0,0,True,True,True,True,0,verilator,5.028,0,20260929,37bdfbaacba1dc000701ad690b261df81455d7636899da8f14a207513c831280,c2356f8641370e16f192d095b175e544167665da,False,shard_0080_0100,build/shapes/20260929/runs/c2356f864137-37bdfbaacba1/verilator,shapes_rtl_logs_c2356f864137-37bdfbaacba1.tar.xz,909826df73fdbe23d78585362039ea5b2be5128fe23d7fbcc3bdd50446261724
2026-09-29T06:14:28+00:00,c2356f8641370e16f192d095b175e544167665da,False,,,,shapes,J0086,,rtl_sim,,1,86,depth4_6,5,0,,21x19x22-k5x5->28;28x15x18-k3x3->17;17x13x16-k4x4->38;38x10x13-k1x1->2n;2x10x13-k3x3->5,21x19x22,5x8x11,0,0,1,1,0,"525,252,272,38,18","180,78,100,20,16",394,142404,6221552,"94529,19685,27229,789,317",142552,142404,"94529,19685,27229,789,317",142552,142404,0,0,0,0,0,0,0,True,True,True,True,0,verilator,5.028,0,20260929,37bdfbaacba1dc000701ad690b261df81455d7636899da8f14a207513c831280,c2356f8641370e16f192d095b175e544167665da,False,shard_0080_0100,build/shapes/20260929/runs/c2356f864137-37bdfbaacba1/verilator,shapes_rtl_logs_c2356f864137-37bdfbaacba1.tar.xz,909826df73fdbe23d78585362039ea5b2be5128fe23d7fbcc3bdd50446261724
2026-09-29T06:14:28+00:00,c2356f8641370e16f192d095b175e544167665da,False,,,,shapes,J0087,,rtl_sim,,1,87,head_raw,1,0,,42x7x6-k7x6->2raw,42x7x6,LOGIT[2],1,0,1,1,1,1764,1,1,1764,3528,1793,1796,1764,1793,1796,1764,0,0,0,0,0,0,0,True,True,True,True,0,verilator,5.028,0,20260929,37bdfbaacba1dc000701ad690b261df81455d7636899da8f14a207513c831280,c2356f8641370e16f192d095b175e544167665da,False,shard_0080_0100,build/shapes/20260929/runs/c2356f864137-37bdfbaacba1/verilator,shapes_rtl_logs_c2356f864137-37bdfbaacba1.tar.xz,909826df73fdbe23d78585362039ea5b2be5128fe23d7fbcc3bdd50446261724
2026-09-29T06:14:28+00:00,c2356f8641370e16f192d095b175e544167665da,False,,,,shapes,J0088,,rtl_sim,,1,88,conv,1,0,,37x4x45-k2x2->48n,37x4x45,48x3x44,0,0,0,1,0,148,108,108,15984,937728,16013,16016,15984,16013,16016,15984,0,0,0,0,0,0,0,True,True,True,True,0,verilator,5.028,0,20260929,37bdfbaacba1dc000701ad690b261df81455d7636899da8f14a207513c831280,c2356f8641370e16f192d095b175e544167665da,False,shard_0080_0100,build/shapes/20260929/runs/c2356f864137-37bdfbaacba1/verilator,shapes_rtl_logs_c2356f864137-37bdfbaacba1.tar.xz,909826df73fdbe23d78585362039ea5b2be5128fe23d7fbcc3bdd50446261724
2026-09-29T06:14:28+00:00,c2356f8641370e16f192d095b175e544167665da,False,,,,shapes,J0089,,rtl_sim,,1,89,conv_pool,1,0,,24x26x14-k5x5->1p,24x26x14,1x11x5,0,1,1,1,0,600,44,44,26400,132000,26429,26432,26400,26429,26432,26400,0,0,0,0,0,0,0,True,True,True,True,0,verilator,5.028,0,20260929,37bdfbaacba1dc000701ad690b261df81455d7636899da8f14a207513c831280,c2356f8641370e16f192d095b175e544167665da,False,shard_0080_0100,build/shapes/20260929/runs/c2356f864137-37bdfbaacba1/verilator,shapes_rtl_logs_c2356f864137-37bdfbaacba1.tar.xz,909826df73fdbe23d78585362039ea5b2be5128fe23d7fbcc3bdd50446261724
2026-09-29T06:14:28+00:00,c2356f8641370e16f192d095b175e544167665da,False,,,,shapes,J0090,,rtl_sim,,1,90,large,1,0,,42x26x23-k5x5->61,42x26x23,61x22x19,0,0,1,1,0,1050,528,528,554400,26772900,554429,554432,554400,554429,554432,554400,0,0,0,0,0,0,0,True,True,True,True,0,verilator,5.028,0,20260929,37bdfbaacba1dc000701ad690b261df81455d7636899da8f14a207513c831280,c2356f8641370e16f192d095b175e544167665da,False,shard_0080_0100,build/shapes/20260929/runs/c2356f864137-37bdfbaacba1/verilator,shapes_rtl_logs_c2356f864137-37bdfbaacba1.tar.xz,909826df73fdbe23d78585362039ea5b2be5128fe23d7fbcc3bdd50446261724
2026-09-29T06:14:28+00:00,c2356f8641370e16f192d095b175e544167665da,False,,,,shapes,J0091,,rtl_sim,,1,91,large,2,0,,9x30x24-k5x5->27p;27x13x10-k5x5->61n,9x30x24,61x9x6,0,1,1,1,0,"225,675","312,72",384,118800,5382450,"70229,48629",118861,118800,"70229,48629",118861,118800,0,0,0,0,0,0,0,True,True,True,True,0,verilator,5.028,1,20260929,37bdfbaacba1dc000701ad690b261df81455d7636899da8f14a207513c831280,c2356f8641370e16f192d095b175e544167665da,False,shard_0080_0100,build/shapes/20260929/runs/c2356f864137-37bdfbaacba1/verilator,shapes_rtl_logs_c2356f864137-37bdfbaacba1.tar.xz,909826df73fdbe23d78585362039ea5b2be5128fe23d7fbcc3bdd50446261724
2026-09-29T06:14:28+00:00,c2356f8641370e16f192d095b175e544167665da,False,,,,shapes,J0092,,rtl_sim,,1,92,netlike,4,0,,7x32x32-k5x5->18p;18x14x14-k3x3->31p;31x6x6-k6x6->55;55x1x1-k1x1->6raw,7x32x32,LOGIT[6],1,1,1,1,1,"175,162,1116,55","336,96,7,1",440,82219,3254478,"58829,15581,7841,84",82338,82219,"58829,15581,7841,84",82338,82219,0,0,0,0,0,0,0,True,True,True,True,0,verilator,5.028,0,20260929,37bdfbaacba1dc000701ad690b261df81455d7636899da8f14a207513c831280,c2356f8641370e16f192d095b175e544167665da,False,shard_0080_0100,build/shapes/20260929/runs/c2356f864137-37bdfbaacba1/verilator,shapes_rtl_logs_c2356f864137-37bdfbaacba1.tar.xz,909826df73fdbe23d78585362039ea5b2be5128fe23d7fbcc3bdd50446261724
2026-09-29T06:14:28+00:00,c2356f8641370e16f192d095b175e544167665da,False,,,,shapes,J0093,,rtl_sim,,1,93,depth4_6,5,0,,13x21x22-k1x1->10;10x21x22-k3x3->18;18x19x20-k5x5->17n;17x15x16-k5x5->17;17x11x12-k3x5->39,13x21x22,39x9x8,0,0,1,1,0,"13,90,450,425,255","126,171,90,66,45",498,97053,4181400,"1667,15419,40529,28079,11504",97201,97053,"1667,15419,40529,28079,11504",97201,97053,0,0,0,0,0,0,0,True,True,True,True,0,verilator,5.028,0,20260929,37bdfbaacba1dc000701ad690b261df81455d7636899da8f14a207513c831280,c2356f8641370e16f192d095b175e544167665da,False,shard_0080_0100,build/shapes/20260929/runs/c2356f864137-37bdfbaacba1/verilator,shapes_rtl_logs_c2356f864137-37bdfbaacba1.tar.xz,909826df73fdbe23d78585362039ea5b2be5128fe23d7fbcc3bdd50446261724
2026-09-29T06:14:28+00:00,c2356f8641370e16f192d095b175e544167665da,False,,,,shapes,J0094,,rtl_sim,,1,94,depth4_6,6,0,,6x19x17-k3x3->19;19x17x15-k5x5->41n;41x13x11-k2x2->42;42x12x10-k5x5->2p;2x4x3-k3x3->5;5x2x1-k2x1->13raw,6x19x17,LOGIT[13],1,1,1,1,1,"54,475,164,1050,18,10","102,156,144,8,2,2",414,111680,3974225,"5537,74129,23645,8429,65,49",111857,111680,"5537,74129,23645,8429,65,49",111857,111680,0,0,0,0,0,0,0,True,True,True,True,0,verilator,5.028,0,20260929,37bdfbaacba1dc000701ad690b261df81455d7636899da8f14a207513c831280,c2356f8641370e16f192d095b175e544167665da,False,shard_0080_0100,build/shapes/20260929/runs/c2356f864137-37bdfbaacba1/verilator,shapes_rtl_logs_c2356f864137-37bdfbaacba1.tar.xz,909826df73fdbe23d78585362039ea5b2be5128fe23d7fbcc3bdd50446261724
2026-09-29T06:14:28+00:00,c2356f8641370e16f192d095b175e544167665da,False,,,,shapes,J0095,,rtl_sim,,1,95,conv,1,0,,23x19x65-k5x5->2,23x19x65,2x15x61,0,0,1,1,0,575,120,120,69000,1052250,69029,69032,69000,69029,69032,69000,0,0,0,0,0,0,0,True,True,True,True,0,verilator,5.028,0,20260929,37bdfbaacba1dc000701ad690b261df81455d7636899da8f14a207513c831280,c2356f8641370e16f192d095b175e544167665da,False,shard_0080_0100,build/shapes/20260929/runs/c2356f864137-37bdfbaacba1/verilator,shapes_rtl_logs_c2356f864137-37bdfbaacba1.tar.xz,909826df73fdbe23d78585362039ea5b2be5128fe23d7fbcc3bdd50446261724
2026-09-29T06:14:28+00:00,c2356f8641370e16f192d095b175e544167665da,False,,,,shapes,J0096,,rtl_sim,,1,96,depth4_6,5,0,,16x9x62-k5x5->14;14x5x58-k3x3->8;8x3x56-k3x3->43;43x1x54-k1x1->25;25x1x54-k1x1->52,16x9x62,52x1x54,0,0,1,1,0,"400,126,72,43,25","80,21,42,28,49",220,40099,2088778,"32029,2675,3053,1233,1254",40247,40099,"32029,2675,3053,1233,1254",40247,40099,0,0,0,0,0,0,0,True,True,True,True,0,verilator,5.028,0,20260929,37bdfbaacba1dc000701ad690b261df81455d7636899da8f14a207513c831280,c2356f8641370e16f192d095b175e544167665da,False,shard_0080_0100,build/shapes/20260929/runs/c2356f864137-37bdfbaacba1/verilator,shapes_rtl_logs_c2356f864137-37bdfbaacba1.tar.xz,909826df73fdbe23d78585362039ea5b2be5128fe23d7fbcc3bdd50446261724
2026-09-29T06:14:28+00:00,c2356f8641370e16f192d095b175e544167665da,False,,,,shapes,J0097,,rtl_sim,,1,97,netlike,4,0,,7x32x32-k3x3->20p;20x15x15-k4x4->23p;23x6x6-k6x6->96;96x1x1-k1x1->13raw,7x32x32,LOGIT[13],1,1,1,1,1,"63,320,828,96","360,72,12,2",446,55848,2274576,"22709,23069,9965,221",55967,55848,"22709,23069,9965,221",55967,55848,0,0,0,0,0,0,0,True,True,True,True,0,verilator,5.028,0,20260929,37bdfbaacba1dc000701ad690b261df81455d7636899da8f14a207513c831280,c2356f8641370e16f192d095b175e544167665da,False,shard_0080_0100,build/shapes/20260929/runs/c2356f864137-37bdfbaacba1/verilator,shapes_rtl_logs_c2356f864137-37bdfbaacba1.tar.xz,909826df73fdbe23d78585362039ea5b2be5128fe23d7fbcc3bdd50446261724
2026-09-29T06:14:28+00:00,c2356f8641370e16f192d095b175e544167665da,False,,,,shapes,J0098,,rtl_sim,,1,98,conv_pool,1,0,,9x38x23-k1x2->52pn,9x38x23,52x19x11,0,1,1,1,0,18,798,798,14364,782496,14393,14396,14364,14393,14396,14364,0,0,0,0,0,0,0,True,True,True,True,0,verilator,5.028,0,20260929,37bdfbaacba1dc000701ad690b261df81455d7636899da8f14a207513c831280,c2356f8641370e16f192d095b175e544167665da,False,shard_0080_0100,build/shapes/20260929/runs/c2356f864137-37bdfbaacba1/verilator,shapes_rtl_logs_c2356f864137-37bdfbaacba1.tar.xz,909826df73fdbe23d78585362039ea5b2be5128fe23d7fbcc3bdd50446261724
2026-09-29T06:14:28+00:00,c2356f8641370e16f192d095b175e544167665da,False,,,,shapes,J0099,,rtl_sim,,1,99,fc,2,0,,333x1x1-k1x1->64;64x1x1-k1x1->72,333x1x1,72x1x1,0,0,0,1,1,"333,64","8,9",17,3240,25920,"2693,605",3301,3240,"2693,605",3301,3240,0,0,0,0,0,0,0,True,True,True,True,0,verilator,5.028,0,20260929,37bdfbaacba1dc000701ad690b261df81455d7636899da8f14a207513c831280,c2356f8641370e16f192d095b175e544167665da,False,shard_0080_0100,build/shapes/20260929/runs/c2356f864137-37bdfbaacba1/verilator,shapes_rtl_logs_c2356f864137-37bdfbaacba1.tar.xz,909826df73fdbe23d78585362039ea5b2be5128fe23d7fbcc3bdd50446261724
2026-09-29T06:14:28+00:00,c2356f8641370e16f192d095b175e544167665da,False,,,,shapes,J0100,,rtl_sim,,1,100,pointwise,1,0,,72x4x42-k1x1->17p,72x4x42,17x2x21,0,1,1,1,0,72,72,72,5184,205632,5213,5216,5184,5213,5216,5184,0,0,0,0,0,0,0,True,True,True,True,0,verilator,5.028,0,20260929,37bdfbaacba1dc000701ad690b261df81455d7636899da8f14a207513c831280,c2356f8641370e16f192d095b175e544167665da,False,shard_0100_0120,build/shapes/20260929/runs/c2356f864137-37bdfbaacba1/verilator,shapes_rtl_logs_c2356f864137-37bdfbaacba1.tar.xz,909826df73fdbe23d78585362039ea5b2be5128fe23d7fbcc3bdd50446261724
2026-09-29T06:14:28+00:00,c2356f8641370e16f192d095b175e544167665da,False,,,,shapes,J0101,,rtl_sim,,1,101,conv_pool,1,0,,17x10x14-k5x5->82p,17x10x14,82x3x5,0,1,1,1,0,425,132,132,56100,2091000,56129,56132,56100,56129,56132,56100,0,0,0,0,0,0,0,True,True,True,True,0,verilator,5.028,0,20260929,37bdfbaacba1dc000701ad690b261df81455d7636899da8f14a207513c831280,c2356f8641370e16f192d095b175e544167665da,False,shard_0100_0120,build/shapes/20260929/runs/c2356f864137-37bdfbaacba1/verilator,shapes_rtl_logs_c2356f864137-37bdfbaacba1.tar.xz,909826df73fdbe23d78585362039ea5b2be5128fe23d7fbcc3bdd50446261724
2026-09-29T06:14:28+00:00,c2356f8641370e16f192d095b175e544167665da,False,,,,shapes,J0102,,rtl_sim,,1,102,netlike,5,0,,3x32x32-k5x5->44p;44x14x14-k3x3->4p;4x6x6-k6x6->19;19x1x1-k1x1->57;57x1x1-k1x1->13raw,3x32x32,LOGIT[13],1,1,1,1,1,"75,396,144,19,57","672,24,3,8,2",709,60602,2819856,"50429,9533,461,181,143",60750,60602,"50429,9533,461,181,143",60750,60602,0,0,0,0,0,0,0,True,True,True,True,0,verilator,5.028,1,20260929,37bdfbaacba1dc000701ad690b261df81455d7636899da8f14a207513c831280,c2356f8641370e16f192d095b175e544167665da,False,shard_0100_0120,build/shapes/20260929/runs/c2356f864137-37bdfbaacba1/verilator,shapes_rtl_logs_c2356f864137-37bdfbaacba1.tar.xz,909826df73fdbe23d78585362039ea5b2be5128fe23d7fbcc3bdd50446261724
2026-09-29T06:14:28+00:00,c2356f8641370e16f192d095b175e544167665da,False,,,,shapes,J0103,,rtl_sim,,1,103,depth4_6,5,0,,18x20x14-k8x7->49;49x13x8-k3x3->37;37x11x6-k5x5->48;48x7x2-k1x1->3;3x7x2-k7x2->1raw,18x20x14,LOGIT[1],1,0,1,1,1,"1008,441,925,48,42","91,55,42,7,1",196,155211,6837348,"91757,24284,38879,365,71",155359,155211,"91757,24284,38879,365,71",155359,155211,0,0,0,0,0,0,0,True,True,True,True,0,verilator,5.028,0,20260929,37bdfbaacba1dc000701ad690b261df81455d7636899da8f14a207513c831280,c2356f8641370e16f192d095b175e544167665da,False,shard_0100_0120,build/shapes/20260929/runs/c2356f864137-37bdfbaacba1/verilator,shapes_rtl_logs_c2356f864137-37bdfbaacba1.tar.xz,909826df73fdbe23d78585362039ea5b2be5128fe23d7fbcc3bdd50446261724
2026-09-29T06:14:28+00:00,c2356f8641370e16f192d095b175e544167665da,False,,,,shapes,J0104,,rtl_sim,,1,104,pointwise,1,0,,24x4x12-k1x1->19,24x4x12,19x4x12,0,0,1,1,0,24,24,24,576,21888,605,608,576,605,608,576,0,0,0,0,0,0,0,True,True,True,True,0,verilator,5.028,1,20260929,37bdfbaacba1dc000701ad690b261df81455d7636899da8f14a207513c831280,c2356f8641370e16f192d095b175e544167665da,False,shard_0100_0120,build/shapes/20260929/runs/c2356f864137-37bdfbaacba1/verilator,shapes_rtl_logs_c2356f864137-37bdfbaacba1.tar.xz,909826df73fdbe23d78585362039ea5b2be5128fe23d7fbcc3bdd50446261724
2026-09-29T06:14:28+00:00,c2356f8641370e16f192d095b175e544167665da,False,,,,shapes,J0105,,rtl_sim,,1,105,depth2_3,3,0,,28x8x5-k3x3->68;68x6x3-k1x1->87n;87x6x3-k6x3->1raw,28x8x5,LOGIT[1],1,0,1,1,1,"252,68,1566","54,66,1",121,19662,416502,"13637,4517,1595",19752,19662,"13637,4517,1595",19752,19662,0,0,0,0,0,0,0,True,True,True,True,0,verilator,5.028,0,20260929,37bdfbaacba1dc000701ad690b261df81455d7636899da8f14a207513c831280,c2356f8641370e16f192d095b175e544167665da,False,shard_0100_0120,build/shapes/20260929/runs/c2356f864137-37bdfbaacba1/verilator,shapes_rtl_logs_c2356f864137-37bdfbaacba1.tar.xz,909826df73fdbe23d78585362039ea5b2be5128fe23d7fbcc3bdd50446261724
2026-09-29T06:14:28+00:00,c2356f8641370e16f192d095b175e544167665da,False,,,,shapes,J0106,,rtl_sim,,1,106,conv_pool,1,0,,2x31x39-k2x2->29p,2x31x39,29x15x19,0,1,1,1,0,8,600,600,4800,264480,4829,4832,4800,4829,4832,4800,0,0,0,0,0,0,0,True,True,True,True,0,verilator,5.028,0,20260929,37bdfbaacba1dc000701ad690b261df81455d7636899da8f14a207513c831280,c2356f8641370e16f192d095b175e544167665da,False,shard_0100_0120,build/shapes/20260929/runs/c2356f864137-37bdfbaacba1/verilator,shapes_rtl_logs_c2356f864137-37bdfbaacba1.tar.xz,909826df73fdbe23d78585362039ea5b2be5128fe23d7fbcc3bdd50446261724
2026-09-29T06:14:28+00:00,c2356f8641370e16f192d095b175e544167665da,False,,,,shapes,J0107,,rtl_sim,,1,107,conv_pool,1,0,,22x42x18-k3x3->55p,22x42x18,55x20x8,0,1,1,0,0,198,560,560,110880,6969600,110909,110912,110880,110909,110912,110880,0,0,0,0,0,0,0,True,True,True,True,0,verilator,5.028,0,20260929,37bdfbaacba1dc000701ad690b261df81455d7636899da8f14a207513c831280,c2356f8641370e16f192d095b175e544167665da,False,shard_0100_0120,build/shapes/20260929/runs/c2356f864137-37bdfbaacba1/verilator,shapes_rtl_logs_c2356f864137-37bdfbaacba1.tar.xz,909826df73fdbe23d78585362039ea5b2be5128fe23d7fbcc3bdd50446261724
2026-09-29T06:14:28+00:00,c2356f8641370e16f192d095b175e544167665da,False,,,,shapes,J0108,,rtl_sim,,1,108,head_raw,1,0,,34x1x6-k1x6->8raw,34x1x6,LOGIT[8],1,0,0,1,1,204,1,1,204,1632,233,236,204,233,236,204,0,0,0,0,0,0,0,True,True,True,True,0,verilator,5.028,0,20260929,37bdfbaacba1dc000701ad690b261df81455d7636899da8f14a207513c831280,c2356f8641370e16f192d095b175e544167665da,False,shard_0100_0120,build/shapes/20260929/runs/c2356f864137-37bdfbaacba1/verilator,shapes_rtl_logs_c2356f864137-37bdfbaacba1.tar.xz,909826df73fdbe23d78585362039ea5b2be5128fe23d7fbcc3bdd50446261724
2026-09-29T06:14:28+00:00,c2356f8641370e16f192d095b175e544167665da,False,,,,shapes,J0109,,rtl_sim,,1,109,conv,1,0,,1x24x5-k4x4->43,1x24x5,43x21x2,0,0,1,1,0,16,126,126,2016,28896,2045,2048,2016,2045,2048,2016,0,0,0,0,0,0,0,True,True,True,True,0,verilator,5.028,0,20260929,37bdfbaacba1dc000701ad690b261df81455d7636899da8f14a207513c831280,c2356f8641370e16f192d095b175e544167665da,False,shard_0100_0120,build/shapes/20260929/runs/c2356f864137-37bdfbaacba1/verilator,shapes_rtl_logs_c2356f864137-37bdfbaacba1.tar.xz,909826df73fdbe23d78585362039ea5b2be5128fe23d7fbcc3bdd50446261724
2026-09-29T06:14:28+00:00,c2356f8641370e16f192d095b175e544167665da,False,,,,shapes,J0110,,rtl_sim,,1,110,depth2_3,2,0,,2x26x6-k2x2->76;76x25x5-k3x1->55,2x26x6,55x23x5,0,0,1,1,0,"8,228","250,161",411,38708,1518100,"2029,36737",38769,38708,"2029,36737",38769,38708,0,0,0,0,0,0,0,True,True,True,True,0,verilator,5.028,0,20260929,37bdfbaacba1dc000701ad690b261df81455d7636899da8f14a207513c831280,c2356f8641370e16f192d095b175e544167665da,False,shard_0100_0120,build/shapes/20260929/runs/c2356f864137-37bdfbaacba1/verilator,shapes_rtl_logs_c2356f864137-37bdfbaacba1.tar.xz,909826df73fdbe23d78585362039ea5b2be5128fe23d7fbcc3bdd50446261724
2026-09-29T06:14:28+00:00,c2356f8641370e16f192d095b175e544167665da,False,,,,shapes,J0111,,rtl_sim,,1,111,fc,3,0,,105x1x1-k1x1->88;88x1x1-k1x1->128n;128x1x1-k1x1->2raw,105x1x1,LOGIT[2],1,0,1,1,1,"105,88,128","11,16,1",28,2691,20760,"1184,1437,157",2781,2691,"1184,1437,157",2781,2691,0,0,0,0,0,0,0,True,True,True,True,0,verilator,5.028,0,20260929,37bdfbaacba1dc000701ad690b261df81455d7636899da8f14a207513c831280,c2356f8641370e16f192d095b175e544167665da,False,shard_0100_0120,build/shapes/20260929/runs/c2356f864137-37bdfbaacba1/verilator,shapes_rtl_logs_c2356f864137-37bdfbaacba1.tar.xz,909826df73fdbe23d78585362039ea5b2be5128fe23d7fbcc3bdd50446261724
2026-09-29T06:14:28+00:00,c2356f8641370e16f192d095b175e544167665da,False,,,,shapes,J0112,,rtl_sim,,1,112,depth7_8,8,0,,14x6x46-k5x5->11;11x2x42-k2x2->14;14x1x41-k1x1->20;20x1x41-k1x1->25;25x1x41-k1x1->10;10x1x41-k1x1->19;19x1x41-k1x1->21;21x1x41-k1x1->7,14x6x46,7x1x41,0,0,1,1,0,"350,44,14,20,25,10,19,21","24,12,18,24,12,18,18,6",132,10608,421062,"8429,557,281,509,329,209,371,155",10843,10608,"8429,557,281,509,329,209,371,155",10843,10608,0,0,0,0,0,0,0,True,True,True,True,0,verilator,5.028,0,20260929,37bdfbaacba1dc000701ad690b261df81455d7636899da8f14a207513c831280,c2356f8641370e16f192d095b175e544167665da,False,shard_0100_0120,build/shapes/20260929/runs/c2356f864137-37bdfbaacba1/verilator,shapes_rtl_logs_c2356f864137-37bdfbaacba1.tar.xz,909826df73fdbe23d78585362039ea5b2be5128fe23d7fbcc3bdd50446261724
2026-09-29T06:14:28+00:00,c2356f8641370e16f192d095b175e544167665da,False,,,,shapes,J0113,,rtl_sim,,1,113,depth2_3,2,0,,13x25x13-k5x7->46n;46x21x7-k3x4->21n,13x25x13,21x19x4,0,0,1,1,0,"455,552","126,57",183,88794,3957702,"57359,31493",88855,88794,"57359,31493",88855,88794,0,0,0,0,0,0,0,True,True,True,True,0,verilator,5.028,0,20260929,37bdfbaacba1dc000701ad690b261df81455d7636899da8f14a207513c831280,c2356f8641370e16f192d095b175e544167665da,False,shard_0100_0120,build/shapes/20260929/runs/c2356f864137-37bdfbaacba1/verilator,shapes_rtl_logs_c2356f864137-37bdfbaacba1.tar.xz,909826df73fdbe23d78585362039ea5b2be5128fe23d7fbcc3bdd50446261724
2026-09-29T06:14:28+00:00,c2356f8641370e16f192d095b175e544167665da,False,,,,shapes,J0114,,rtl_sim,,1,114,tails,1,0,,28x16x7-k3x3->11,28x16x7,11x14x5,0,0,1,1,0,252,28,28,7056,194040,7085,7088,7056,7085,7088,7056,0,0,0,0,0,0,0,True,True,True,True,0,verilator,5.028,0,20260929,37bdfbaacba1dc000701ad690b261df81455d7636899da8f14a207513c831280,c2356f8641370e16f192d095b175e544167665da,False,shard_0100_0120,build/shapes/20260929/runs/c2356f864137-37bdfbaacba1/verilator,shapes_rtl_logs_c2356f864137-37bdfbaacba1.tar.xz,909826df73fdbe23d78585362039ea5b2be5128fe23d7fbcc3bdd50446261724
2026-09-29T06:14:28+00:00,c2356f8641370e16f192d095b175e544167665da,False,,,,shapes,J0115,,rtl_sim,,1,115,fc,1,0,,510x1x1-k1x1->12raw,510x1x1,LOGIT[12],1,0,1,1,1,510,2,2,1020,6120,1049,1052,1020,1049,1052,1020,0,0,0,0,0,0,0,True,True,True,True,0,verilator,5.028,0,20260929,37bdfbaacba1dc000701ad690b261df81455d7636899da8f14a207513c831280,c2356f8641370e16f192d095b175e544167665da,False,shard_0100_0120,build/shapes/20260929/runs/c2356f864137-37bdfbaacba1/verilator,shapes_rtl_logs_c2356f864137-37bdfbaacba1.tar.xz,909826df73fdbe23d78585362039ea5b2be5128fe23d7fbcc3bdd50446261724
2026-09-29T06:14:28+00:00,c2356f8641370e16f192d095b175e544167665da,False,,,,shapes,J0116,,rtl_sim,,1,116,depth4_6,4,0,,22x13x10-k2x2->16;16x12x9-k3x3->42n;42x10x7-k5x5->30;30x6x3-k3x3->37,22x13x10,37x4x1,0,0,1,1,0,"88,144,1050,270","48,60,24,20",152,43464,1182384,"4253,8669,25229,5429",43583,43464,"4253,8669,25229,5429",43583,43464,0,0,0,0,0,0,0,True,True,True,True,0,verilator,5.028,0,20260929,37bdfbaacba1dc000701ad690b261df81455d7636899da8f14a207513c831280,c2356f8641370e16f192d095b175e544167665da,False,shard_0100_0120,build/shapes/20260929/runs/c2356f864137-37bdfbaacba1/verilator,shapes_rtl_logs_c2356f864137-37bdfbaacba1.tar.xz,909826df73fdbe23d78585362039ea5b2be5128fe23d7fbcc3bdd50446261724
2026-09-29T06:14:28+00:00,c2356f8641370e16f192d095b175e544167665da,False,,,,shapes,J0117,,rtl_sim,,1,117,depth4_6,6,0,,25x8x32-k3x3->13;13x6x30-k3x3->24;24x4x28-k4x4->12;12x1x25-k1x7->24;24x1x19-k1x1->48;48x1x19-k1x1->15,25x8x32,15x1x19,0,0,1,1,0,"225,117,384,84,24,48","48,48,8,9,18,6",137,20964,1030068,"10829,5645,3101,785,461,317",21141,20964,"10829,5645,3101,785,461,317",21141,20964,0,0,0,0,0,0,0,True,True,True,True,0,verilator,5.028,0,20260929,37bdfbaacba1dc000701ad690b261df81455d7636899da8f14a207513c831280,c2356f8641370e16f192d095b175e544167665da,False,shard_0100_0120,build/shapes/20260929/runs/c2356f864137-37bdfbaacba1/verilator,shapes_rtl_logs_c2356f864137-37bdfbaacba1.tar.xz,909826df73fdbe23d78585362039ea5b2be5128fe23d7fbcc3bdd50446261724
2026-09-29T06:14:28+00:00,c2356f8641370e16f192d095b175e544167665da,False,,,,shapes,J0118,,rtl_sim,,1,118,pointwise,1,0,,86x3x38-k1x1->56n,86x3x38,56x3x38,0,0,0,1,0,86,105,105,9030,549024,9059,9062,9030,9059,9062,9030,0,0,0,0,0,0,0,True,True,True,True,0,verilator,5.028,0,20260929,37bdfbaacba1dc000701ad690b261df81455d7636899da8f14a207513c831280,c2356f8641370e16f192d095b175e544167665da,False,shard_0100_0120,build/shapes/20260929/runs/c2356f864137-37bdfbaacba1/verilator,shapes_rtl_logs_c2356f864137-37bdfbaacba1.tar.xz,909826df73fdbe23d78585362039ea5b2be5128fe23d7fbcc3bdd50446261724
2026-09-29T06:14:28+00:00,c2356f8641370e16f192d095b175e544167665da,False,,,,shapes,J0119,,rtl_sim,,1,119,depth2_3,2,0,,18x14x59-k3x3->19;19x12x57-k8x8->9,18x14x59,9x5x50,0,0,1,1,0,"162,1216","288,70",358,131776,4841352,"46685,85149",131837,131776,"46685,85149",131837,131776,0,0,0,0,0,0,0,True,True,True,True,0,verilator,5.028,0,20260929,37bdfbaacba1dc000701ad690b261df81455d7636899da8f14a207513c831280,c2356f8641370e16f192d095b175e544167665da,False,shard_0100_0120,build/shapes/20260929/runs/c2356f864137-37bdfbaacba1/verilator,shapes_rtl_logs_c2356f864137-37bdfbaacba1.tar.xz,909826df73fdbe23d78585362039ea5b2be5128fe23d7fbcc3bdd50446261724
2026-09-29T06:14:28+00:00,c2356f8641370e16f192d095b175e544167665da,False,,,,shapes,J0120,,rtl_sim,,1,120,head_raw,1,0,,14x6x2-k6x2->7raw,14x6x2,LOGIT[7],1,0,1,1,1,168,1,1,168,1176,197,200,168,197,200,168,0,0,0,0,0,0,0,True,True,True,True,0,verilator,5.028,1,20260929,37bdfbaacba1dc000701ad690b261df81455d7636899da8f14a207513c831280,c2356f8641370e16f192d095b175e544167665da,False,shard_0120_0140,build/shapes/20260929/runs/c2356f864137-37bdfbaacba1/verilator,shapes_rtl_logs_c2356f864137-37bdfbaacba1.tar.xz,909826df73fdbe23d78585362039ea5b2be5128fe23d7fbcc3bdd50446261724
2026-09-29T06:14:28+00:00,c2356f8641370e16f192d095b175e544167665da,False,,,,shapes,J0121,,rtl_sim,,1,121,head_raw,1,0,,63x8x3-k8x3->8raw,63x8x3,LOGIT[8],1,0,0,1,1,1512,1,1,1512,12096,1541,1544,1512,1541,1544,1512,0,0,0,0,0,0,0,True,True,True,True,0,verilator,5.028,0,20260929,37bdfbaacba1dc000701ad690b261df81455d7636899da8f14a207513c831280,c2356f8641370e16f192d095b175e544167665da,False,shard_0120_0140,build/shapes/20260929/runs/c2356f864137-37bdfbaacba1/verilator,shapes_rtl_logs_c2356f864137-37bdfbaacba1.tar.xz,909826df73fdbe23d78585362039ea5b2be5128fe23d7fbcc3bdd50446261724
2026-09-29T06:14:28+00:00,c2356f8641370e16f192d095b175e544167665da,False,,,,shapes,J0122,,rtl_sim,,1,122,netlike,5,0,,3x32x32-k3x3->46p;46x15x15-k6x6->11p;11x5x5-k5x5->57;57x1x1-k1x1->90;90x1x1-k1x1->11raw,3x32x32,LOGIT[11],1,1,1,1,1,"27,1656,275,57,90","720,40,8,12,2",782,88744,2961195,"19469,66269,2229,713,209",88892,88744,"19469,66269,2229,713,209",88892,88744,0,0,0,0,0,0,0,True,True,True,True,0,verilator,5.028,0,20260929,37bdfbaacba1dc000701ad690b261df81455d7636899da8f14a207513c831280,c2356f8641370e16f192d095b175e544167665da,False,shard_0120_0140,build/shapes/20260929/runs/c2356f864137-37bdfbaacba1/verilator,shapes_rtl_logs_c2356f864137-37bdfbaacba1.tar.xz,909826df73fdbe23d78585362039ea5b2be5128fe23d7fbcc3bdd50446261724
2026-09-29T06:14:28+00:00,c2356f8641370e16f192d095b175e544167665da,False,,,,shapes,J0123,,rtl_sim,,1,123,pointwise,1,0,,60x25x12-k1x1->3,60x25x12,3x25x12,0,0,1,1,0,60,50,50,3000,54000,3029,3032,3000,3029,3032,3000,0,0,0,0,0,0,0,True,True,True,True,0,verilator,5.028,1,20260929,37bdfbaacba1dc000701ad690b261df81455d7636899da8f14a207513c831280,c2356f8641370e16f192d095b175e544167665da,False,shard_0120_0140,build/shapes/20260929/runs/c2356f864137-37bdfbaacba1/verilator,shapes_rtl_logs_c2356f864137-37bdfbaacba1.tar.xz,909826df73fdbe23d78585362039ea5b2be5128fe23d7fbcc3bdd50446261724
2026-09-29T06:14:28+00:00,c2356f8641370e16f192d095b175e544167665da,False,,,,shapes,J0124,,rtl_sim,,1,124,depth2_3,2,0,,12x12x35-k3x3->55;55x10x33-k1x1->66,12x12x35,66x10x33,0,0,1,1,0,"108,55","350,450",800,62550,3158100,"37829,24779",62611,62550,"37829,24779",62611,62550,0,0,0,0,0,0,0,True,True,True,True,0,verilator,5.028,0,20260929,37bdfbaacba1dc000701ad690b261df81455d7636899da8f14a207513c831280,c2356f8641370e16f192d095b175e544167665da,False,shard_0120_0140,build/shapes/20260929/runs/c2356f864137-37bdfbaacba1/verilator,shapes_rtl_logs_c2356f864137-37bdfbaacba1.tar.xz,909826df73fdbe23d78585362039ea5b2be5128fe23d7fbcc3bdd50446261724
2026-09-29T06:14:28+00:00,c2356f8641370e16f192d095b175e544167665da,False,,,,shapes,J0125,,rtl_sim,,1,125,depth7_8,8,0,,2x15x21-k4x4->21n;21x12x18-k7x7->24;24x6x12-k5x5->15;15x2x8-k1x1->25;25x2x8-k1x1->6;6x2x8-k2x2->12;12x1x7-k1x1->21;21x1x7-k1x1->22,2x15x21,22x1x7,0,0,1,1,0,"32,1029,600,15,25,24,12,21","108,36,4,8,2,2,3,3",166,43217,2082678,"3485,37073,2429,149,79,77,65,92",43452,43217,"3485,37073,2429,149,79,77,65,92",43452,43217,0,0,0,0,0,0,0,True,True,True,True,0,verilator,5.028,0,20260929,37bdfbaacba1dc000701ad690b261df81455d7636899da8f14a207513c831280,c2356f8641370e16f192d095b175e544167665da,False,shard_0120_0140,build/shapes/20260929/runs/c2356f864137-37bdfbaacba1/verilator,shapes_rtl_logs_c2356f864137-37bdfbaacba1.tar.xz,909826df73fdbe23d78585362039ea5b2be5128fe23d7fbcc3bdd50446261724
2026-09-29T06:14:28+00:00,c2356f8641370e16f192d095b175e544167665da,False,,,,shapes,J0126,,rtl_sim,,1,126,head_raw,1,0,,30x4x4-k4x4->8raw,30x4x4,LOGIT[8],1,0,0,1,1,480,1,1,480,3840,509,512,480,509,512,480,0,0,0,0,0,0,0,True,True,True,True,0,verilator,5.028,0,20260929,37bdfbaacba1dc000701ad690b261df81455d7636899da8f14a207513c831280,c2356f8641370e16f192d095b175e544167665da,False,shard_0120_0140,build/shapes/20260929/runs/c2356f864137-37bdfbaacba1/verilator,shapes_rtl_logs_c2356f864137-37bdfbaacba1.tar.xz,909826df73fdbe23d78585362039ea5b2be5128fe23d7fbcc3bdd50446261724
2026-09-29T06:14:28+00:00,c2356f8641370e16f192d095b175e544167665da,False,,,,shapes,J0127,,rtl_sim,,1,127,fc,1,0,,409x1x1-k1x1->5raw,409x1x1,LOGIT[5],1,0,1,1,1,409,1,1,409,2045,438,441,409,438,441,409,0,0,0,0,0,0,0,True,True,True,True,0,verilator,5.028,0,20260929,37bdfbaacba1dc000701ad690b261df81455d7636899da8f14a207513c831280,c2356f8641370e16f192d095b175e544167665da,False,shard_0120_0140,build/shapes/20260929/runs/c2356f864137-37bdfbaacba1/verilator,shapes_rtl_logs_c2356f864137-37bdfbaacba1.tar.xz,909826df73fdbe23d78585362039ea5b2be5128fe23d7fbcc3bdd50446261724
2026-09-29T06:14:28+00:00,c2356f8641370e16f192d095b175e544167665da,False,,,,shapes,J0128,,rtl_sim,,1,128,depth4_6,5,0,,3x18x10-k6x6->13;13x13x5-k1x1->21;21x13x5-k1x1->41;41x13x5-k5x5->10;10x9x1-k3x1->15,3x18x10,15x7x1,0,0,1,1,0,"108,13,21,1025,30","26,39,78,18,14",175,23823,260370,"2837,536,1667,18479,449",23971,23823,"2837,536,1667,18479,449",23971,23823,0,0,0,0,0,0,0,True,True,True,True,0,verilator,5.028,0,20260929,37bdfbaacba1dc000701ad690b261df81455d7636899da8f14a207513c831280,c2356f8641370e16f192d095b175e544167665da,False,shard_0120_0140,build/shapes/20260929/runs/c2356f864137-37bdfbaacba1/verilator,shapes_rtl_logs_c2356f864137-37bdfbaacba1.tar.xz,909826df73fdbe23d78585362039ea5b2be5128fe23d7fbcc3bdd50446261724
2026-09-29T06:14:28+00:00,c2356f8641370e16f192d095b175e544167665da,False,,,,shapes,J0129,,rtl_sim,,1,129,tiny,1,0,,2x4x16-k4x3->8,2x4x16,8x1x14,0,0,0,1,0,24,2,2,48,2688,77,80,48,77,80,48,0,0,0,0,0,0,0,True,True,True,True,0,verilator,5.028,1,20260929,37bdfbaacba1dc000701ad690b261df81455d7636899da8f14a207513c831280,c2356f8641370e16f192d095b175e544167665da,False,shard_0120_0140,build/shapes/20260929/runs/c2356f864137-37bdfbaacba1/verilator,shapes_rtl_logs_c2356f864137-37bdfbaacba1.tar.xz,909826df73fdbe23d78585362039ea5b2be5128fe23d7fbcc3bdd50446261724
2026-09-29T06:14:28+00:00,c2356f8641370e16f192d095b175e544167665da,False,,,,shapes,J0130,,rtl_sim,,1,130,depth4_6,4,0,,24x17x12-k3x3->32;32x15x10-k5x5->18;18x11x6-k5x5->35n;35x7x2-k7x2->8raw,24x17x12,LOGIT[8],1,0,1,1,1,"216,800,450,490","120,33,35,1",189,68560,2211620,"25949,26429,15779,519",68679,68560,"25949,26429,15779,519",68679,68560,0,0,0,0,0,0,0,True,True,True,True,0,verilator,5.028,0,20260929,37bdfbaacba1dc000701ad690b261df81455d7636899da8f14a207513c831280,c2356f8641370e16f192d095b175e544167665da,False,shard_0120_0140,build/shapes/20260929/runs/c2356f864137-37bdfbaacba1/verilator,shapes_rtl_logs_c2356f864137-37bdfbaacba1.tar.xz,909826df73fdbe23d78585362039ea5b2be5128fe23d7fbcc3bdd50446261724
2026-09-29T06:14:28+00:00,c2356f8641370e16f192d095b175e544167665da,False,,,,shapes,J0131,,rtl_sim,,1,131,fc,2,0,,388x1x1-k1x1->99;99x1x1-k1x1->87,388x1x1,87x1x1,0,0,1,1,1,"388,99","13,11",24,6133,47025,"5073,1118",6194,6133,"5073,1118",6194,6133,0,0,0,0,0,0,0,True,True,True,True,0,verilator,5.028,0,20260929,37bdfbaacba1dc000701ad690b261df81455d7636899da8f14a207513c831280,c2356f8641370e16f192d095b175e544167665da,False,shard_0120_0140,build/shapes/20260929/runs/c2356f864137-37bdfbaacba1/verilator,shapes_rtl_logs_c2356f864137-37bdfbaacba1.tar.xz,909826df73fdbe23d78585362039ea5b2be5128fe23d7fbcc3bdd50446261724
2026-09-29T06:14:28+00:00,c2356f8641370e16f192d095b175e544167665da,False,,,,shapes,J0132,,rtl_sim,,1,132,depth2_3,2,0,,11x18x56-k7x1->33p;33x6x28-k1x1->42n,11x18x56,42x6x28,0,1,1,1,0,"77,33","420,144",564,37092,1940400,"32369,4781",37153,37092,"32369,4781",37153,37092,0,0,0,0,0,0,0,True,True,True,True,0,verilator,5.028,0,20260929,37bdfbaacba1dc000701ad690b261df81455d7636899da8f14a207513c831280,c2356f8641370e16f192d095b175e544167665da,False,shard_0120_0140,build/shapes/20260929/runs/c2356f864137-37bdfbaacba1/verilator,shapes_rtl_logs_c2356f864137-37bdfbaacba1.tar.xz,909826df73fdbe23d78585362039ea5b2be5128fe23d7fbcc3bdd50446261724
2026-09-29T06:14:28+00:00,c2356f8641370e16f192d095b175e544167665da,False,,,,shapes,J0133,,rtl_sim,,1,133,tails,2,0,,13x20x7-k1x1->11;11x20x7-k5x5->14,13x20x7,14x16x3,0,0,1,1,0,"13,275","40,32",72,9320,204820,"549,8829",9381,9320,"549,8829",9381,9320,0,0,0,0,0,0,0,True,True,True,True,0,verilator,5.028,0,20260929,37bdfbaacba1dc000701ad690b261df81455d7636899da8f14a207513c831280,c2356f8641370e16f192d095b175e544167665da,False,shard_0120_0140,build/shapes/20260929/runs/c2356f864137-37bdfbaacba1/verilator,shapes_rtl_logs_c2356f864137-37bdfbaacba1.tar.xz,909826df73fdbe23d78585362039ea5b2be5128fe23d7fbcc3bdd50446261724
2026-09-29T06:14:28+00:00,c2356f8641370e16f192d095b175e544167665da,False,,,,shapes,J0134,,rtl_sim,,1,134,conv,1,0,,17x7x54-k5x5->84n,17x7x54,84x3x50,0,0,1,1,0,425,231,231,98175,5355000,98204,98207,98175,98204,98207,98175,0,0,0,0,0,0,0,True,True,True,True,0,verilator,5.028,0,20260929,37bdfbaacba1dc000701ad690b261df81455d7636899da8f14a207513c831280,c2356f8641370e16f192d095b175e544167665da,False,shard_0120_0140,build/shapes/20260929/runs/c2356f864137-37bdfbaacba1/verilator,shapes_rtl_logs_c2356f864137-37bdfbaacba1.tar.xz,909826df73fdbe23d78585362039ea5b2be5128fe23d7fbcc3bdd50446261724
2026-09-29T06:14:28+00:00,c2356f8641370e16f192d095b175e544167665da,False,,,,shapes,J0135,,rtl_sim,,1,135,pointwise,1,0,,27x34x20-k1x1->82p,27x34x20,82x17x10,0,1,1,1,0,27,1122,1122,30294,1505520,30323,30326,30294,30323,30326,30294,0,0,0,0,0,0,0,True,True,True,True,0,verilator,5.028,0,20260929,37bdfbaacba1dc000701ad690b261df81455d7636899da8f14a207513c831280,c2356f8641370e16f192d095b175e544167665da,False,shard_0120_0140,build/shapes/20260929/runs/c2356f864137-37bdfbaacba1/verilator,shapes_rtl_logs_c2356f864137-37bdfbaacba1.tar.xz,909826df73fdbe23d78585362039ea5b2be5128fe23d7fbcc3bdd50446261724
2026-09-29T06:14:28+00:00,c2356f8641370e16f192d095b175e544167665da,False,,,,shapes,J0136,,rtl_sim,,1,136,depth2_3,2,0,,28x15x15-k5x8->16;16x11x8-k5x5->40,28x15x15,40x7x4,0,0,0,1,0,"1120,400","22,35",57,38640,2024960,"24669,14029",38701,38640,"24669,14029",38701,38640,0,0,0,0,0,0,0,True,True,True,True,0,verilator,5.028,0,20260929,37bdfbaacba1dc000701ad690b261df81455d7636899da8f14a207513c831280,c2356f8641370e16f192d095b175e544167665da,False,shard_0120_0140,build/shapes/20260929/runs/c2356f864137-37bdfbaacba1/verilator,shapes_rtl_logs_c2356f864137-37bdfbaacba1.tar.xz,909826df73fdbe23d78585362039ea5b2be5128fe23d7fbcc3bdd50446261724
2026-09-29T06:14:28+00:00,c2356f8641370e16f192d095b175e544167665da,False,,,,shapes,J0137,,rtl_sim,,1,137,conv_pool,1,0,,7x48x29-k3x4->67p,7x48x29,67x23x13,0,1,1,1,0,84,1656,1656,139104,6731088,139133,139136,139104,139133,139136,139104,0,0,0,0,0,0,0,True,True,True,True,0,verilator,5.028,0,20260929,37bdfbaacba1dc000701ad690b261df81455d7636899da8f14a207513c831280,c2356f8641370e16f192d095b175e544167665da,False,shard_0120_0140,build/shapes/20260929/runs/c2356f864137-37bdfbaacba1/verilator,shapes_rtl_logs_c2356f864137-37bdfbaacba1.tar.xz,909826df73fdbe23d78585362039ea5b2be5128fe23d7fbcc3bdd50446261724
2026-09-29T06:14:28+00:00,c2356f8641370e16f192d095b175e544167665da,False,,,,shapes,J0138,,rtl_sim,,1,138,head_raw,1,0,,75x4x1-k4x1->2raw,75x4x1,LOGIT[2],1,0,1,1,1,300,1,1,300,600,329,332,300,329,332,300,0,0,0,0,0,0,0,True,True,True,True,0,verilator,5.028,0,20260929,37bdfbaacba1dc000701ad690b261df81455d7636899da8f14a207513c831280,c2356f8641370e16f192d095b175e544167665da,False,shard_0120_0140,build/shapes/20260929/runs/c2356f864137-37bdfbaacba1/verilator,shapes_rtl_logs_c2356f864137-37bdfbaacba1.tar.xz,909826df73fdbe23d78585362039ea5b2be5128fe23d7fbcc3bdd50446261724
2026-09-29T06:14:28+00:00,c2356f8641370e16f192d095b175e544167665da,False,,,,shapes,J0139,,rtl_sim,,1,139,head_raw,1,0,,9x5x1-k5x1->4raw,9x5x1,LOGIT[4],1,0,1,1,1,45,1,1,45,180,74,77,45,74,77,45,0,0,0,0,0,0,0,True,True,True,True,0,verilator,5.028,1,20260929,37bdfbaacba1dc000701ad690b261df81455d7636899da8f14a207513c831280,c2356f8641370e16f192d095b175e544167665da,False,shard_0120_0140,build/shapes/20260929/runs/c2356f864137-37bdfbaacba1/verilator,shapes_rtl_logs_c2356f864137-37bdfbaacba1.tar.xz,909826df73fdbe23d78585362039ea5b2be5128fe23d7fbcc3bdd50446261724
2026-09-29T06:14:28+00:00,c2356f8641370e16f192d095b175e544167665da,False,,,,shapes,J0140,,rtl_sim,,1,140,fc,1,0,,197x1x1-k1x1->1raw,197x1x1,LOGIT[1],1,0,1,1,1,197,1,1,197,197,226,229,197,226,229,197,0,0,0,0,0,0,0,True,True,True,True,0,verilator,5.028,0,20260929,37bdfbaacba1dc000701ad690b261df81455d7636899da8f14a207513c831280,c2356f8641370e16f192d095b175e544167665da,False,shard_0140_0160,build/shapes/20260929/runs/c2356f864137-37bdfbaacba1/verilator,shapes_rtl_logs_c2356f864137-37bdfbaacba1.tar.xz,909826df73fdbe23d78585362039ea5b2be5128fe23d7fbcc3bdd50446261724
2026-09-29T06:14:28+00:00,c2356f8641370e16f192d095b175e544167665da,False,,,,shapes,J0141,,rtl_sim,,1,141,tiny,1,0,,58x5x4-k5x4->9n,58x5x4,9x1x1,0,0,1,1,1,1160,2,2,2320,10440,2349,2352,2320,2349,2352,2320,0,0,0,0,0,0,0,True,True,True,True,0,verilator,5.028,0,20260929,37bdfbaacba1dc000701ad690b261df81455d7636899da8f14a207513c831280,c2356f8641370e16f192d095b175e544167665da,False,shard_0140_0160,build/shapes/20260929/runs/c2356f864137-37bdfbaacba1/verilator,shapes_rtl_logs_c2356f864137-37bdfbaacba1.tar.xz,909826df73fdbe23d78585362039ea5b2be5128fe23d7fbcc3bdd50446261724
2026-09-29T06:14:28+00:00,c2356f8641370e16f192d095b175e544167665da,False,,,,shapes,J0142,,rtl_sim,,1,142,pointwise,1,0,,51x3x80-k1x1->98,51x3x80,98x3x80,0,0,1,0,0,51,390,390,19890,1199520,19919,19922,19890,19919,19922,19890,0,0,0,0,0,0,0,True,True,True,True,0,verilator,5.028,0,20260929,37bdfbaacba1dc000701ad690b261df81455d7636899da8f14a207513c831280,c2356f8641370e16f192d095b175e544167665da,False,shard_0140_0160,build/shapes/20260929/runs/c2356f864137-37bdfbaacba1/verilator,shapes_rtl_logs_c2356f864137-37bdfbaacba1.tar.xz,909826df73fdbe23d78585362039ea5b2be5128fe23d7fbcc3bdd50446261724
2026-09-29T06:14:28+00:00,c2356f8641370e16f192d095b175e544167665da,False,,,,shapes,J0143,,rtl_sim,,1,143,tiny,2,0,,2x9x19-k3x3->23;23x7x17-k1x4->22,2x9x19,22x7x14,0,0,1,1,0,"18,92","63,42",105,4998,247618,"1163,3893",5059,4998,"1163,3893",5059,4998,0,0,0,0,0,0,0,True,True,True,True,0,verilator,5.028,0,20260929,37bdfbaacba1dc000701ad690b261df81455d7636899da8f14a207513c831280,c2356f8641370e16f192d095b175e544167665da,False,shard_0140_0160,build/shapes/20260929/runs/c2356f864137-37bdfbaacba1/verilator,shapes_rtl_logs_c2356f864137-37bdfbaacba1.tar.xz,909826df73fdbe23d78585362039ea5b2be5128fe23d7fbcc3bdd50446261724
2026-09-29T06:14:28+00:00,c2356f8641370e16f192d095b175e544167665da,False,,,,shapes,J0144,,rtl_sim,,1,144,conv,1,0,,8x27x15-k3x8->95,8x27x15,95x25x8,0,0,1,0,0,192,300,300,57600,3648000,57629,57632,57600,57629,57632,57600,0,0,0,0,0,0,0,True,True,True,True,0,verilator,5.028,0,20260929,37bdfbaacba1dc000701ad690b261df81455d7636899da8f14a207513c831280,c2356f8641370e16f192d095b175e544167665da,False,shard_0140_0160,build/shapes/20260929/runs/c2356f864137-37bdfbaacba1/verilator,shapes_rtl_logs_c2356f864137-37bdfbaacba1.tar.xz,909826df73fdbe23d78585362039ea5b2be5128fe23d7fbcc3bdd50446261724
2026-09-29T06:14:28+00:00,c2356f8641370e16f192d095b175e544167665da,False,,,,shapes,J0145,,rtl_sim,,1,145,conv,1,0,,31x2x13-k2x2->16,31x2x13,16x1x12,0,0,0,1,0,124,4,4,496,23808,525,528,496,525,528,496,0,0,0,0,0,0,0,True,True,True,True,0,verilator,5.028,1,20260929,37bdfbaacba1dc000701ad690b261df81455d7636899da8f14a207513c831280,c2356f8641370e16f192d095b175e544167665da,False,shard_0140_0160,build/shapes/20260929/runs/c2356f864137-37bdfbaacba1/verilator,shapes_rtl_logs_c2356f864137-37bdfbaacba1.tar.xz,909826df73fdbe23d78585362039ea5b2be5128fe23d7fbcc3bdd50446261724
2026-09-29T06:14:28+00:00,c2356f8641370e16f192d095b175e544167665da,False,,,,shapes,J0146,,rtl_sim,,1,146,tails,2,0,,4x3x21-k3x3->59;59x1x19-k1x1->1,4x3x21,1x1x19,0,0,1,1,0,"36,59","24,3",27,1041,41477,"893,206",1102,1041,"893,206",1102,1041,0,0,0,0,0,0,0,True,True,True,True,0,verilator,5.028,0,20260929,37bdfbaacba1dc000701ad690b261df81455d7636899da8f14a207513c831280,c2356f8641370e16f192d095b175e544167665da,False,shard_0140_0160,build/shapes/20260929/runs/c2356f864137-37bdfbaacba1/verilator,shapes_rtl_logs_c2356f864137-37bdfbaacba1.tar.xz,909826df73fdbe23d78585362039ea5b2be5128fe23d7fbcc3bdd50446261724
2026-09-29T06:14:28+00:00,c2356f8641370e16f192d095b175e544167665da,False,,,,shapes,J0147,,rtl_sim,,1,147,tails,2,0,,22x6x23-k1x1->35;35x6x23-k6x3->41,22x6x23,41x1x21,0,0,1,1,0,"22,630","90,18",108,13320,648690,"2009,11369",13381,13320,"2009,11369",13381,13320,0,0,0,0,0,0,0,True,True,True,True,0,verilator,5.028,0,20260929,37bdfbaacba1dc000701ad690b261df81455d7636899da8f14a207513c831280,c2356f8641370e16f192d095b175e544167665da,False,shard_0140_0160,build/shapes/20260929/runs/c2356f864137-37bdfbaacba1/verilator,shapes_rtl_logs_c2356f864137-37bdfbaacba1.tar.xz,909826df73fdbe23d78585362039ea5b2be5128fe23d7fbcc3bdd50446261724
2026-09-29T06:14:28+00:00,c2356f8641370e16f192d095b175e544167665da,False,,,,shapes,J0148,,rtl_sim,,1,148,depth2_3,2,0,,27x13x11-k6x6->89p;89x4x3-k4x3->13raw,27x13x11,LOGIT[13],1,1,1,1,1,"972,1068","96,2",98,95448,4166268,"93341,2165",95509,95448,"93341,2165",95509,95448,0,0,0,0,0,0,0,True,True,True,True,0,verilator,5.028,0,20260929,37bdfbaacba1dc000701ad690b261df81455d7636899da8f14a207513c831280,c2356f8641370e16f192d095b175e544167665da,False,shard_0140_0160,build/shapes/20260929/runs/c2356f864137-37bdfbaacba1/verilator,shapes_rtl_logs_c2356f864137-37bdfbaacba1.tar.xz,909826df73fdbe23d78585362039ea5b2be5128fe23d7fbcc3bdd50446261724
2026-09-29T06:14:28+00:00,c2356f8641370e16f192d095b175e544167665da,False,,,,shapes,J0149,,rtl_sim,,1,149,fc,2,0,,400x1x1-k1x1->47n;47x1x1-k1x1->5raw,400x1x1,LOGIT[5],1,0,1,1,1,"400,47","6,1",7,2447,19035,"2429,76",2508,2447,"2429,76",2508,2447,0,0,0,0,0,0,0,True,True,True,True,0,verilator,5.028,0,20260929,37bdfbaacba1dc000701ad690b261df81455d7636899da8f14a207513c831280,c2356f8641370e16f192d095b175e544167665da,False,shard_0140_0160,build/shapes/20260929/runs/c2356f864137-37bdfbaacba1/verilator,shapes_rtl_logs_c2356f864137-37bdfbaacba1.tar.xz,909826df73fdbe23d78585362039ea5b2be5128fe23d7fbcc3bdd50446261724
2026-09-29T06:14:28+00:00,c2356f8641370e16f192d095b175e544167665da,False,,,,shapes,J0150,,rtl_sim,,1,150,conv,1,0,,11x33x7-k5x5->77,11x33x7,77x29x3,0,0,1,1,0,275,290,290,79750,1842225,79779,79782,79750,79779,79782,79750,0,0,0,0,0,0,0,True,True,True,True,0,verilator,5.028,0,20260929,37bdfbaacba1dc000701ad690b261df81455d7636899da8f14a207513c831280,c2356f8641370e16f192d095b175e544167665da,False,shard_0140_0160,build/shapes/20260929/runs/c2356f864137-37bdfbaacba1/verilator,shapes_rtl_logs_c2356f864137-37bdfbaacba1.tar.xz,909826df73fdbe23d78585362039ea5b2be5128fe23d7fbcc3bdd50446261724
2026-09-29T06:14:28+00:00,c2356f8641370e16f192d095b175e544167665da,False,,,,shapes,J0151,,rtl_sim,,1,151,depth2_3,2,0,,6x7x7-k3x3->8;8x5x5-k5x5->18,6x7x7,18x1x1,0,0,1,1,1,"54,200","5,3",8,870,14400,"299,629",931,870,"299,629",931,870,0,0,0,0,0,0,0,True,True,True,True,0,verilator,5.028,1,20260929,37bdfbaacba1dc000701ad690b261df81455d7636899da8f14a207513c831280,c2356f8641370e16f192d095b175e544167665da,False,shard_0140_0160,build/shapes/20260929/runs/c2356f864137-37bdfbaacba1/verilator,shapes_rtl_logs_c2356f864137-37bdfbaacba1.tar.xz,909826df73fdbe23d78585362039ea5b2be5128fe23d7fbcc3bdd50446261724
2026-09-29T06:14:28+00:00,c2356f8641370e16f192d095b175e544167665da,False,,,,shapes,J0152,,rtl_sim,,1,152,depth4_6,5,0,,30x7x11-k3x3->32;32x5x9-k3x3->17;17x3x7-k3x3->32;32x1x5-k1x1->43;43x1x5-k1x5->4raw,30x7x11,LOGIT[4],1,0,1,1,1,"270,288,153,32,215","40,9,4,6,1",60,14411,523836,"10829,2621,641,221,244",14559,14411,"10829,2621,641,221,244",14559,14411,0,0,0,0,0,0,0,True,True,True,True,0,verilator,5.028,0,20260929,37bdfbaacba1dc000701ad690b261df81455d7636899da8f14a207513c831280,c2356f8641370e16f192d095b175e544167665da,False,shard_0140_0160,build/shapes/20260929/runs/c2356f864137-37bdfbaacba1/verilator,shapes_rtl_logs_c2356f864137-37bdfbaacba1.tar.xz,909826df73fdbe23d78585362039ea5b2be5128fe23d7fbcc3bdd50446261724
2026-09-29T06:14:28+00:00,c2356f8641370e16f192d095b175e544167665da,False,,,,shapes,J0153,,rtl_sim,,1,153,refuse,3,1,QP_END,3x14x23-k2x2->8;8x13x22-k3x3->20;20x11x20-k5x3->10n,3x14x23,10x7x18,0,0,1,1,0,"12,72,300",,,,,,3,0,,3,0,0,0,0,0,0,1794,1794,True,,True,True,0,verilator,5.028,0,20260929,37bdfbaacba1dc000701ad690b261df81455d7636899da8f14a207513c831280,c2356f8641370e16f192d095b175e544167665da,False,shard_0140_0160,build/shapes/20260929/runs/c2356f864137-37bdfbaacba1/verilator,shapes_rtl_logs_c2356f864137-37bdfbaacba1.tar.xz,909826df73fdbe23d78585362039ea5b2be5128fe23d7fbcc3bdd50446261724
2026-09-29T06:14:28+00:00,c2356f8641370e16f192d095b175e544167665da,False,,,,shapes,J0154,,rtl_sim,,1,154,refuse,3,1,raw_OC_gt_16,10x16x10-k4x4->5;5x13x7-k4x4->13p;13x5x2-k5x2->36raw,10x16x10,LOGIT[36],0,1,1,1,1,"160,80,130",,,,,,3,0,,3,0,0,0,0,0,0,6914,6914,True,,True,True,0,verilator,5.028,1,20260929,37bdfbaacba1dc000701ad690b261df81455d7636899da8f14a207513c831280,c2356f8641370e16f192d095b175e544167665da,False,shard_0140_0160,build/shapes/20260929/runs/c2356f864137-37bdfbaacba1/verilator,shapes_rtl_logs_c2356f864137-37bdfbaacba1.tar.xz,909826df73fdbe23d78585362039ea5b2be5128fe23d7fbcc3bdd50446261724
2026-09-29T06:14:28+00:00,c2356f8641370e16f192d095b175e544167665da,False,,,,shapes,J0155,,rtl_sim,,1,155,tails,2,0,,8x24x7-k5x6->18;18x20x2-k2x2->31,8x24x7,31x19x1,0,0,1,1,0,"240,72","60,76",136,19872,215208,"14429,5501",19933,19872,"14429,5501",19933,19872,0,0,0,0,0,0,0,True,True,True,True,0,verilator,5.028,0,20260929,37bdfbaacba1dc000701ad690b261df81455d7636899da8f14a207513c831280,c2356f8641370e16f192d095b175e544167665da,False,shard_0140_0160,build/shapes/20260929/runs/c2356f864137-37bdfbaacba1/verilator,shapes_rtl_logs_c2356f864137-37bdfbaacba1.tar.xz,909826df73fdbe23d78585362039ea5b2be5128fe23d7fbcc3bdd50446261724
2026-09-29T06:14:28+00:00,c2356f8641370e16f192d095b175e544167665da,False,,,,shapes,J0156,,rtl_sim,,1,156,depth2_3,2,0,,5x4x31-k3x3->88n;88x2x29-k1x1->79,5x4x31,79x2x29,0,0,1,1,0,"45,88","88,80",168,11000,632896,"3989,7069",11061,11000,"3989,7069",11061,11000,0,0,0,0,0,0,0,True,True,True,True,0,verilator,5.028,0,20260929,37bdfbaacba1dc000701ad690b261df81455d7636899da8f14a207513c831280,c2356f8641370e16f192d095b175e544167665da,False,shard_0140_0160,build/shapes/20260929/runs/c2356f864137-37bdfbaacba1/verilator,shapes_rtl_logs_c2356f864137-37bdfbaacba1.tar.xz,909826df73fdbe23d78585362039ea5b2be5128fe23d7fbcc3bdd50446261724
2026-09-29T06:14:28+00:00,c2356f8641370e16f192d095b175e544167665da,False,,,,shapes,J0157,,rtl_sim,,1,157,conv_pool,1,0,,9x30x24-k5x5->50p,9x30x24,50x13x10,0,1,1,1,0,225,546,546,122850,5850000,122879,122882,122850,122879,122882,122850,0,0,0,0,0,0,0,True,True,True,True,0,verilator,5.028,0,20260929,37bdfbaacba1dc000701ad690b261df81455d7636899da8f14a207513c831280,c2356f8641370e16f192d095b175e544167665da,False,shard_0140_0160,build/shapes/20260929/runs/c2356f864137-37bdfbaacba1/verilator,shapes_rtl_logs_c2356f864137-37bdfbaacba1.tar.xz,909826df73fdbe23d78585362039ea5b2be5128fe23d7fbcc3bdd50446261724
2026-09-29T06:14:28+00:00,c2356f8641370e16f192d095b175e544167665da,False,,,,shapes,J0158,,rtl_sim,,1,158,pointwise,1,0,,111x6x13-k1x1->93n,111x6x13,93x6x13,0,0,1,1,0,111,144,144,15984,805194,16013,16016,15984,16013,16016,15984,0,0,0,0,0,0,0,True,True,True,True,0,verilator,5.028,0,20260929,37bdfbaacba1dc000701ad690b261df81455d7636899da8f14a207513c831280,c2356f8641370e16f192d095b175e544167665da,False,shard_0140_0160,build/shapes/20260929/runs/c2356f864137-37bdfbaacba1/verilator,shapes_rtl_logs_c2356f864137-37bdfbaacba1.tar.xz,909826df73fdbe23d78585362039ea5b2be5128fe23d7fbcc3bdd50446261724
2026-09-29T06:14:28+00:00,c2356f8641370e16f192d095b175e544167665da,False,,,,shapes,J0159,,rtl_sim,,1,159,fc,1,0,,356x1x1-k1x1->12raw,356x1x1,LOGIT[12],1,0,1,1,1,356,2,2,712,4272,741,744,712,741,744,712,0,0,0,0,0,0,0,True,True,True,True,0,verilator,5.028,0,20260929,37bdfbaacba1dc000701ad690b261df81455d7636899da8f14a207513c831280,c2356f8641370e16f192d095b175e544167665da,False,shard_0140_0160,build/shapes/20260929/runs/c2356f864137-37bdfbaacba1/verilator,shapes_rtl_logs_c2356f864137-37bdfbaacba1.tar.xz,909826df73fdbe23d78585362039ea5b2be5128fe23d7fbcc3bdd50446261724
2026-09-29T06:14:28+00:00,c2356f8641370e16f192d095b175e544167665da,False,,,,shapes,J0160,,rtl_sim,,1,160,depth4_6,4,0,,11x5x58-k5x5->20;20x1x54-k1x5->26n;26x1x50-k1x1->24;24x1x50-k1x2->35,11x5x58,35x1x49,0,0,1,1,0,"275,100,26,48","21,28,21,35",105,10801,540520,"5804,2829,575,1709",10920,10801,"5804,2829,575,1709",10920,10801,0,0,0,0,0,0,0,True,True,True,True,0,verilator,5.028,0,20260929,37bdfbaacba1dc000701ad690b261df81455d7636899da8f14a207513c831280,c2356f8641370e16f192d095b175e544167665da,False,shard_0160_0180,build/shapes/20260929/runs/c2356f864137-37bdfbaacba1/verilator,shapes_rtl_logs_c2356f864137-37bdfbaacba1.tar.xz,909826df73fdbe23d78585362039ea5b2be5128fe23d7fbcc3bdd50446261724
2026-09-29T06:14:28+00:00,c2356f8641370e16f192d095b175e544167665da,False,,,,shapes,J0161,,rtl_sim,,1,161,conv_pool,1,0,,21x24x44-k1x1->59p,21x24x44,59x12x22,0,1,1,1,0,21,1152,1152,24192,1308384,24221,24224,24192,24221,24224,24192,0,0,0,0,0,0,0,True,True,True,True,0,verilator,5.028,0,20260929,37bdfbaacba1dc000701ad690b261df81455d7636899da8f14a207513c831280,c2356f8641370e16f192d095b175e544167665da,False,shard_0160_0180,build/shapes/20260929/runs/c2356f864137-37bdfbaacba1/verilator,shapes_rtl_logs_c2356f864137-37bdfbaacba1.tar.xz,909826df73fdbe23d78585362039ea5b2be5128fe23d7fbcc3bdd50446261724
2026-09-29T06:14:28+00:00,c2356f8641370e16f192d095b175e544167665da,False,,,,shapes,J0162,,rtl_sim,,1,162,depth4_6,4,0,,6x4x16-k3x3->55;55x2x14-k2x3->33n;33x1x12-k1x5->25;25x1x8-k1x1->28,6x4x16,28x1x8,0,0,1,1,0,"54,330,165,25","28,10,4,4",46,5572,252440,"1541,3329,689,129",5691,5572,"1541,3329,689,129",5691,5572,0,0,0,0,0,0,0,True,True,True,True,0,verilator,5.028,1,20260929,37bdfbaacba1dc000701ad690b261df81455d7636899da8f14a207513c831280,c2356f8641370e16f192d095b175e544167665da,False,shard_0160_0180,build/shapes/20260929/runs/c2356f864137-37bdfbaacba1/verilator,shapes_rtl_logs_c2356f864137-37bdfbaacba1.tar.xz,909826df73fdbe23d78585362039ea5b2be5128fe23d7fbcc3bdd50446261724
2026-09-29T06:14:28+00:00,c2356f8641370e16f192d095b175e544167665da,False,,,,shapes,J0163,,rtl_sim,,1,163,conv_pool,1,0,,15x36x16-k1x1->6pn,15x36x16,6x18x8,0,1,1,0,0,15,72,72,1080,51840,1109,1112,1080,1109,1112,1080,0,0,0,0,0,0,0,True,True,True,True,0,verilator,5.028,1,20260929,37bdfbaacba1dc000701ad690b261df81455d7636899da8f14a207513c831280,c2356f8641370e16f192d095b175e544167665da,False,shard_0160_0180,build/shapes/20260929/runs/c2356f864137-37bdfbaacba1/verilator,shapes_rtl_logs_c2356f864137-37bdfbaacba1.tar.xz,909826df73fdbe23d78585362039ea5b2be5128fe23d7fbcc3bdd50446261724
2026-09-29T06:14:28+00:00,c2356f8641370e16f192d095b175e544167665da,False,,,,shapes,J0164,,rtl_sim,,1,164,tails,2,0,,10x14x6-k1x3->23p;23x7x2-k1x1->46,10x14x6,46x7x2,0,1,1,1,0,"30,23","42,42",84,2226,53452,"1289,995",2287,2226,"1289,995",2287,2226,0,0,0,0,0,0,0,True,True,True,True,0,verilator,5.028,0,20260929,37bdfbaacba1dc000701ad690b261df81455d7636899da8f14a207513c831280,c2356f8641370e16f192d095b175e544167665da,False,shard_0160_0180,build/shapes/20260929/runs/c2356f864137-37bdfbaacba1/verilator,shapes_rtl_logs_c2356f864137-37bdfbaacba1.tar.xz,909826df73fdbe23d78585362039ea5b2be5128fe23d7fbcc3bdd50446261724
2026-09-29T06:14:28+00:00,c2356f8641370e16f192d095b175e544167665da,False,,,,shapes,J0165,,rtl_sim,,1,165,pointwise,1,0,,121x3x4-k1x1->75,121x3x4,75x3x4,0,0,1,1,0,121,30,30,3630,108900,3659,3662,3630,3659,3662,3630,0,0,0,0,0,0,0,True,True,True,True,0,verilator,5.028,0,20260929,37bdfbaacba1dc000701ad690b261df81455d7636899da8f14a207513c831280,c2356f8641370e16f192d095b175e544167665da,False,shard_0160_0180,build/shapes/20260929/runs/c2356f864137-37bdfbaacba1/verilator,shapes_rtl_logs_c2356f864137-37bdfbaacba1.tar.xz,909826df73fdbe23d78585362039ea5b2be5128fe23d7fbcc3bdd50446261724
2026-09-29T06:14:28+00:00,c2356f8641370e16f192d095b175e544167665da,False,,,,shapes,J0166,,rtl_sim,,1,166,refuse,0,1,n_layers_0,15x24x16-k8x8->12;12x17x9-k5x3->16;16x13x7-k2x5->9,15x24x16,9x12x3,0,0,1,1,0,"960,180,160",,,,,,3,0,,3,0,0,0,0,0,0,8192,8192,True,,True,True,0,verilator,5.028,0,20260929,37bdfbaacba1dc000701ad690b261df81455d7636899da8f14a207513c831280,c2356f8641370e16f192d095b175e544167665da,False,shard_0160_0180,build/shapes/20260929/runs/c2356f864137-37bdfbaacba1/verilator,shapes_rtl_logs_c2356f864137-37bdfbaacba1.tar.xz,909826df73fdbe23d78585362039ea5b2be5128fe23d7fbcc3bdd50446261724
2026-09-29T06:14:28+00:00,c2356f8641370e16f192d095b175e544167665da,False,,,,shapes,J0167,,rtl_sim,,1,167,depth7_8,8,0,,10x38x26-k3x2->11;11x36x25-k5x5->17;17x32x21-k3x3->20;20x30x19-k5x5->28;28x26x15-k8x8->6;6x19x8-k4x4->22;22x16x5-k3x1->19;19x14x5-k3x3->15,10x38x26,15x12x3,0,0,1,1,0,"60,275,153,500,1792,96,66,171","288,288,270,208,19,48,42,24",1187,287322,12923184,"17309,79229,41339,104029,34077,4637,2801,4133",287557,287322,"17309,79229,41339,104029,34077,4637,2801,4133",287557,287322,0,0,0,0,0,0,0,True,True,True,True,0,verilator,5.028,0,20260929,37bdfbaacba1dc000701ad690b261df81455d7636899da8f14a207513c831280,c2356f8641370e16f192d095b175e544167665da,False,shard_0160_0180,build/shapes/20260929/runs/c2356f864137-37bdfbaacba1/verilator,shapes_rtl_logs_c2356f864137-37bdfbaacba1.tar.xz,909826df73fdbe23d78585362039ea5b2be5128fe23d7fbcc3bdd50446261724
2026-09-29T06:14:28+00:00,c2356f8641370e16f192d095b175e544167665da,False,,,,shapes,J0168,,rtl_sim,,1,168,depth7_8,7,0,,2x32x36-k5x5->22;22x28x32-k3x3->13;13x26x30-k8x8->24;24x19x23-k4x4->27;27x16x20-k5x5->31p;31x6x8-k6x6->23;23x1x3-k1x1->8,2x32x36,8x1x3,0,1,1,1,0,"50,198,832,384,675,1116,23","336,208,171,192,96,3,1",1007,342155,19132252,"16829,41213,142301,73757,64829,3377,52",342361,342155,"16829,41213,142301,73757,64829,3377,52",342361,342155,0,0,0,0,0,0,0,True,True,True,True,0,verilator,5.028,0,20260929,37bdfbaacba1dc000701ad690b261df81455d7636899da8f14a207513c831280,c2356f8641370e16f192d095b175e544167665da,False,shard_0160_0180,build/shapes/20260929/runs/c2356f864137-37bdfbaacba1/verilator,shapes_rtl_logs_c2356f864137-37bdfbaacba1.tar.xz,909826df73fdbe23d78585362039ea5b2be5128fe23d7fbcc3bdd50446261724
2026-09-29T06:14:28+00:00,c2356f8641370e16f192d095b175e544167665da,False,,,,shapes,J0169,,rtl_sim,,1,169,depth4_6,4,0,,14x13x55-k3x3->40;40x11x53-k6x3->23n;23x6x51-k4x4->48n;48x3x48-k3x3->38,14x13x55,38x1x46,0,0,1,1,0,"126,720,368,432","385,126,108,30",649,191934,11304432,"48539,90749,39773,12989",192053,191934,"48539,90749,39773,12989",192053,191934,0,0,0,0,0,0,0,True,True,True,True,0,verilator,5.028,0,20260929,37bdfbaacba1dc000701ad690b261df81455d7636899da8f14a207513c831280,c2356f8641370e16f192d095b175e544167665da,False,shard_0160_0180,build/shapes/20260929/runs/c2356f864137-37bdfbaacba1/verilator,shapes_rtl_logs_c2356f864137-37bdfbaacba1.tar.xz,909826df73fdbe23d78585362039ea5b2be5128fe23d7fbcc3bdd50446261724
2026-09-29T06:14:28+00:00,c2356f8641370e16f192d095b175e544167665da,False,,,,shapes,J0170,,rtl_sim,,1,170,pointwise,1,0,,83x10x27-k1x1->79n,83x10x27,79x10x27,0,0,1,1,0,83,400,400,33200,1770390,33229,33232,33200,33229,33232,33200,0,0,0,0,0,0,0,True,True,True,True,0,verilator,5.028,0,20260929,37bdfbaacba1dc000701ad690b261df81455d7636899da8f14a207513c831280,c2356f8641370e16f192d095b175e544167665da,False,shard_0160_0180,build/shapes/20260929/runs/c2356f864137-37bdfbaacba1/verilator,shapes_rtl_logs_c2356f864137-37bdfbaacba1.tar.xz,909826df73fdbe23d78585362039ea5b2be5128fe23d7fbcc3bdd50446261724
2026-09-29T06:14:28+00:00,c2356f8641370e16f192d095b175e544167665da,False,,,,shapes,J0171,,rtl_sim,,1,171,depth7_8,7,0,,26x34x24-k2x2->22;22x33x23-k3x3->9n;9x31x21-k4x4->18n;18x28x18-k5x5->12p;12x12x7-k1x5->5;5x12x3-k3x3->30;30x10x1-k1x1->9n,26x34x24,9x10x1,0,1,1,1,0,"104,198,144,450,60,45,30","297,186,252,96,12,40,20",903,150324,6044442,"30917,36857,36317,43229,749,1829,629",150530,150324,"30917,36857,36317,43229,749,1829,629",150530,150324,0,0,0,0,0,0,0,True,True,True,True,0,verilator,5.028,0,20260929,37bdfbaacba1dc000701ad690b261df81455d7636899da8f14a207513c831280,c2356f8641370e16f192d095b175e544167665da,False,shard_0160_0180,build/shapes/20260929/runs/c2356f864137-37bdfbaacba1/verilator,shapes_rtl_logs_c2356f864137-37bdfbaacba1.tar.xz,909826df73fdbe23d78585362039ea5b2be5128fe23d7fbcc3bdd50446261724
2026-09-29T06:14:28+00:00,c2356f8641370e16f192d095b175e544167665da,False,,,,shapes,J0172,,rtl_sim,,1,172,depth7_8,8,0,,22x9x42-k1x1->26;26x9x42-k3x3->5;5x7x40-k6x6->27;27x2x35-k2x2->21;21x1x34-k1x1->13;13x1x34-k1x1->25;25x1x34-k1x1->13;13x1x34-k1x1->15,22x9x42,15x1x34,0,0,1,1,0,"22,234,180,108,21,13,25,13","216,35,40,15,10,20,10,10",356,22612,999140,"4781,8219,7229,1649,239,289,279,159",22847,22612,"4781,8219,7229,1649,239,289,279,159",22847,22612,0,0,0,0,0,0,0,True,True,True,True,0,verilator,5.028,0,20260929,37bdfbaacba1dc000701ad690b261df81455d7636899da8f14a207513c831280,c2356f8641370e16f192d095b175e544167665da,False,shard_0160_0180,build/shapes/20260929/runs/c2356f864137-37bdfbaacba1/verilator,shapes_rtl_logs_c2356f864137-37bdfbaacba1.tar.xz,909826df73fdbe23d78585362039ea5b2be5128fe23d7fbcc3bdd50446261724
2026-09-29T06:14:28+00:00,c2356f8641370e16f192d095b175e544167665da,False,,,,shapes,J0173,,rtl_sim,,1,173,depth7_8,8,0,,5x27x28-k4x4->8;8x24x25-k3x3->5;5x22x23-k3x3->9;9x20x21-k1x1->11n;11x20x21-k3x3->8;8x18x19-k7x8->28;28x12x12-k3x3->11p;11x5x5-k1x1->7,5x27x28,7x5x5,0,1,1,1,0,"80,72,45,9,99,448,252,11","96,66,120,120,54,96,40,5",597,77401,3134165,"7709,4781,5429,1109,5375,43037,10109,84",77636,77401,"7709,4781,5429,1109,5375,43037,10109,84",77636,77401,0,0,0,0,0,0,0,True,True,True,True,0,verilator,5.028,0,20260929,37bdfbaacba1dc000701ad690b261df81455d7636899da8f14a207513c831280,c2356f8641370e16f192d095b175e544167665da,False,shard_0160_0180,build/shapes/20260929/runs/c2356f864137-37bdfbaacba1/verilator,shapes_rtl_logs_c2356f864137-37bdfbaacba1.tar.xz,909826df73fdbe23d78585362039ea5b2be5128fe23d7fbcc3bdd50446261724
2026-09-29T06:14:28+00:00,c2356f8641370e16f192d095b175e544167665da,False,,,,shapes,J0174,,rtl_sim,,1,174,head_raw,1,0,,45x4x2-k4x2->13raw,45x4x2,LOGIT[13],1,0,1,1,1,360,2,2,720,4680,749,752,720,749,752,720,0,0,0,0,0,0,0,True,True,True,True,0,verilator,5.028,0,20260929,37bdfbaacba1dc000701ad690b261df81455d7636899da8f14a207513c831280,c2356f8641370e16f192d095b175e544167665da,False,shard_0160_0180,build/shapes/20260929/runs/c2356f864137-37bdfbaacba1/verilator,shapes_rtl_logs_c2356f864137-37bdfbaacba1.tar.xz,909826df73fdbe23d78585362039ea5b2be5128fe23d7fbcc3bdd50446261724
2026-09-29T06:14:28+00:00,c2356f8641370e16f192d095b175e544167665da,False,,,,shapes,J0175,,rtl_sim,,1,175,depth7_8,8,0,,17x32x43-k3x3->7;7x30x41-k5x5->27;27x26x37-k6x1->27;27x21x37-k1x1->3;3x21x37-k2x3->16;16x20x35-k1x1->17;17x20x35-k3x3->17;17x18x33-k4x4->1n,17x32x43,1x15x30,0,0,1,1,0,"153,175,162,27,18,16,153,272","180,520,420,105,200,300,270,60",2055,255445,11383709,"27569,91029,68069,2864,3629,4829,41339,16349",255680,255445,"27569,91029,68069,2864,3629,4829,41339,16349",255680,255445,0,0,0,0,0,0,0,True,True,True,True,0,verilator,5.028,0,20260929,37bdfbaacba1dc000701ad690b261df81455d7636899da8f14a207513c831280,c2356f8641370e16f192d095b175e544167665da,False,shard_0160_0180,build/shapes/20260929/runs/c2356f864137-37bdfbaacba1/verilator,shapes_rtl_logs_c2356f864137-37bdfbaacba1.tar.xz,909826df73fdbe23d78585362039ea5b2be5128fe23d7fbcc3bdd50446261724
2026-09-29T06:14:28+00:00,c2356f8641370e16f192d095b175e544167665da,False,,,,shapes,J0176,,rtl_sim,,1,176,depth4_6,5,0,,1x8x10-k3x3->55;55x6x8-k5x5->49n;49x2x4-k2x2->28;28x1x3-k1x1->28;28x1x3-k1x3->15raw,1x8x10,LOGIT[15],1,0,1,1,1,"9,1375,196,28,84","42,14,4,4,2",66,20692,582836,"407,19279,813,141,197",20840,20692,"407,19279,813,141,197",20840,20692,0,0,0,0,0,0,0,True,True,True,True,0,verilator,5.028,0,20260929,37bdfbaacba1dc000701ad690b261df81455d7636899da8f14a207513c831280,c2356f8641370e16f192d095b175e544167665da,False,shard_0160_0180,build/shapes/20260929/runs/c2356f864137-37bdfbaacba1/verilator,shapes_rtl_logs_c2356f864137-37bdfbaacba1.tar.xz,909826df73fdbe23d78585362039ea5b2be5128fe23d7fbcc3bdd50446261724
2026-09-29T06:14:28+00:00,c2356f8641370e16f192d095b175e544167665da,False,,,,shapes,J0177,,rtl_sim,,1,177,depth2_3,2,0,,10x14x4-k4x4->41;41x11x1-k1x1->93,10x14x4,93x11x1,0,0,1,1,0,"160,41","66,132",198,15972,114103,"10589,5441",16033,15972,"10589,5441",16033,15972,0,0,0,0,0,0,0,True,True,True,True,0,verilator,5.028,0,20260929,37bdfbaacba1dc000701ad690b261df81455d7636899da8f14a207513c831280,c2356f8641370e16f192d095b175e544167665da,False,shard_0160_0180,build/shapes/20260929/runs/c2356f864137-37bdfbaacba1/verilator,shapes_rtl_logs_c2356f864137-37bdfbaacba1.tar.xz,909826df73fdbe23d78585362039ea5b2be5128fe23d7fbcc3bdd50446261724
2026-09-29T06:14:28+00:00,c2356f8641370e16f192d095b175e544167665da,False,,,,shapes,J0178,,rtl_sim,,1,178,conv,1,0,,34x7x13-k6x6->21,34x7x13,21x2x8,0,0,1,0,0,1224,6,6,7344,411264,7373,7376,7344,7373,7376,7344,0,0,0,0,0,0,0,True,True,True,True,0,verilator,5.028,0,20260929,37bdfbaacba1dc000701ad690b261df81455d7636899da8f14a207513c831280,c2356f8641370e16f192d095b175e544167665da,False,shard_0160_0180,build/shapes/20260929/runs/c2356f864137-37bdfbaacba1/verilator,shapes_rtl_logs_c2356f864137-37bdfbaacba1.tar.xz,909826df73fdbe23d78585362039ea5b2be5128fe23d7fbcc3bdd50446261724
2026-09-29T06:14:28+00:00,c2356f8641370e16f192d095b175e544167665da,False,,,,shapes,J0179,,rtl_sim,,1,179,tiny,2,0,,5x4x11-k3x1->23n;23x2x11-k1x1->13,5x4x11,13x2x11,0,0,1,1,0,"15,23","12,8",20,364,14168,"209,213",425,364,"209,213",425,364,0,0,0,0,0,0,0,True,True,True,True,0,verilator,5.028,0,20260929,37bdfbaacba1dc000701ad690b261df81455d7636899da8f14a207513c831280,c2356f8641370e16f192d095b175e544167665da,False,shard_0160_0180,build/shapes/20260929/runs/c2356f864137-37bdfbaacba1/verilator,shapes_rtl_logs_c2356f864137-37bdfbaacba1.tar.xz,909826df73fdbe23d78585362039ea5b2be5128fe23d7fbcc3bdd50446261724
2026-09-29T06:14:28+00:00,c2356f8641370e16f192d095b175e544167665da,False,,,,shapes,J0180,,rtl_sim,,1,180,pointwise,1,0,,115x23x2-k1x1->89,115x23x2,89x23x2,0,0,1,1,0,115,276,276,31740,470810,31769,31772,31740,31769,31772,31740,0,0,0,0,0,0,0,True,True,True,True,0,verilator,5.028,0,20260929,37bdfbaacba1dc000701ad690b261df81455d7636899da8f14a207513c831280,c2356f8641370e16f192d095b175e544167665da,False,shard_0180_0200,build/shapes/20260929/runs/c2356f864137-37bdfbaacba1/verilator,shapes_rtl_logs_c2356f864137-37bdfbaacba1.tar.xz,909826df73fdbe23d78585362039ea5b2be5128fe23d7fbcc3bdd50446261724
2026-09-29T06:14:28+00:00,c2356f8641370e16f192d095b175e544167665da,False,,,,shapes,J0181,,rtl_sim,,1,181,depth7_8,8,0,,25x14x55-k3x3->8;8x12x53-k2x2->18;18x11x52-k1x1->5;5x11x52-k3x3->14n;14x9x50-k1x7->2;2x9x44-k7x7->28;28x3x38-k3x3->7;7x1x36-k1x5->25,25x14x55,25x1x32,0,0,1,1,0,"225,32,18,45,98,98,252,35","84,231,77,126,54,60,5,16",653,46340,2291188,"18929,7421,1415,5699,5321,5909,1289,589",46575,46340,"18929,7421,1415,5699,5321,5909,1289,589",46575,46340,0,0,0,0,0,0,0,True,True,True,True,0,verilator,5.028,0,20260929,37bdfbaacba1dc000701ad690b261df81455d7636899da8f14a207513c831280,c2356f8641370e16f192d095b175e544167665da,False,shard_0180_0200,build/shapes/20260929/runs/c2356f864137-37bdfbaacba1/verilator,shapes_rtl_logs_c2356f864137-37bdfbaacba1.tar.xz,909826df73fdbe23d78585362039ea5b2be5128fe23d7fbcc3bdd50446261724
2026-09-29T06:14:28+00:00,c2356f8641370e16f192d095b175e544167665da,False,,,,shapes,J0182,,rtl_sim,,1,182,fc,1,0,,450x1x1-k1x1->12raw,450x1x1,LOGIT[12],1,0,1,1,1,450,2,2,900,5400,929,932,900,929,932,900,0,0,0,0,0,0,0,True,True,True,True,0,verilator,5.028,0,20260929,37bdfbaacba1dc000701ad690b261df81455d7636899da8f14a207513c831280,c2356f8641370e16f192d095b175e544167665da,False,shard_0180_0200,build/shapes/20260929/runs/c2356f864137-37bdfbaacba1/verilator,shapes_rtl_logs_c2356f864137-37bdfbaacba1.tar.xz,909826df73fdbe23d78585362039ea5b2be5128fe23d7fbcc3bdd50446261724
2026-09-29T06:14:28+00:00,c2356f8641370e16f192d095b175e544167665da,False,,,,shapes,J0183,,rtl_sim,,1,183,head_raw,1,0,,12x2x8-k2x8->14raw,12x2x8,LOGIT[14],1,0,1,1,1,192,2,2,384,2688,413,416,384,413,416,384,0,0,0,0,0,0,0,True,True,True,True,0,verilator,5.028,0,20260929,37bdfbaacba1dc000701ad690b261df81455d7636899da8f14a207513c831280,c2356f8641370e16f192d095b175e544167665da,False,shard_0180_0200,build/shapes/20260929/runs/c2356f864137-37bdfbaacba1/verilator,shapes_rtl_logs_c2356f864137-37bdfbaacba1.tar.xz,909826df73fdbe23d78585362039ea5b2be5128fe23d7fbcc3bdd50446261724
2026-09-29T06:14:28+00:00,c2356f8641370e16f192d095b175e544167665da,False,,,,shapes,J0184,,rtl_sim,,1,184,depth2_3,3,0,,10x17x34-k4x4->9;9x14x31-k7x2->49;49x8x30-k3x3->52,10x17x34,52x6x28,0,0,1,1,0,"160,126,441","112,224,168",504,120232,5959296,"17949,28253,74117",120322,120232,"17949,28253,74117",120322,120232,0,0,0,0,0,0,0,True,True,True,True,0,verilator,5.028,0,20260929,37bdfbaacba1dc000701ad690b261df81455d7636899da8f14a207513c831280,c2356f8641370e16f192d095b175e544167665da,False,shard_0180_0200,build/shapes/20260929/runs/c2356f864137-37bdfbaacba1/verilator,shapes_rtl_logs_c2356f864137-37bdfbaacba1.tar.xz,909826df73fdbe23d78585362039ea5b2be5128fe23d7fbcc3bdd50446261724
2026-09-29T06:14:28+00:00,c2356f8641370e16f192d095b175e544167665da,False,,,,shapes,J0185,,rtl_sim,,1,185,netlike,5,0,,7x24x24-k5x5->33p;33x10x10-k5x5->25p;25x3x3-k3x3->67;67x1x1-k1x1->82;82x1x1-k1x1->13raw,7x24x24,LOGIT[13],1,1,1,1,1,"175,825,225,67,82","300,24,9,11,2",346,75226,3074135,"52529,19829,2054,766,193",75374,75226,"52529,19829,2054,766,193",75374,75226,0,0,0,0,0,0,0,True,True,True,True,0,verilator,5.028,0,20260929,37bdfbaacba1dc000701ad690b261df81455d7636899da8f14a207513c831280,c2356f8641370e16f192d095b175e544167665da,False,shard_0180_0200,build/shapes/20260929/runs/c2356f864137-37bdfbaacba1/verilator,shapes_rtl_logs_c2356f864137-37bdfbaacba1.tar.xz,909826df73fdbe23d78585362039ea5b2be5128fe23d7fbcc3bdd50446261724
2026-09-29T06:14:28+00:00,c2356f8641370e16f192d095b175e544167665da,False,,,,shapes,J0186,,rtl_sim,,1,186,conv_pool,1,0,,4x14x50-k5x5->72p,4x14x50,72x5x23,0,1,0,1,0,100,540,540,54000,3312000,54029,54032,54000,54029,54032,54000,0,0,0,0,0,0,0,True,True,True,True,0,verilator,5.028,0,20260929,37bdfbaacba1dc000701ad690b261df81455d7636899da8f14a207513c831280,c2356f8641370e16f192d095b175e544167665da,False,shard_0180_0200,build/shapes/20260929/runs/c2356f864137-37bdfbaacba1/verilator,shapes_rtl_logs_c2356f864137-37bdfbaacba1.tar.xz,909826df73fdbe23d78585362039ea5b2be5128fe23d7fbcc3bdd50446261724
2026-09-29T06:14:28+00:00,c2356f8641370e16f192d095b175e544167665da,False,,,,shapes,J0187,,rtl_sim,,1,187,conv,1,0,,39x25x9-k2x2->25,39x25x9,25x24x8,0,0,1,0,0,156,96,96,14976,748800,15005,15008,14976,15005,15008,14976,0,0,0,0,0,0,0,True,True,True,True,0,verilator,5.028,0,20260929,37bdfbaacba1dc000701ad690b261df81455d7636899da8f14a207513c831280,c2356f8641370e16f192d095b175e544167665da,False,shard_0180_0200,build/shapes/20260929/runs/c2356f864137-37bdfbaacba1/verilator,shapes_rtl_logs_c2356f864137-37bdfbaacba1.tar.xz,909826df73fdbe23d78585362039ea5b2be5128fe23d7fbcc3bdd50446261724
2026-09-29T06:14:28+00:00,c2356f8641370e16f192d095b175e544167665da,False,,,,shapes,J0188,,rtl_sim,,1,188,head_raw,1,0,,10x7x4-k7x4->3raw,10x7x4,LOGIT[3],1,0,1,1,1,280,1,1,280,840,309,312,280,309,312,280,0,0,0,0,0,0,0,True,True,True,True,0,verilator,5.028,0,20260929,37bdfbaacba1dc000701ad690b261df81455d7636899da8f14a207513c831280,c2356f8641370e16f192d095b175e544167665da,False,shard_0180_0200,build/shapes/20260929/runs/c2356f864137-37bdfbaacba1/verilator,shapes_rtl_logs_c2356f864137-37bdfbaacba1.tar.xz,909826df73fdbe23d78585362039ea5b2be5128fe23d7fbcc3bdd50446261724
2026-09-29T06:14:28+00:00,c2356f8641370e16f192d095b175e544167665da,False,,,,shapes,J0189,,rtl_sim,,1,189,depth4_6,4,0,,16x20x31-k1x1->32;32x20x31-k3x3->25;25x18x29-k3x3->14;14x16x27-k7x7->10,16x20x31,10x10x21,0,0,1,1,0,"16,288,225,686","320,288,128,60",796,158024,6877240,"5149,82973,28829,41189",158143,158024,"5149,82973,28829,41189",158143,158024,0,0,0,0,0,0,0,True,True,True,True,0,verilator,5.028,0,20260929,37bdfbaacba1dc000701ad690b261df81455d7636899da8f14a207513c831280,c2356f8641370e16f192d095b175e544167665da,False,shard_0180_0200,build/shapes/20260929/runs/c2356f864137-37bdfbaacba1/verilator,shapes_rtl_logs_c2356f864137-37bdfbaacba1.tar.xz,909826df73fdbe23d78585362039ea5b2be5128fe23d7fbcc3bdd50446261724
2026-09-29T06:14:28+00:00,c2356f8641370e16f192d095b175e544167665da,False,,,,shapes,J0190,,rtl_sim,,1,190,tails,1,0,,24x15x15-k3x3->39,24x15x15,39x13x13,0,0,1,1,0,216,130,130,28080,1423656,28109,28112,28080,28109,28112,28080,0,0,0,0,0,0,0,True,True,True,True,0,verilator,5.028,0,20260929,37bdfbaacba1dc000701ad690b261df81455d7636899da8f14a207513c831280,c2356f8641370e16f192d095b175e544167665da,False,shard_0180_0200,build/shapes/20260929/runs/c2356f864137-37bdfbaacba1/verilator,shapes_rtl_logs_c2356f864137-37bdfbaacba1.tar.xz,909826df73fdbe23d78585362039ea5b2be5128fe23d7fbcc3bdd50446261724
2026-09-29T06:14:28+00:00,c2356f8641370e16f192d095b175e544167665da,False,,,,shapes,J0191,,rtl_sim,,1,191,fc,3,0,,510x1x1-k1x1->70;70x1x1-k1x1->112n;112x1x1-k1x1->10raw,510x1x1,LOGIT[10],1,0,1,1,1,"510,70,112","9,14,2",25,5794,44660,"4619,1009,253",5884,5794,"4619,1009,253",5884,5794,0,0,0,0,0,0,0,True,True,True,True,0,verilator,5.028,0,20260929,37bdfbaacba1dc000701ad690b261df81455d7636899da8f14a207513c831280,c2356f8641370e16f192d095b175e544167665da,False,shard_0180_0200,build/shapes/20260929/runs/c2356f864137-37bdfbaacba1/verilator,shapes_rtl_logs_c2356f864137-37bdfbaacba1.tar.xz,909826df73fdbe23d78585362039ea5b2be5128fe23d7fbcc3bdd50446261724
2026-09-29T06:14:28+00:00,c2356f8641370e16f192d095b175e544167665da,False,,,,shapes,J0192,,rtl_sim,,1,192,fc,3,0,,243x1x1-k1x1->14;14x1x1-k1x1->79;79x1x1-k1x1->6raw,243x1x1,LOGIT[6],1,0,1,1,1,"243,14,79","2,10,1",13,705,4982,"515,169,108",795,705,"515,169,108",795,705,0,0,0,0,0,0,0,True,True,True,True,0,verilator,5.028,0,20260929,37bdfbaacba1dc000701ad690b261df81455d7636899da8f14a207513c831280,c2356f8641370e16f192d095b175e544167665da,False,shard_0180_0200,build/shapes/20260929/runs/c2356f864137-37bdfbaacba1/verilator,shapes_rtl_logs_c2356f864137-37bdfbaacba1.tar.xz,909826df73fdbe23d78585362039ea5b2be5128fe23d7fbcc3bdd50446261724
2026-09-29T06:14:28+00:00,c2356f8641370e16f192d095b175e544167665da,False,,,,shapes,J0193,,rtl_sim,,1,193,conv,1,0,,12x19x47-k6x6->20,12x19x47,20x14x42,0,0,1,1,0,432,252,252,108864,5080320,108893,108896,108864,108893,108896,108864,0,0,0,0,0,0,0,True,True,True,True,0,verilator,5.028,0,20260929,37bdfbaacba1dc000701ad690b261df81455d7636899da8f14a207513c831280,c2356f8641370e16f192d095b175e544167665da,False,shard_0180_0200,build/shapes/20260929/runs/c2356f864137-37bdfbaacba1/verilator,shapes_rtl_logs_c2356f864137-37bdfbaacba1.tar.xz,909826df73fdbe23d78585362039ea5b2be5128fe23d7fbcc3bdd50446261724
2026-09-29T06:14:28+00:00,c2356f8641370e16f192d095b175e544167665da,False,,,,shapes,J0194,,rtl_sim,,1,194,tiny,1,0,,2x10x5-k3x2->12n,2x10x5,12x8x4,0,0,1,1,0,12,16,16,192,4608,221,224,192,221,224,192,0,0,0,0,0,0,0,True,True,True,True,0,verilator,5.028,0,20260929,37bdfbaacba1dc000701ad690b261df81455d7636899da8f14a207513c831280,c2356f8641370e16f192d095b175e544167665da,False,shard_0180_0200,build/shapes/20260929/runs/c2356f864137-37bdfbaacba1/verilator,shapes_rtl_logs_c2356f864137-37bdfbaacba1.tar.xz,909826df73fdbe23d78585362039ea5b2be5128fe23d7fbcc3bdd50446261724
2026-09-29T06:14:28+00:00,c2356f8641370e16f192d095b175e544167665da,False,,,,shapes,J0195,,rtl_sim,,1,195,large,2,0,,14x20x29-k5x5->59;59x16x25-k3x3->42,14x20x29,42x14x23,0,0,1,1,0,"350,531","512,252",764,313012,15441244,"179229,133841",313073,313012,"179229,133841",313073,313012,0,0,0,0,0,0,0,True,True,True,True,0,verilator,5.028,0,20260929,37bdfbaacba1dc000701ad690b261df81455d7636899da8f14a207513c831280,c2356f8641370e16f192d095b175e544167665da,False,shard_0180_0200,build/shapes/20260929/runs/c2356f864137-37bdfbaacba1/verilator,shapes_rtl_logs_c2356f864137-37bdfbaacba1.tar.xz,909826df73fdbe23d78585362039ea5b2be5128fe23d7fbcc3bdd50446261724
2026-09-29T06:14:28+00:00,c2356f8641370e16f192d095b175e544167665da,False,,,,shapes,J0196,,rtl_sim,,1,196,tails,2,0,,28x12x9-k3x3->50;50x10x7-k5x5->3n,28x12x9,3x6x3,0,0,1,1,0,"252,1250","70,6",76,25140,949500,"17669,7529",25201,25140,"17669,7529",25201,25140,0,0,0,0,0,0,0,True,True,True,True,0,verilator,5.028,0,20260929,37bdfbaacba1dc000701ad690b261df81455d7636899da8f14a207513c831280,c2356f8641370e16f192d095b175e544167665da,False,shard_0180_0200,build/shapes/20260929/runs/c2356f864137-37bdfbaacba1/verilator,shapes_rtl_logs_c2356f864137-37bdfbaacba1.tar.xz,909826df73fdbe23d78585362039ea5b2be5128fe23d7fbcc3bdd50446261724
2026-09-29T06:14:28+00:00,c2356f8641370e16f192d095b175e544167665da,False,,,,shapes,J0197,,rtl_sim,,1,197,depth4_6,5,0,,21x8x11-k3x3->29n;29x6x9-k3x3->33;33x4x7-k3x2->36;36x2x6-k2x2->29;29x1x5-k1x5->12raw,21x8x11,LOGIT[12],1,0,1,1,1,"189,261,198,144,145","48,20,10,4,2",84,17138,645294,"9101,5249,2009,605,319",17286,17138,"9101,5249,2009,605,319",17286,17138,0,0,0,0,0,0,0,True,True,True,True,0,verilator,5.028,0,20260929,37bdfbaacba1dc000701ad690b261df81455d7636899da8f14a207513c831280,c2356f8641370e16f192d095b175e544167665da,False,shard_0180_0200,build/shapes/20260929/runs/c2356f864137-37bdfbaacba1/verilator,shapes_rtl_logs_c2356f864137-37bdfbaacba1.tar.xz,909826df73fdbe23d78585362039ea5b2be5128fe23d7fbcc3bdd50446261724
2026-09-29T06:14:28+00:00,c2356f8641370e16f192d095b175e544167665da,False,,,,shapes,J0198,,rtl_sim,,1,198,depth2_3,2,0,,18x24x16-k1x1->9p;9x12x8-k1x1->74p,18x24x16,74x6x4,0,1,1,0,0,"18,9","96,120",216,2808,126144,"1757,1109",2869,2808,"1757,1109",2869,2808,0,0,0,0,0,0,0,True,True,True,True,0,verilator,5.028,1,20260929,37bdfbaacba1dc000701ad690b261df81455d7636899da8f14a207513c831280,c2356f8641370e16f192d095b175e544167665da,False,shard_0180_0200,build/shapes/20260929/runs/c2356f864137-37bdfbaacba1/verilator,shapes_rtl_logs_c2356f864137-37bdfbaacba1.tar.xz,909826df73fdbe23d78585362039ea5b2be5128fe23d7fbcc3bdd50446261724
2026-09-29T06:14:28+00:00,c2356f8641370e16f192d095b175e544167665da,False,,,,shapes,J0199,,rtl_sim,,1,199,depth7_8,8,0,,14x13x25-k1x1->2;2x13x25-k3x3->21;21x11x23-k1x1->10n;10x11x23-k4x4->21n;21x8x20-k4x4->2;2x5x17-k5x5->10;10x1x13-k1x1->13;13x1x13-k1x5->26,14x13x25,26x1x9,0,0,1,1,0,"14,18,21,160,336,50,10,65","52,99,66,72,15,4,4,8",320,21216,775984,"757,1811,1415,11549,5069,229,69,549",21451,21216,"757,1811,1415,11549,5069,229,69,549",21451,21216,0,0,0,0,0,0,0,True,True,True,True,0,verilator,5.028,0,20260929,37bdfbaacba1dc000701ad690b261df81455d7636899da8f14a207513c831280,c2356f8641370e16f192d095b175e544167665da,False,shard_0180_0200,build/shapes/20260929/runs/c2356f864137-37bdfbaacba1/verilator,shapes_rtl_logs_c2356f864137-37bdfbaacba1.tar.xz,909826df73fdbe23d78585362039ea5b2be5128fe23d7fbcc3bdd50446261724
2026-09-29T06:14:28+00:00,c2356f8641370e16f192d095b175e544167665da,False,,,,shapes,J0200,,rtl_sim,,1,200,depth4_6,5,0,,7x20x28-k5x5->13;13x16x24-k7x3->12n;12x10x22-k5x5->40p;40x3x9-k1x8->25;25x3x2-k3x2->13raw,7x20x28,LOGIT[13],1,1,1,1,1,"175,273,300,320,150","96,60,90,12,2",260,64320,2940270,"16829,16409,27029,3869,329",64468,64320,"16829,16409,27029,3869,329",64468,64320,0,0,0,0,0,0,0,True,True,True,True,0,verilator,5.028,0,20260929,37bdfbaacba1dc000701ad690b261df81455d7636899da8f14a207513c831280,c2356f8641370e16f192d095b175e544167665da,False,shard_0200_0220,build/shapes/20260929/runs/c2356f864137-37bdfbaacba1/verilator,shapes_rtl_logs_c2356f864137-37bdfbaacba1.tar.xz,909826df73fdbe23d78585362039ea5b2be5128fe23d7fbcc3bdd50446261724
2026-09-29T06:14:28+00:00,c2356f8641370e16f192d095b175e544167665da,False,,,,shapes,J0201,,rtl_sim,,1,201,conv_pool,1,0,,40x4x58-k1x1->73p,40x4x58,73x2x29,0,1,1,1,0,40,320,320,12800,677440,12829,12832,12800,12829,12832,12800,0,0,0,0,0,0,0,True,True,True,True,0,verilator,5.028,0,20260929,37bdfbaacba1dc000701ad690b261df81455d7636899da8f14a207513c831280,c2356f8641370e16f192d095b175e544167665da,False,shard_0200_0220,build/shapes/20260929/runs/c2356f864137-37bdfbaacba1/verilator,shapes_rtl_logs_c2356f864137-37bdfbaacba1.tar.xz,909826df73fdbe23d78585362039ea5b2be5128fe23d7fbcc3bdd50446261724
2026-09-29T06:14:28+00:00,c2356f8641370e16f192d095b175e544167665da,False,,,,shapes,J0202,,rtl_sim,,1,202,depth7_8,8,0,,25x20x48-k3x3->17p;17x9x23-k6x6->14p;14x2x9-k2x2->21;21x1x8-k1x1->8;8x1x8-k1x1->26;26x1x8-k1x5->28;28x1x4-k1x1->32;32x1x4-k1x1->4n,25x20x48,4x1x4,0,1,1,1,0,"225,612,56,21,8,130,28,32","324,24,3,1,4,4,4,1",365,88473,3815068,"72929,14717,197,50,61,549,141,61",88708,88473,"72929,14717,197,50,61,549,141,61",88708,88473,0,0,0,0,0,0,0,True,True,True,True,0,verilator,5.028,0,20260929,37bdfbaacba1dc000701ad690b261df81455d7636899da8f14a207513c831280,c2356f8641370e16f192d095b175e544167665da,False,shard_0200_0220,build/shapes/20260929/runs/c2356f864137-37bdfbaacba1/verilator,shapes_rtl_logs_c2356f864137-37bdfbaacba1.tar.xz,909826df73fdbe23d78585362039ea5b2be5128fe23d7fbcc3bdd50446261724
2026-09-29T06:14:28+00:00,c2356f8641370e16f192d095b175e544167665da,False,,,,shapes,J0203,,rtl_sim,,1,203,depth4_6,4,0,,12x10x35-k7x1->37;37x4x35-k3x3->22;22x2x33-k1x1->32n;32x2x33-k1x1->39,12x10x35,39x2x33,0,0,1,1,0,"84,333,22,32","100,30,40,50",220,20870,1047468,"8429,10019,909,1629",20989,20870,"8429,10019,909,1629",20989,20870,0,0,0,0,0,0,0,True,True,True,True,0,verilator,5.028,0,20260929,37bdfbaacba1dc000701ad690b261df81455d7636899da8f14a207513c831280,c2356f8641370e16f192d095b175e544167665da,False,shard_0200_0220,build/shapes/20260929/runs/c2356f864137-37bdfbaacba1/verilator,shapes_rtl_logs_c2356f864137-37bdfbaacba1.tar.xz,909826df73fdbe23d78585362039ea5b2be5128fe23d7fbcc3bdd50446261724
2026-09-29T06:14:28+00:00,c2356f8641370e16f192d095b175e544167665da,False,,,,shapes,J0204,,rtl_sim,,1,204,tiny,2,0,,4x8x7-k2x2->9;9x7x6-k5x5->1,4x8x7,1x3x2,0,0,1,1,0,"16,225","14,3",17,899,7398,"253,704",960,899,"253,704",960,899,0,0,0,0,0,0,0,True,True,True,True,0,verilator,5.028,0,20260929,37bdfbaacba1dc000701ad690b261df81455d7636899da8f14a207513c831280,c2356f8641370e16f192d095b175e544167665da,False,shard_0200_0220,build/shapes/20260929/runs/c2356f864137-37bdfbaacba1/verilator,shapes_rtl_logs_c2356f864137-37bdfbaacba1.tar.xz,909826df73fdbe23d78585362039ea5b2be5128fe23d7fbcc3bdd50446261724
2026-09-29T06:14:28+00:00,c2356f8641370e16f192d095b175e544167665da,False,,,,shapes,J0205,,rtl_sim,,1,205,depth2_3,2,0,,8x29x8-k3x5->48;48x27x4-k3x3->24,8x29x8,24x25x2,0,0,0,1,0,"120,432","162,75",237,51840,1140480,"19469,32429",51901,51840,"19469,32429",51901,51840,0,0,0,0,0,0,0,True,True,True,True,0,verilator,5.028,0,20260929,37bdfbaacba1dc000701ad690b261df81455d7636899da8f14a207513c831280,c2356f8641370e16f192d095b175e544167665da,False,shard_0200_0220,build/shapes/20260929/runs/c2356f864137-37bdfbaacba1/verilator,shapes_rtl_logs_c2356f864137-37bdfbaacba1.tar.xz,909826df73fdbe23d78585362039ea5b2be5128fe23d7fbcc3bdd50446261724
2026-09-29T06:14:28+00:00,c2356f8641370e16f192d095b175e544167665da,False,,,,shapes,J0206,,rtl_sim,,1,206,tiny,1,0,,2x10x17-k2x4->2n,2x10x17,2x9x14,0,0,1,1,0,16,18,18,288,4032,317,320,288,317,320,288,0,0,0,0,0,0,0,True,True,True,True,0,verilator,5.028,0,20260929,37bdfbaacba1dc000701ad690b261df81455d7636899da8f14a207513c831280,c2356f8641370e16f192d095b175e544167665da,False,shard_0200_0220,build/shapes/20260929/runs/c2356f864137-37bdfbaacba1/verilator,shapes_rtl_logs_c2356f864137-37bdfbaacba1.tar.xz,909826df73fdbe23d78585362039ea5b2be5128fe23d7fbcc3bdd50446261724
2026-09-29T06:14:28+00:00,c2356f8641370e16f192d095b175e544167665da,False,,,,shapes,J0207,,rtl_sim,,1,207,depth4_6,5,0,,27x23x4-k5x1->40;40x19x4-k2x2->49;49x18x3-k2x2->47n;47x17x2-k1x1->16;16x17x2-k1x1->56,27x23x4,56x17x2,0,0,1,1,0,"135,160,196,47,16","95,126,102,34,119",476,56479,1203000,"12854,20189,20021,1627,1933",56627,56479,"12854,20189,20021,1627,1933",56627,56479,0,0,0,0,0,0,0,True,True,True,True,0,verilator,5.028,0,20260929,37bdfbaacba1dc000701ad690b261df81455d7636899da8f14a207513c831280,c2356f8641370e16f192d095b175e544167665da,False,shard_0200_0220,build/shapes/20260929/runs/c2356f864137-37bdfbaacba1/verilator,shapes_rtl_logs_c2356f864137-37bdfbaacba1.tar.xz,909826df73fdbe23d78585362039ea5b2be5128fe23d7fbcc3bdd50446261724
2026-09-29T06:14:28+00:00,c2356f8641370e16f192d095b175e544167665da,False,,,,shapes,J0208,,rtl_sim,,1,208,refuse,9,1,n_layers_9,15x10x9-k5x5->4,15x10x9,4x6x5,0,0,1,1,0,375,,,,,,3,0,,3,0,0,0,0,0,0,8192,8192,True,,True,True,0,verilator,5.028,0,20260929,37bdfbaacba1dc000701ad690b261df81455d7636899da8f14a207513c831280,c2356f8641370e16f192d095b175e544167665da,False,shard_0200_0220,build/shapes/20260929/runs/c2356f864137-37bdfbaacba1/verilator,shapes_rtl_logs_c2356f864137-37bdfbaacba1.tar.xz,909826df73fdbe23d78585362039ea5b2be5128fe23d7fbcc3bdd50446261724
2026-09-29T06:14:28+00:00,c2356f8641370e16f192d095b175e544167665da,False,,,,shapes,J0209,,rtl_sim,,1,209,netlike,5,0,,1x28x28-k3x3->34p;34x13x13-k6x6->43p;43x4x4-k4x4->57;57x1x1-k1x1->17;17x1x1-k1x1->6raw,1x28x28,LOGIT[6],1,1,1,1,1,"9,1224,688,57,17","520,48,8,3,1",580,69124,3615591,"4709,58781,5533,200,46",69272,69124,"4709,58781,5533,200,46",69272,69124,0,0,0,0,0,0,0,True,True,True,True,0,verilator,5.028,0,20260929,37bdfbaacba1dc000701ad690b261df81455d7636899da8f14a207513c831280,c2356f8641370e16f192d095b175e544167665da,False,shard_0200_0220,build/shapes/20260929/runs/c2356f864137-37bdfbaacba1/verilator,shapes_rtl_logs_c2356f864137-37bdfbaacba1.tar.xz,909826df73fdbe23d78585362039ea5b2be5128fe23d7fbcc3bdd50446261724
2026-09-29T06:14:28+00:00,c2356f8641370e16f192d095b175e544167665da,False,,,,shapes,J0210,,rtl_sim,,1,210,fc,3,0,,401x1x1-k1x1->29;29x1x1-k1x1->115;115x1x1-k1x1->2raw,401x1x1,LOGIT[2],1,0,1,1,1,"401,29,115","4,15,1",20,2154,15194,"1633,464,144",2244,2154,"1633,464,144",2244,2154,0,0,0,0,0,0,0,True,True,True,True,0,verilator,5.028,0,20260929,37bdfbaacba1dc000701ad690b261df81455d7636899da8f14a207513c831280,c2356f8641370e16f192d095b175e544167665da,False,shard_0200_0220,build/shapes/20260929/runs/c2356f864137-37bdfbaacba1/verilator,shapes_rtl_logs_c2356f864137-37bdfbaacba1.tar.xz,909826df73fdbe23d78585362039ea5b2be5128fe23d7fbcc3bdd50446261724
2026-09-29T06:14:28+00:00,c2356f8641370e16f192d095b175e544167665da,False,,,,shapes,J0211,,rtl_sim,,1,211,pointwise,1,0,,87x41x6-k1x1->66n,87x41x6,66x41x6,0,0,1,1,0,87,369,369,32103,1412532,32132,32135,32103,32132,32135,32103,0,0,0,0,0,0,0,True,True,True,True,0,verilator,5.028,0,20260929,37bdfbaacba1dc000701ad690b261df81455d7636899da8f14a207513c831280,c2356f8641370e16f192d095b175e544167665da,False,shard_0200_0220,build/shapes/20260929/runs/c2356f864137-37bdfbaacba1/verilator,shapes_rtl_logs_c2356f864137-37bdfbaacba1.tar.xz,909826df73fdbe23d78585362039ea5b2be5128fe23d7fbcc3bdd50446261724
2026-09-29T06:14:28+00:00,c2356f8641370e16f192d095b175e544167665da,False,,,,shapes,J0212,,rtl_sim,,1,212,depth2_3,3,0,,14x9x5-k1x1->12;12x9x5-k4x4->82pn;82x3x1-k3x1->1raw,14x9x5,LOGIT[1],1,1,1,1,1,"14,192,246","18,66,1",85,13170,196734,"281,12701,275",13260,13170,"281,12701,275",13260,13170,0,0,0,0,0,0,0,True,True,True,True,0,verilator,5.028,0,20260929,37bdfbaacba1dc000701ad690b261df81455d7636899da8f14a207513c831280,c2356f8641370e16f192d095b175e544167665da,False,shard_0200_0220,build/shapes/20260929/runs/c2356f864137-37bdfbaacba1/verilator,shapes_rtl_logs_c2356f864137-37bdfbaacba1.tar.xz,909826df73fdbe23d78585362039ea5b2be5128fe23d7fbcc3bdd50446261724
2026-09-29T06:14:28+00:00,c2356f8641370e16f192d095b175e544167665da,False,,,,shapes,J0213,,rtl_sim,,1,213,netlike,4,0,,1x28x28-k5x5->39p;39x12x12-k3x3->26p;26x5x5-k5x5->81;81x1x1-k1x1->11raw,1x28x28,LOGIT[11],1,1,1,1,1,"25,351,650,81","360,80,11,2",453,44392,1527741,"9029,28109,7179,191",44511,44392,"9029,28109,7179,191",44511,44392,0,0,0,0,0,0,0,True,True,True,True,0,verilator,5.028,0,20260929,37bdfbaacba1dc000701ad690b261df81455d7636899da8f14a207513c831280,c2356f8641370e16f192d095b175e544167665da,False,shard_0200_0220,build/shapes/20260929/runs/c2356f864137-37bdfbaacba1/verilator,shapes_rtl_logs_c2356f864137-37bdfbaacba1.tar.xz,909826df73fdbe23d78585362039ea5b2be5128fe23d7fbcc3bdd50446261724
2026-09-29T06:14:28+00:00,c2356f8641370e16f192d095b175e544167665da,False,,,,shapes,J0214,,rtl_sim,,1,214,large,1,0,,13x56x28-k5x5->75p,13x56x28,75x26x12,0,1,1,0,0,325,1560,1560,507000,30420000,507029,507032,507000,507029,507032,507000,0,0,0,0,0,0,0,True,True,True,True,0,verilator,5.028,0,20260929,37bdfbaacba1dc000701ad690b261df81455d7636899da8f14a207513c831280,c2356f8641370e16f192d095b175e544167665da,False,shard_0200_0220,build/shapes/20260929/runs/c2356f864137-37bdfbaacba1/verilator,shapes_rtl_logs_c2356f864137-37bdfbaacba1.tar.xz,909826df73fdbe23d78585362039ea5b2be5128fe23d7fbcc3bdd50446261724
2026-09-29T06:14:28+00:00,c2356f8641370e16f192d095b175e544167665da,False,,,,shapes,J0215,,rtl_sim,,1,215,head_raw,1,0,,19x2x4-k2x4->11raw,19x2x4,LOGIT[11],1,0,1,1,1,152,2,2,304,1672,333,336,304,333,336,304,0,0,0,0,0,0,0,True,True,True,True,0,verilator,5.028,0,20260929,37bdfbaacba1dc000701ad690b261df81455d7636899da8f14a207513c831280,c2356f8641370e16f192d095b175e544167665da,False,shard_0200_0220,build/shapes/20260929/runs/c2356f864137-37bdfbaacba1/verilator,shapes_rtl_logs_c2356f864137-37bdfbaacba1.tar.xz,909826df73fdbe23d78585362039ea5b2be5128fe23d7fbcc3bdd50446261724
2026-09-29T06:14:28+00:00,c2356f8641370e16f192d095b175e544167665da,False,,,,shapes,J0216,,rtl_sim,,1,216,conv_pool,1,0,,34x12x64-k1x1->79p,34x12x64,79x6x32,0,1,1,0,0,34,960,960,32640,2062848,32669,32672,32640,32669,32672,32640,0,0,0,0,0,0,0,True,True,True,True,0,verilator,5.028,0,20260929,37bdfbaacba1dc000701ad690b261df81455d7636899da8f14a207513c831280,c2356f8641370e16f192d095b175e544167665da,False,shard_0200_0220,build/shapes/20260929/runs/c2356f864137-37bdfbaacba1/verilator,shapes_rtl_logs_c2356f864137-37bdfbaacba1.tar.xz,909826df73fdbe23d78585362039ea5b2be5128fe23d7fbcc3bdd50446261724
2026-09-29T06:14:28+00:00,c2356f8641370e16f192d095b175e544167665da,False,,,,shapes,J0217,,rtl_sim,,1,217,head_raw,1,0,,105x1x6-k1x6->15raw,105x1x6,LOGIT[15],1,0,1,1,1,630,2,2,1260,9450,1289,1292,1260,1289,1292,1260,0,0,0,0,0,0,0,True,True,True,True,0,verilator,5.028,0,20260929,37bdfbaacba1dc000701ad690b261df81455d7636899da8f14a207513c831280,c2356f8641370e16f192d095b175e544167665da,False,shard_0200_0220,build/shapes/20260929/runs/c2356f864137-37bdfbaacba1/verilator,shapes_rtl_logs_c2356f864137-37bdfbaacba1.tar.xz,909826df73fdbe23d78585362039ea5b2be5128fe23d7fbcc3bdd50446261724
2026-09-29T06:14:28+00:00,c2356f8641370e16f192d095b175e544167665da,False,,,,shapes,J0218,,rtl_sim,,1,218,tiny,1,0,,21x5x4-k5x4->16n,21x5x4,16x1x1,0,0,0,1,1,420,2,2,840,6720,869,872,840,869,872,840,0,0,0,0,0,0,0,True,True,True,True,0,verilator,5.028,1,20260929,37bdfbaacba1dc000701ad690b261df81455d7636899da8f14a207513c831280,c2356f8641370e16f192d095b175e544167665da,False,shard_0200_0220,build/shapes/20260929/runs/c2356f864137-37bdfbaacba1/verilator,shapes_rtl_logs_c2356f864137-37bdfbaacba1.tar.xz,909826df73fdbe23d78585362039ea5b2be5128fe23d7fbcc3bdd50446261724
2026-09-29T06:14:28+00:00,c2356f8641370e16f192d095b175e544167665da,False,,,,shapes,J0219,,rtl_sim,,1,219,fc,1,0,,9x1x1-k1x1->1raw,9x1x1,LOGIT[1],1,0,1,1,1,9,1,1,9,9,38,41,9,38,41,9,0,0,0,0,0,0,0,True,True,True,True,0,verilator,5.028,1,20260929,37bdfbaacba1dc000701ad690b261df81455d7636899da8f14a207513c831280,c2356f8641370e16f192d095b175e544167665da,False,shard_0200_0220,build/shapes/20260929/runs/c2356f864137-37bdfbaacba1/verilator,shapes_rtl_logs_c2356f864137-37bdfbaacba1.tar.xz,909826df73fdbe23d78585362039ea5b2be5128fe23d7fbcc3bdd50446261724
2026-09-29T06:14:28+00:00,c2356f8641370e16f192d095b175e544167665da,False,,,,shapes,J0220,,rtl_sim,,1,220,depth4_6,4,0,,3x4x40-k3x3->16;16x2x38-k1x1->22;22x2x38-k1x3->15;15x2x36-k1x1->50,3x4x40,50x2x36,0,0,1,1,0,"27,16,66,15","20,30,20,70",140,3390,184864,"569,509,1349,1079",3509,3390,"569,509,1349,1079",3509,3390,0,0,0,0,0,0,0,True,True,True,True,0,verilator,5.028,1,20260929,37bdfbaacba1dc000701ad690b261df81455d7636899da8f14a207513c831280,c2356f8641370e16f192d095b175e544167665da,False,shard_0220_0240,build/shapes/20260929/runs/c2356f864137-37bdfbaacba1/verilator,shapes_rtl_logs_c2356f864137-37bdfbaacba1.tar.xz,909826df73fdbe23d78585362039ea5b2be5128fe23d7fbcc3bdd50446261724
2026-09-29T06:14:28+00:00,c2356f8641370e16f192d095b175e544167665da,False,,,,shapes,J0221,,rtl_sim,,1,221,tails,1,0,,12x5x6-k1x4->15,12x5x6,15x5x3,0,0,1,1,0,48,10,10,480,10800,509,512,480,509,512,480,0,0,0,0,0,0,0,True,True,True,True,0,verilator,5.028,0,20260929,37bdfbaacba1dc000701ad690b261df81455d7636899da8f14a207513c831280,c2356f8641370e16f192d095b175e544167665da,False,shard_0220_0240,build/shapes/20260929/runs/c2356f864137-37bdfbaacba1/verilator,shapes_rtl_logs_c2356f864137-37bdfbaacba1.tar.xz,909826df73fdbe23d78585362039ea5b2be5128fe23d7fbcc3bdd50446261724
2026-09-29T06:14:28+00:00,c2356f8641370e16f192d095b175e544167665da,False,,,,shapes,J0222,,rtl_sim,,1,222,tails,2,0,,22x7x14-k5x5->36n;36x3x10-k1x1->25,22x7x14,25x3x10,0,0,1,1,0,"550,36","30,24",54,17364,621000,"16529,893",17425,17364,"16529,893",17425,17364,0,0,0,0,0,0,0,True,True,True,True,0,verilator,5.028,0,20260929,37bdfbaacba1dc000701ad690b261df81455d7636899da8f14a207513c831280,c2356f8641370e16f192d095b175e544167665da,False,shard_0220_0240,build/shapes/20260929/runs/c2356f864137-37bdfbaacba1/verilator,shapes_rtl_logs_c2356f864137-37bdfbaacba1.tar.xz,909826df73fdbe23d78585362039ea5b2be5128fe23d7fbcc3bdd50446261724
2026-09-29T06:14:28+00:00,c2356f8641370e16f192d095b175e544167665da,False,,,,shapes,J0223,,rtl_sim,,1,223,pointwise,1,0,,124x30x8-k1x1->51n,124x30x8,51x30x8,0,0,1,0,0,124,210,210,26040,1517760,26069,26072,26040,26069,26072,26040,0,0,0,0,0,0,0,True,True,True,True,0,verilator,5.028,0,20260929,37bdfbaacba1dc000701ad690b261df81455d7636899da8f14a207513c831280,c2356f8641370e16f192d095b175e544167665da,False,shard_0220_0240,build/shapes/20260929/runs/c2356f864137-37bdfbaacba1/verilator,shapes_rtl_logs_c2356f864137-37bdfbaacba1.tar.xz,909826df73fdbe23d78585362039ea5b2be5128fe23d7fbcc3bdd50446261724
2026-09-29T06:14:28+00:00,c2356f8641370e16f192d095b175e544167665da,False,,,,shapes,J0224,,rtl_sim,,1,224,netlike,5,0,,3x28x28-k3x3->41p;41x13x13-k4x4->16p;16x5x5-k5x5->39;39x1x1-k1x1->93;93x1x1-k1x1->2raw,3x28x28,LOGIT[2],1,1,1,1,1,"27,656,400,39,93","624,40,5,12,1",682,45649,1817345,"16877,26269,2029,497,122",45797,45649,"16877,26269,2029,497,122",45797,45649,0,0,0,0,0,0,0,True,True,True,True,0,verilator,5.028,0,20260929,37bdfbaacba1dc000701ad690b261df81455d7636899da8f14a207513c831280,c2356f8641370e16f192d095b175e544167665da,False,shard_0220_0240,build/shapes/20260929/runs/c2356f864137-37bdfbaacba1/verilator,shapes_rtl_logs_c2356f864137-37bdfbaacba1.tar.xz,909826df73fdbe23d78585362039ea5b2be5128fe23d7fbcc3bdd50446261724
2026-09-29T06:14:28+00:00,c2356f8641370e16f192d095b175e544167665da,False,,,,shapes,J0225,,rtl_sim,,1,225,refuse,3,1,pool_odd_OH,13x16x22-k8x2->22;22x9x21-k5x5->23;23x5x17-k1x1->4p,13x16x22,4x2x8,0,1,1,1,0,"208,550,23",,,,,,3,0,,3,0,0,0,0,0,0,258,258,True,,True,True,0,verilator,5.028,0,20260929,37bdfbaacba1dc000701ad690b261df81455d7636899da8f14a207513c831280,c2356f8641370e16f192d095b175e544167665da,False,shard_0220_0240,build/shapes/20260929/runs/c2356f864137-37bdfbaacba1/verilator,shapes_rtl_logs_c2356f864137-37bdfbaacba1.tar.xz,909826df73fdbe23d78585362039ea5b2be5128fe23d7fbcc3bdd50446261724
2026-09-29T06:14:28+00:00,c2356f8641370e16f192d095b175e544167665da,False,,,,shapes,J0226,,rtl_sim,,1,226,depth4_6,5,0,,19x13x63-k3x3->5n;5x11x61-k4x4->18;18x8x58-k5x5->22p;22x2x27-k1x1->46n;46x2x27-k2x2->25,19x13x63,25x1x26,0,1,1,1,0,"171,80,450,22,184","88,192,84,48,16",428,72208,3554513,"15077,15389,37829,1085,2973",72356,72208,"15077,15389,37829,1085,2973",72356,72208,0,0,0,0,0,0,0,True,True,True,True,0,verilator,5.028,0,20260929,37bdfbaacba1dc000701ad690b261df81455d7636899da8f14a207513c831280,c2356f8641370e16f192d095b175e544167665da,False,shard_0220_0240,build/shapes/20260929/runs/c2356f864137-37bdfbaacba1/verilator,shapes_rtl_logs_c2356f864137-37bdfbaacba1.tar.xz,909826df73fdbe23d78585362039ea5b2be5128fe23d7fbcc3bdd50446261724
2026-09-29T06:14:28+00:00,c2356f8641370e16f192d095b175e544167665da,False,,,,shapes,J0227,,rtl_sim,,1,227,conv,1,0,,44x28x2-k2x2->52n,44x28x2,52x27x1,0,0,1,1,0,176,189,189,33264,247104,33293,33296,33264,33293,33296,33264,0,0,0,0,0,0,0,True,True,True,True,0,verilator,5.028,0,20260929,37bdfbaacba1dc000701ad690b261df81455d7636899da8f14a207513c831280,c2356f8641370e16f192d095b175e544167665da,False,shard_0220_0240,build/shapes/20260929/runs/c2356f864137-37bdfbaacba1/verilator,shapes_rtl_logs_c2356f864137-37bdfbaacba1.tar.xz,909826df73fdbe23d78585362039ea5b2be5128fe23d7fbcc3bdd50446261724
2026-09-29T06:14:28+00:00,c2356f8641370e16f192d095b175e544167665da,False,,,,shapes,J0228,,rtl_sim,,1,228,depth4_6,4,0,,2x34x21-k5x5->11;11x30x17-k4x4->31;31x27x14-k3x3->48;48x25x12-k3x3->54,2x34x21,54x23x10,0,0,1,1,0,"50,176,279,432","180,216,300,322",1018,269820,11725908,"9029,38045,83729,139133",269939,269820,"9029,38045,83729,139133",269939,269820,0,0,0,0,0,0,0,True,True,True,True,0,verilator,5.028,0,20260929,37bdfbaacba1dc000701ad690b261df81455d7636899da8f14a207513c831280,c2356f8641370e16f192d095b175e544167665da,False,shard_0220_0240,build/shapes/20260929/runs/c2356f864137-37bdfbaacba1/verilator,shapes_rtl_logs_c2356f864137-37bdfbaacba1.tar.xz,909826df73fdbe23d78585362039ea5b2be5128fe23d7fbcc3bdd50446261724
2026-09-29T06:14:28+00:00,c2356f8641370e16f192d095b175e544167665da,False,,,,shapes,J0229,,rtl_sim,,1,229,large,1,0,,10x44x50-k5x5->65p,10x44x50,65x20x23,0,1,1,1,0,250,2160,2160,540000,29900000,540029,540032,540000,540029,540032,540000,0,0,0,0,0,0,0,True,True,True,True,0,verilator,5.028,0,20260929,37bdfbaacba1dc000701ad690b261df81455d7636899da8f14a207513c831280,c2356f8641370e16f192d095b175e544167665da,False,shard_0220_0240,build/shapes/20260929/runs/c2356f864137-37bdfbaacba1/verilator,shapes_rtl_logs_c2356f864137-37bdfbaacba1.tar.xz,909826df73fdbe23d78585362039ea5b2be5128fe23d7fbcc3bdd50446261724
2026-09-29T06:14:28+00:00,c2356f8641370e16f192d095b175e544167665da,False,,,,shapes,J0230,,rtl_sim,,1,230,conv,1,0,,24x45x8-k3x3->48,24x45x8,48x43x6,0,0,0,1,0,216,258,258,55728,2674944,55757,55760,55728,55757,55760,55728,0,0,0,0,0,0,0,True,True,True,True,0,verilator,5.028,0,20260929,37bdfbaacba1dc000701ad690b261df81455d7636899da8f14a207513c831280,c2356f8641370e16f192d095b175e544167665da,False,shard_0220_0240,build/shapes/20260929/runs/c2356f864137-37bdfbaacba1/verilator,shapes_rtl_logs_c2356f864137-37bdfbaacba1.tar.xz,909826df73fdbe23d78585362039ea5b2be5128fe23d7fbcc3bdd50446261724
2026-09-29T06:14:28+00:00,c2356f8641370e16f192d095b175e544167665da,False,,,,shapes,J0231,,rtl_sim,,1,231,tiny,2,0,,2x8x7-k4x2->17n;17x5x6-k5x5->7,2x8x7,7x1x2,0,0,1,1,0,"16,425","15,1",16,665,14110,"269,454",726,665,"269,454",726,665,0,0,0,0,0,0,0,True,True,True,True,0,verilator,5.028,0,20260929,37bdfbaacba1dc000701ad690b261df81455d7636899da8f14a207513c831280,c2356f8641370e16f192d095b175e544167665da,False,shard_0220_0240,build/shapes/20260929/runs/c2356f864137-37bdfbaacba1/verilator,shapes_rtl_logs_c2356f864137-37bdfbaacba1.tar.xz,909826df73fdbe23d78585362039ea5b2be5128fe23d7fbcc3bdd50446261724
2026-09-29T06:14:28+00:00,c2356f8641370e16f192d095b175e544167665da,False,,,,shapes,J0232,,rtl_sim,,1,232,refuse,2,1,pool_odd_OW,10x10x11-k1x1->21;21x10x11-k1x1->5p,10x10x11,5x5x5,0,1,1,1,0,"10,21",,,,,,3,0,,3,0,0,0,0,0,0,513,513,True,,True,True,0,verilator,5.028,0,20260929,37bdfbaacba1dc000701ad690b261df81455d7636899da8f14a207513c831280,c2356f8641370e16f192d095b175e544167665da,False,shard_0220_0240,build/shapes/20260929/runs/c2356f864137-37bdfbaacba1/verilator,shapes_rtl_logs_c2356f864137-37bdfbaacba1.tar.xz,909826df73fdbe23d78585362039ea5b2be5128fe23d7fbcc3bdd50446261724
2026-09-29T06:14:28+00:00,c2356f8641370e16f192d095b175e544167665da,False,,,,shapes,J0233,,rtl_sim,,1,233,depth7_8,7,0,,3x20x18-k5x5->10n;10x16x14-k6x6->17;17x11x9-k1x1->29;29x11x9-k3x3->24;24x9x7-k4x7->31;31x6x1-k2x1->11;11x5x1-k1x1->22,3x20x18,22x5x1,0,0,1,1,0,"75,360,17,261,672,62,11","64,66,88,27,24,10,15",294,54016,1346931,"4829,23789,1525,7076,16157,649,194",54222,54016,"4829,23789,1525,7076,16157,649,194",54222,54016,0,0,0,0,0,0,0,True,True,True,True,0,verilator,5.028,0,20260929,37bdfbaacba1dc000701ad690b261df81455d7636899da8f14a207513c831280,c2356f8641370e16f192d095b175e544167665da,False,shard_0220_0240,build/shapes/20260929/runs/c2356f864137-37bdfbaacba1/verilator,shapes_rtl_logs_c2356f864137-37bdfbaacba1.tar.xz,909826df73fdbe23d78585362039ea5b2be5128fe23d7fbcc3bdd50446261724
2026-09-29T06:14:28+00:00,c2356f8641370e16f192d095b175e544167665da,False,,,,shapes,J0234,,rtl_sim,,1,234,netlike,5,0,,7x32x32-k5x5->14p;14x14x14-k5x5->10p;10x5x5-k5x5->61;61x1x1-k1x1->95;95x1x1-k1x1->12raw,7x32x32,LOGIT[12],1,1,1,1,1,"175,350,250,61,95","224,40,8,12,2",286,56122,2292985,"39229,14029,2029,761,219",56270,56122,"39229,14029,2029,761,219",56270,56122,0,0,0,0,0,0,0,True,True,True,True,0,verilator,5.028,0,20260929,37bdfbaacba1dc000701ad690b261df81455d7636899da8f14a207513c831280,c2356f8641370e16f192d095b175e544167665da,False,shard_0220_0240,build/shapes/20260929/runs/c2356f864137-37bdfbaacba1/verilator,shapes_rtl_logs_c2356f864137-37bdfbaacba1.tar.xz,909826df73fdbe23d78585362039ea5b2be5128fe23d7fbcc3bdd50446261724
2026-09-29T06:14:28+00:00,c2356f8641370e16f192d095b175e544167665da,False,,,,shapes,J0235,,rtl_sim,,1,235,depth4_6,4,0,,21x13x4-k3x3->29;29x11x2-k3x1->18;18x9x2-k1x1->13;13x9x2-k1x1->18,21x13x4,18x9x2,0,0,1,1,0,"189,87,18,13","44,27,18,27",116,11340,157194,"8345,2378,353,380",11459,11340,"8345,2378,353,380",11459,11340,0,0,0,0,0,0,0,True,True,True,True,0,verilator,5.028,0,20260929,37bdfbaacba1dc000701ad690b261df81455d7636899da8f14a207513c831280,c2356f8641370e16f192d095b175e544167665da,False,shard_0220_0240,build/shapes/20260929/runs/c2356f864137-37bdfbaacba1/verilator,shapes_rtl_logs_c2356f864137-37bdfbaacba1.tar.xz,909826df73fdbe23d78585362039ea5b2be5128fe23d7fbcc3bdd50446261724
2026-09-29T06:14:28+00:00,c2356f8641370e16f192d095b175e544167665da,False,,,,shapes,J0236,,rtl_sim,,1,236,depth7_8,7,0,,4x27x32-k4x4->28;28x24x29-k1x1->12;12x24x29-k3x3->28n;28x22x27-k3x8->23;23x20x20-k7x7->26;26x14x14-k5x5->1p;1x5x5-k5x5->29,4x27x32,29x1x1,0,1,1,1,1,"64,28,108,672,1127,650,25","384,192,352,180,112,20,4",1244,328252,15268661,"24605,5405,38045,120989,126253,13029,129",328458,328252,"24605,5405,38045,120989,126253,13029,129",328458,328252,0,0,0,0,0,0,0,True,True,True,True,0,verilator,5.028,0,20260929,37bdfbaacba1dc000701ad690b261df81455d7636899da8f14a207513c831280,c2356f8641370e16f192d095b175e544167665da,False,shard_0220_0240,build/shapes/20260929/runs/c2356f864137-37bdfbaacba1/verilator,shapes_rtl_logs_c2356f864137-37bdfbaacba1.tar.xz,909826df73fdbe23d78585362039ea5b2be5128fe23d7fbcc3bdd50446261724
2026-09-29T06:14:28+00:00,c2356f8641370e16f192d095b175e544167665da,False,,,,shapes,J0237,,rtl_sim,,1,237,depth2_3,2,0,,24x8x43-k5x5->19;19x4x39-k3x3->87,24x8x43,87x2x37,0,0,1,1,0,"600,171","60,110",170,54810,2879298,"36029,18839",54871,54810,"36029,18839",54871,54810,0,0,0,0,0,0,0,True,True,True,True,0,verilator,5.028,0,20260929,37bdfbaacba1dc000701ad690b261df81455d7636899da8f14a207513c831280,c2356f8641370e16f192d095b175e544167665da,False,shard_0220_0240,build/shapes/20260929/runs/c2356f864137-37bdfbaacba1/verilator,shapes_rtl_logs_c2356f864137-37bdfbaacba1.tar.xz,909826df73fdbe23d78585362039ea5b2be5128fe23d7fbcc3bdd50446261724
2026-09-29T06:14:28+00:00,c2356f8641370e16f192d095b175e544167665da,False,,,,shapes,J0238,,rtl_sim,,1,238,tails,1,0,,16x5x11-k5x5->58,16x5x11,58x1x7,0,0,1,1,0,400,8,8,3200,162400,3229,3232,3200,3229,3232,3200,0,0,0,0,0,0,0,True,True,True,True,0,verilator,5.028,0,20260929,37bdfbaacba1dc000701ad690b261df81455d7636899da8f14a207513c831280,c2356f8641370e16f192d095b175e544167665da,False,shard_0220_0240,build/shapes/20260929/runs/c2356f864137-37bdfbaacba1/verilator,shapes_rtl_logs_c2356f864137-37bdfbaacba1.tar.xz,909826df73fdbe23d78585362039ea5b2be5128fe23d7fbcc3bdd50446261724
2026-09-29T06:14:28+00:00,c2356f8641370e16f192d095b175e544167665da,False,,,,shapes,J0239,,rtl_sim,,1,239,depth4_6,4,0,,1x15x38-k4x4->31;31x12x35-k1x1->18;18x12x35-k4x4->9;9x9x32-k3x3->33,1x15x38,33x7x30,0,0,1,1,0,"16,31,288,81","240,180,72,140",632,41496,1750506,"3869,5609,20765,11369",41615,41496,"3869,5609,20765,11369",41615,41496,0,0,0,0,0,0,0,True,True,True,True,0,verilator,5.028,0,20260929,37bdfbaacba1dc000701ad690b261df81455d7636899da8f14a207513c831280,c2356f8641370e16f192d095b175e544167665da,False,shard_0220_0240,build/shapes/20260929/runs/c2356f864137-37bdfbaacba1/verilator,shapes_rtl_logs_c2356f864137-37bdfbaacba1.tar.xz,909826df73fdbe23d78585362039ea5b2be5128fe23d7fbcc3bdd50446261724
2026-09-29T06:14:28+00:00,c2356f8641370e16f192d095b175e544167665da,False,,,,shapes,J0240,,rtl_sim,,1,240,depth4_6,6,0,,2x10x46-k3x3->9;9x8x44-k3x3->32;32x6x42-k3x3->40p;40x2x20-k1x1->36p;36x1x10-k1x1->42;42x1x10-k1x1->46,2x10x46,46x1x10,0,1,1,1,0,"18,81,288,40,36,42","96,144,100,30,12,12",394,44328,2645448,"1757,11693,28829,1229,461,533",44505,44328,"1757,11693,28829,1229,461,533",44505,44328,0,0,0,0,0,0,0,True,True,True,True,0,verilator,5.028,1,20260929,37bdfbaacba1dc000701ad690b261df81455d7636899da8f14a207513c831280,c2356f8641370e16f192d095b175e544167665da,False,shard_0240_0260,build/shapes/20260929/runs/c2356f864137-37bdfbaacba1/verilator,shapes_rtl_logs_c2356f864137-37bdfbaacba1.tar.xz,909826df73fdbe23d78585362039ea5b2be5128fe23d7fbcc3bdd50446261724
2026-09-29T06:14:29+00:00,c2356f8641370e16f192d095b175e544167665da,False,,,,shapes,J0241,,rtl_sim,,1,241,fc,1,0,,172x1x1-k1x1->4raw,172x1x1,LOGIT[4],1,0,1,1,1,172,1,1,172,688,201,204,172,201,204,172,0,0,0,0,0,0,0,True,True,True,True,0,verilator,5.028,1,20260929,37bdfbaacba1dc000701ad690b261df81455d7636899da8f14a207513c831280,c2356f8641370e16f192d095b175e544167665da,False,shard_0240_0260,build/shapes/20260929/runs/c2356f864137-37bdfbaacba1/verilator,shapes_rtl_logs_c2356f864137-37bdfbaacba1.tar.xz,909826df73fdbe23d78585362039ea5b2be5128fe23d7fbcc3bdd50446261724
2026-09-29T06:14:29+00:00,c2356f8641370e16f192d095b175e544167665da,False,,,,shapes,J0242,,rtl_sim,,1,242,depth2_3,2,0,,6x6x62-k4x4->78;78x3x59-k1x1->64,6x6x62,64x3x59,0,0,1,1,0,"96,78","240,192",432,38016,2208960,"23069,15005",38077,38016,"23069,15005",38077,38016,0,0,0,0,0,0,0,True,True,True,True,0,verilator,5.028,0,20260929,37bdfbaacba1dc000701ad690b261df81455d7636899da8f14a207513c831280,c2356f8641370e16f192d095b175e544167665da,False,shard_0240_0260,build/shapes/20260929/runs/c2356f864137-37bdfbaacba1/verilator,shapes_rtl_logs_c2356f864137-37bdfbaacba1.tar.xz,909826df73fdbe23d78585362039ea5b2be5128fe23d7fbcc3bdd50446261724
2026-09-29T06:14:29+00:00,c2356f8641370e16f192d095b175e544167665da,False,,,,shapes,J0243,,rtl_sim,,1,243,tiny,2,0,,48x2x8-k2x8->29;29x1x1-k1x1->20,48x2x8,20x1x1,0,0,1,1,1,"768,29","4,3",7,3159,22852,"3101,116",3220,3159,"3101,116",3220,3159,0,0,0,0,0,0,0,True,True,True,True,0,verilator,5.028,0,20260929,37bdfbaacba1dc000701ad690b261df81455d7636899da8f14a207513c831280,c2356f8641370e16f192d095b175e544167665da,False,shard_0240_0260,build/shapes/20260929/runs/c2356f864137-37bdfbaacba1/verilator,shapes_rtl_logs_c2356f864137-37bdfbaacba1.tar.xz,909826df73fdbe23d78585362039ea5b2be5128fe23d7fbcc3bdd50446261724
2026-09-29T06:14:29+00:00,c2356f8641370e16f192d095b175e544167665da,False,,,,shapes,J0244,,rtl_sim,,1,244,head_raw,1,0,,83x1x5-k1x5->1raw,83x1x5,LOGIT[1],1,0,1,1,1,415,1,1,415,415,444,447,415,444,447,415,0,0,0,0,0,0,0,True,True,True,True,0,verilator,5.028,1,20260929,37bdfbaacba1dc000701ad690b261df81455d7636899da8f14a207513c831280,c2356f8641370e16f192d095b175e544167665da,False,shard_0240_0260,build/shapes/20260929/runs/c2356f864137-37bdfbaacba1/verilator,shapes_rtl_logs_c2356f864137-37bdfbaacba1.tar.xz,909826df73fdbe23d78585362039ea5b2be5128fe23d7fbcc3bdd50446261724
2026-09-29T06:14:29+00:00,c2356f8641370e16f192d095b175e544167665da,False,,,,shapes,J0245,,rtl_sim,,1,245,pointwise,1,0,,29x18x9-k1x1->99,29x18x9,99x18x9,0,0,1,1,0,29,468,468,13572,465102,13601,13604,13572,13601,13604,13572,0,0,0,0,0,0,0,True,True,True,True,0,verilator,5.028,0,20260929,37bdfbaacba1dc000701ad690b261df81455d7636899da8f14a207513c831280,c2356f8641370e16f192d095b175e544167665da,False,shard_0240_0260,build/shapes/20260929/runs/c2356f864137-37bdfbaacba1/verilator,shapes_rtl_logs_c2356f864137-37bdfbaacba1.tar.xz,909826df73fdbe23d78585362039ea5b2be5128fe23d7fbcc3bdd50446261724
2026-09-29T06:14:29+00:00,c2356f8641370e16f192d095b175e544167665da,False,,,,shapes,J0246,,rtl_sim,,1,246,pointwise,1,0,,118x4x37-k1x1->55,118x4x37,55x4x37,0,0,1,1,0,118,140,140,16520,960520,16549,16552,16520,16549,16552,16520,0,0,0,0,0,0,0,True,True,True,True,0,verilator,5.028,0,20260929,37bdfbaacba1dc000701ad690b261df81455d7636899da8f14a207513c831280,c2356f8641370e16f192d095b175e544167665da,False,shard_0240_0260,build/shapes/20260929/runs/c2356f864137-37bdfbaacba1/verilator,shapes_rtl_logs_c2356f864137-37bdfbaacba1.tar.xz,909826df73fdbe23d78585362039ea5b2be5128fe23d7fbcc3bdd50446261724
2026-09-29T06:14:29+00:00,c2356f8641370e16f192d095b175e544167665da,False,,,,shapes,J0247,,rtl_sim,,1,247,tails,2,0,,14x23x8-k6x6->11;11x18x3-k1x1->63,14x23x8,63x18x3,0,0,1,1,0,"504,11","36,144",180,19728,336798,"18173,1613",19789,19728,"18173,1613",19789,19728,0,0,0,0,0,0,0,True,True,True,True,0,verilator,5.028,0,20260929,37bdfbaacba1dc000701ad690b261df81455d7636899da8f14a207513c831280,c2356f8641370e16f192d095b175e544167665da,False,shard_0240_0260,build/shapes/20260929/runs/c2356f864137-37bdfbaacba1/verilator,shapes_rtl_logs_c2356f864137-37bdfbaacba1.tar.xz,909826df73fdbe23d78585362039ea5b2be5128fe23d7fbcc3bdd50446261724
2026-09-29T06:14:29+00:00,c2356f8641370e16f192d095b175e544167665da,False,,,,shapes,J0248,,rtl_sim,,1,248,fc,1,0,,97x1x1-k1x1->15,97x1x1,15x1x1,0,0,1,1,1,97,2,2,194,1455,223,226,194,223,226,194,0,0,0,0,0,0,0,True,True,True,True,0,verilator,5.028,0,20260929,37bdfbaacba1dc000701ad690b261df81455d7636899da8f14a207513c831280,c2356f8641370e16f192d095b175e544167665da,False,shard_0240_0260,build/shapes/20260929/runs/c2356f864137-37bdfbaacba1/verilator,shapes_rtl_logs_c2356f864137-37bdfbaacba1.tar.xz,909826df73fdbe23d78585362039ea5b2be5128fe23d7fbcc3bdd50446261724
2026-09-29T06:14:29+00:00,c2356f8641370e16f192d095b175e544167665da,False,,,,shapes,J0249,,rtl_sim,,1,249,netlike,4,0,,4x33x33-k6x6->34p;34x14x14-k3x3->41p;41x6x6-k6x6->48;48x1x1-k1x1->3raw,4x33x33,LOGIT[3],1,1,1,1,1,"144,306,1476,48","560,144,6,1",711,133608,5716080,"80669,44093,8885,77",133727,133608,"80669,44093,8885,77",133727,133608,0,0,0,0,0,0,0,True,True,True,True,0,verilator,5.028,0,20260929,37bdfbaacba1dc000701ad690b261df81455d7636899da8f14a207513c831280,c2356f8641370e16f192d095b175e544167665da,False,shard_0240_0260,build/shapes/20260929/runs/c2356f864137-37bdfbaacba1/verilator,shapes_rtl_logs_c2356f864137-37bdfbaacba1.tar.xz,909826df73fdbe23d78585362039ea5b2be5128fe23d7fbcc3bdd50446261724
2026-09-29T06:14:29+00:00,c2356f8641370e16f192d095b175e544167665da,False,,,,shapes,J0250,,rtl_sim,,1,250,pointwise,1,0,,30x42x3-k1x1->88,30x42x3,88x42x3,0,0,0,1,0,30,462,462,13860,332640,13889,13892,13860,13889,13892,13860,0,0,0,0,0,0,0,True,True,True,True,0,verilator,5.028,0,20260929,37bdfbaacba1dc000701ad690b261df81455d7636899da8f14a207513c831280,c2356f8641370e16f192d095b175e544167665da,False,shard_0240_0260,build/shapes/20260929/runs/c2356f864137-37bdfbaacba1/verilator,shapes_rtl_logs_c2356f864137-37bdfbaacba1.tar.xz,909826df73fdbe23d78585362039ea5b2be5128fe23d7fbcc3bdd50446261724
2026-09-29T06:14:29+00:00,c2356f8641370e16f192d095b175e544167665da,False,,,,shapes,J0251,,rtl_sim,,1,251,tiny,2,0,,50x4x1-k4x1->29;29x1x1-k1x1->9raw,50x4x1,LOGIT[9],1,0,1,1,1,"200,29","4,2",6,858,6061,"829,87",919,858,"829,87",919,858,0,0,0,0,0,0,0,True,True,True,True,0,verilator,5.028,0,20260929,37bdfbaacba1dc000701ad690b261df81455d7636899da8f14a207513c831280,c2356f8641370e16f192d095b175e544167665da,False,shard_0240_0260,build/shapes/20260929/runs/c2356f864137-37bdfbaacba1/verilator,shapes_rtl_logs_c2356f864137-37bdfbaacba1.tar.xz,909826df73fdbe23d78585362039ea5b2be5128fe23d7fbcc3bdd50446261724
2026-09-29T06:14:29+00:00,c2356f8641370e16f192d095b175e544167665da,False,,,,shapes,J0252,,rtl_sim,,1,252,conv_pool,1,0,,44x15x44-k2x1->55p,44x15x44,55x7x22,0,1,1,1,0,88,588,588,51744,2981440,51773,51776,51744,51773,51776,51744,0,0,0,0,0,0,0,True,True,True,True,0,verilator,5.028,0,20260929,37bdfbaacba1dc000701ad690b261df81455d7636899da8f14a207513c831280,c2356f8641370e16f192d095b175e544167665da,False,shard_0240_0260,build/shapes/20260929/runs/c2356f864137-37bdfbaacba1/verilator,shapes_rtl_logs_c2356f864137-37bdfbaacba1.tar.xz,909826df73fdbe23d78585362039ea5b2be5128fe23d7fbcc3bdd50446261724
2026-09-29T06:14:29+00:00,c2356f8641370e16f192d095b175e544167665da,False,,,,shapes,J0253,,rtl_sim,,1,253,conv,1,0,,28x8x64-k3x3->28,28x8x64,28x6x62,0,0,1,1,0,252,192,192,48384,2624832,48413,48416,48384,48413,48416,48384,0,0,0,0,0,0,0,True,True,True,True,0,verilator,5.028,0,20260929,37bdfbaacba1dc000701ad690b261df81455d7636899da8f14a207513c831280,c2356f8641370e16f192d095b175e544167665da,False,shard_0240_0260,build/shapes/20260929/runs/c2356f864137-37bdfbaacba1/verilator,shapes_rtl_logs_c2356f864137-37bdfbaacba1.tar.xz,909826df73fdbe23d78585362039ea5b2be5128fe23d7fbcc3bdd50446261724
2026-09-29T06:14:29+00:00,c2356f8641370e16f192d095b175e544167665da,False,,,,shapes,J0254,,rtl_sim,,1,254,tails,1,0,,12x18x15-k3x3->43n,12x18x15,43x16x13,0,0,1,1,0,108,192,192,20736,965952,20765,20768,20736,20765,20768,20736,0,0,0,0,0,0,0,True,True,True,True,0,verilator,5.028,0,20260929,37bdfbaacba1dc000701ad690b261df81455d7636899da8f14a207513c831280,c2356f8641370e16f192d095b175e544167665da,False,shard_0240_0260,build/shapes/20260929/runs/c2356f864137-37bdfbaacba1/verilator,shapes_rtl_logs_c2356f864137-37bdfbaacba1.tar.xz,909826df73fdbe23d78585362039ea5b2be5128fe23d7fbcc3bdd50446261724
2026-09-29T06:14:29+00:00,c2356f8641370e16f192d095b175e544167665da,False,,,,shapes,J0255,,rtl_sim,,1,255,fc,3,0,,188x1x1-k1x1->18;18x1x1-k1x1->86;86x1x1-k1x1->16raw,188x1x1,LOGIT[16],1,0,1,1,1,"188,18,86","3,11,2",16,934,6308,"593,227,201",1024,934,"593,227,201",1024,934,0,0,0,0,0,0,0,True,True,True,True,0,verilator,5.028,0,20260929,37bdfbaacba1dc000701ad690b261df81455d7636899da8f14a207513c831280,c2356f8641370e16f192d095b175e544167665da,False,shard_0240_0260,build/shapes/20260929/runs/c2356f864137-37bdfbaacba1/verilator,shapes_rtl_logs_c2356f864137-37bdfbaacba1.tar.xz,909826df73fdbe23d78585362039ea5b2be5128fe23d7fbcc3bdd50446261724
2026-09-29T06:14:29+00:00,c2356f8641370e16f192d095b175e544167665da,False,,,,shapes,J0256,,rtl_sim,,1,256,conv,1,0,,38x5x46-k3x4->71,38x5x46,71x3x43,0,0,1,1,0,456,162,162,73872,4176504,73901,73904,73872,73901,73904,73872,0,0,0,0,0,0,0,True,True,True,True,0,verilator,5.028,0,20260929,37bdfbaacba1dc000701ad690b261df81455d7636899da8f14a207513c831280,c2356f8641370e16f192d095b175e544167665da,False,shard_0240_0260,build/shapes/20260929/runs/c2356f864137-37bdfbaacba1/verilator,shapes_rtl_logs_c2356f864137-37bdfbaacba1.tar.xz,909826df73fdbe23d78585362039ea5b2be5128fe23d7fbcc3bdd50446261724
2026-09-29T06:14:29+00:00,c2356f8641370e16f192d095b175e544167665da,False,,,,shapes,J0257,,rtl_sim,,1,257,fc,3,0,,419x1x1-k1x1->102;102x1x1-k1x1->118;118x1x1-k1x1->4raw,419x1x1,LOGIT[4],1,0,1,1,1,"419,102,118","13,15,1",29,7095,55246,"5476,1559,147",7185,7095,"5476,1559,147",7185,7095,0,0,0,0,0,0,0,True,True,True,True,0,verilator,5.028,0,20260929,37bdfbaacba1dc000701ad690b261df81455d7636899da8f14a207513c831280,c2356f8641370e16f192d095b175e544167665da,False,shard_0240_0260,build/shapes/20260929/runs/c2356f864137-37bdfbaacba1/verilator,shapes_rtl_logs_c2356f864137-37bdfbaacba1.tar.xz,909826df73fdbe23d78585362039ea5b2be5128fe23d7fbcc3bdd50446261724
2026-09-29T06:14:29+00:00,c2356f8641370e16f192d095b175e544167665da,False,,,,shapes,J0258,,rtl_sim,,1,258,depth7_8,8,0,,13x31x15-k7x1->29;29x25x15-k3x3->31;31x23x13-k6x6->26pn;26x9x4-k3x3->23;23x7x2-k2x2->9;9x6x1-k1x1->30;30x6x1-k1x1->18;18x6x1-k6x1->13raw,13x31x15,LOGIT[13],1,1,1,1,1,"91,261,1116,234,92,9,30,108","200,184,72,21,12,24,18,2",533,153566,7673718,"18229,48053,80381,4943,1133,245,569,245",153801,153566,"18229,48053,80381,4943,1133,245,569,245",153801,153566,0,0,0,0,0,0,0,True,True,True,True,0,verilator,5.028,0,20260929,37bdfbaacba1dc000701ad690b261df81455d7636899da8f14a207513c831280,c2356f8641370e16f192d095b175e544167665da,False,shard_0240_0260,build/shapes/20260929/runs/c2356f864137-37bdfbaacba1/verilator,shapes_rtl_logs_c2356f864137-37bdfbaacba1.tar.xz,909826df73fdbe23d78585362039ea5b2be5128fe23d7fbcc3bdd50446261724
2026-09-29T06:14:29+00:00,c2356f8641370e16f192d095b175e544167665da,False,,,,shapes,J0259,,rtl_sim,,1,259,depth2_3,2,0,,2x12x52-k7x7->54;54x6x46-k5x5->55,2x12x52,55x2x42,0,0,1,1,0,"98,1350","252,84",336,138096,7697592,"24725,113429",138157,138096,"24725,113429",138157,138096,0,0,0,0,0,0,0,True,True,True,True,0,verilator,5.028,0,20260929,37bdfbaacba1dc000701ad690b261df81455d7636899da8f14a207513c831280,c2356f8641370e16f192d095b175e544167665da,False,shard_0240_0260,build/shapes/20260929/runs/c2356f864137-37bdfbaacba1/verilator,shapes_rtl_logs_c2356f864137-37bdfbaacba1.tar.xz,909826df73fdbe23d78585362039ea5b2be5128fe23d7fbcc3bdd50446261724
2026-09-29T06:14:29+00:00,c2356f8641370e16f192d095b175e544167665da,False,,,,shapes,J0260,,rtl_sim,,1,260,tails,2,0,,2x7x5-k2x5->37;37x6x1-k1x1->63,2x7x5,63x6x1,0,0,1,1,0,"20,37","30,48",78,2376,18426,"629,1805",2437,2376,"629,1805",2437,2376,0,0,0,0,0,0,0,True,True,True,True,0,verilator,5.028,0,20260929,37bdfbaacba1dc000701ad690b261df81455d7636899da8f14a207513c831280,c2356f8641370e16f192d095b175e544167665da,False,shard_0260_0280,build/shapes/20260929/runs/c2356f864137-37bdfbaacba1/verilator,shapes_rtl_logs_c2356f864137-37bdfbaacba1.tar.xz,909826df73fdbe23d78585362039ea5b2be5128fe23d7fbcc3bdd50446261724
2026-09-29T06:14:29+00:00,c2356f8641370e16f192d095b175e544167665da,False,,,,shapes,J0261,,rtl_sim,,1,261,depth7_8,7,0,,9x5x17-k3x3->2;2x3x15-k2x2->32;32x2x14-k1x1->17;17x2x14-k2x2->11;11x1x13-k1x1->10;10x1x13-k1x1->32;32x1x13-k1x1->26,9x5x17,26x1x13,0,0,1,1,0,"81,8,32,68,11,10,32","6,16,12,4,4,8,8",58,1650,55820,"515,157,413,301,73,109,285",1856,1650,"515,157,413,301,73,109,285",1856,1650,0,0,0,0,0,0,0,True,True,True,True,0,verilator,5.028,1,20260929,37bdfbaacba1dc000701ad690b261df81455d7636899da8f14a207513c831280,c2356f8641370e16f192d095b175e544167665da,False,shard_0260_0280,build/shapes/20260929/runs/c2356f864137-37bdfbaacba1/verilator,shapes_rtl_logs_c2356f864137-37bdfbaacba1.tar.xz,909826df73fdbe23d78585362039ea5b2be5128fe23d7fbcc3bdd50446261724
2026-09-29T06:14:29+00:00,c2356f8641370e16f192d095b175e544167665da,False,,,,shapes,J0262,,rtl_sim,,1,262,conv_pool,1,0,,48x20x22-k1x1->69pn,48x20x22,69x10x11,0,1,1,1,0,48,540,540,25920,1457280,25949,25952,25920,25949,25952,25920,0,0,0,0,0,0,0,True,True,True,True,0,verilator,5.028,1,20260929,37bdfbaacba1dc000701ad690b261df81455d7636899da8f14a207513c831280,c2356f8641370e16f192d095b175e544167665da,False,shard_0260_0280,build/shapes/20260929/runs/c2356f864137-37bdfbaacba1/verilator,shapes_rtl_logs_c2356f864137-37bdfbaacba1.tar.xz,909826df73fdbe23d78585362039ea5b2be5128fe23d7fbcc3bdd50446261724
2026-09-29T06:14:29+00:00,c2356f8641370e16f192d095b175e544167665da,False,,,,shapes,J0263,,rtl_sim,,1,263,large,2,0,,16x32x34-k3x3->67p;67x15x16-k3x3->36n,16x32x34,36x13x14,0,1,1,1,0,"144,603","1080,130",1210,233910,13212936,"155549,78419",233971,233910,"155549,78419",233971,233910,0,0,0,0,0,0,0,True,True,True,True,0,verilator,5.028,0,20260929,37bdfbaacba1dc000701ad690b261df81455d7636899da8f14a207513c831280,c2356f8641370e16f192d095b175e544167665da,False,shard_0260_0280,build/shapes/20260929/runs/c2356f864137-37bdfbaacba1/verilator,shapes_rtl_logs_c2356f864137-37bdfbaacba1.tar.xz,909826df73fdbe23d78585362039ea5b2be5128fe23d7fbcc3bdd50446261724
2026-09-29T06:14:29+00:00,c2356f8641370e16f192d095b175e544167665da,False,,,,shapes,J0264,,rtl_sim,,1,264,conv_pool,1,0,,27x6x44-k5x5->85p,27x6x44,85x1x20,0,1,1,0,0,675,110,110,74250,4590000,74279,74282,74250,74279,74282,74250,0,0,0,0,0,0,0,True,True,True,True,0,verilator,5.028,0,20260929,37bdfbaacba1dc000701ad690b261df81455d7636899da8f14a207513c831280,c2356f8641370e16f192d095b175e544167665da,False,shard_0260_0280,build/shapes/20260929/runs/c2356f864137-37bdfbaacba1/verilator,shapes_rtl_logs_c2356f864137-37bdfbaacba1.tar.xz,909826df73fdbe23d78585362039ea5b2be5128fe23d7fbcc3bdd50446261724
2026-09-29T06:14:29+00:00,c2356f8641370e16f192d095b175e544167665da,False,,,,shapes,J0265,,rtl_sim,,1,265,conv_pool,1,0,,5x12x16-k3x3->11p,5x12x16,11x5x7,0,1,1,1,0,45,40,40,1800,69300,1829,1832,1800,1829,1832,1800,0,0,0,0,0,0,0,True,True,True,True,0,verilator,5.028,0,20260929,37bdfbaacba1dc000701ad690b261df81455d7636899da8f14a207513c831280,c2356f8641370e16f192d095b175e544167665da,False,shard_0260_0280,build/shapes/20260929/runs/c2356f864137-37bdfbaacba1/verilator,shapes_rtl_logs_c2356f864137-37bdfbaacba1.tar.xz,909826df73fdbe23d78585362039ea5b2be5128fe23d7fbcc3bdd50446261724
2026-09-29T06:14:29+00:00,c2356f8641370e16f192d095b175e544167665da,False,,,,shapes,J0266,,rtl_sim,,1,266,conv,1,0,,40x16x44-k3x3->4,40x16x44,4x14x42,0,0,1,1,0,360,84,84,30240,846720,30269,30272,30240,30269,30272,30240,0,0,0,0,0,0,0,True,True,True,True,0,verilator,5.028,0,20260929,37bdfbaacba1dc000701ad690b261df81455d7636899da8f14a207513c831280,c2356f8641370e16f192d095b175e544167665da,False,shard_0260_0280,build/shapes/20260929/runs/c2356f864137-37bdfbaacba1/verilator,shapes_rtl_logs_c2356f864137-37bdfbaacba1.tar.xz,909826df73fdbe23d78585362039ea5b2be5128fe23d7fbcc3bdd50446261724
2026-09-29T06:14:29+00:00,c2356f8641370e16f192d095b175e544167665da,False,,,,shapes,J0267,,rtl_sim,,1,267,conv,1,0,,31x43x6-k3x3->25,31x43x6,25x41x4,0,0,1,1,0,279,164,164,45756,1143900,45785,45788,45756,45785,45788,45756,0,0,0,0,0,0,0,True,True,True,True,0,verilator,5.028,0,20260929,37bdfbaacba1dc000701ad690b261df81455d7636899da8f14a207513c831280,c2356f8641370e16f192d095b175e544167665da,False,shard_0260_0280,build/shapes/20260929/runs/c2356f864137-37bdfbaacba1/verilator,shapes_rtl_logs_c2356f864137-37bdfbaacba1.tar.xz,909826df73fdbe23d78585362039ea5b2be5128fe23d7fbcc3bdd50446261724
2026-09-29T06:14:29+00:00,c2356f8641370e16f192d095b175e544167665da,False,,,,shapes,J0268,,rtl_sim,,1,268,tails,1,0,,28x15x13-k4x4->57,28x15x13,57x12x10,0,0,1,1,0,448,192,192,86016,3064320,86045,86048,86016,86045,86048,86016,0,0,0,0,0,0,0,True,True,True,True,0,verilator,5.028,0,20260929,37bdfbaacba1dc000701ad690b261df81455d7636899da8f14a207513c831280,c2356f8641370e16f192d095b175e544167665da,False,shard_0260_0280,build/shapes/20260929/runs/c2356f864137-37bdfbaacba1/verilator,shapes_rtl_logs_c2356f864137-37bdfbaacba1.tar.xz,909826df73fdbe23d78585362039ea5b2be5128fe23d7fbcc3bdd50446261724
2026-09-29T06:14:29+00:00,c2356f8641370e16f192d095b175e544167665da,False,,,,shapes,J0269,,rtl_sim,,1,269,fc,2,0,,403x1x1-k1x1->122;122x1x1-k1x1->16raw,403x1x1,LOGIT[16],1,0,1,1,1,"403,122","16,2",18,6692,51118,"6477,273",6753,6692,"6477,273",6753,6692,0,0,0,0,0,0,0,True,True,True,True,0,verilator,5.028,0,20260929,37bdfbaacba1dc000701ad690b261df81455d7636899da8f14a207513c831280,c2356f8641370e16f192d095b175e544167665da,False,shard_0260_0280,build/shapes/20260929/runs/c2356f864137-37bdfbaacba1/verilator,shapes_rtl_logs_c2356f864137-37bdfbaacba1.tar.xz,909826df73fdbe23d78585362039ea5b2be5128fe23d7fbcc3bdd50446261724
2026-09-29T06:14:29+00:00,c2356f8641370e16f192d095b175e544167665da,False,,,,shapes,J0270,,rtl_sim,,1,270,depth2_3,3,0,,7x4x45-k3x3->62;62x2x43-k1x4->3;3x2x40-k2x2->39,7x4x45,39x1x39,0,0,1,1,0,"63,248,12","96,10,25",131,8828,413688,"6077,2509,329",8918,8828,"6077,2509,329",8918,8828,0,0,0,0,0,0,0,True,True,True,True,0,verilator,5.028,0,20260929,37bdfbaacba1dc000701ad690b261df81455d7636899da8f14a207513c831280,c2356f8641370e16f192d095b175e544167665da,False,shard_0260_0280,build/shapes/20260929/runs/c2356f864137-37bdfbaacba1/verilator,shapes_rtl_logs_c2356f864137-37bdfbaacba1.tar.xz,909826df73fdbe23d78585362039ea5b2be5128fe23d7fbcc3bdd50446261724
2026-09-29T06:14:29+00:00,c2356f8641370e16f192d095b175e544167665da,False,,,,shapes,J0271,,rtl_sim,,1,271,tiny,2,0,,13x9x9-k1x1->16n;16x9x9-k2x2->17,13x9x9,17x8x8,0,0,1,1,0,"13,64","36,24",60,2004,86480,"497,1565",2065,2004,"497,1565",2065,2004,0,0,0,0,0,0,0,True,True,True,True,0,verilator,5.028,0,20260929,37bdfbaacba1dc000701ad690b261df81455d7636899da8f14a207513c831280,c2356f8641370e16f192d095b175e544167665da,False,shard_0260_0280,build/shapes/20260929/runs/c2356f864137-37bdfbaacba1/verilator,shapes_rtl_logs_c2356f864137-37bdfbaacba1.tar.xz,909826df73fdbe23d78585362039ea5b2be5128fe23d7fbcc3bdd50446261724
2026-09-29T06:14:29+00:00,c2356f8641370e16f192d095b175e544167665da,False,,,,shapes,J0272,,rtl_sim,,1,272,depth2_3,3,0,,1x4x32-k3x3->37;37x2x30-k1x1->43;43x2x30-k1x1->20p,1x4x32,20x1x15,0,1,1,1,0,"9,37,43","40,48,24",112,3168,167040,"389,1805,1061",3258,3168,"389,1805,1061",3258,3168,0,0,0,0,0,0,0,True,True,True,True,0,verilator,5.028,0,20260929,37bdfbaacba1dc000701ad690b261df81455d7636899da8f14a207513c831280,c2356f8641370e16f192d095b175e544167665da,False,shard_0260_0280,build/shapes/20260929/runs/c2356f864137-37bdfbaacba1/verilator,shapes_rtl_logs_c2356f864137-37bdfbaacba1.tar.xz,909826df73fdbe23d78585362039ea5b2be5128fe23d7fbcc3bdd50446261724
2026-09-29T06:14:29+00:00,c2356f8641370e16f192d095b175e544167665da,False,,,,shapes,J0273,,rtl_sim,,1,273,conv_pool,1,0,,38x10x42-k3x3->27p,38x10x42,27x4x20,0,1,1,0,0,342,160,160,54720,2954880,54749,54752,54720,54749,54752,54720,0,0,0,0,0,0,0,True,True,True,True,0,verilator,5.028,0,20260929,37bdfbaacba1dc000701ad690b261df81455d7636899da8f14a207513c831280,c2356f8641370e16f192d095b175e544167665da,False,shard_0260_0280,build/shapes/20260929/runs/c2356f864137-37bdfbaacba1/verilator,shapes_rtl_logs_c2356f864137-37bdfbaacba1.tar.xz,909826df73fdbe23d78585362039ea5b2be5128fe23d7fbcc3bdd50446261724
2026-09-29T06:14:29+00:00,c2356f8641370e16f192d095b175e544167665da,False,,,,shapes,J0274,,rtl_sim,,1,274,refuse,1,1,K_lt_8,1x11x6-k2x2->12,1x11x6,12x10x5,0,0,1,1,0,4,,,,,,3,0,,3,0,0,0,0,0,0,768,768,True,,True,True,0,verilator,5.028,0,20260929,37bdfbaacba1dc000701ad690b261df81455d7636899da8f14a207513c831280,c2356f8641370e16f192d095b175e544167665da,False,shard_0260_0280,build/shapes/20260929/runs/c2356f864137-37bdfbaacba1/verilator,shapes_rtl_logs_c2356f864137-37bdfbaacba1.tar.xz,909826df73fdbe23d78585362039ea5b2be5128fe23d7fbcc3bdd50446261724
2026-09-29T06:14:29+00:00,c2356f8641370e16f192d095b175e544167665da,False,,,,shapes,J0275,,rtl_sim,,1,275,refuse,3,1,WGT_END,14x16x21-k5x5->12n;12x12x17-k5x3->17;17x8x15-k3x3->11,14x16x21,11x6x13,0,0,1,1,0,"350,180,153",,,,,,3,0,,3,0,0,0,0,0,0,1026,1026,True,,True,True,0,verilator,5.028,0,20260929,37bdfbaacba1dc000701ad690b261df81455d7636899da8f14a207513c831280,c2356f8641370e16f192d095b175e544167665da,False,shard_0260_0280,build/shapes/20260929/runs/c2356f864137-37bdfbaacba1/verilator,shapes_rtl_logs_c2356f864137-37bdfbaacba1.tar.xz,909826df73fdbe23d78585362039ea5b2be5128fe23d7fbcc3bdd50446261724
2026-09-29T06:14:29+00:00,c2356f8641370e16f192d095b175e544167665da,False,,,,shapes,J0276,,rtl_sim,,1,276,conv,1,0,,32x2x79-k2x2->2,32x2x79,2x1x78,0,0,1,1,0,128,10,10,1280,19968,1309,1312,1280,1309,1312,1280,0,0,0,0,0,0,0,True,True,True,True,0,verilator,5.028,1,20260929,37bdfbaacba1dc000701ad690b261df81455d7636899da8f14a207513c831280,c2356f8641370e16f192d095b175e544167665da,False,shard_0260_0280,build/shapes/20260929/runs/c2356f864137-37bdfbaacba1/verilator,shapes_rtl_logs_c2356f864137-37bdfbaacba1.tar.xz,909826df73fdbe23d78585362039ea5b2be5128fe23d7fbcc3bdd50446261724
2026-09-29T06:14:29+00:00,c2356f8641370e16f192d095b175e544167665da,False,,,,shapes,J0277,,rtl_sim,,1,277,conv_pool,1,0,,14x14x74-k7x3->50p,14x14x74,50x4x36,0,1,1,0,0,294,504,504,148176,8467200,148205,148208,148176,148205,148208,148176,0,0,0,0,0,0,0,True,True,True,True,0,verilator,5.028,0,20260929,37bdfbaacba1dc000701ad690b261df81455d7636899da8f14a207513c831280,c2356f8641370e16f192d095b175e544167665da,False,shard_0260_0280,build/shapes/20260929/runs/c2356f864137-37bdfbaacba1/verilator,shapes_rtl_logs_c2356f864137-37bdfbaacba1.tar.xz,909826df73fdbe23d78585362039ea5b2be5128fe23d7fbcc3bdd50446261724
2026-09-29T06:14:29+00:00,c2356f8641370e16f192d095b175e544167665da,False,,,,shapes,J0278,,rtl_sim,,1,278,head_raw,1,0,,10x6x6-k6x6->1raw,10x6x6,LOGIT[1],1,0,1,1,1,360,1,1,360,360,389,392,360,389,392,360,0,0,0,0,0,0,0,True,True,True,True,0,verilator,5.028,0,20260929,37bdfbaacba1dc000701ad690b261df81455d7636899da8f14a207513c831280,c2356f8641370e16f192d095b175e544167665da,False,shard_0260_0280,build/shapes/20260929/runs/c2356f864137-37bdfbaacba1/verilator,shapes_rtl_logs_c2356f864137-37bdfbaacba1.tar.xz,909826df73fdbe23d78585362039ea5b2be5128fe23d7fbcc3bdd50446261724
2026-09-29T06:14:29+00:00,c2356f8641370e16f192d095b175e544167665da,False,,,,shapes,J0279,,rtl_sim,,1,279,depth2_3,2,0,,1x20x22-k3x3->75;75x18x20-k2x2->54n,1x20x22,54x17x19,0,0,1,1,0,"9,300","540,357",897,111960,5475600,"4889,107129",112021,111960,"4889,107129",112021,111960,0,0,0,0,0,0,0,True,True,True,True,0,verilator,5.028,0,20260929,37bdfbaacba1dc000701ad690b261df81455d7636899da8f14a207513c831280,c2356f8641370e16f192d095b175e544167665da,False,shard_0260_0280,build/shapes/20260929/runs/c2356f864137-37bdfbaacba1/verilator,shapes_rtl_logs_c2356f864137-37bdfbaacba1.tar.xz,909826df73fdbe23d78585362039ea5b2be5128fe23d7fbcc3bdd50446261724
2026-09-29T06:14:29+00:00,c2356f8641370e16f192d095b175e544167665da,False,,,,shapes,J0280,,rtl_sim,,1,280,conv,1,0,,16x7x12-k5x5->62,16x7x12,62x3x8,0,0,1,0,0,400,24,24,9600,595200,9629,9632,9600,9629,9632,9600,0,0,0,0,0,0,0,True,True,True,True,0,verilator,5.028,0,20260929,37bdfbaacba1dc000701ad690b261df81455d7636899da8f14a207513c831280,c2356f8641370e16f192d095b175e544167665da,False,shard_0280_0300,build/shapes/20260929/runs/c2356f864137-37bdfbaacba1/verilator,shapes_rtl_logs_c2356f864137-37bdfbaacba1.tar.xz,909826df73fdbe23d78585362039ea5b2be5128fe23d7fbcc3bdd50446261724
2026-09-29T06:14:29+00:00,c2356f8641370e16f192d095b175e544167665da,False,,,,shapes,J0281,,rtl_sim,,1,281,tiny,2,0,,2x12x8-k4x2->5n;5x9x7-k5x5->5,2x12x8,5x5x3,0,0,1,1,0,"16,125","9,5",14,769,14415,"173,654",830,769,"173,654",830,769,0,0,0,0,0,0,0,True,True,True,True,0,verilator,5.028,0,20260929,37bdfbaacba1dc000701ad690b261df81455d7636899da8f14a207513c831280,c2356f8641370e16f192d095b175e544167665da,False,shard_0280_0300,build/shapes/20260929/runs/c2356f864137-37bdfbaacba1/verilator,shapes_rtl_logs_c2356f864137-37bdfbaacba1.tar.xz,909826df73fdbe23d78585362039ea5b2be5128fe23d7fbcc3bdd50446261724
2026-09-29T06:14:29+00:00,c2356f8641370e16f192d095b175e544167665da,False,,,,shapes,J0282,,rtl_sim,,1,282,head_raw,1,0,,42x6x1-k6x1->4raw,42x6x1,LOGIT[4],1,0,1,1,1,252,1,1,252,1008,281,284,252,281,284,252,0,0,0,0,0,0,0,True,True,True,True,0,verilator,5.028,0,20260929,37bdfbaacba1dc000701ad690b261df81455d7636899da8f14a207513c831280,c2356f8641370e16f192d095b175e544167665da,False,shard_0280_0300,build/shapes/20260929/runs/c2356f864137-37bdfbaacba1/verilator,shapes_rtl_logs_c2356f864137-37bdfbaacba1.tar.xz,909826df73fdbe23d78585362039ea5b2be5128fe23d7fbcc3bdd50446261724
2026-09-29T06:14:29+00:00,c2356f8641370e16f192d095b175e544167665da,False,,,,shapes,J0283,,rtl_sim,,1,283,depth7_8,8,0,,23x8x31-k3x3->25;25x6x29-k1x1->4;4x6x29-k5x5->22;22x2x25-k1x1->4;4x2x25-k2x2->9n;9x1x24-k1x8->31;31x1x17-k1x6->10;10x1x12-k1x1->28n,23x8x31,28x1x12,0,0,1,1,0,"207,25,100,22,16,72,186,10","96,24,24,8,6,12,4,8",182,24832,1099330,"19901,629,2429,205,125,893,773,109",25067,24832,"19901,629,2429,205,125,893,773,109",25067,24832,0,0,0,0,0,0,0,True,True,True,True,0,verilator,5.028,0,20260929,37bdfbaacba1dc000701ad690b261df81455d7636899da8f14a207513c831280,c2356f8641370e16f192d095b175e544167665da,False,shard_0280_0300,build/shapes/20260929/runs/c2356f864137-37bdfbaacba1/verilator,shapes_rtl_logs_c2356f864137-37bdfbaacba1.tar.xz,909826df73fdbe23d78585362039ea5b2be5128fe23d7fbcc3bdd50446261724
2026-09-29T06:14:29+00:00,c2356f8641370e16f192d095b175e544167665da,False,,,,shapes,J0284,,rtl_sim,,1,284,tails,2,0,,10x10x21-k5x3->21;21x6x19-k2x1->41,10x10x21,41x5x19,0,0,1,1,0,"150,42","54,90",144,11880,522690,"8129,3809",11941,11880,"8129,3809",11941,11880,0,0,0,0,0,0,0,True,True,True,True,0,verilator,5.028,1,20260929,37bdfbaacba1dc000701ad690b261df81455d7636899da8f14a207513c831280,c2356f8641370e16f192d095b175e544167665da,False,shard_0280_0300,build/shapes/20260929/runs/c2356f864137-37bdfbaacba1/verilator,shapes_rtl_logs_c2356f864137-37bdfbaacba1.tar.xz,909826df73fdbe23d78585362039ea5b2be5128fe23d7fbcc3bdd50446261724
2026-09-29T06:14:29+00:00,c2356f8641370e16f192d095b175e544167665da,False,,,,shapes,J0285,,rtl_sim,,1,285,conv_pool,1,0,,24x4x54-k3x3->46p,24x4x54,46x1x26,0,1,1,1,0,216,84,84,18144,1033344,18173,18176,18144,18173,18176,18144,0,0,0,0,0,0,0,True,True,True,True,0,verilator,5.028,0,20260929,37bdfbaacba1dc000701ad690b261df81455d7636899da8f14a207513c831280,c2356f8641370e16f192d095b175e544167665da,False,shard_0280_0300,build/shapes/20260929/runs/c2356f864137-37bdfbaacba1/verilator,shapes_rtl_logs_c2356f864137-37bdfbaacba1.tar.xz,909826df73fdbe23d78585362039ea5b2be5128fe23d7fbcc3bdd50446261724
2026-09-29T06:14:29+00:00,c2356f8641370e16f192d095b175e544167665da,False,,,,shapes,J0286,,rtl_sim,,1,286,conv_pool,1,0,,5x22x40-k5x5->85p,5x22x40,85x9x18,0,1,1,1,0,125,990,990,123750,6885000,123779,123782,123750,123779,123782,123750,0,0,0,0,0,0,0,True,True,True,True,0,verilator,5.028,0,20260929,37bdfbaacba1dc000701ad690b261df81455d7636899da8f14a207513c831280,c2356f8641370e16f192d095b175e544167665da,False,shard_0280_0300,build/shapes/20260929/runs/c2356f864137-37bdfbaacba1/verilator,shapes_rtl_logs_c2356f864137-37bdfbaacba1.tar.xz,909826df73fdbe23d78585362039ea5b2be5128fe23d7fbcc3bdd50446261724
2026-09-29T06:14:29+00:00,c2356f8641370e16f192d095b175e544167665da,False,,,,shapes,J0287,,rtl_sim,,1,287,tails,2,0,,21x15x22-k3x3->35;35x13x20-k3x4->51,21x15x22,51x11x17,0,0,1,1,0,"189,420","195,231",426,133875,5725440,"36884,97049",133936,133875,"36884,97049",133936,133875,0,0,0,0,0,0,0,True,True,True,True,0,verilator,5.028,0,20260929,37bdfbaacba1dc000701ad690b261df81455d7636899da8f14a207513c831280,c2356f8641370e16f192d095b175e544167665da,False,shard_0280_0300,build/shapes/20260929/runs/c2356f864137-37bdfbaacba1/verilator,shapes_rtl_logs_c2356f864137-37bdfbaacba1.tar.xz,909826df73fdbe23d78585362039ea5b2be5128fe23d7fbcc3bdd50446261724
2026-09-29T06:14:29+00:00,c2356f8641370e16f192d095b175e544167665da,False,,,,shapes,J0288,,rtl_sim,,1,288,tails,1,0,,16x21x5-k3x3->59,16x21x5,59x19x3,0,0,1,1,0,144,152,152,21888,484272,21917,21920,21888,21917,21920,21888,0,0,0,0,0,0,0,True,True,True,True,0,verilator,5.028,0,20260929,37bdfbaacba1dc000701ad690b261df81455d7636899da8f14a207513c831280,c2356f8641370e16f192d095b175e544167665da,False,shard_0280_0300,build/shapes/20260929/runs/c2356f864137-37bdfbaacba1/verilator,shapes_rtl_logs_c2356f864137-37bdfbaacba1.tar.xz,909826df73fdbe23d78585362039ea5b2be5128fe23d7fbcc3bdd50446261724
2026-09-29T06:14:29+00:00,c2356f8641370e16f192d095b175e544167665da,False,,,,shapes,J0289,,rtl_sim,,1,289,tails,2,0,,23x20x20-k2x2->55;55x19x19-k3x3->38,23x20x20,38x17x17,0,0,1,1,0,"92,495","399,255",654,162933,7262750,"36737,126254",162994,162933,"36737,126254",162994,162933,0,0,0,0,0,0,0,True,True,True,True,0,verilator,5.028,0,20260929,37bdfbaacba1dc000701ad690b261df81455d7636899da8f14a207513c831280,c2356f8641370e16f192d095b175e544167665da,False,shard_0280_0300,build/shapes/20260929/runs/c2356f864137-37bdfbaacba1/verilator,shapes_rtl_logs_c2356f864137-37bdfbaacba1.tar.xz,909826df73fdbe23d78585362039ea5b2be5128fe23d7fbcc3bdd50446261724
2026-09-29T06:14:29+00:00,c2356f8641370e16f192d095b175e544167665da,False,,,,shapes,J0290,,rtl_sim,,1,290,fc,3,0,,41x1x1-k1x1->41;41x1x1-k1x1->58;58x1x1-k1x1->110,41x1x1,110x1x1,0,0,1,1,1,"41,41,58","6,8,14",28,1386,10439,"275,357,841",1476,1386,"275,357,841",1476,1386,0,0,0,0,0,0,0,True,True,True,True,0,verilator,5.028,1,20260929,37bdfbaacba1dc000701ad690b261df81455d7636899da8f14a207513c831280,c2356f8641370e16f192d095b175e544167665da,False,shard_0280_0300,build/shapes/20260929/runs/c2356f864137-37bdfbaacba1/verilator,shapes_rtl_logs_c2356f864137-37bdfbaacba1.tar.xz,909826df73fdbe23d78585362039ea5b2be5128fe23d7fbcc3bdd50446261724
2026-09-29T06:14:29+00:00,c2356f8641370e16f192d095b175e544167665da,False,,,,shapes,J0291,,rtl_sim,,1,291,pointwise,1,0,,51x19x27-k1x1->29,51x19x27,29x19x27,0,0,1,1,0,51,304,304,15504,758727,15533,15536,15504,15533,15536,15504,0,0,0,0,0,0,0,True,True,True,True,0,verilator,5.028,1,20260929,37bdfbaacba1dc000701ad690b261df81455d7636899da8f14a207513c831280,c2356f8641370e16f192d095b175e544167665da,False,shard_0280_0300,build/shapes/20260929/runs/c2356f864137-37bdfbaacba1/verilator,shapes_rtl_logs_c2356f864137-37bdfbaacba1.tar.xz,909826df73fdbe23d78585362039ea5b2be5128fe23d7fbcc3bdd50446261724
2026-09-29T06:14:29+00:00,c2356f8641370e16f192d095b175e544167665da,False,,,,shapes,J0292,,rtl_sim,,1,292,depth4_6,4,0,,17x8x32-k3x3->9p;9x3x15-k3x3->13;13x1x13-k1x1->38;38x1x13-k1x1->25,17x8x32,25x1x13,0,1,1,1,0,"153,81,13,38","48,4,10,8",70,8102,280321,"7373,353,159,333",8221,8102,"7373,353,159,333",8221,8102,0,0,0,0,0,0,0,True,True,True,True,0,verilator,5.028,0,20260929,37bdfbaacba1dc000701ad690b261df81455d7636899da8f14a207513c831280,c2356f8641370e16f192d095b175e544167665da,False,shard_0280_0300,build/shapes/20260929/runs/c2356f864137-37bdfbaacba1/verilator,shapes_rtl_logs_c2356f864137-37bdfbaacba1.tar.xz,909826df73fdbe23d78585362039ea5b2be5128fe23d7fbcc3bdd50446261724
2026-09-29T06:14:29+00:00,c2356f8641370e16f192d095b175e544167665da,False,,,,shapes,J0293,,rtl_sim,,1,293,depth4_6,4,0,,28x10x24-k5x5->46p;46x3x10-k3x3->45n;45x1x8-k1x1->54;54x1x8-k1x1->41,28x10x24,41x1x8,0,1,1,1,0,"700,414,45,54","108,6,7,6",127,78723,4050192,"75629,2513,344,353",78842,78723,"75629,2513,344,353",78842,78723,0,0,0,0,0,0,0,True,True,True,True,0,verilator,5.028,0,20260929,37bdfbaacba1dc000701ad690b261df81455d7636899da8f14a207513c831280,c2356f8641370e16f192d095b175e544167665da,False,shard_0280_0300,build/shapes/20260929/runs/c2356f864137-37bdfbaacba1/verilator,shapes_rtl_logs_c2356f864137-37bdfbaacba1.tar.xz,909826df73fdbe23d78585362039ea5b2be5128fe23d7fbcc3bdd50446261724
2026-09-29T06:14:29+00:00,c2356f8641370e16f192d095b175e544167665da,False,,,,shapes,J0294,,rtl_sim,,1,294,pointwise,1,0,,116x1x32-k1x1->92,116x1x32,92x1x32,0,0,1,0,0,116,48,48,5568,341504,5597,5600,5568,5597,5600,5568,0,0,0,0,0,0,0,True,True,True,True,0,verilator,5.028,0,20260929,37bdfbaacba1dc000701ad690b261df81455d7636899da8f14a207513c831280,c2356f8641370e16f192d095b175e544167665da,False,shard_0280_0300,build/shapes/20260929/runs/c2356f864137-37bdfbaacba1/verilator,shapes_rtl_logs_c2356f864137-37bdfbaacba1.tar.xz,909826df73fdbe23d78585362039ea5b2be5128fe23d7fbcc3bdd50446261724
2026-09-29T06:14:29+00:00,c2356f8641370e16f192d095b175e544167665da,False,,,,shapes,J0295,,rtl_sim,,1,295,tails,2,0,,27x17x12-k7x7->59n;59x11x6-k3x3->54,27x17x12,54x9x4,0,0,1,1,0,"1323,531","88,63",151,149877,6184026,"116453,33482",149938,149877,"116453,33482",149938,149877,0,0,0,0,0,0,0,True,True,True,True,0,verilator,5.028,0,20260929,37bdfbaacba1dc000701ad690b261df81455d7636899da8f14a207513c831280,c2356f8641370e16f192d095b175e544167665da,False,shard_0280_0300,build/shapes/20260929/runs/c2356f864137-37bdfbaacba1/verilator,shapes_rtl_logs_c2356f864137-37bdfbaacba1.tar.xz,909826df73fdbe23d78585362039ea5b2be5128fe23d7fbcc3bdd50446261724
2026-09-29T06:14:29+00:00,c2356f8641370e16f192d095b175e544167665da,False,,,,shapes,J0296,,rtl_sim,,1,296,conv,1,0,,11x12x78-k5x3->31,11x12x78,31x8x76,0,0,1,1,0,165,320,320,52800,3109920,52829,52832,52800,52829,52832,52800,0,0,0,0,0,0,0,True,True,True,True,0,verilator,5.028,0,20260929,37bdfbaacba1dc000701ad690b261df81455d7636899da8f14a207513c831280,c2356f8641370e16f192d095b175e544167665da,False,shard_0280_0300,build/shapes/20260929/runs/c2356f864137-37bdfbaacba1/verilator,shapes_rtl_logs_c2356f864137-37bdfbaacba1.tar.xz,909826df73fdbe23d78585362039ea5b2be5128fe23d7fbcc3bdd50446261724
2026-09-29T06:14:29+00:00,c2356f8641370e16f192d095b175e544167665da,False,,,,shapes,J0297,,rtl_sim,,1,297,conv_pool,1,0,,25x42x24-k1x1->1p,25x42x24,1x21x12,0,1,1,0,0,25,126,126,3150,25200,3179,3182,3150,3179,3182,3150,0,0,0,0,0,0,0,True,True,True,True,0,verilator,5.028,0,20260929,37bdfbaacba1dc000701ad690b261df81455d7636899da8f14a207513c831280,c2356f8641370e16f192d095b175e544167665da,False,shard_0280_0300,build/shapes/20260929/runs/c2356f864137-37bdfbaacba1/verilator,shapes_rtl_logs_c2356f864137-37bdfbaacba1.tar.xz,909826df73fdbe23d78585362039ea5b2be5128fe23d7fbcc3bdd50446261724
2026-09-29T06:14:29+00:00,c2356f8641370e16f192d095b175e544167665da,False,,,,shapes,J0298,,rtl_sim,,1,298,pointwise,1,0,,58x10x24-k1x1->90p,58x10x24,90x5x12,0,1,1,0,0,58,360,360,20880,1252800,20909,20912,20880,20909,20912,20880,0,0,0,0,0,0,0,True,True,True,True,0,verilator,5.028,0,20260929,37bdfbaacba1dc000701ad690b261df81455d7636899da8f14a207513c831280,c2356f8641370e16f192d095b175e544167665da,False,shard_0280_0300,build/shapes/20260929/runs/c2356f864137-37bdfbaacba1/verilator,shapes_rtl_logs_c2356f864137-37bdfbaacba1.tar.xz,909826df73fdbe23d78585362039ea5b2be5128fe23d7fbcc3bdd50446261724
2026-09-29T06:14:29+00:00,c2356f8641370e16f192d095b175e544167665da,False,,,,shapes,J0299,,rtl_sim,,1,299,fc,3,0,,257x1x1-k1x1->33;33x1x1-k1x1->40;40x1x1-k1x1->47,257x1x1,47x1x1,0,0,1,1,1,"257,33,40","5,5,6",16,1690,11681,"1314,194,269",1780,1690,"1314,194,269",1780,1690,0,0,0,0,0,0,0,True,True,True,True,0,verilator,5.028,0,20260929,37bdfbaacba1dc000701ad690b261df81455d7636899da8f14a207513c831280,c2356f8641370e16f192d095b175e544167665da,False,shard_0280_0300,build/shapes/20260929/runs/c2356f864137-37bdfbaacba1/verilator,shapes_rtl_logs_c2356f864137-37bdfbaacba1.tar.xz,909826df73fdbe23d78585362039ea5b2be5128fe23d7fbcc3bdd50446261724
