timestamp,git_commit,git_dirty,vivado_version,bitstream_sha256,board_id,net,layer,clock_mhz,source,duration_s,num_inferences,build_id_hw,board_hostname,clock_source,scripts_commit,data_manifest_sha256,data_git_commit,data_git_dirty,backend,session_index,paper_grade,env_step,cpu_governor,cpu_freq_khz,cpu_affinity,die_temp_start_c,env_note,measurement,rail,sensor_backend,sensor_device,sensor_limits,rate_requested_hz,rate_achieved_hz,max_gap_s,read_errors,repeat,phase,t_mono_s,t_rel_s,t_epoch,t_utc,power_w,current_a,voltage_v,raw
2026-09-30T15:36:49+00:00,11aa4f0561d40b905c27206bc0d62eaff2373906,False,2023.1,,ZynqMP KV260 revB machine-id:a435d1c5,,all,,hw,,,,kria,not read (sensor only),11aa4f0561d40b905c27206bc0d62eaff2373906,,,,sensor_only,,False,,,,"0,1,2,3",,no environment pre-flight (not run by run_sessions.py): not paper-grade,SOM-rail power (INA260),VCC_SOM,hwmon,/sys/class/hwmon/hwmon2 name=ina260_u14,"{""update_interval_ms"": ""not exposed""}",10.000,10.049,0.1001,0,,,3067.432800,0.000676,1790782589.042350,2026-09-30T15:36:29.042+00:00,3.500000,0.693000,5.047000,power1_input=3500000uW curr1_input=693mA in1_input=5047mV
2026-09-30T15:36:49+00:00,11aa4f0561d40b905c27206bc0d62eaff2373906,False,2023.1,,ZynqMP KV260 revB machine-id:a435d1c5,,all,,hw,,,,kria,not read (sensor only),11aa4f0561d40b905c27206bc0d62eaff2373906,,,,sensor_only,,False,,,,"0,1,2,3",,no environment pre-flight (not run by run_sessions.py): not paper-grade,SOM-rail power (INA260),VCC_SOM,hwmon,/sys/class/hwmon/hwmon2 name=ina260_u14,"{""update_interval_ms"": ""not exposed""}",10.000,10.049,0.1001,0,0,sample_only,3067.532804,0.100680,1790782589.142353,2026-09-30T15:36:29.142+00:00,3.200000,0.635000,5.047000,power1_input=3200000uW curr1_input=635mA in1_input=5047mV
2026-09-30T15:36:49+00:00,11aa4f0561d40b905c27206bc0d62eaff2373906,False,2023.1,,ZynqMP KV260 revB machine-id:a435d1c5,,all,,hw,,,,kria,not read (sensor only),11aa4f0561d40b905c27206bc0d62eaff2373906,,,,sensor_only,,False,,,,"0,1,2,3",,no environment pre-flight (not run by run_sessions.py): not paper-grade,SOM-rail power (INA260),VCC_SOM,hwmon,/sys/class/hwmon/hwmon2 name=ina260_u14,"{""update_interval_ms"": ""not exposed""}",10.000,10.049,0.1001,0,0,sample_only,3067.632820,0.200696,1790782589.242369,2026-09-30T15:36:29.242+00:00,3.200000,0.635000,5.047000,power1_input=3200000uW curr1_input=635mA in1_input=5047mV
2026-09-30T15:36:49+00:00,11aa4f0561d40b905c27206bc0d62eaff2373906,False,2023.1,,ZynqMP KV260 revB machine-id:a435d1c5,,all,,hw,,,,kria,not read (sensor only),11aa4f0561d40b905c27206bc0d62eaff2373906,,,,sensor_only,,False,,,,"0,1,2,3",,no environment pre-flight (not run by run_sessions.py): not paper-grade,SOM-rail power (INA260),VCC_SOM,hwmon,/sys/class/hwmon/hwmon2 name=ina260_u14,"{""update_interval_ms"": ""not exposed""}",10.000,10.049,0.1001,0,0,sample_only,3067.732797,0.300673,1790782589.342346,2026-09-30T15:36:29.342+00:00,3.200000,0.638000,5.047000,power1_input=3200000uW curr1_input=638mA in1_input=5047mV
2026-09-30T15:36:49+00:00,11aa4f0561d40b905c27206bc0d62eaff2373906,False,2023.1,,ZynqMP KV260 revB machine-id:a435d1c5,,all,,hw,,,,kria,not read (sensor only),11aa4f0561d40b905c27206bc0d62eaff2373906,,,,sensor_only,,False,,,,"0,1,2,3",,no environment pre-flight (not run by run_sessions.py): not paper-grade,SOM-rail power (INA260),VCC_SOM,hwmon,/sys/class/hwmon/hwmon2 name=ina260_u14,"{""update_interval_ms"": ""not exposed""}",10.000,10.049,0.1001,0,0,sample_only,3067.832793,0.400669,1790782589.442341,2026-09-30T15:36:29.442+00:00,3.200000,0.635000,5.047000,power1_input=3200000uW curr1_input=635mA in1_input=5047mV
2026-09-30T15:36:49+00:00,11aa4f0561d40b905c27206bc0d62eaff2373906,False,2023.1,,ZynqMP KV260 revB machine-id:a435d1c5,,all,,hw,,,,kria,not read (sensor only),11aa4f0561d40b905c27206bc0d62eaff2373906,,,,sensor_only,,False,,,,"0,1,2,3",,no environment pre-flight (not run by run_sessions.py): not paper-grade,SOM-rail power (INA260),VCC_SOM,hwmon,/sys/class/hwmon/hwmon2 name=ina260_u14,"{""update_interval_ms"": ""not exposed""}",10.000,10.049,0.1001,0,0,sample_only,3067.932798,0.500674,1790782589.542347,2026-09-30T15:36:29.542+00:00,3.200000,0.635000,5.047000,power1_input=3200000uW curr1_input=635mA in1_input=5047mV
2026-09-30T15:36:49+00:00,11aa4f0561d40b905c27206bc0d62eaff2373906,False,2023.1,,ZynqMP KV260 revB machine-id:a435d1c5,,all,,hw,,,,kria,not read (sensor only),11aa4f0561d40b905c27206bc0d62eaff2373906,,,,sensor_only,,False,,,,"0,1,2,3",,no environment pre-flight (not run by run_sessions.py): not paper-grade,SOM-rail power (INA260),VCC_SOM,hwmon,/sys/class/hwmon/hwmon2 name=ina260_u14,"{""update_interval_ms"": ""not exposed""}",10.000,10.049,0.1001,0,0,sample_only,3068.032794,0.600670,1790782589.642342,2026-09-30T15:36:29.642+00:00,3.250000,0.642000,5.047000,power1_input=3250000uW curr1_input=642mA in1_input=5047mV
2026-09-30T15:36:49+00:00,11aa4f0561d40b905c27206bc0d62eaff2373906,False,2023.1,,ZynqMP KV260 revB machine-id:a435d1c5,,all,,hw,,,,kria,not read (sensor only),11aa4f0561d40b905c27206bc0d62eaff2373906,,,,sensor_only,,False,,,,"0,1,2,3",,no environment pre-flight (not run by run_sessions.py): not paper-grade,SOM-rail power (INA260),VCC_SOM,hwmon,/sys/class/hwmon/hwmon2 name=ina260_u14,"{""update_interval_ms"": ""not exposed""}",10.000,10.049,0.1001,0,0,sample_only,3068.132839,0.700715,1790782589.742388,2026-09-30T15:36:29.742+00:00,3.230000,0.640000,5.046000,power1_input=3230000uW curr1_input=640mA in1_input=5046mV
2026-09-30T15:36:49+00:00,11aa4f0561d40b905c27206bc0d62eaff2373906,False,2023.1,,ZynqMP KV260 revB machine-id:a435d1c5,,all,,hw,,,,kria,not read (sensor only),11aa4f0561d40b905c27206bc0d62eaff2373906,,,,sensor_only,,False,,,,"0,1,2,3",,no environment pre-flight (not run by run_sessions.py): not paper-grade,SOM-rail power (INA260),VCC_SOM,hwmon,/sys/class/hwmon/hwmon2 name=ina260_u14,"{""update_interval_ms"": ""not exposed""}",10.000,10.049,0.1001,0,0,sample_only,3068.232838,0.800714,1790782589.842387,2026-09-30T15:36:29.842+00:00,3.220000,0.637000,5.047000,power1_input=3220000uW curr1_input=637mA in1_input=5047mV
2026-09-30T15:36:49+00:00,11aa4f0561d40b905c27206bc0d62eaff2373906,False,2023.1,,ZynqMP KV260 revB machine-id:a435d1c5,,all,,hw,,,,kria,not read (sensor only),11aa4f0561d40b905c27206bc0d62eaff2373906,,,,sensor_only,,False,,,,"0,1,2,3",,no environment pre-flight (not run by run_sessions.py): not paper-grade,SOM-rail power (INA260),VCC_SOM,hwmon,/sys/class/hwmon/hwmon2 name=ina260_u14,"{""update_interval_ms"": ""not exposed""}",10.000,10.049,0.1001,0,0,sample_only,3068.332801,0.900677,1790782589.942350,2026-09-30T15:36:29.942+00:00,3.210000,0.636000,5.047000,power1_input=3210000uW curr1_input=636mA in1_input=5047mV
2026-09-30T15:36:49+00:00,11aa4f0561d40b905c27206bc0d62eaff2373906,False,2023.1,,ZynqMP KV260 revB machine-id:a435d1c5,,all,,hw,,,,kria,not read (sensor only),11aa4f0561d40b905c27206bc0d62eaff2373906,,,,sensor_only,,False,,,,"0,1,2,3",,no environment pre-flight (not run by run_sessions.py): not paper-grade,SOM-rail power (INA260),VCC_SOM,hwmon,/sys/class/hwmon/hwmon2 name=ina260_u14,"{""update_interval_ms"": ""not exposed""}",10.000,10.049,0.1001,0,0,sample_only,3068.432796,1.000672,1790782590.042345,2026-09-30T15:36:30.042+00:00,3.210000,0.636000,5.047000,power1_input=3210000uW curr1_input=636mA in1_input=5047mV
2026-09-30T15:36:49+00:00,11aa4f0561d40b905c27206bc0d62eaff2373906,False,2023.1,,ZynqMP KV260 revB machine-id:a435d1c5,,all,,hw,,,,kria,not read (sensor only),11aa4f0561d40b905c27206bc0d62eaff2373906,,,,sensor_only,,False,,,,"0,1,2,3",,no environment pre-flight (not run by run_sessions.py): not paper-grade,SOM-rail power (INA260),VCC_SOM,hwmon,/sys/class/hwmon/hwmon2 name=ina260_u14,"{""update_interval_ms"": ""not exposed""}",10.000,10.049,0.1001,0,0,sample_only,3068.532835,1.100711,1790782590.142383,2026-09-30T15:36:30.142+00:00,3.200000,0.633000,5.047000,power1_input=3200000uW curr1_input=633mA in1_input=5047mV
2026-09-30T15:36:49+00:00,11aa4f0561d40b905c27206bc0d62eaff2373906,False,2023.1,,ZynqMP KV260 revB machine-id:a435d1c5,,all,,hw,,,,kria,not read (sensor only),11aa4f0561d40b905c27206bc0d62eaff2373906,,,,sensor_only,,False,,,,"0,1,2,3",,no environment pre-flight (not run by run_sessions.py): not paper-grade,SOM-rail power (INA260),VCC_SOM,hwmon,/sys/class/hwmon/hwmon2 name=ina260_u14,"{""update_interval_ms"": ""not exposed""}",10.000,10.049,0.1001,0,0,sample_only,3068.632835,1.200711,1790782590.242384,2026-09-30T15:36:30.242+00:00,3.210000,0.636000,5.047000,power1_input=3210000uW curr1_input=636mA in1_input=5047mV
2026-09-30T15:36:49+00:00,11aa4f0561d40b905c27206bc0d62eaff2373906,False,2023.1,,ZynqMP KV260 revB machine-id:a435d1c5,,all,,hw,,,,kria,not read (sensor only),11aa4f0561d40b905c27206bc0d62eaff2373906,,,,sensor_only,,False,,,,"0,1,2,3",,no environment pre-flight (not run by run_sessions.py): not paper-grade,SOM-rail power (INA260),VCC_SOM,hwmon,/sys/class/hwmon/hwmon2 name=ina260_u14,"{""update_interval_ms"": ""not exposed""}",10.000,10.049,0.1001,0,0,sample_only,3068.732827,1.300703,1790782590.342376,2026-09-30T15:36:30.342+00:00,3.200000,0.641000,5.047000,power1_input=3200000uW curr1_input=641mA in1_input=5047mV
2026-09-30T15:36:49+00:00,11aa4f0561d40b905c27206bc0d62eaff2373906,False,2023.1,,ZynqMP KV260 revB machine-id:a435d1c5,,all,,hw,,,,kria,not read (sensor only),11aa4f0561d40b905c27206bc0d62eaff2373906,,,,sensor_only,,False,,,,"0,1,2,3",,no environment pre-flight (not run by run_sessions.py): not paper-grade,SOM-rail power (INA260),VCC_SOM,hwmon,/sys/class/hwmon/hwmon2 name=ina260_u14,"{""update_interval_ms"": ""not exposed""}",10.000,10.049,0.1001,0,0,sample_only,3068.832805,1.400681,1790782590.442354,2026-09-30T15:36:30.442+00:00,3.210000,0.635000,5.047000,power1_input=3210000uW curr1_input=635mA in1_input=5047mV
2026-09-30T15:36:49+00:00,11aa4f0561d40b905c27206bc0d62eaff2373906,False,2023.1,,ZynqMP KV260 revB machine-id:a435d1c5,,all,,hw,,,,kria,not read (sensor only),11aa4f0561d40b905c27206bc0d62eaff2373906,,,,sensor_only,,False,,,,"0,1,2,3",,no environment pre-flight (not run by run_sessions.py): not paper-grade,SOM-rail power (INA260),VCC_SOM,hwmon,/sys/class/hwmon/hwmon2 name=ina260_u14,"{""update_interval_ms"": ""not exposed""}",10.000,10.049,0.1001,0,0,sample_only,3068.932821,1.500697,1790782590.542371,2026-09-30T15:36:30.542+00:00,3.210000,0.636000,5.047000,power1_input=3210000uW curr1_input=636mA in1_input=5047mV
2026-09-30T15:36:49+00:00,11aa4f0561d40b905c27206bc0d62eaff2373906,False,2023.1,,ZynqMP KV260 revB machine-id:a435d1c5,,all,,hw,,,,kria,not read (sensor only),11aa4f0561d40b905c27206bc0d62eaff2373906,,,,sensor_only,,False,,,,"0,1,2,3",,no environment pre-flight (not run by run_sessions.py): not paper-grade,SOM-rail power (INA260),VCC_SOM,hwmon,/sys/class/hwmon/hwmon2 name=ina260_u14,"{""update_interval_ms"": ""not exposed""}",10.000,10.049,0.1001,0,0,sample_only,3069.032845,1.600721,1790782590.642394,2026-09-30T15:36:30.642+00:00,3.220000,0.640000,5.047000,power1_input=3220000uW curr1_input=640mA in1_input=5047mV
2026-09-30T15:36:49+00:00,11aa4f0561d40b905c27206bc0d62eaff2373906,False,2023.1,,ZynqMP KV260 revB machine-id:a435d1c5,,all,,hw,,,,kria,not read (sensor only),11aa4f0561d40b905c27206bc0d62eaff2373906,,,,sensor_only,,False,,,,"0,1,2,3",,no environment pre-flight (not run by run_sessions.py): not paper-grade,SOM-rail power (INA260),VCC_SOM,hwmon,/sys/class/hwmon/hwmon2 name=ina260_u14,"{""update_interval_ms"": ""not exposed""}",10.000,10.049,0.1001,0,0,sample_only,3069.132835,1.700711,1790782590.742383,2026-09-30T15:36:30.742+00:00,3.200000,0.635000,5.047000,power1_input=3200000uW curr1_input=635mA in1_input=5047mV
2026-09-30T15:36:49+00:00,11aa4f0561d40b905c27206bc0d62eaff2373906,False,2023.1,,ZynqMP KV260 revB machine-id:a435d1c5,,all,,hw,,,,kria,not read (sensor only),11aa4f0561d40b905c27206bc0d62eaff2373906,,,,sensor_only,,False,,,,"0,1,2,3",,no environment pre-flight (not run by run_sessions.py): not paper-grade,SOM-rail power (INA260),VCC_SOM,hwmon,/sys/class/hwmon/hwmon2 name=ina260_u14,"{""update_interval_ms"": ""not exposed""}",10.000,10.049,0.1001,0,0,sample_only,3069.232834,1.800710,1790782590.842383,2026-09-30T15:36:30.842+00:00,3.200000,0.635000,5.047000,power1_input=3200000uW curr1_input=635mA in1_input=5047mV
2026-09-30T15:36:49+00:00,11aa4f0561d40b905c27206bc0d62eaff2373906,False,2023.1,,ZynqMP KV260 revB machine-id:a435d1c5,,all,,hw,,,,kria,not read (sensor only),11aa4f0561d40b905c27206bc0d62eaff2373906,,,,sensor_only,,False,,,,"0,1,2,3",,no environment pre-flight (not run by run_sessions.py): not paper-grade,SOM-rail power (INA260),VCC_SOM,hwmon,/sys/class/hwmon/hwmon2 name=ina260_u14,"{""update_interval_ms"": ""not exposed""}",10.000,10.049,0.1001,0,0,sample_only,3069.332792,1.900668,1790782590.942341,2026-09-30T15:36:30.942+00:00,3.200000,0.633000,5.047000,power1_input=3200000uW curr1_input=633mA in1_input=5047mV
2026-09-30T15:36:49+00:00,11aa4f0561d40b905c27206bc0d62eaff2373906,False,2023.1,,ZynqMP KV260 revB machine-id:a435d1c5,,all,,hw,,,,kria,not read (sensor only),11aa4f0561d40b905c27206bc0d62eaff2373906,,,,sensor_only,,False,,,,"0,1,2,3",,no environment pre-flight (not run by run_sessions.py): not paper-grade,SOM-rail power (INA260),VCC_SOM,hwmon,/sys/class/hwmon/hwmon2 name=ina260_u14,"{""update_interval_ms"": ""not exposed""}",10.000,10.049,0.1001,0,0,sample_only,3069.432794,2.000669,1790782591.042342,2026-09-30T15:36:31.042+00:00,3.200000,0.635000,5.047000,power1_input=3200000uW curr1_input=635mA in1_input=5047mV
2026-09-30T15:36:49+00:00,11aa4f0561d40b905c27206bc0d62eaff2373906,False,2023.1,,ZynqMP KV260 revB machine-id:a435d1c5,,all,,hw,,,,kria,not read (sensor only),11aa4f0561d40b905c27206bc0d62eaff2373906,,,,sensor_only,,False,,,,"0,1,2,3",,no environment pre-flight (not run by run_sessions.py): not paper-grade,SOM-rail power (INA260),VCC_SOM,hwmon,/sys/class/hwmon/hwmon2 name=ina260_u14,"{""update_interval_ms"": ""not exposed""}",10.000,10.049,0.1001,0,0,sample_only,3069.532834,2.100710,1790782591.142383,2026-09-30T15:36:31.142+00:00,3.200000,0.635000,5.047000,power1_input=3200000uW curr1_input=635mA in1_input=5047mV
2026-09-30T15:36:49+00:00,11aa4f0561d40b905c27206bc0d62eaff2373906,False,2023.1,,ZynqMP KV260 revB machine-id:a435d1c5,,all,,hw,,,,kria,not read (sensor only),11aa4f0561d40b905c27206bc0d62eaff2373906,,,,sensor_only,,False,,,,"0,1,2,3",,no environment pre-flight (not run by run_sessions.py): not paper-grade,SOM-rail power (INA260),VCC_SOM,hwmon,/sys/class/hwmon/hwmon2 name=ina260_u14,"{""update_interval_ms"": ""not exposed""}",10.000,10.049,0.1001,0,0,sample_only,3069.632789,2.200665,1790782591.242338,2026-09-30T15:36:31.242+00:00,3.210000,0.636000,5.047000,power1_input=3210000uW curr1_input=636mA in1_input=5047mV
2026-09-30T15:36:49+00:00,11aa4f0561d40b905c27206bc0d62eaff2373906,False,2023.1,,ZynqMP KV260 revB machine-id:a435d1c5,,all,,hw,,,,kria,not read (sensor only),11aa4f0561d40b905c27206bc0d62eaff2373906,,,,sensor_only,,False,,,,"0,1,2,3",,no environment pre-flight (not run by run_sessions.py): not paper-grade,SOM-rail power (INA260),VCC_SOM,hwmon,/sys/class/hwmon/hwmon2 name=ina260_u14,"{""update_interval_ms"": ""not exposed""}",10.000,10.049,0.1001,0,0,sample_only,3069.732793,2.300669,1790782591.342341,2026-09-30T15:36:31.342+00:00,3.220000,0.637000,5.047000,power1_input=3220000uW curr1_input=637mA in1_input=5047mV
2026-09-30T15:36:49+00:00,11aa4f0561d40b905c27206bc0d62eaff2373906,False,2023.1,,ZynqMP KV260 revB machine-id:a435d1c5,,all,,hw,,,,kria,not read (sensor only),11aa4f0561d40b905c27206bc0d62eaff2373906,,,,sensor_only,,False,,,,"0,1,2,3",,no environment pre-flight (not run by run_sessions.py): not paper-grade,SOM-rail power (INA260),VCC_SOM,hwmon,/sys/class/hwmon/hwmon2 name=ina260_u14,"{""update_interval_ms"": ""not exposed""}",10.000,10.049,0.1001,0,0,sample_only,3069.832815,2.400691,1790782591.442364,2026-09-30T15:36:31.442+00:00,3.210000,0.635000,5.047000,power1_input=3210000uW curr1_input=635mA in1_input=5047mV
2026-09-30T15:36:49+00:00,11aa4f0561d40b905c27206bc0d62eaff2373906,False,2023.1,,ZynqMP KV260 revB machine-id:a435d1c5,,all,,hw,,,,kria,not read (sensor only),11aa4f0561d40b905c27206bc0d62eaff2373906,,,,sensor_only,,False,,,,"0,1,2,3",,no environment pre-flight (not run by run_sessions.py): not paper-grade,SOM-rail power (INA260),VCC_SOM,hwmon,/sys/class/hwmon/hwmon2 name=ina260_u14,"{""update_interval_ms"": ""not exposed""}",10.000,10.049,0.1001,0,0,sample_only,3069.932815,2.500691,1790782591.542364,2026-09-30T15:36:31.542+00:00,3.200000,0.635000,5.047000,power1_input=3200000uW curr1_input=635mA in1_input=5047mV
2026-09-30T15:36:49+00:00,11aa4f0561d40b905c27206bc0d62eaff2373906,False,2023.1,,ZynqMP KV260 revB machine-id:a435d1c5,,all,,hw,,,,kria,not read (sensor only),11aa4f0561d40b905c27206bc0d62eaff2373906,,,,sensor_only,,False,,,,"0,1,2,3",,no environment pre-flight (not run by run_sessions.py): not paper-grade,SOM-rail power (INA260),VCC_SOM,hwmon,/sys/class/hwmon/hwmon2 name=ina260_u14,"{""update_interval_ms"": ""not exposed""}",10.000,10.049,0.1001,0,0,sample_only,3070.032857,2.600732,1790782591.642406,2026-09-30T15:36:31.642+00:00,3.220000,0.637000,5.047000,power1_input=3220000uW curr1_input=637mA in1_input=5047mV
2026-09-30T15:36:49+00:00,11aa4f0561d40b905c27206bc0d62eaff2373906,False,2023.1,,ZynqMP KV260 revB machine-id:a435d1c5,,all,,hw,,,,kria,not read (sensor only),11aa4f0561d40b905c27206bc0d62eaff2373906,,,,sensor_only,,False,,,,"0,1,2,3",,no environment pre-flight (not run by run_sessions.py): not paper-grade,SOM-rail power (INA260),VCC_SOM,hwmon,/sys/class/hwmon/hwmon2 name=ina260_u14,"{""update_interval_ms"": ""not exposed""}",10.000,10.049,0.1001,0,0,sample_only,3070.132820,2.700696,1790782591.742370,2026-09-30T15:36:31.742+00:00,3.200000,0.635000,5.047000,power1_input=3200000uW curr1_input=635mA in1_input=5047mV
2026-09-30T15:36:49+00:00,11aa4f0561d40b905c27206bc0d62eaff2373906,False,2023.1,,ZynqMP KV260 revB machine-id:a435d1c5,,all,,hw,,,,kria,not read (sensor only),11aa4f0561d40b905c27206bc0d62eaff2373906,,,,sensor_only,,False,,,,"0,1,2,3",,no environment pre-flight (not run by run_sessions.py): not paper-grade,SOM-rail power (INA260),VCC_SOM,hwmon,/sys/class/hwmon/hwmon2 name=ina260_u14,"{""update_interval_ms"": ""not exposed""}",10.000,10.049,0.1001,0,0,sample_only,3070.232849,2.800725,1790782591.842399,2026-09-30T15:36:31.842+00:00,3.270000,0.648000,5.047000,power1_input=3270000uW curr1_input=648mA in1_input=5047mV
2026-09-30T15:36:49+00:00,11aa4f0561d40b905c27206bc0d62eaff2373906,False,2023.1,,ZynqMP KV260 revB machine-id:a435d1c5,,all,,hw,,,,kria,not read (sensor only),11aa4f0561d40b905c27206bc0d62eaff2373906,,,,sensor_only,,False,,,,"0,1,2,3",,no environment pre-flight (not run by run_sessions.py): not paper-grade,SOM-rail power (INA260),VCC_SOM,hwmon,/sys/class/hwmon/hwmon2 name=ina260_u14,"{""update_interval_ms"": ""not exposed""}",10.000,10.049,0.1001,0,0,sample_only,3070.332815,2.900691,1790782591.942364,2026-09-30T15:36:31.942+00:00,3.210000,0.637000,5.047000,power1_input=3210000uW curr1_input=637mA in1_input=5047mV
2026-09-30T15:36:49+00:00,11aa4f0561d40b905c27206bc0d62eaff2373906,False,2023.1,,ZynqMP KV260 revB machine-id:a435d1c5,,all,,hw,,,,kria,not read (sensor only),11aa4f0561d40b905c27206bc0d62eaff2373906,,,,sensor_only,,False,,,,"0,1,2,3",,no environment pre-flight (not run by run_sessions.py): not paper-grade,SOM-rail power (INA260),VCC_SOM,hwmon,/sys/class/hwmon/hwmon2 name=ina260_u14,"{""update_interval_ms"": ""not exposed""}",10.000,10.049,0.1001,0,0,sample_only,3070.432804,3.000679,1790782592.042353,2026-09-30T15:36:32.042+00:00,3.210000,0.641000,5.047000,power1_input=3210000uW curr1_input=641mA in1_input=5047mV
2026-09-30T15:36:49+00:00,11aa4f0561d40b905c27206bc0d62eaff2373906,False,2023.1,,ZynqMP KV260 revB machine-id:a435d1c5,,all,,hw,,,,kria,not read (sensor only),11aa4f0561d40b905c27206bc0d62eaff2373906,,,,sensor_only,,False,,,,"0,1,2,3",,no environment pre-flight (not run by run_sessions.py): not paper-grade,SOM-rail power (INA260),VCC_SOM,hwmon,/sys/class/hwmon/hwmon2 name=ina260_u14,"{""update_interval_ms"": ""not exposed""}",10.000,10.049,0.1001,0,0,sample_only,3070.532838,3.100714,1790782592.142387,2026-09-30T15:36:32.142+00:00,3.200000,0.635000,5.047000,power1_input=3200000uW curr1_input=635mA in1_input=5047mV
2026-09-30T15:36:49+00:00,11aa4f0561d40b905c27206bc0d62eaff2373906,False,2023.1,,ZynqMP KV260 revB machine-id:a435d1c5,,all,,hw,,,,kria,not read (sensor only),11aa4f0561d40b905c27206bc0d62eaff2373906,,,,sensor_only,,False,,,,"0,1,2,3",,no environment pre-flight (not run by run_sessions.py): not paper-grade,SOM-rail power (INA260),VCC_SOM,hwmon,/sys/class/hwmon/hwmon2 name=ina260_u14,"{""update_interval_ms"": ""not exposed""}",10.000,10.049,0.1001,0,0,sample_only,3070.632789,3.200665,1790782592.242338,2026-09-30T15:36:32.242+00:00,3.200000,0.635000,5.048000,power1_input=3200000uW curr1_input=635mA in1_input=5048mV
2026-09-30T15:36:49+00:00,11aa4f0561d40b905c27206bc0d62eaff2373906,False,2023.1,,ZynqMP KV260 revB machine-id:a435d1c5,,all,,hw,,,,kria,not read (sensor only),11aa4f0561d40b905c27206bc0d62eaff2373906,,,,sensor_only,,False,,,,"0,1,2,3",,no environment pre-flight (not run by run_sessions.py): not paper-grade,SOM-rail power (INA260),VCC_SOM,hwmon,/sys/class/hwmon/hwmon2 name=ina260_u14,"{""update_interval_ms"": ""not exposed""}",10.000,10.049,0.1001,0,0,sample_only,3070.732797,3.300673,1790782592.342346,2026-09-30T15:36:32.342+00:00,3.210000,0.636000,5.047000,power1_input=3210000uW curr1_input=636mA in1_input=5047mV
2026-09-30T15:36:49+00:00,11aa4f0561d40b905c27206bc0d62eaff2373906,False,2023.1,,ZynqMP KV260 revB machine-id:a435d1c5,,all,,hw,,,,kria,not read (sensor only),11aa4f0561d40b905c27206bc0d62eaff2373906,,,,sensor_only,,False,,,,"0,1,2,3",,no environment pre-flight (not run by run_sessions.py): not paper-grade,SOM-rail power (INA260),VCC_SOM,hwmon,/sys/class/hwmon/hwmon2 name=ina260_u14,"{""update_interval_ms"": ""not exposed""}",10.000,10.049,0.1001,0,0,sample_only,3070.832786,3.400662,1790782592.442335,2026-09-30T15:36:32.442+00:00,3.200000,0.635000,5.047000,power1_input=3200000uW curr1_input=635mA in1_input=5047mV
2026-09-30T15:36:49+00:00,11aa4f0561d40b905c27206bc0d62eaff2373906,False,2023.1,,ZynqMP KV260 revB machine-id:a435d1c5,,all,,hw,,,,kria,not read (sensor only),11aa4f0561d40b905c27206bc0d62eaff2373906,,,,sensor_only,,False,,,,"0,1,2,3",,no environment pre-flight (not run by run_sessions.py): not paper-grade,SOM-rail power (INA260),VCC_SOM,hwmon,/sys/class/hwmon/hwmon2 name=ina260_u14,"{""update_interval_ms"": ""not exposed""}",10.000,10.049,0.1001,0,0,sample_only,3070.932794,3.500670,1790782592.542342,2026-09-30T15:36:32.542+00:00,3.210000,0.636000,5.047000,power1_input=3210000uW curr1_input=636mA in1_input=5047mV
2026-09-30T15:36:49+00:00,11aa4f0561d40b905c27206bc0d62eaff2373906,False,2023.1,,ZynqMP KV260 revB machine-id:a435d1c5,,all,,hw,,,,kria,not read (sensor only),11aa4f0561d40b905c27206bc0d62eaff2373906,,,,sensor_only,,False,,,,"0,1,2,3",,no environment pre-flight (not run by run_sessions.py): not paper-grade,SOM-rail power (INA260),VCC_SOM,hwmon,/sys/class/hwmon/hwmon2 name=ina260_u14,"{""update_interval_ms"": ""not exposed""}",10.000,10.049,0.1001,0,0,sample_only,3071.032834,3.600710,1790782592.642383,2026-09-30T15:36:32.642+00:00,3.200000,0.635000,5.047000,power1_input=3200000uW curr1_input=635mA in1_input=5047mV
2026-09-30T15:36:49+00:00,11aa4f0561d40b905c27206bc0d62eaff2373906,False,2023.1,,ZynqMP KV260 revB machine-id:a435d1c5,,all,,hw,,,,kria,not read (sensor only),11aa4f0561d40b905c27206bc0d62eaff2373906,,,,sensor_only,,False,,,,"0,1,2,3",,no environment pre-flight (not run by run_sessions.py): not paper-grade,SOM-rail power (INA260),VCC_SOM,hwmon,/sys/class/hwmon/hwmon2 name=ina260_u14,"{""update_interval_ms"": ""not exposed""}",10.000,10.049,0.1001,0,0,sample_only,3071.132831,3.700707,1790782592.742380,2026-09-30T15:36:32.742+00:00,3.200000,0.635000,5.047000,power1_input=3200000uW curr1_input=635mA in1_input=5047mV
2026-09-30T15:36:49+00:00,11aa4f0561d40b905c27206bc0d62eaff2373906,False,2023.1,,ZynqMP KV260 revB machine-id:a435d1c5,,all,,hw,,,,kria,not read (sensor only),11aa4f0561d40b905c27206bc0d62eaff2373906,,,,sensor_only,,False,,,,"0,1,2,3",,no environment pre-flight (not run by run_sessions.py): not paper-grade,SOM-rail power (INA260),VCC_SOM,hwmon,/sys/class/hwmon/hwmon2 name=ina260_u14,"{""update_interval_ms"": ""not exposed""}",10.000,10.049,0.1001,0,0,sample_only,3071.232818,3.800694,1790782592.842367,2026-09-30T15:36:32.842+00:00,3.200000,0.633000,5.047000,power1_input=3200000uW curr1_input=633mA in1_input=5047mV
2026-09-30T15:36:49+00:00,11aa4f0561d40b905c27206bc0d62eaff2373906,False,2023.1,,ZynqMP KV260 revB machine-id:a435d1c5,,all,,hw,,,,kria,not read (sensor only),11aa4f0561d40b905c27206bc0d62eaff2373906,,,,sensor_only,,False,,,,"0,1,2,3",,no environment pre-flight (not run by run_sessions.py): not paper-grade,SOM-rail power (INA260),VCC_SOM,hwmon,/sys/class/hwmon/hwmon2 name=ina260_u14,"{""update_interval_ms"": ""not exposed""}",10.000,10.049,0.1001,0,0,sample_only,3071.332803,3.900679,1790782592.942352,2026-09-30T15:36:32.942+00:00,3.220000,0.638000,5.047000,power1_input=3220000uW curr1_input=638mA in1_input=5047mV
2026-09-30T15:36:49+00:00,11aa4f0561d40b905c27206bc0d62eaff2373906,False,2023.1,,ZynqMP KV260 revB machine-id:a435d1c5,,all,,hw,,,,kria,not read (sensor only),11aa4f0561d40b905c27206bc0d62eaff2373906,,,,sensor_only,,False,,,,"0,1,2,3",,no environment pre-flight (not run by run_sessions.py): not paper-grade,SOM-rail power (INA260),VCC_SOM,hwmon,/sys/class/hwmon/hwmon2 name=ina260_u14,"{""update_interval_ms"": ""not exposed""}",10.000,10.049,0.1001,0,0,sample_only,3071.432799,4.000675,1790782593.042348,2026-09-30T15:36:33.042+00:00,3.200000,0.641000,5.046000,power1_input=3200000uW curr1_input=641mA in1_input=5046mV
2026-09-30T15:36:49+00:00,11aa4f0561d40b905c27206bc0d62eaff2373906,False,2023.1,,ZynqMP KV260 revB machine-id:a435d1c5,,all,,hw,,,,kria,not read (sensor only),11aa4f0561d40b905c27206bc0d62eaff2373906,,,,sensor_only,,False,,,,"0,1,2,3",,no environment pre-flight (not run by run_sessions.py): not paper-grade,SOM-rail power (INA260),VCC_SOM,hwmon,/sys/class/hwmon/hwmon2 name=ina260_u14,"{""update_interval_ms"": ""not exposed""}",10.000,10.049,0.1001,0,0,sample_only,3071.532855,4.100731,1790782593.142404,2026-09-30T15:36:33.142+00:00,3.200000,0.633000,5.047000,power1_input=3200000uW curr1_input=633mA in1_input=5047mV
2026-09-30T15:36:49+00:00,11aa4f0561d40b905c27206bc0d62eaff2373906,False,2023.1,,ZynqMP KV260 revB machine-id:a435d1c5,,all,,hw,,,,kria,not read (sensor only),11aa4f0561d40b905c27206bc0d62eaff2373906,,,,sensor_only,,False,,,,"0,1,2,3",,no environment pre-flight (not run by run_sessions.py): not paper-grade,SOM-rail power (INA260),VCC_SOM,hwmon,/sys/class/hwmon/hwmon2 name=ina260_u14,"{""update_interval_ms"": ""not exposed""}",10.000,10.049,0.1001,0,0,sample_only,3071.632911,4.200787,1790782593.242461,2026-09-30T15:36:33.242+00:00,3.200000,0.633000,5.047000,power1_input=3200000uW curr1_input=633mA in1_input=5047mV
2026-09-30T15:36:49+00:00,11aa4f0561d40b905c27206bc0d62eaff2373906,False,2023.1,,ZynqMP KV260 revB machine-id:a435d1c5,,all,,hw,,,,kria,not read (sensor only),11aa4f0561d40b905c27206bc0d62eaff2373906,,,,sensor_only,,False,,,,"0,1,2,3",,no environment pre-flight (not run by run_sessions.py): not paper-grade,SOM-rail power (INA260),VCC_SOM,hwmon,/sys/class/hwmon/hwmon2 name=ina260_u14,"{""update_interval_ms"": ""not exposed""}",10.000,10.049,0.1001,0,0,sample_only,3071.732823,4.300698,1790782593.342372,2026-09-30T15:36:33.342+00:00,3.210000,0.636000,5.047000,power1_input=3210000uW curr1_input=636mA in1_input=5047mV
2026-09-30T15:36:49+00:00,11aa4f0561d40b905c27206bc0d62eaff2373906,False,2023.1,,ZynqMP KV260 revB machine-id:a435d1c5,,all,,hw,,,,kria,not read (sensor only),11aa4f0561d40b905c27206bc0d62eaff2373906,,,,sensor_only,,False,,,,"0,1,2,3",,no environment pre-flight (not run by run_sessions.py): not paper-grade,SOM-rail power (INA260),VCC_SOM,hwmon,/sys/class/hwmon/hwmon2 name=ina260_u14,"{""update_interval_ms"": ""not exposed""}",10.000,10.049,0.1001,0,0,sample_only,3071.832842,4.400718,1790782593.442391,2026-09-30T15:36:33.442+00:00,3.200000,0.633000,5.046000,power1_input=3200000uW curr1_input=633mA in1_input=5046mV
2026-09-30T15:36:49+00:00,11aa4f0561d40b905c27206bc0d62eaff2373906,False,2023.1,,ZynqMP KV260 revB machine-id:a435d1c5,,all,,hw,,,,kria,not read (sensor only),11aa4f0561d40b905c27206bc0d62eaff2373906,,,,sensor_only,,False,,,,"0,1,2,3",,no environment pre-flight (not run by run_sessions.py): not paper-grade,SOM-rail power (INA260),VCC_SOM,hwmon,/sys/class/hwmon/hwmon2 name=ina260_u14,"{""update_interval_ms"": ""not exposed""}",10.000,10.049,0.1001,0,0,sample_only,3071.932838,4.500714,1790782593.542387,2026-09-30T15:36:33.542+00:00,3.210000,0.636000,5.047000,power1_input=3210000uW curr1_input=636mA in1_input=5047mV
2026-09-30T15:36:49+00:00,11aa4f0561d40b905c27206bc0d62eaff2373906,False,2023.1,,ZynqMP KV260 revB machine-id:a435d1c5,,all,,hw,,,,kria,not read (sensor only),11aa4f0561d40b905c27206bc0d62eaff2373906,,,,sensor_only,,False,,,,"0,1,2,3",,no environment pre-flight (not run by run_sessions.py): not paper-grade,SOM-rail power (INA260),VCC_SOM,hwmon,/sys/class/hwmon/hwmon2 name=ina260_u14,"{""update_interval_ms"": ""not exposed""}",10.000,10.049,0.1001,0,0,sample_only,3072.032808,4.600684,1790782593.642357,2026-09-30T15:36:33.642+00:00,3.210000,0.637000,5.047000,power1_input=3210000uW curr1_input=637mA in1_input=5047mV
2026-09-30T15:36:49+00:00,11aa4f0561d40b905c27206bc0d62eaff2373906,False,2023.1,,ZynqMP KV260 revB machine-id:a435d1c5,,all,,hw,,,,kria,not read (sensor only),11aa4f0561d40b905c27206bc0d62eaff2373906,,,,sensor_only,,False,,,,"0,1,2,3",,no environment pre-flight (not run by run_sessions.py): not paper-grade,SOM-rail power (INA260),VCC_SOM,hwmon,/sys/class/hwmon/hwmon2 name=ina260_u14,"{""update_interval_ms"": ""not exposed""}",10.000,10.049,0.1001,0,0,sample_only,3072.132841,4.700717,1790782593.742390,2026-09-30T15:36:33.742+00:00,3.220000,0.637000,5.047000,power1_input=3220000uW curr1_input=637mA in1_input=5047mV
2026-09-30T15:36:49+00:00,11aa4f0561d40b905c27206bc0d62eaff2373906,False,2023.1,,ZynqMP KV260 revB machine-id:a435d1c5,,all,,hw,,,,kria,not read (sensor only),11aa4f0561d40b905c27206bc0d62eaff2373906,,,,sensor_only,,False,,,,"0,1,2,3",,no environment pre-flight (not run by run_sessions.py): not paper-grade,SOM-rail power (INA260),VCC_SOM,hwmon,/sys/class/hwmon/hwmon2 name=ina260_u14,"{""update_interval_ms"": ""not exposed""}",10.000,10.049,0.1001,0,0,sample_only,3072.232844,4.800720,1790782593.842394,2026-09-30T15:36:33.842+00:00,3.220000,0.638000,5.047000,power1_input=3220000uW curr1_input=638mA in1_input=5047mV
2026-09-30T15:36:49+00:00,11aa4f0561d40b905c27206bc0d62eaff2373906,False,2023.1,,ZynqMP KV260 revB machine-id:a435d1c5,,all,,hw,,,,kria,not read (sensor only),11aa4f0561d40b905c27206bc0d62eaff2373906,,,,sensor_only,,False,,,,"0,1,2,3",,no environment pre-flight (not run by run_sessions.py): not paper-grade,SOM-rail power (INA260),VCC_SOM,hwmon,/sys/class/hwmon/hwmon2 name=ina260_u14,"{""update_interval_ms"": ""not exposed""}",10.000,10.049,0.1001,0,0,sample_only,3072.332812,4.900688,1790782593.942361,2026-09-30T15:36:33.942+00:00,3.240000,0.641000,5.047000,power1_input=3240000uW curr1_input=641mA in1_input=5047mV
2026-09-30T15:36:49+00:00,11aa4f0561d40b905c27206bc0d62eaff2373906,False,2023.1,,ZynqMP KV260 revB machine-id:a435d1c5,,all,,hw,,,,kria,not read (sensor only),11aa4f0561d40b905c27206bc0d62eaff2373906,,,,sensor_only,,False,,,,"0,1,2,3",,no environment pre-flight (not run by run_sessions.py): not paper-grade,SOM-rail power (INA260),VCC_SOM,hwmon,/sys/class/hwmon/hwmon2 name=ina260_u14,"{""update_interval_ms"": ""not exposed""}",10.000,10.049,0.1001,0,0,sample_only,3072.432872,5.000748,1790782594.042422,2026-09-30T15:36:34.042+00:00,3.220000,0.646000,5.047000,power1_input=3220000uW curr1_input=646mA in1_input=5047mV
2026-09-30T15:36:49+00:00,11aa4f0561d40b905c27206bc0d62eaff2373906,False,2023.1,,ZynqMP KV260 revB machine-id:a435d1c5,,all,,hw,,,,kria,not read (sensor only),11aa4f0561d40b905c27206bc0d62eaff2373906,,,,sensor_only,,False,,,,"0,1,2,3",,no environment pre-flight (not run by run_sessions.py): not paper-grade,SOM-rail power (INA260),VCC_SOM,hwmon,/sys/class/hwmon/hwmon2 name=ina260_u14,"{""update_interval_ms"": ""not exposed""}",10.000,10.049,0.1001,0,0,sample_only,3072.532813,5.100689,1790782594.142362,2026-09-30T15:36:34.142+00:00,3.210000,0.636000,5.046000,power1_input=3210000uW curr1_input=636mA in1_input=5046mV
2026-09-30T15:36:49+00:00,11aa4f0561d40b905c27206bc0d62eaff2373906,False,2023.1,,ZynqMP KV260 revB machine-id:a435d1c5,,all,,hw,,,,kria,not read (sensor only),11aa4f0561d40b905c27206bc0d62eaff2373906,,,,sensor_only,,False,,,,"0,1,2,3",,no environment pre-flight (not run by run_sessions.py): not paper-grade,SOM-rail power (INA260),VCC_SOM,hwmon,/sys/class/hwmon/hwmon2 name=ina260_u14,"{""update_interval_ms"": ""not exposed""}",10.000,10.049,0.1001,0,0,sample_only,3072.632796,5.200672,1790782594.242344,2026-09-30T15:36:34.242+00:00,3.200000,0.633000,5.047000,power1_input=3200000uW curr1_input=633mA in1_input=5047mV
2026-09-30T15:36:49+00:00,11aa4f0561d40b905c27206bc0d62eaff2373906,False,2023.1,,ZynqMP KV260 revB machine-id:a435d1c5,,all,,hw,,,,kria,not read (sensor only),11aa4f0561d40b905c27206bc0d62eaff2373906,,,,sensor_only,,False,,,,"0,1,2,3",,no environment pre-flight (not run by run_sessions.py): not paper-grade,SOM-rail power (INA260),VCC_SOM,hwmon,/sys/class/hwmon/hwmon2 name=ina260_u14,"{""update_interval_ms"": ""not exposed""}",10.000,10.049,0.1001,0,0,sample_only,3072.732796,5.300672,1790782594.342345,2026-09-30T15:36:34.342+00:00,3.200000,0.635000,5.046000,power1_input=3200000uW curr1_input=635mA in1_input=5046mV
2026-09-30T15:36:49+00:00,11aa4f0561d40b905c27206bc0d62eaff2373906,False,2023.1,,ZynqMP KV260 revB machine-id:a435d1c5,,all,,hw,,,,kria,not read (sensor only),11aa4f0561d40b905c27206bc0d62eaff2373906,,,,sensor_only,,False,,,,"0,1,2,3",,no environment pre-flight (not run by run_sessions.py): not paper-grade,SOM-rail power (INA260),VCC_SOM,hwmon,/sys/class/hwmon/hwmon2 name=ina260_u14,"{""update_interval_ms"": ""not exposed""}",10.000,10.049,0.1001,0,0,sample_only,3072.832823,5.400699,1790782594.442373,2026-09-30T15:36:34.442+00:00,3.200000,0.635000,5.047000,power1_input=3200000uW curr1_input=635mA in1_input=5047mV
2026-09-30T15:36:49+00:00,11aa4f0561d40b905c27206bc0d62eaff2373906,False,2023.1,,ZynqMP KV260 revB machine-id:a435d1c5,,all,,hw,,,,kria,not read (sensor only),11aa4f0561d40b905c27206bc0d62eaff2373906,,,,sensor_only,,False,,,,"0,1,2,3",,no environment pre-flight (not run by run_sessions.py): not paper-grade,SOM-rail power (INA260),VCC_SOM,hwmon,/sys/class/hwmon/hwmon2 name=ina260_u14,"{""update_interval_ms"": ""not exposed""}",10.000,10.049,0.1001,0,0,sample_only,3072.932849,5.500725,1790782594.542398,2026-09-30T15:36:34.542+00:00,3.200000,0.635000,5.047000,power1_input=3200000uW curr1_input=635mA in1_input=5047mV
2026-09-30T15:36:49+00:00,11aa4f0561d40b905c27206bc0d62eaff2373906,False,2023.1,,ZynqMP KV260 revB machine-id:a435d1c5,,all,,hw,,,,kria,not read (sensor only),11aa4f0561d40b905c27206bc0d62eaff2373906,,,,sensor_only,,False,,,,"0,1,2,3",,no environment pre-flight (not run by run_sessions.py): not paper-grade,SOM-rail power (INA260),VCC_SOM,hwmon,/sys/class/hwmon/hwmon2 name=ina260_u14,"{""update_interval_ms"": ""not exposed""}",10.000,10.049,0.1001,0,0,sample_only,3073.032840,5.600715,1790782594.642388,2026-09-30T15:36:34.642+00:00,3.200000,0.633000,5.047000,power1_input=3200000uW curr1_input=633mA in1_input=5047mV
2026-09-30T15:36:49+00:00,11aa4f0561d40b905c27206bc0d62eaff2373906,False,2023.1,,ZynqMP KV260 revB machine-id:a435d1c5,,all,,hw,,,,kria,not read (sensor only),11aa4f0561d40b905c27206bc0d62eaff2373906,,,,sensor_only,,False,,,,"0,1,2,3",,no environment pre-flight (not run by run_sessions.py): not paper-grade,SOM-rail power (INA260),VCC_SOM,hwmon,/sys/class/hwmon/hwmon2 name=ina260_u14,"{""update_interval_ms"": ""not exposed""}",10.000,10.049,0.1001,0,0,sample_only,3073.132834,5.700710,1790782594.742383,2026-09-30T15:36:34.742+00:00,3.220000,0.638000,5.047000,power1_input=3220000uW curr1_input=638mA in1_input=5047mV
2026-09-30T15:36:49+00:00,11aa4f0561d40b905c27206bc0d62eaff2373906,False,2023.1,,ZynqMP KV260 revB machine-id:a435d1c5,,all,,hw,,,,kria,not read (sensor only),11aa4f0561d40b905c27206bc0d62eaff2373906,,,,sensor_only,,False,,,,"0,1,2,3",,no environment pre-flight (not run by run_sessions.py): not paper-grade,SOM-rail power (INA260),VCC_SOM,hwmon,/sys/class/hwmon/hwmon2 name=ina260_u14,"{""update_interval_ms"": ""not exposed""}",10.000,10.049,0.1001,0,0,sample_only,3073.232789,5.800665,1790782594.842338,2026-09-30T15:36:34.842+00:00,3.200000,0.635000,5.047000,power1_input=3200000uW curr1_input=635mA in1_input=5047mV
2026-09-30T15:36:49+00:00,11aa4f0561d40b905c27206bc0d62eaff2373906,False,2023.1,,ZynqMP KV260 revB machine-id:a435d1c5,,all,,hw,,,,kria,not read (sensor only),11aa4f0561d40b905c27206bc0d62eaff2373906,,,,sensor_only,,False,,,,"0,1,2,3",,no environment pre-flight (not run by run_sessions.py): not paper-grade,SOM-rail power (INA260),VCC_SOM,hwmon,/sys/class/hwmon/hwmon2 name=ina260_u14,"{""update_interval_ms"": ""not exposed""}",10.000,10.049,0.1001,0,0,sample_only,3073.332795,5.900671,1790782594.942344,2026-09-30T15:36:34.942+00:00,3.210000,0.636000,5.047000,power1_input=3210000uW curr1_input=636mA in1_input=5047mV
2026-09-30T15:36:49+00:00,11aa4f0561d40b905c27206bc0d62eaff2373906,False,2023.1,,ZynqMP KV260 revB machine-id:a435d1c5,,all,,hw,,,,kria,not read (sensor only),11aa4f0561d40b905c27206bc0d62eaff2373906,,,,sensor_only,,False,,,,"0,1,2,3",,no environment pre-flight (not run by run_sessions.py): not paper-grade,SOM-rail power (INA260),VCC_SOM,hwmon,/sys/class/hwmon/hwmon2 name=ina260_u14,"{""update_interval_ms"": ""not exposed""}",10.000,10.049,0.1001,0,0,sample_only,3073.432855,6.000731,1790782595.042404,2026-09-30T15:36:35.042+00:00,3.210000,0.636000,5.046000,power1_input=3210000uW curr1_input=636mA in1_input=5046mV
2026-09-30T15:36:49+00:00,11aa4f0561d40b905c27206bc0d62eaff2373906,False,2023.1,,ZynqMP KV260 revB machine-id:a435d1c5,,all,,hw,,,,kria,not read (sensor only),11aa4f0561d40b905c27206bc0d62eaff2373906,,,,sensor_only,,False,,,,"0,1,2,3",,no environment pre-flight (not run by run_sessions.py): not paper-grade,SOM-rail power (INA260),VCC_SOM,hwmon,/sys/class/hwmon/hwmon2 name=ina260_u14,"{""update_interval_ms"": ""not exposed""}",10.000,10.049,0.1001,0,0,sample_only,3073.532796,6.100672,1790782595.142345,2026-09-30T15:36:35.142+00:00,3.210000,0.636000,5.047000,power1_input=3210000uW curr1_input=636mA in1_input=5047mV
2026-09-30T15:36:49+00:00,11aa4f0561d40b905c27206bc0d62eaff2373906,False,2023.1,,ZynqMP KV260 revB machine-id:a435d1c5,,all,,hw,,,,kria,not read (sensor only),11aa4f0561d40b905c27206bc0d62eaff2373906,,,,sensor_only,,False,,,,"0,1,2,3",,no environment pre-flight (not run by run_sessions.py): not paper-grade,SOM-rail power (INA260),VCC_SOM,hwmon,/sys/class/hwmon/hwmon2 name=ina260_u14,"{""update_interval_ms"": ""not exposed""}",10.000,10.049,0.1001,0,0,sample_only,3073.632789,6.200665,1790782595.242338,2026-09-30T15:36:35.242+00:00,3.200000,0.635000,5.046000,power1_input=3200000uW curr1_input=635mA in1_input=5046mV
2026-09-30T15:36:49+00:00,11aa4f0561d40b905c27206bc0d62eaff2373906,False,2023.1,,ZynqMP KV260 revB machine-id:a435d1c5,,all,,hw,,,,kria,not read (sensor only),11aa4f0561d40b905c27206bc0d62eaff2373906,,,,sensor_only,,False,,,,"0,1,2,3",,no environment pre-flight (not run by run_sessions.py): not paper-grade,SOM-rail power (INA260),VCC_SOM,hwmon,/sys/class/hwmon/hwmon2 name=ina260_u14,"{""update_interval_ms"": ""not exposed""}",10.000,10.049,0.1001,0,0,sample_only,3073.732789,6.300665,1790782595.342338,2026-09-30T15:36:35.342+00:00,3.200000,0.635000,5.047000,power1_input=3200000uW curr1_input=635mA in1_input=5047mV
2026-09-30T15:36:49+00:00,11aa4f0561d40b905c27206bc0d62eaff2373906,False,2023.1,,ZynqMP KV260 revB machine-id:a435d1c5,,all,,hw,,,,kria,not read (sensor only),11aa4f0561d40b905c27206bc0d62eaff2373906,,,,sensor_only,,False,,,,"0,1,2,3",,no environment pre-flight (not run by run_sessions.py): not paper-grade,SOM-rail power (INA260),VCC_SOM,hwmon,/sys/class/hwmon/hwmon2 name=ina260_u14,"{""update_interval_ms"": ""not exposed""}",10.000,10.049,0.1001,0,0,sample_only,3073.832833,6.400709,1790782595.442382,2026-09-30T15:36:35.442+00:00,3.190000,0.635000,5.047000,power1_input=3190000uW curr1_input=635mA in1_input=5047mV
2026-09-30T15:36:49+00:00,11aa4f0561d40b905c27206bc0d62eaff2373906,False,2023.1,,ZynqMP KV260 revB machine-id:a435d1c5,,all,,hw,,,,kria,not read (sensor only),11aa4f0561d40b905c27206bc0d62eaff2373906,,,,sensor_only,,False,,,,"0,1,2,3",,no environment pre-flight (not run by run_sessions.py): not paper-grade,SOM-rail power (INA260),VCC_SOM,hwmon,/sys/class/hwmon/hwmon2 name=ina260_u14,"{""update_interval_ms"": ""not exposed""}",10.000,10.049,0.1001,0,0,sample_only,3073.932862,6.500738,1790782595.542411,2026-09-30T15:36:35.542+00:00,3.200000,0.635000,5.047000,power1_input=3200000uW curr1_input=635mA in1_input=5047mV
2026-09-30T15:36:49+00:00,11aa4f0561d40b905c27206bc0d62eaff2373906,False,2023.1,,ZynqMP KV260 revB machine-id:a435d1c5,,all,,hw,,,,kria,not read (sensor only),11aa4f0561d40b905c27206bc0d62eaff2373906,,,,sensor_only,,False,,,,"0,1,2,3",,no environment pre-flight (not run by run_sessions.py): not paper-grade,SOM-rail power (INA260),VCC_SOM,hwmon,/sys/class/hwmon/hwmon2 name=ina260_u14,"{""update_interval_ms"": ""not exposed""}",10.000,10.049,0.1001,0,0,sample_only,3074.032815,6.600690,1790782595.642364,2026-09-30T15:36:35.642+00:00,3.220000,0.637000,5.047000,power1_input=3220000uW curr1_input=637mA in1_input=5047mV
2026-09-30T15:36:49+00:00,11aa4f0561d40b905c27206bc0d62eaff2373906,False,2023.1,,ZynqMP KV260 revB machine-id:a435d1c5,,all,,hw,,,,kria,not read (sensor only),11aa4f0561d40b905c27206bc0d62eaff2373906,,,,sensor_only,,False,,,,"0,1,2,3",,no environment pre-flight (not run by run_sessions.py): not paper-grade,SOM-rail power (INA260),VCC_SOM,hwmon,/sys/class/hwmon/hwmon2 name=ina260_u14,"{""update_interval_ms"": ""not exposed""}",10.000,10.049,0.1001,0,0,sample_only,3074.132797,6.700673,1790782595.742346,2026-09-30T15:36:35.742+00:00,3.220000,0.641000,5.046000,power1_input=3220000uW curr1_input=641mA in1_input=5046mV
2026-09-30T15:36:49+00:00,11aa4f0561d40b905c27206bc0d62eaff2373906,False,2023.1,,ZynqMP KV260 revB machine-id:a435d1c5,,all,,hw,,,,kria,not read (sensor only),11aa4f0561d40b905c27206bc0d62eaff2373906,,,,sensor_only,,False,,,,"0,1,2,3",,no environment pre-flight (not run by run_sessions.py): not paper-grade,SOM-rail power (INA260),VCC_SOM,hwmon,/sys/class/hwmon/hwmon2 name=ina260_u14,"{""update_interval_ms"": ""not exposed""}",10.000,10.049,0.1001,0,0,sample_only,3074.232794,6.800670,1790782595.842343,2026-09-30T15:36:35.842+00:00,3.200000,0.635000,5.047000,power1_input=3200000uW curr1_input=635mA in1_input=5047mV
2026-09-30T15:36:49+00:00,11aa4f0561d40b905c27206bc0d62eaff2373906,False,2023.1,,ZynqMP KV260 revB machine-id:a435d1c5,,all,,hw,,,,kria,not read (sensor only),11aa4f0561d40b905c27206bc0d62eaff2373906,,,,sensor_only,,False,,,,"0,1,2,3",,no environment pre-flight (not run by run_sessions.py): not paper-grade,SOM-rail power (INA260),VCC_SOM,hwmon,/sys/class/hwmon/hwmon2 name=ina260_u14,"{""update_interval_ms"": ""not exposed""}",10.000,10.049,0.1001,0,0,sample_only,3074.332794,6.900670,1790782595.942343,2026-09-30T15:36:35.942+00:00,3.210000,0.635000,5.046000,power1_input=3210000uW curr1_input=635mA in1_input=5046mV
2026-09-30T15:36:49+00:00,11aa4f0561d40b905c27206bc0d62eaff2373906,False,2023.1,,ZynqMP KV260 revB machine-id:a435d1c5,,all,,hw,,,,kria,not read (sensor only),11aa4f0561d40b905c27206bc0d62eaff2373906,,,,sensor_only,,False,,,,"0,1,2,3",,no environment pre-flight (not run by run_sessions.py): not paper-grade,SOM-rail power (INA260),VCC_SOM,hwmon,/sys/class/hwmon/hwmon2 name=ina260_u14,"{""update_interval_ms"": ""not exposed""}",10.000,10.049,0.1001,0,0,sample_only,3074.432792,7.000668,1790782596.042341,2026-09-30T15:36:36.042+00:00,3.230000,0.638000,5.047000,power1_input=3230000uW curr1_input=638mA in1_input=5047mV
2026-09-30T15:36:49+00:00,11aa4f0561d40b905c27206bc0d62eaff2373906,False,2023.1,,ZynqMP KV260 revB machine-id:a435d1c5,,all,,hw,,,,kria,not read (sensor only),11aa4f0561d40b905c27206bc0d62eaff2373906,,,,sensor_only,,False,,,,"0,1,2,3",,no environment pre-flight (not run by run_sessions.py): not paper-grade,SOM-rail power (INA260),VCC_SOM,hwmon,/sys/class/hwmon/hwmon2 name=ina260_u14,"{""update_interval_ms"": ""not exposed""}",10.000,10.049,0.1001,0,0,sample_only,3074.532834,7.100710,1790782596.142383,2026-09-30T15:36:36.142+00:00,3.200000,0.633000,5.046000,power1_input=3200000uW curr1_input=633mA in1_input=5046mV
2026-09-30T15:36:49+00:00,11aa4f0561d40b905c27206bc0d62eaff2373906,False,2023.1,,ZynqMP KV260 revB machine-id:a435d1c5,,all,,hw,,,,kria,not read (sensor only),11aa4f0561d40b905c27206bc0d62eaff2373906,,,,sensor_only,,False,,,,"0,1,2,3",,no environment pre-flight (not run by run_sessions.py): not paper-grade,SOM-rail power (INA260),VCC_SOM,hwmon,/sys/class/hwmon/hwmon2 name=ina260_u14,"{""update_interval_ms"": ""not exposed""}",10.000,10.049,0.1001,0,0,sample_only,3074.632836,7.200712,1790782596.242384,2026-09-30T15:36:36.242+00:00,3.200000,0.633000,5.047000,power1_input=3200000uW curr1_input=633mA in1_input=5047mV
2026-09-30T15:36:49+00:00,11aa4f0561d40b905c27206bc0d62eaff2373906,False,2023.1,,ZynqMP KV260 revB machine-id:a435d1c5,,all,,hw,,,,kria,not read (sensor only),11aa4f0561d40b905c27206bc0d62eaff2373906,,,,sensor_only,,False,,,,"0,1,2,3",,no environment pre-flight (not run by run_sessions.py): not paper-grade,SOM-rail power (INA260),VCC_SOM,hwmon,/sys/class/hwmon/hwmon2 name=ina260_u14,"{""update_interval_ms"": ""not exposed""}",10.000,10.049,0.1001,0,0,sample_only,3074.732865,7.300741,1790782596.342414,2026-09-30T15:36:36.342+00:00,3.190000,0.632000,5.047000,power1_input=3190000uW curr1_input=632mA in1_input=5047mV
2026-09-30T15:36:49+00:00,11aa4f0561d40b905c27206bc0d62eaff2373906,False,2023.1,,ZynqMP KV260 revB machine-id:a435d1c5,,all,,hw,,,,kria,not read (sensor only),11aa4f0561d40b905c27206bc0d62eaff2373906,,,,sensor_only,,False,,,,"0,1,2,3",,no environment pre-flight (not run by run_sessions.py): not paper-grade,SOM-rail power (INA260),VCC_SOM,hwmon,/sys/class/hwmon/hwmon2 name=ina260_u14,"{""update_interval_ms"": ""not exposed""}",10.000,10.049,0.1001,0,0,sample_only,3074.832794,7.400670,1790782596.442342,2026-09-30T15:36:36.442+00:00,3.210000,0.635000,5.047000,power1_input=3210000uW curr1_input=635mA in1_input=5047mV
2026-09-30T15:36:49+00:00,11aa4f0561d40b905c27206bc0d62eaff2373906,False,2023.1,,ZynqMP KV260 revB machine-id:a435d1c5,,all,,hw,,,,kria,not read (sensor only),11aa4f0561d40b905c27206bc0d62eaff2373906,,,,sensor_only,,False,,,,"0,1,2,3",,no environment pre-flight (not run by run_sessions.py): not paper-grade,SOM-rail power (INA260),VCC_SOM,hwmon,/sys/class/hwmon/hwmon2 name=ina260_u14,"{""update_interval_ms"": ""not exposed""}",10.000,10.049,0.1001,0,0,sample_only,3074.932794,7.500670,1790782596.542342,2026-09-30T15:36:36.542+00:00,3.210000,0.637000,5.047000,power1_input=3210000uW curr1_input=637mA in1_input=5047mV
2026-09-30T15:36:49+00:00,11aa4f0561d40b905c27206bc0d62eaff2373906,False,2023.1,,ZynqMP KV260 revB machine-id:a435d1c5,,all,,hw,,,,kria,not read (sensor only),11aa4f0561d40b905c27206bc0d62eaff2373906,,,,sensor_only,,False,,,,"0,1,2,3",,no environment pre-flight (not run by run_sessions.py): not paper-grade,SOM-rail power (INA260),VCC_SOM,hwmon,/sys/class/hwmon/hwmon2 name=ina260_u14,"{""update_interval_ms"": ""not exposed""}",10.000,10.049,0.1001,0,0,sample_only,3075.032790,7.600666,1790782596.642339,2026-09-30T15:36:36.642+00:00,3.210000,0.635000,5.047000,power1_input=3210000uW curr1_input=635mA in1_input=5047mV
2026-09-30T15:36:49+00:00,11aa4f0561d40b905c27206bc0d62eaff2373906,False,2023.1,,ZynqMP KV260 revB machine-id:a435d1c5,,all,,hw,,,,kria,not read (sensor only),11aa4f0561d40b905c27206bc0d62eaff2373906,,,,sensor_only,,False,,,,"0,1,2,3",,no environment pre-flight (not run by run_sessions.py): not paper-grade,SOM-rail power (INA260),VCC_SOM,hwmon,/sys/class/hwmon/hwmon2 name=ina260_u14,"{""update_interval_ms"": ""not exposed""}",10.000,10.049,0.1001,0,0,sample_only,3075.132789,7.700665,1790782596.742337,2026-09-30T15:36:36.742+00:00,3.200000,0.635000,5.047000,power1_input=3200000uW curr1_input=635mA in1_input=5047mV
2026-09-30T15:36:49+00:00,11aa4f0561d40b905c27206bc0d62eaff2373906,False,2023.1,,ZynqMP KV260 revB machine-id:a435d1c5,,all,,hw,,,,kria,not read (sensor only),11aa4f0561d40b905c27206bc0d62eaff2373906,,,,sensor_only,,False,,,,"0,1,2,3",,no environment pre-flight (not run by run_sessions.py): not paper-grade,SOM-rail power (INA260),VCC_SOM,hwmon,/sys/class/hwmon/hwmon2 name=ina260_u14,"{""update_interval_ms"": ""not exposed""}",10.000,10.049,0.1001,0,0,sample_only,3075.232790,7.800666,1790782596.842339,2026-09-30T15:36:36.842+00:00,3.200000,0.635000,5.047000,power1_input=3200000uW curr1_input=635mA in1_input=5047mV
2026-09-30T15:36:49+00:00,11aa4f0561d40b905c27206bc0d62eaff2373906,False,2023.1,,ZynqMP KV260 revB machine-id:a435d1c5,,all,,hw,,,,kria,not read (sensor only),11aa4f0561d40b905c27206bc0d62eaff2373906,,,,sensor_only,,False,,,,"0,1,2,3",,no environment pre-flight (not run by run_sessions.py): not paper-grade,SOM-rail power (INA260),VCC_SOM,hwmon,/sys/class/hwmon/hwmon2 name=ina260_u14,"{""update_interval_ms"": ""not exposed""}",10.000,10.049,0.1001,0,0,sample_only,3075.332791,7.900667,1790782596.942340,2026-09-30T15:36:36.942+00:00,3.210000,0.637000,5.047000,power1_input=3210000uW curr1_input=637mA in1_input=5047mV
2026-09-30T15:36:49+00:00,11aa4f0561d40b905c27206bc0d62eaff2373906,False,2023.1,,ZynqMP KV260 revB machine-id:a435d1c5,,all,,hw,,,,kria,not read (sensor only),11aa4f0561d40b905c27206bc0d62eaff2373906,,,,sensor_only,,False,,,,"0,1,2,3",,no environment pre-flight (not run by run_sessions.py): not paper-grade,SOM-rail power (INA260),VCC_SOM,hwmon,/sys/class/hwmon/hwmon2 name=ina260_u14,"{""update_interval_ms"": ""not exposed""}",10.000,10.049,0.1001,0,0,sample_only,3075.432837,8.000712,1790782597.042385,2026-09-30T15:36:37.042+00:00,3.220000,0.637000,5.047000,power1_input=3220000uW curr1_input=637mA in1_input=5047mV
2026-09-30T15:36:49+00:00,11aa4f0561d40b905c27206bc0d62eaff2373906,False,2023.1,,ZynqMP KV260 revB machine-id:a435d1c5,,all,,hw,,,,kria,not read (sensor only),11aa4f0561d40b905c27206bc0d62eaff2373906,,,,sensor_only,,False,,,,"0,1,2,3",,no environment pre-flight (not run by run_sessions.py): not paper-grade,SOM-rail power (INA260),VCC_SOM,hwmon,/sys/class/hwmon/hwmon2 name=ina260_u14,"{""update_interval_ms"": ""not exposed""}",10.000,10.049,0.1001,0,0,sample_only,3075.532834,8.100710,1790782597.142382,2026-09-30T15:36:37.142+00:00,3.200000,0.635000,5.047000,power1_input=3200000uW curr1_input=635mA in1_input=5047mV
2026-09-30T15:36:49+00:00,11aa4f0561d40b905c27206bc0d62eaff2373906,False,2023.1,,ZynqMP KV260 revB machine-id:a435d1c5,,all,,hw,,,,kria,not read (sensor only),11aa4f0561d40b905c27206bc0d62eaff2373906,,,,sensor_only,,False,,,,"0,1,2,3",,no environment pre-flight (not run by run_sessions.py): not paper-grade,SOM-rail power (INA260),VCC_SOM,hwmon,/sys/class/hwmon/hwmon2 name=ina260_u14,"{""update_interval_ms"": ""not exposed""}",10.000,10.049,0.1001,0,0,sample_only,3075.632794,8.200670,1790782597.242342,2026-09-30T15:36:37.242+00:00,3.210000,0.635000,5.047000,power1_input=3210000uW curr1_input=635mA in1_input=5047mV
2026-09-30T15:36:49+00:00,11aa4f0561d40b905c27206bc0d62eaff2373906,False,2023.1,,ZynqMP KV260 revB machine-id:a435d1c5,,all,,hw,,,,kria,not read (sensor only),11aa4f0561d40b905c27206bc0d62eaff2373906,,,,sensor_only,,False,,,,"0,1,2,3",,no environment pre-flight (not run by run_sessions.py): not paper-grade,SOM-rail power (INA260),VCC_SOM,hwmon,/sys/class/hwmon/hwmon2 name=ina260_u14,"{""update_interval_ms"": ""not exposed""}",10.000,10.049,0.1001,0,0,sample_only,3075.732837,8.300713,1790782597.342386,2026-09-30T15:36:37.342+00:00,3.200000,0.635000,5.047000,power1_input=3200000uW curr1_input=635mA in1_input=5047mV
2026-09-30T15:36:49+00:00,11aa4f0561d40b905c27206bc0d62eaff2373906,False,2023.1,,ZynqMP KV260 revB machine-id:a435d1c5,,all,,hw,,,,kria,not read (sensor only),11aa4f0561d40b905c27206bc0d62eaff2373906,,,,sensor_only,,False,,,,"0,1,2,3",,no environment pre-flight (not run by run_sessions.py): not paper-grade,SOM-rail power (INA260),VCC_SOM,hwmon,/sys/class/hwmon/hwmon2 name=ina260_u14,"{""update_interval_ms"": ""not exposed""}",10.000,10.049,0.1001,0,0,sample_only,3075.832891,8.400767,1790782597.442441,2026-09-30T15:36:37.442+00:00,3.200000,0.635000,5.047000,power1_input=3200000uW curr1_input=635mA in1_input=5047mV
2026-09-30T15:36:49+00:00,11aa4f0561d40b905c27206bc0d62eaff2373906,False,2023.1,,ZynqMP KV260 revB machine-id:a435d1c5,,all,,hw,,,,kria,not read (sensor only),11aa4f0561d40b905c27206bc0d62eaff2373906,,,,sensor_only,,False,,,,"0,1,2,3",,no environment pre-flight (not run by run_sessions.py): not paper-grade,SOM-rail power (INA260),VCC_SOM,hwmon,/sys/class/hwmon/hwmon2 name=ina260_u14,"{""update_interval_ms"": ""not exposed""}",10.000,10.049,0.1001,0,0,sample_only,3075.932844,8.500720,1790782597.542394,2026-09-30T15:36:37.542+00:00,3.210000,0.636000,5.047000,power1_input=3210000uW curr1_input=636mA in1_input=5047mV
2026-09-30T15:36:49+00:00,11aa4f0561d40b905c27206bc0d62eaff2373906,False,2023.1,,ZynqMP KV260 revB machine-id:a435d1c5,,all,,hw,,,,kria,not read (sensor only),11aa4f0561d40b905c27206bc0d62eaff2373906,,,,sensor_only,,False,,,,"0,1,2,3",,no environment pre-flight (not run by run_sessions.py): not paper-grade,SOM-rail power (INA260),VCC_SOM,hwmon,/sys/class/hwmon/hwmon2 name=ina260_u14,"{""update_interval_ms"": ""not exposed""}",10.000,10.049,0.1001,0,0,sample_only,3076.032803,8.600679,1790782597.642352,2026-09-30T15:36:37.642+00:00,3.220000,0.637000,5.047000,power1_input=3220000uW curr1_input=637mA in1_input=5047mV
2026-09-30T15:36:49+00:00,11aa4f0561d40b905c27206bc0d62eaff2373906,False,2023.1,,ZynqMP KV260 revB machine-id:a435d1c5,,all,,hw,,,,kria,not read (sensor only),11aa4f0561d40b905c27206bc0d62eaff2373906,,,,sensor_only,,False,,,,"0,1,2,3",,no environment pre-flight (not run by run_sessions.py): not paper-grade,SOM-rail power (INA260),VCC_SOM,hwmon,/sys/class/hwmon/hwmon2 name=ina260_u14,"{""update_interval_ms"": ""not exposed""}",10.000,10.049,0.1001,0,0,sample_only,3076.132837,8.700713,1790782597.742385,2026-09-30T15:36:37.742+00:00,3.210000,0.636000,5.047000,power1_input=3210000uW curr1_input=636mA in1_input=5047mV
2026-09-30T15:36:49+00:00,11aa4f0561d40b905c27206bc0d62eaff2373906,False,2023.1,,ZynqMP KV260 revB machine-id:a435d1c5,,all,,hw,,,,kria,not read (sensor only),11aa4f0561d40b905c27206bc0d62eaff2373906,,,,sensor_only,,False,,,,"0,1,2,3",,no environment pre-flight (not run by run_sessions.py): not paper-grade,SOM-rail power (INA260),VCC_SOM,hwmon,/sys/class/hwmon/hwmon2 name=ina260_u14,"{""update_interval_ms"": ""not exposed""}",10.000,10.049,0.1001,0,0,sample_only,3076.232792,8.800668,1790782597.842341,2026-09-30T15:36:37.842+00:00,3.230000,0.638000,5.046000,power1_input=3230000uW curr1_input=638mA in1_input=5046mV
2026-09-30T15:36:49+00:00,11aa4f0561d40b905c27206bc0d62eaff2373906,False,2023.1,,ZynqMP KV260 revB machine-id:a435d1c5,,all,,hw,,,,kria,not read (sensor only),11aa4f0561d40b905c27206bc0d62eaff2373906,,,,sensor_only,,False,,,,"0,1,2,3",,no environment pre-flight (not run by run_sessions.py): not paper-grade,SOM-rail power (INA260),VCC_SOM,hwmon,/sys/class/hwmon/hwmon2 name=ina260_u14,"{""update_interval_ms"": ""not exposed""}",10.000,10.049,0.1001,0,0,sample_only,3076.332791,8.900667,1790782597.942340,2026-09-30T15:36:37.942+00:00,3.210000,0.636000,5.046000,power1_input=3210000uW curr1_input=636mA in1_input=5046mV
2026-09-30T15:36:49+00:00,11aa4f0561d40b905c27206bc0d62eaff2373906,False,2023.1,,ZynqMP KV260 revB machine-id:a435d1c5,,all,,hw,,,,kria,not read (sensor only),11aa4f0561d40b905c27206bc0d62eaff2373906,,,,sensor_only,,False,,,,"0,1,2,3",,no environment pre-flight (not run by run_sessions.py): not paper-grade,SOM-rail power (INA260),VCC_SOM,hwmon,/sys/class/hwmon/hwmon2 name=ina260_u14,"{""update_interval_ms"": ""not exposed""}",10.000,10.049,0.1001,0,0,sample_only,3076.432794,9.000670,1790782598.042343,2026-09-30T15:36:38.042+00:00,3.220000,0.637000,5.047000,power1_input=3220000uW curr1_input=637mA in1_input=5047mV
2026-09-30T15:36:49+00:00,11aa4f0561d40b905c27206bc0d62eaff2373906,False,2023.1,,ZynqMP KV260 revB machine-id:a435d1c5,,all,,hw,,,,kria,not read (sensor only),11aa4f0561d40b905c27206bc0d62eaff2373906,,,,sensor_only,,False,,,,"0,1,2,3",,no environment pre-flight (not run by run_sessions.py): not paper-grade,SOM-rail power (INA260),VCC_SOM,hwmon,/sys/class/hwmon/hwmon2 name=ina260_u14,"{""update_interval_ms"": ""not exposed""}",10.000,10.049,0.1001,0,0,sample_only,3076.532835,9.100710,1790782598.142383,2026-09-30T15:36:38.142+00:00,3.190000,0.633000,5.047000,power1_input=3190000uW curr1_input=633mA in1_input=5047mV
2026-09-30T15:36:49+00:00,11aa4f0561d40b905c27206bc0d62eaff2373906,False,2023.1,,ZynqMP KV260 revB machine-id:a435d1c5,,all,,hw,,,,kria,not read (sensor only),11aa4f0561d40b905c27206bc0d62eaff2373906,,,,sensor_only,,False,,,,"0,1,2,3",,no environment pre-flight (not run by run_sessions.py): not paper-grade,SOM-rail power (INA260),VCC_SOM,hwmon,/sys/class/hwmon/hwmon2 name=ina260_u14,"{""update_interval_ms"": ""not exposed""}",10.000,10.049,0.1001,0,0,sample_only,3076.632839,9.200715,1790782598.242388,2026-09-30T15:36:38.242+00:00,3.200000,0.633000,5.046000,power1_input=3200000uW curr1_input=633mA in1_input=5046mV
2026-09-30T15:36:49+00:00,11aa4f0561d40b905c27206bc0d62eaff2373906,False,2023.1,,ZynqMP KV260 revB machine-id:a435d1c5,,all,,hw,,,,kria,not read (sensor only),11aa4f0561d40b905c27206bc0d62eaff2373906,,,,sensor_only,,False,,,,"0,1,2,3",,no environment pre-flight (not run by run_sessions.py): not paper-grade,SOM-rail power (INA260),VCC_SOM,hwmon,/sys/class/hwmon/hwmon2 name=ina260_u14,"{""update_interval_ms"": ""not exposed""}",10.000,10.049,0.1001,0,0,sample_only,3076.732869,9.300745,1790782598.342419,2026-09-30T15:36:38.342+00:00,3.200000,0.633000,5.047000,power1_input=3200000uW curr1_input=633mA in1_input=5047mV
2026-09-30T15:36:49+00:00,11aa4f0561d40b905c27206bc0d62eaff2373906,False,2023.1,,ZynqMP KV260 revB machine-id:a435d1c5,,all,,hw,,,,kria,not read (sensor only),11aa4f0561d40b905c27206bc0d62eaff2373906,,,,sensor_only,,False,,,,"0,1,2,3",,no environment pre-flight (not run by run_sessions.py): not paper-grade,SOM-rail power (INA260),VCC_SOM,hwmon,/sys/class/hwmon/hwmon2 name=ina260_u14,"{""update_interval_ms"": ""not exposed""}",10.000,10.049,0.1001,0,0,sample_only,3076.832846,9.400722,1790782598.442395,2026-09-30T15:36:38.442+00:00,3.210000,0.637000,5.047000,power1_input=3210000uW curr1_input=637mA in1_input=5047mV
2026-09-30T15:36:49+00:00,11aa4f0561d40b905c27206bc0d62eaff2373906,False,2023.1,,ZynqMP KV260 revB machine-id:a435d1c5,,all,,hw,,,,kria,not read (sensor only),11aa4f0561d40b905c27206bc0d62eaff2373906,,,,sensor_only,,False,,,,"0,1,2,3",,no environment pre-flight (not run by run_sessions.py): not paper-grade,SOM-rail power (INA260),VCC_SOM,hwmon,/sys/class/hwmon/hwmon2 name=ina260_u14,"{""update_interval_ms"": ""not exposed""}",10.000,10.049,0.1001,0,0,sample_only,3076.932848,9.500724,1790782598.542397,2026-09-30T15:36:38.542+00:00,3.210000,0.636000,5.047000,power1_input=3210000uW curr1_input=636mA in1_input=5047mV
2026-09-30T15:36:49+00:00,11aa4f0561d40b905c27206bc0d62eaff2373906,False,2023.1,,ZynqMP KV260 revB machine-id:a435d1c5,,all,,hw,,,,kria,not read (sensor only),11aa4f0561d40b905c27206bc0d62eaff2373906,,,,sensor_only,,False,,,,"0,1,2,3",,no environment pre-flight (not run by run_sessions.py): not paper-grade,SOM-rail power (INA260),VCC_SOM,hwmon,/sys/class/hwmon/hwmon2 name=ina260_u14,"{""update_interval_ms"": ""not exposed""}",10.000,10.049,0.1001,0,0,sample_only,3077.032841,9.600717,1790782598.642390,2026-09-30T15:36:38.642+00:00,3.200000,0.633000,5.046000,power1_input=3200000uW curr1_input=633mA in1_input=5046mV
2026-09-30T15:36:49+00:00,11aa4f0561d40b905c27206bc0d62eaff2373906,False,2023.1,,ZynqMP KV260 revB machine-id:a435d1c5,,all,,hw,,,,kria,not read (sensor only),11aa4f0561d40b905c27206bc0d62eaff2373906,,,,sensor_only,,False,,,,"0,1,2,3",,no environment pre-flight (not run by run_sessions.py): not paper-grade,SOM-rail power (INA260),VCC_SOM,hwmon,/sys/class/hwmon/hwmon2 name=ina260_u14,"{""update_interval_ms"": ""not exposed""}",10.000,10.049,0.1001,0,0,sample_only,3077.132835,9.700710,1790782598.742383,2026-09-30T15:36:38.742+00:00,3.200000,0.633000,5.046000,power1_input=3200000uW curr1_input=633mA in1_input=5046mV
2026-09-30T15:36:49+00:00,11aa4f0561d40b905c27206bc0d62eaff2373906,False,2023.1,,ZynqMP KV260 revB machine-id:a435d1c5,,all,,hw,,,,kria,not read (sensor only),11aa4f0561d40b905c27206bc0d62eaff2373906,,,,sensor_only,,False,,,,"0,1,2,3",,no environment pre-flight (not run by run_sessions.py): not paper-grade,SOM-rail power (INA260),VCC_SOM,hwmon,/sys/class/hwmon/hwmon2 name=ina260_u14,"{""update_interval_ms"": ""not exposed""}",10.000,10.049,0.1001,0,0,sample_only,3077.232836,9.800712,1790782598.842384,2026-09-30T15:36:38.842+00:00,3.230000,0.638000,5.046000,power1_input=3230000uW curr1_input=638mA in1_input=5046mV
2026-09-30T15:36:49+00:00,11aa4f0561d40b905c27206bc0d62eaff2373906,False,2023.1,,ZynqMP KV260 revB machine-id:a435d1c5,,all,,hw,,,,kria,not read (sensor only),11aa4f0561d40b905c27206bc0d62eaff2373906,,,,sensor_only,,False,,,,"0,1,2,3",,no environment pre-flight (not run by run_sessions.py): not paper-grade,SOM-rail power (INA260),VCC_SOM,hwmon,/sys/class/hwmon/hwmon2 name=ina260_u14,"{""update_interval_ms"": ""not exposed""}",10.000,10.049,0.1001,0,0,sample_only,3077.332790,9.900666,1790782598.942339,2026-09-30T15:36:38.942+00:00,3.220000,0.638000,5.047000,power1_input=3220000uW curr1_input=638mA in1_input=5047mV
2026-09-30T15:36:49+00:00,11aa4f0561d40b905c27206bc0d62eaff2373906,False,2023.1,,ZynqMP KV260 revB machine-id:a435d1c5,,all,,hw,,,,kria,not read (sensor only),11aa4f0561d40b905c27206bc0d62eaff2373906,,,,sensor_only,,False,,,,"0,1,2,3",,no environment pre-flight (not run by run_sessions.py): not paper-grade,SOM-rail power (INA260),VCC_SOM,hwmon,/sys/class/hwmon/hwmon2 name=ina260_u14,"{""update_interval_ms"": ""not exposed""}",10.000,10.049,0.1001,0,0,sample_only,3077.432867,10.000743,1790782599.042418,2026-09-30T15:36:39.042+00:00,3.210000,0.636000,5.047000,power1_input=3210000uW curr1_input=636mA in1_input=5047mV
2026-09-30T15:36:49+00:00,11aa4f0561d40b905c27206bc0d62eaff2373906,False,2023.1,,ZynqMP KV260 revB machine-id:a435d1c5,,all,,hw,,,,kria,not read (sensor only),11aa4f0561d40b905c27206bc0d62eaff2373906,,,,sensor_only,,False,,,,"0,1,2,3",,no environment pre-flight (not run by run_sessions.py): not paper-grade,SOM-rail power (INA260),VCC_SOM,hwmon,/sys/class/hwmon/hwmon2 name=ina260_u14,"{""update_interval_ms"": ""not exposed""}",10.000,10.049,0.1001,0,0,sample_only,3077.532988,10.100863,1790782599.142537,2026-09-30T15:36:39.142+00:00,3.220000,0.636000,5.047000,power1_input=3220000uW curr1_input=636mA in1_input=5047mV
2026-09-30T15:36:49+00:00,11aa4f0561d40b905c27206bc0d62eaff2373906,False,2023.1,,ZynqMP KV260 revB machine-id:a435d1c5,,all,,hw,,,,kria,not read (sensor only),11aa4f0561d40b905c27206bc0d62eaff2373906,,,,sensor_only,,False,,,,"0,1,2,3",,no environment pre-flight (not run by run_sessions.py): not paper-grade,SOM-rail power (INA260),VCC_SOM,hwmon,/sys/class/hwmon/hwmon2 name=ina260_u14,"{""update_interval_ms"": ""not exposed""}",10.000,10.049,0.1001,0,0,sample_only,3077.632798,10.200674,1790782599.242347,2026-09-30T15:36:39.242+00:00,3.200000,0.635000,5.047000,power1_input=3200000uW curr1_input=635mA in1_input=5047mV
2026-09-30T15:36:49+00:00,11aa4f0561d40b905c27206bc0d62eaff2373906,False,2023.1,,ZynqMP KV260 revB machine-id:a435d1c5,,all,,hw,,,,kria,not read (sensor only),11aa4f0561d40b905c27206bc0d62eaff2373906,,,,sensor_only,,False,,,,"0,1,2,3",,no environment pre-flight (not run by run_sessions.py): not paper-grade,SOM-rail power (INA260),VCC_SOM,hwmon,/sys/class/hwmon/hwmon2 name=ina260_u14,"{""update_interval_ms"": ""not exposed""}",10.000,10.049,0.1001,0,0,sample_only,3077.732841,10.300717,1790782599.342391,2026-09-30T15:36:39.342+00:00,3.210000,0.636000,5.047000,power1_input=3210000uW curr1_input=636mA in1_input=5047mV
2026-09-30T15:36:49+00:00,11aa4f0561d40b905c27206bc0d62eaff2373906,False,2023.1,,ZynqMP KV260 revB machine-id:a435d1c5,,all,,hw,,,,kria,not read (sensor only),11aa4f0561d40b905c27206bc0d62eaff2373906,,,,sensor_only,,False,,,,"0,1,2,3",,no environment pre-flight (not run by run_sessions.py): not paper-grade,SOM-rail power (INA260),VCC_SOM,hwmon,/sys/class/hwmon/hwmon2 name=ina260_u14,"{""update_interval_ms"": ""not exposed""}",10.000,10.049,0.1001,0,0,sample_only,3077.832806,10.400681,1790782599.442354,2026-09-30T15:36:39.442+00:00,3.210000,0.638000,5.047000,power1_input=3210000uW curr1_input=638mA in1_input=5047mV
2026-09-30T15:36:49+00:00,11aa4f0561d40b905c27206bc0d62eaff2373906,False,2023.1,,ZynqMP KV260 revB machine-id:a435d1c5,,all,,hw,,,,kria,not read (sensor only),11aa4f0561d40b905c27206bc0d62eaff2373906,,,,sensor_only,,False,,,,"0,1,2,3",,no environment pre-flight (not run by run_sessions.py): not paper-grade,SOM-rail power (INA260),VCC_SOM,hwmon,/sys/class/hwmon/hwmon2 name=ina260_u14,"{""update_interval_ms"": ""not exposed""}",10.000,10.049,0.1001,0,0,sample_only,3077.932808,10.500684,1790782599.542357,2026-09-30T15:36:39.542+00:00,3.210000,0.636000,5.047000,power1_input=3210000uW curr1_input=636mA in1_input=5047mV
2026-09-30T15:36:49+00:00,11aa4f0561d40b905c27206bc0d62eaff2373906,False,2023.1,,ZynqMP KV260 revB machine-id:a435d1c5,,all,,hw,,,,kria,not read (sensor only),11aa4f0561d40b905c27206bc0d62eaff2373906,,,,sensor_only,,False,,,,"0,1,2,3",,no environment pre-flight (not run by run_sessions.py): not paper-grade,SOM-rail power (INA260),VCC_SOM,hwmon,/sys/class/hwmon/hwmon2 name=ina260_u14,"{""update_interval_ms"": ""not exposed""}",10.000,10.049,0.1001,0,0,sample_only,3078.032793,10.600669,1790782599.642342,2026-09-30T15:36:39.642+00:00,3.210000,0.636000,5.047000,power1_input=3210000uW curr1_input=636mA in1_input=5047mV
2026-09-30T15:36:49+00:00,11aa4f0561d40b905c27206bc0d62eaff2373906,False,2023.1,,ZynqMP KV260 revB machine-id:a435d1c5,,all,,hw,,,,kria,not read (sensor only),11aa4f0561d40b905c27206bc0d62eaff2373906,,,,sensor_only,,False,,,,"0,1,2,3",,no environment pre-flight (not run by run_sessions.py): not paper-grade,SOM-rail power (INA260),VCC_SOM,hwmon,/sys/class/hwmon/hwmon2 name=ina260_u14,"{""update_interval_ms"": ""not exposed""}",10.000,10.049,0.1001,0,0,sample_only,3078.132837,10.700713,1790782599.742386,2026-09-30T15:36:39.742+00:00,3.200000,0.633000,5.047000,power1_input=3200000uW curr1_input=633mA in1_input=5047mV
2026-09-30T15:36:49+00:00,11aa4f0561d40b905c27206bc0d62eaff2373906,False,2023.1,,ZynqMP KV260 revB machine-id:a435d1c5,,all,,hw,,,,kria,not read (sensor only),11aa4f0561d40b905c27206bc0d62eaff2373906,,,,sensor_only,,False,,,,"0,1,2,3",,no environment pre-flight (not run by run_sessions.py): not paper-grade,SOM-rail power (INA260),VCC_SOM,hwmon,/sys/class/hwmon/hwmon2 name=ina260_u14,"{""update_interval_ms"": ""not exposed""}",10.000,10.049,0.1001,0,0,sample_only,3078.232800,10.800676,1790782599.842349,2026-09-30T15:36:39.842+00:00,3.220000,0.637000,5.047000,power1_input=3220000uW curr1_input=637mA in1_input=5047mV
2026-09-30T15:36:49+00:00,11aa4f0561d40b905c27206bc0d62eaff2373906,False,2023.1,,ZynqMP KV260 revB machine-id:a435d1c5,,all,,hw,,,,kria,not read (sensor only),11aa4f0561d40b905c27206bc0d62eaff2373906,,,,sensor_only,,False,,,,"0,1,2,3",,no environment pre-flight (not run by run_sessions.py): not paper-grade,SOM-rail power (INA260),VCC_SOM,hwmon,/sys/class/hwmon/hwmon2 name=ina260_u14,"{""update_interval_ms"": ""not exposed""}",10.000,10.049,0.1001,0,0,sample_only,3078.332800,10.900676,1790782599.942349,2026-09-30T15:36:39.942+00:00,3.210000,0.637000,5.047000,power1_input=3210000uW curr1_input=637mA in1_input=5047mV
2026-09-30T15:36:49+00:00,11aa4f0561d40b905c27206bc0d62eaff2373906,False,2023.1,,ZynqMP KV260 revB machine-id:a435d1c5,,all,,hw,,,,kria,not read (sensor only),11aa4f0561d40b905c27206bc0d62eaff2373906,,,,sensor_only,,False,,,,"0,1,2,3",,no environment pre-flight (not run by run_sessions.py): not paper-grade,SOM-rail power (INA260),VCC_SOM,hwmon,/sys/class/hwmon/hwmon2 name=ina260_u14,"{""update_interval_ms"": ""not exposed""}",10.000,10.049,0.1001,0,0,sample_only,3078.432791,11.000667,1790782600.042340,2026-09-30T15:36:40.042+00:00,3.210000,0.636000,5.047000,power1_input=3210000uW curr1_input=636mA in1_input=5047mV
2026-09-30T15:36:49+00:00,11aa4f0561d40b905c27206bc0d62eaff2373906,False,2023.1,,ZynqMP KV260 revB machine-id:a435d1c5,,all,,hw,,,,kria,not read (sensor only),11aa4f0561d40b905c27206bc0d62eaff2373906,,,,sensor_only,,False,,,,"0,1,2,3",,no environment pre-flight (not run by run_sessions.py): not paper-grade,SOM-rail power (INA260),VCC_SOM,hwmon,/sys/class/hwmon/hwmon2 name=ina260_u14,"{""update_interval_ms"": ""not exposed""}",10.000,10.049,0.1001,0,0,sample_only,3078.532842,11.100718,1790782600.142392,2026-09-30T15:36:40.142+00:00,3.220000,0.637000,5.047000,power1_input=3220000uW curr1_input=637mA in1_input=5047mV
2026-09-30T15:36:49+00:00,11aa4f0561d40b905c27206bc0d62eaff2373906,False,2023.1,,ZynqMP KV260 revB machine-id:a435d1c5,,all,,hw,,,,kria,not read (sensor only),11aa4f0561d40b905c27206bc0d62eaff2373906,,,,sensor_only,,False,,,,"0,1,2,3",,no environment pre-flight (not run by run_sessions.py): not paper-grade,SOM-rail power (INA260),VCC_SOM,hwmon,/sys/class/hwmon/hwmon2 name=ina260_u14,"{""update_interval_ms"": ""not exposed""}",10.000,10.049,0.1001,0,0,sample_only,3078.632809,11.200684,1790782600.242357,2026-09-30T15:36:40.242+00:00,3.200000,0.633000,5.047000,power1_input=3200000uW curr1_input=633mA in1_input=5047mV
2026-09-30T15:36:49+00:00,11aa4f0561d40b905c27206bc0d62eaff2373906,False,2023.1,,ZynqMP KV260 revB machine-id:a435d1c5,,all,,hw,,,,kria,not read (sensor only),11aa4f0561d40b905c27206bc0d62eaff2373906,,,,sensor_only,,False,,,,"0,1,2,3",,no environment pre-flight (not run by run_sessions.py): not paper-grade,SOM-rail power (INA260),VCC_SOM,hwmon,/sys/class/hwmon/hwmon2 name=ina260_u14,"{""update_interval_ms"": ""not exposed""}",10.000,10.049,0.1001,0,0,sample_only,3078.732828,11.300704,1790782600.342378,2026-09-30T15:36:40.342+00:00,3.210000,0.636000,5.047000,power1_input=3210000uW curr1_input=636mA in1_input=5047mV
2026-09-30T15:36:49+00:00,11aa4f0561d40b905c27206bc0d62eaff2373906,False,2023.1,,ZynqMP KV260 revB machine-id:a435d1c5,,all,,hw,,,,kria,not read (sensor only),11aa4f0561d40b905c27206bc0d62eaff2373906,,,,sensor_only,,False,,,,"0,1,2,3",,no environment pre-flight (not run by run_sessions.py): not paper-grade,SOM-rail power (INA260),VCC_SOM,hwmon,/sys/class/hwmon/hwmon2 name=ina260_u14,"{""update_interval_ms"": ""not exposed""}",10.000,10.049,0.1001,0,0,sample_only,3078.832818,11.400694,1790782600.442368,2026-09-30T15:36:40.442+00:00,3.200000,0.635000,5.047000,power1_input=3200000uW curr1_input=635mA in1_input=5047mV
2026-09-30T15:36:49+00:00,11aa4f0561d40b905c27206bc0d62eaff2373906,False,2023.1,,ZynqMP KV260 revB machine-id:a435d1c5,,all,,hw,,,,kria,not read (sensor only),11aa4f0561d40b905c27206bc0d62eaff2373906,,,,sensor_only,,False,,,,"0,1,2,3",,no environment pre-flight (not run by run_sessions.py): not paper-grade,SOM-rail power (INA260),VCC_SOM,hwmon,/sys/class/hwmon/hwmon2 name=ina260_u14,"{""update_interval_ms"": ""not exposed""}",10.000,10.049,0.1001,0,0,sample_only,3078.932803,11.500679,1790782600.542352,2026-09-30T15:36:40.542+00:00,3.210000,0.636000,5.047000,power1_input=3210000uW curr1_input=636mA in1_input=5047mV
2026-09-30T15:36:49+00:00,11aa4f0561d40b905c27206bc0d62eaff2373906,False,2023.1,,ZynqMP KV260 revB machine-id:a435d1c5,,all,,hw,,,,kria,not read (sensor only),11aa4f0561d40b905c27206bc0d62eaff2373906,,,,sensor_only,,False,,,,"0,1,2,3",,no environment pre-flight (not run by run_sessions.py): not paper-grade,SOM-rail power (INA260),VCC_SOM,hwmon,/sys/class/hwmon/hwmon2 name=ina260_u14,"{""update_interval_ms"": ""not exposed""}",10.000,10.049,0.1001,0,0,sample_only,3079.032821,11.600696,1790782600.642370,2026-09-30T15:36:40.642+00:00,3.210000,0.636000,5.047000,power1_input=3210000uW curr1_input=636mA in1_input=5047mV
2026-09-30T15:36:49+00:00,11aa4f0561d40b905c27206bc0d62eaff2373906,False,2023.1,,ZynqMP KV260 revB machine-id:a435d1c5,,all,,hw,,,,kria,not read (sensor only),11aa4f0561d40b905c27206bc0d62eaff2373906,,,,sensor_only,,False,,,,"0,1,2,3",,no environment pre-flight (not run by run_sessions.py): not paper-grade,SOM-rail power (INA260),VCC_SOM,hwmon,/sys/class/hwmon/hwmon2 name=ina260_u14,"{""update_interval_ms"": ""not exposed""}",10.000,10.049,0.1001,0,0,sample_only,3079.132800,11.700676,1790782600.742349,2026-09-30T15:36:40.742+00:00,3.210000,0.636000,5.047000,power1_input=3210000uW curr1_input=636mA in1_input=5047mV
2026-09-30T15:36:49+00:00,11aa4f0561d40b905c27206bc0d62eaff2373906,False,2023.1,,ZynqMP KV260 revB machine-id:a435d1c5,,all,,hw,,,,kria,not read (sensor only),11aa4f0561d40b905c27206bc0d62eaff2373906,,,,sensor_only,,False,,,,"0,1,2,3",,no environment pre-flight (not run by run_sessions.py): not paper-grade,SOM-rail power (INA260),VCC_SOM,hwmon,/sys/class/hwmon/hwmon2 name=ina260_u14,"{""update_interval_ms"": ""not exposed""}",10.000,10.049,0.1001,0,0,sample_only,3079.232807,11.800683,1790782600.842356,2026-09-30T15:36:40.842+00:00,3.200000,0.635000,5.047000,power1_input=3200000uW curr1_input=635mA in1_input=5047mV
2026-09-30T15:36:49+00:00,11aa4f0561d40b905c27206bc0d62eaff2373906,False,2023.1,,ZynqMP KV260 revB machine-id:a435d1c5,,all,,hw,,,,kria,not read (sensor only),11aa4f0561d40b905c27206bc0d62eaff2373906,,,,sensor_only,,False,,,,"0,1,2,3",,no environment pre-flight (not run by run_sessions.py): not paper-grade,SOM-rail power (INA260),VCC_SOM,hwmon,/sys/class/hwmon/hwmon2 name=ina260_u14,"{""update_interval_ms"": ""not exposed""}",10.000,10.049,0.1001,0,0,sample_only,3079.332799,11.900675,1790782600.942348,2026-09-30T15:36:40.942+00:00,3.220000,0.637000,5.047000,power1_input=3220000uW curr1_input=637mA in1_input=5047mV
2026-09-30T15:36:49+00:00,11aa4f0561d40b905c27206bc0d62eaff2373906,False,2023.1,,ZynqMP KV260 revB machine-id:a435d1c5,,all,,hw,,,,kria,not read (sensor only),11aa4f0561d40b905c27206bc0d62eaff2373906,,,,sensor_only,,False,,,,"0,1,2,3",,no environment pre-flight (not run by run_sessions.py): not paper-grade,SOM-rail power (INA260),VCC_SOM,hwmon,/sys/class/hwmon/hwmon2 name=ina260_u14,"{""update_interval_ms"": ""not exposed""}",10.000,10.049,0.1001,0,0,sample_only,3079.432840,12.000716,1790782601.042388,2026-09-30T15:36:41.042+00:00,3.200000,0.635000,5.047000,power1_input=3200000uW curr1_input=635mA in1_input=5047mV
2026-09-30T15:36:49+00:00,11aa4f0561d40b905c27206bc0d62eaff2373906,False,2023.1,,ZynqMP KV260 revB machine-id:a435d1c5,,all,,hw,,,,kria,not read (sensor only),11aa4f0561d40b905c27206bc0d62eaff2373906,,,,sensor_only,,False,,,,"0,1,2,3",,no environment pre-flight (not run by run_sessions.py): not paper-grade,SOM-rail power (INA260),VCC_SOM,hwmon,/sys/class/hwmon/hwmon2 name=ina260_u14,"{""update_interval_ms"": ""not exposed""}",10.000,10.049,0.1001,0,0,sample_only,3079.532835,12.100710,1790782601.142383,2026-09-30T15:36:41.142+00:00,3.210000,0.638000,5.047000,power1_input=3210000uW curr1_input=638mA in1_input=5047mV
2026-09-30T15:36:49+00:00,11aa4f0561d40b905c27206bc0d62eaff2373906,False,2023.1,,ZynqMP KV260 revB machine-id:a435d1c5,,all,,hw,,,,kria,not read (sensor only),11aa4f0561d40b905c27206bc0d62eaff2373906,,,,sensor_only,,False,,,,"0,1,2,3",,no environment pre-flight (not run by run_sessions.py): not paper-grade,SOM-rail power (INA260),VCC_SOM,hwmon,/sys/class/hwmon/hwmon2 name=ina260_u14,"{""update_interval_ms"": ""not exposed""}",10.000,10.049,0.1001,0,0,sample_only,3079.632789,12.200665,1790782601.242338,2026-09-30T15:36:41.242+00:00,3.200000,0.633000,5.047000,power1_input=3200000uW curr1_input=633mA in1_input=5047mV
2026-09-30T15:36:49+00:00,11aa4f0561d40b905c27206bc0d62eaff2373906,False,2023.1,,ZynqMP KV260 revB machine-id:a435d1c5,,all,,hw,,,,kria,not read (sensor only),11aa4f0561d40b905c27206bc0d62eaff2373906,,,,sensor_only,,False,,,,"0,1,2,3",,no environment pre-flight (not run by run_sessions.py): not paper-grade,SOM-rail power (INA260),VCC_SOM,hwmon,/sys/class/hwmon/hwmon2 name=ina260_u14,"{""update_interval_ms"": ""not exposed""}",10.000,10.049,0.1001,0,0,sample_only,3079.732787,12.300663,1790782601.342336,2026-09-30T15:36:41.342+00:00,3.200000,0.633000,5.047000,power1_input=3200000uW curr1_input=633mA in1_input=5047mV
2026-09-30T15:36:49+00:00,11aa4f0561d40b905c27206bc0d62eaff2373906,False,2023.1,,ZynqMP KV260 revB machine-id:a435d1c5,,all,,hw,,,,kria,not read (sensor only),11aa4f0561d40b905c27206bc0d62eaff2373906,,,,sensor_only,,False,,,,"0,1,2,3",,no environment pre-flight (not run by run_sessions.py): not paper-grade,SOM-rail power (INA260),VCC_SOM,hwmon,/sys/class/hwmon/hwmon2 name=ina260_u14,"{""update_interval_ms"": ""not exposed""}",10.000,10.049,0.1001,0,0,sample_only,3079.832833,12.400708,1790782601.442381,2026-09-30T15:36:41.442+00:00,3.200000,0.635000,5.047000,power1_input=3200000uW curr1_input=635mA in1_input=5047mV
2026-09-30T15:36:49+00:00,11aa4f0561d40b905c27206bc0d62eaff2373906,False,2023.1,,ZynqMP KV260 revB machine-id:a435d1c5,,all,,hw,,,,kria,not read (sensor only),11aa4f0561d40b905c27206bc0d62eaff2373906,,,,sensor_only,,False,,,,"0,1,2,3",,no environment pre-flight (not run by run_sessions.py): not paper-grade,SOM-rail power (INA260),VCC_SOM,hwmon,/sys/class/hwmon/hwmon2 name=ina260_u14,"{""update_interval_ms"": ""not exposed""}",10.000,10.049,0.1001,0,0,sample_only,3079.932835,12.500711,1790782601.542383,2026-09-30T15:36:41.542+00:00,3.200000,0.635000,5.047000,power1_input=3200000uW curr1_input=635mA in1_input=5047mV
2026-09-30T15:36:49+00:00,11aa4f0561d40b905c27206bc0d62eaff2373906,False,2023.1,,ZynqMP KV260 revB machine-id:a435d1c5,,all,,hw,,,,kria,not read (sensor only),11aa4f0561d40b905c27206bc0d62eaff2373906,,,,sensor_only,,False,,,,"0,1,2,3",,no environment pre-flight (not run by run_sessions.py): not paper-grade,SOM-rail power (INA260),VCC_SOM,hwmon,/sys/class/hwmon/hwmon2 name=ina260_u14,"{""update_interval_ms"": ""not exposed""}",10.000,10.049,0.1001,0,0,sample_only,3080.032786,12.600661,1790782601.642334,2026-09-30T15:36:41.642+00:00,3.220000,0.637000,5.047000,power1_input=3220000uW curr1_input=637mA in1_input=5047mV
2026-09-30T15:36:49+00:00,11aa4f0561d40b905c27206bc0d62eaff2373906,False,2023.1,,ZynqMP KV260 revB machine-id:a435d1c5,,all,,hw,,,,kria,not read (sensor only),11aa4f0561d40b905c27206bc0d62eaff2373906,,,,sensor_only,,False,,,,"0,1,2,3",,no environment pre-flight (not run by run_sessions.py): not paper-grade,SOM-rail power (INA260),VCC_SOM,hwmon,/sys/class/hwmon/hwmon2 name=ina260_u14,"{""update_interval_ms"": ""not exposed""}",10.000,10.049,0.1001,0,0,sample_only,3080.132785,12.700661,1790782601.742333,2026-09-30T15:36:41.742+00:00,3.200000,0.633000,5.047000,power1_input=3200000uW curr1_input=633mA in1_input=5047mV
2026-09-30T15:36:49+00:00,11aa4f0561d40b905c27206bc0d62eaff2373906,False,2023.1,,ZynqMP KV260 revB machine-id:a435d1c5,,all,,hw,,,,kria,not read (sensor only),11aa4f0561d40b905c27206bc0d62eaff2373906,,,,sensor_only,,False,,,,"0,1,2,3",,no environment pre-flight (not run by run_sessions.py): not paper-grade,SOM-rail power (INA260),VCC_SOM,hwmon,/sys/class/hwmon/hwmon2 name=ina260_u14,"{""update_interval_ms"": ""not exposed""}",10.000,10.049,0.1001,0,0,sample_only,3080.232788,12.800664,1790782601.842337,2026-09-30T15:36:41.842+00:00,3.200000,0.636000,5.047000,power1_input=3200000uW curr1_input=636mA in1_input=5047mV
2026-09-30T15:36:49+00:00,11aa4f0561d40b905c27206bc0d62eaff2373906,False,2023.1,,ZynqMP KV260 revB machine-id:a435d1c5,,all,,hw,,,,kria,not read (sensor only),11aa4f0561d40b905c27206bc0d62eaff2373906,,,,sensor_only,,False,,,,"0,1,2,3",,no environment pre-flight (not run by run_sessions.py): not paper-grade,SOM-rail power (INA260),VCC_SOM,hwmon,/sys/class/hwmon/hwmon2 name=ina260_u14,"{""update_interval_ms"": ""not exposed""}",10.000,10.049,0.1001,0,0,sample_only,3080.332795,12.900671,1790782601.942344,2026-09-30T15:36:41.942+00:00,3.230000,0.638000,5.047000,power1_input=3230000uW curr1_input=638mA in1_input=5047mV
2026-09-30T15:36:49+00:00,11aa4f0561d40b905c27206bc0d62eaff2373906,False,2023.1,,ZynqMP KV260 revB machine-id:a435d1c5,,all,,hw,,,,kria,not read (sensor only),11aa4f0561d40b905c27206bc0d62eaff2373906,,,,sensor_only,,False,,,,"0,1,2,3",,no environment pre-flight (not run by run_sessions.py): not paper-grade,SOM-rail power (INA260),VCC_SOM,hwmon,/sys/class/hwmon/hwmon2 name=ina260_u14,"{""update_interval_ms"": ""not exposed""}",10.000,10.049,0.1001,0,0,sample_only,3080.432801,13.000677,1790782602.042350,2026-09-30T15:36:42.042+00:00,3.220000,0.637000,5.047000,power1_input=3220000uW curr1_input=637mA in1_input=5047mV
2026-09-30T15:36:49+00:00,11aa4f0561d40b905c27206bc0d62eaff2373906,False,2023.1,,ZynqMP KV260 revB machine-id:a435d1c5,,all,,hw,,,,kria,not read (sensor only),11aa4f0561d40b905c27206bc0d62eaff2373906,,,,sensor_only,,False,,,,"0,1,2,3",,no environment pre-flight (not run by run_sessions.py): not paper-grade,SOM-rail power (INA260),VCC_SOM,hwmon,/sys/class/hwmon/hwmon2 name=ina260_u14,"{""update_interval_ms"": ""not exposed""}",10.000,10.049,0.1001,0,0,sample_only,3080.532839,13.100715,1790782602.142387,2026-09-30T15:36:42.142+00:00,3.200000,0.638000,5.046000,power1_input=3200000uW curr1_input=638mA in1_input=5046mV
2026-09-30T15:36:49+00:00,11aa4f0561d40b905c27206bc0d62eaff2373906,False,2023.1,,ZynqMP KV260 revB machine-id:a435d1c5,,all,,hw,,,,kria,not read (sensor only),11aa4f0561d40b905c27206bc0d62eaff2373906,,,,sensor_only,,False,,,,"0,1,2,3",,no environment pre-flight (not run by run_sessions.py): not paper-grade,SOM-rail power (INA260),VCC_SOM,hwmon,/sys/class/hwmon/hwmon2 name=ina260_u14,"{""update_interval_ms"": ""not exposed""}",10.000,10.049,0.1001,0,0,sample_only,3080.632790,13.200666,1790782602.242339,2026-09-30T15:36:42.242+00:00,3.220000,0.638000,5.047000,power1_input=3220000uW curr1_input=638mA in1_input=5047mV
2026-09-30T15:36:49+00:00,11aa4f0561d40b905c27206bc0d62eaff2373906,False,2023.1,,ZynqMP KV260 revB machine-id:a435d1c5,,all,,hw,,,,kria,not read (sensor only),11aa4f0561d40b905c27206bc0d62eaff2373906,,,,sensor_only,,False,,,,"0,1,2,3",,no environment pre-flight (not run by run_sessions.py): not paper-grade,SOM-rail power (INA260),VCC_SOM,hwmon,/sys/class/hwmon/hwmon2 name=ina260_u14,"{""update_interval_ms"": ""not exposed""}",10.000,10.049,0.1001,0,0,sample_only,3080.732859,13.300734,1790782602.342408,2026-09-30T15:36:42.342+00:00,3.200000,0.633000,5.047000,power1_input=3200000uW curr1_input=633mA in1_input=5047mV
2026-09-30T15:36:49+00:00,11aa4f0561d40b905c27206bc0d62eaff2373906,False,2023.1,,ZynqMP KV260 revB machine-id:a435d1c5,,all,,hw,,,,kria,not read (sensor only),11aa4f0561d40b905c27206bc0d62eaff2373906,,,,sensor_only,,False,,,,"0,1,2,3",,no environment pre-flight (not run by run_sessions.py): not paper-grade,SOM-rail power (INA260),VCC_SOM,hwmon,/sys/class/hwmon/hwmon2 name=ina260_u14,"{""update_interval_ms"": ""not exposed""}",10.000,10.049,0.1001,0,0,sample_only,3080.832793,13.400669,1790782602.442342,2026-09-30T15:36:42.442+00:00,3.200000,0.635000,5.046000,power1_input=3200000uW curr1_input=635mA in1_input=5046mV
2026-09-30T15:36:49+00:00,11aa4f0561d40b905c27206bc0d62eaff2373906,False,2023.1,,ZynqMP KV260 revB machine-id:a435d1c5,,all,,hw,,,,kria,not read (sensor only),11aa4f0561d40b905c27206bc0d62eaff2373906,,,,sensor_only,,False,,,,"0,1,2,3",,no environment pre-flight (not run by run_sessions.py): not paper-grade,SOM-rail power (INA260),VCC_SOM,hwmon,/sys/class/hwmon/hwmon2 name=ina260_u14,"{""update_interval_ms"": ""not exposed""}",10.000,10.049,0.1001,0,0,sample_only,3080.932795,13.500671,1790782602.542344,2026-09-30T15:36:42.542+00:00,3.220000,0.638000,5.047000,power1_input=3220000uW curr1_input=638mA in1_input=5047mV
2026-09-30T15:36:49+00:00,11aa4f0561d40b905c27206bc0d62eaff2373906,False,2023.1,,ZynqMP KV260 revB machine-id:a435d1c5,,all,,hw,,,,kria,not read (sensor only),11aa4f0561d40b905c27206bc0d62eaff2373906,,,,sensor_only,,False,,,,"0,1,2,3",,no environment pre-flight (not run by run_sessions.py): not paper-grade,SOM-rail power (INA260),VCC_SOM,hwmon,/sys/class/hwmon/hwmon2 name=ina260_u14,"{""update_interval_ms"": ""not exposed""}",10.000,10.049,0.1001,0,0,sample_only,3081.032794,13.600670,1790782602.642342,2026-09-30T15:36:42.642+00:00,3.200000,0.633000,5.046000,power1_input=3200000uW curr1_input=633mA in1_input=5046mV
2026-09-30T15:36:49+00:00,11aa4f0561d40b905c27206bc0d62eaff2373906,False,2023.1,,ZynqMP KV260 revB machine-id:a435d1c5,,all,,hw,,,,kria,not read (sensor only),11aa4f0561d40b905c27206bc0d62eaff2373906,,,,sensor_only,,False,,,,"0,1,2,3",,no environment pre-flight (not run by run_sessions.py): not paper-grade,SOM-rail power (INA260),VCC_SOM,hwmon,/sys/class/hwmon/hwmon2 name=ina260_u14,"{""update_interval_ms"": ""not exposed""}",10.000,10.049,0.1001,0,0,sample_only,3081.132787,13.700663,1790782602.742336,2026-09-30T15:36:42.742+00:00,3.210000,0.636000,5.047000,power1_input=3210000uW curr1_input=636mA in1_input=5047mV
2026-09-30T15:36:49+00:00,11aa4f0561d40b905c27206bc0d62eaff2373906,False,2023.1,,ZynqMP KV260 revB machine-id:a435d1c5,,all,,hw,,,,kria,not read (sensor only),11aa4f0561d40b905c27206bc0d62eaff2373906,,,,sensor_only,,False,,,,"0,1,2,3",,no environment pre-flight (not run by run_sessions.py): not paper-grade,SOM-rail power (INA260),VCC_SOM,hwmon,/sys/class/hwmon/hwmon2 name=ina260_u14,"{""update_interval_ms"": ""not exposed""}",10.000,10.049,0.1001,0,0,sample_only,3081.232791,13.800667,1790782602.842340,2026-09-30T15:36:42.842+00:00,3.200000,0.632000,5.047000,power1_input=3200000uW curr1_input=632mA in1_input=5047mV
2026-09-30T15:36:49+00:00,11aa4f0561d40b905c27206bc0d62eaff2373906,False,2023.1,,ZynqMP KV260 revB machine-id:a435d1c5,,all,,hw,,,,kria,not read (sensor only),11aa4f0561d40b905c27206bc0d62eaff2373906,,,,sensor_only,,False,,,,"0,1,2,3",,no environment pre-flight (not run by run_sessions.py): not paper-grade,SOM-rail power (INA260),VCC_SOM,hwmon,/sys/class/hwmon/hwmon2 name=ina260_u14,"{""update_interval_ms"": ""not exposed""}",10.000,10.049,0.1001,0,0,sample_only,3081.332796,13.900672,1790782602.942344,2026-09-30T15:36:42.942+00:00,3.200000,0.635000,5.047000,power1_input=3200000uW curr1_input=635mA in1_input=5047mV
2026-09-30T15:36:49+00:00,11aa4f0561d40b905c27206bc0d62eaff2373906,False,2023.1,,ZynqMP KV260 revB machine-id:a435d1c5,,all,,hw,,,,kria,not read (sensor only),11aa4f0561d40b905c27206bc0d62eaff2373906,,,,sensor_only,,False,,,,"0,1,2,3",,no environment pre-flight (not run by run_sessions.py): not paper-grade,SOM-rail power (INA260),VCC_SOM,hwmon,/sys/class/hwmon/hwmon2 name=ina260_u14,"{""update_interval_ms"": ""not exposed""}",10.000,10.049,0.1001,0,0,sample_only,3081.432797,14.000673,1790782603.042346,2026-09-30T15:36:43.042+00:00,3.230000,0.638000,5.047000,power1_input=3230000uW curr1_input=638mA in1_input=5047mV
2026-09-30T15:36:49+00:00,11aa4f0561d40b905c27206bc0d62eaff2373906,False,2023.1,,ZynqMP KV260 revB machine-id:a435d1c5,,all,,hw,,,,kria,not read (sensor only),11aa4f0561d40b905c27206bc0d62eaff2373906,,,,sensor_only,,False,,,,"0,1,2,3",,no environment pre-flight (not run by run_sessions.py): not paper-grade,SOM-rail power (INA260),VCC_SOM,hwmon,/sys/class/hwmon/hwmon2 name=ina260_u14,"{""update_interval_ms"": ""not exposed""}",10.000,10.049,0.1001,0,0,sample_only,3081.532790,14.100666,1790782603.142339,2026-09-30T15:36:43.142+00:00,3.210000,0.636000,5.047000,power1_input=3210000uW curr1_input=636mA in1_input=5047mV
2026-09-30T15:36:49+00:00,11aa4f0561d40b905c27206bc0d62eaff2373906,False,2023.1,,ZynqMP KV260 revB machine-id:a435d1c5,,all,,hw,,,,kria,not read (sensor only),11aa4f0561d40b905c27206bc0d62eaff2373906,,,,sensor_only,,False,,,,"0,1,2,3",,no environment pre-flight (not run by run_sessions.py): not paper-grade,SOM-rail power (INA260),VCC_SOM,hwmon,/sys/class/hwmon/hwmon2 name=ina260_u14,"{""update_interval_ms"": ""not exposed""}",10.000,10.049,0.1001,0,0,sample_only,3081.632837,14.200713,1790782603.242386,2026-09-30T15:36:43.242+00:00,3.200000,0.635000,5.047000,power1_input=3200000uW curr1_input=635mA in1_input=5047mV
2026-09-30T15:36:49+00:00,11aa4f0561d40b905c27206bc0d62eaff2373906,False,2023.1,,ZynqMP KV260 revB machine-id:a435d1c5,,all,,hw,,,,kria,not read (sensor only),11aa4f0561d40b905c27206bc0d62eaff2373906,,,,sensor_only,,False,,,,"0,1,2,3",,no environment pre-flight (not run by run_sessions.py): not paper-grade,SOM-rail power (INA260),VCC_SOM,hwmon,/sys/class/hwmon/hwmon2 name=ina260_u14,"{""update_interval_ms"": ""not exposed""}",10.000,10.049,0.1001,0,0,sample_only,3081.732798,14.300674,1790782603.342347,2026-09-30T15:36:43.342+00:00,3.210000,0.636000,5.047000,power1_input=3210000uW curr1_input=636mA in1_input=5047mV
2026-09-30T15:36:49+00:00,11aa4f0561d40b905c27206bc0d62eaff2373906,False,2023.1,,ZynqMP KV260 revB machine-id:a435d1c5,,all,,hw,,,,kria,not read (sensor only),11aa4f0561d40b905c27206bc0d62eaff2373906,,,,sensor_only,,False,,,,"0,1,2,3",,no environment pre-flight (not run by run_sessions.py): not paper-grade,SOM-rail power (INA260),VCC_SOM,hwmon,/sys/class/hwmon/hwmon2 name=ina260_u14,"{""update_interval_ms"": ""not exposed""}",10.000,10.049,0.1001,0,0,sample_only,3081.832815,14.400691,1790782603.442365,2026-09-30T15:36:43.442+00:00,3.210000,0.635000,5.047000,power1_input=3210000uW curr1_input=635mA in1_input=5047mV
2026-09-30T15:36:49+00:00,11aa4f0561d40b905c27206bc0d62eaff2373906,False,2023.1,,ZynqMP KV260 revB machine-id:a435d1c5,,all,,hw,,,,kria,not read (sensor only),11aa4f0561d40b905c27206bc0d62eaff2373906,,,,sensor_only,,False,,,,"0,1,2,3",,no environment pre-flight (not run by run_sessions.py): not paper-grade,SOM-rail power (INA260),VCC_SOM,hwmon,/sys/class/hwmon/hwmon2 name=ina260_u14,"{""update_interval_ms"": ""not exposed""}",10.000,10.049,0.1001,0,0,sample_only,3081.932799,14.500675,1790782603.542348,2026-09-30T15:36:43.542+00:00,3.200000,0.635000,5.047000,power1_input=3200000uW curr1_input=635mA in1_input=5047mV
2026-09-30T15:36:49+00:00,11aa4f0561d40b905c27206bc0d62eaff2373906,False,2023.1,,ZynqMP KV260 revB machine-id:a435d1c5,,all,,hw,,,,kria,not read (sensor only),11aa4f0561d40b905c27206bc0d62eaff2373906,,,,sensor_only,,False,,,,"0,1,2,3",,no environment pre-flight (not run by run_sessions.py): not paper-grade,SOM-rail power (INA260),VCC_SOM,hwmon,/sys/class/hwmon/hwmon2 name=ina260_u14,"{""update_interval_ms"": ""not exposed""}",10.000,10.049,0.1001,0,0,sample_only,3082.032830,14.600706,1790782603.642379,2026-09-30T15:36:43.642+00:00,3.200000,0.635000,5.047000,power1_input=3200000uW curr1_input=635mA in1_input=5047mV
2026-09-30T15:36:49+00:00,11aa4f0561d40b905c27206bc0d62eaff2373906,False,2023.1,,ZynqMP KV260 revB machine-id:a435d1c5,,all,,hw,,,,kria,not read (sensor only),11aa4f0561d40b905c27206bc0d62eaff2373906,,,,sensor_only,,False,,,,"0,1,2,3",,no environment pre-flight (not run by run_sessions.py): not paper-grade,SOM-rail power (INA260),VCC_SOM,hwmon,/sys/class/hwmon/hwmon2 name=ina260_u14,"{""update_interval_ms"": ""not exposed""}",10.000,10.049,0.1001,0,0,sample_only,3082.132811,14.700687,1790782603.742360,2026-09-30T15:36:43.742+00:00,3.200000,0.635000,5.047000,power1_input=3200000uW curr1_input=635mA in1_input=5047mV
2026-09-30T15:36:49+00:00,11aa4f0561d40b905c27206bc0d62eaff2373906,False,2023.1,,ZynqMP KV260 revB machine-id:a435d1c5,,all,,hw,,,,kria,not read (sensor only),11aa4f0561d40b905c27206bc0d62eaff2373906,,,,sensor_only,,False,,,,"0,1,2,3",,no environment pre-flight (not run by run_sessions.py): not paper-grade,SOM-rail power (INA260),VCC_SOM,hwmon,/sys/class/hwmon/hwmon2 name=ina260_u14,"{""update_interval_ms"": ""not exposed""}",10.000,10.049,0.1001,0,0,sample_only,3082.232811,14.800686,1790782603.842360,2026-09-30T15:36:43.842+00:00,3.200000,0.633000,5.047000,power1_input=3200000uW curr1_input=633mA in1_input=5047mV
2026-09-30T15:36:49+00:00,11aa4f0561d40b905c27206bc0d62eaff2373906,False,2023.1,,ZynqMP KV260 revB machine-id:a435d1c5,,all,,hw,,,,kria,not read (sensor only),11aa4f0561d40b905c27206bc0d62eaff2373906,,,,sensor_only,,False,,,,"0,1,2,3",,no environment pre-flight (not run by run_sessions.py): not paper-grade,SOM-rail power (INA260),VCC_SOM,hwmon,/sys/class/hwmon/hwmon2 name=ina260_u14,"{""update_interval_ms"": ""not exposed""}",10.000,10.049,0.1001,0,0,sample_only,3082.332796,14.900672,1790782603.942345,2026-09-30T15:36:43.942+00:00,3.210000,0.636000,5.046000,power1_input=3210000uW curr1_input=636mA in1_input=5046mV
2026-09-30T15:36:49+00:00,11aa4f0561d40b905c27206bc0d62eaff2373906,False,2023.1,,ZynqMP KV260 revB machine-id:a435d1c5,,all,,hw,,,,kria,not read (sensor only),11aa4f0561d40b905c27206bc0d62eaff2373906,,,,sensor_only,,False,,,,"0,1,2,3",,no environment pre-flight (not run by run_sessions.py): not paper-grade,SOM-rail power (INA260),VCC_SOM,hwmon,/sys/class/hwmon/hwmon2 name=ina260_u14,"{""update_interval_ms"": ""not exposed""}",10.000,10.049,0.1001,0,0,sample_only,3082.432863,15.000739,1790782604.042413,2026-09-30T15:36:44.042+00:00,3.220000,0.637000,5.047000,power1_input=3220000uW curr1_input=637mA in1_input=5047mV
2026-09-30T15:36:49+00:00,11aa4f0561d40b905c27206bc0d62eaff2373906,False,2023.1,,ZynqMP KV260 revB machine-id:a435d1c5,,all,,hw,,,,kria,not read (sensor only),11aa4f0561d40b905c27206bc0d62eaff2373906,,,,sensor_only,,False,,,,"0,1,2,3",,no environment pre-flight (not run by run_sessions.py): not paper-grade,SOM-rail power (INA260),VCC_SOM,hwmon,/sys/class/hwmon/hwmon2 name=ina260_u14,"{""update_interval_ms"": ""not exposed""}",10.000,10.049,0.1001,0,0,sample_only,3082.532805,15.100681,1790782604.142354,2026-09-30T15:36:44.142+00:00,3.210000,0.636000,5.047000,power1_input=3210000uW curr1_input=636mA in1_input=5047mV
2026-09-30T15:36:49+00:00,11aa4f0561d40b905c27206bc0d62eaff2373906,False,2023.1,,ZynqMP KV260 revB machine-id:a435d1c5,,all,,hw,,,,kria,not read (sensor only),11aa4f0561d40b905c27206bc0d62eaff2373906,,,,sensor_only,,False,,,,"0,1,2,3",,no environment pre-flight (not run by run_sessions.py): not paper-grade,SOM-rail power (INA260),VCC_SOM,hwmon,/sys/class/hwmon/hwmon2 name=ina260_u14,"{""update_interval_ms"": ""not exposed""}",10.000,10.049,0.1001,0,0,sample_only,3082.632792,15.200668,1790782604.242341,2026-09-30T15:36:44.242+00:00,3.210000,0.636000,5.047000,power1_input=3210000uW curr1_input=636mA in1_input=5047mV
2026-09-30T15:36:49+00:00,11aa4f0561d40b905c27206bc0d62eaff2373906,False,2023.1,,ZynqMP KV260 revB machine-id:a435d1c5,,all,,hw,,,,kria,not read (sensor only),11aa4f0561d40b905c27206bc0d62eaff2373906,,,,sensor_only,,False,,,,"0,1,2,3",,no environment pre-flight (not run by run_sessions.py): not paper-grade,SOM-rail power (INA260),VCC_SOM,hwmon,/sys/class/hwmon/hwmon2 name=ina260_u14,"{""update_interval_ms"": ""not exposed""}",10.000,10.049,0.1001,0,0,sample_only,3082.732805,15.300680,1790782604.342354,2026-09-30T15:36:44.342+00:00,3.230000,0.638000,5.047000,power1_input=3230000uW curr1_input=638mA in1_input=5047mV
2026-09-30T15:36:49+00:00,11aa4f0561d40b905c27206bc0d62eaff2373906,False,2023.1,,ZynqMP KV260 revB machine-id:a435d1c5,,all,,hw,,,,kria,not read (sensor only),11aa4f0561d40b905c27206bc0d62eaff2373906,,,,sensor_only,,False,,,,"0,1,2,3",,no environment pre-flight (not run by run_sessions.py): not paper-grade,SOM-rail power (INA260),VCC_SOM,hwmon,/sys/class/hwmon/hwmon2 name=ina260_u14,"{""update_interval_ms"": ""not exposed""}",10.000,10.049,0.1001,0,0,sample_only,3082.832843,15.400719,1790782604.442391,2026-09-30T15:36:44.442+00:00,3.200000,0.635000,5.046000,power1_input=3200000uW curr1_input=635mA in1_input=5046mV
2026-09-30T15:36:49+00:00,11aa4f0561d40b905c27206bc0d62eaff2373906,False,2023.1,,ZynqMP KV260 revB machine-id:a435d1c5,,all,,hw,,,,kria,not read (sensor only),11aa4f0561d40b905c27206bc0d62eaff2373906,,,,sensor_only,,False,,,,"0,1,2,3",,no environment pre-flight (not run by run_sessions.py): not paper-grade,SOM-rail power (INA260),VCC_SOM,hwmon,/sys/class/hwmon/hwmon2 name=ina260_u14,"{""update_interval_ms"": ""not exposed""}",10.000,10.049,0.1001,0,0,sample_only,3082.932839,15.500715,1790782604.542387,2026-09-30T15:36:44.542+00:00,3.210000,0.635000,5.047000,power1_input=3210000uW curr1_input=635mA in1_input=5047mV
2026-09-30T15:36:49+00:00,11aa4f0561d40b905c27206bc0d62eaff2373906,False,2023.1,,ZynqMP KV260 revB machine-id:a435d1c5,,all,,hw,,,,kria,not read (sensor only),11aa4f0561d40b905c27206bc0d62eaff2373906,,,,sensor_only,,False,,,,"0,1,2,3",,no environment pre-flight (not run by run_sessions.py): not paper-grade,SOM-rail power (INA260),VCC_SOM,hwmon,/sys/class/hwmon/hwmon2 name=ina260_u14,"{""update_interval_ms"": ""not exposed""}",10.000,10.049,0.1001,0,0,sample_only,3083.032835,15.600711,1790782604.642384,2026-09-30T15:36:44.642+00:00,3.200000,0.635000,5.047000,power1_input=3200000uW curr1_input=635mA in1_input=5047mV
2026-09-30T15:36:49+00:00,11aa4f0561d40b905c27206bc0d62eaff2373906,False,2023.1,,ZynqMP KV260 revB machine-id:a435d1c5,,all,,hw,,,,kria,not read (sensor only),11aa4f0561d40b905c27206bc0d62eaff2373906,,,,sensor_only,,False,,,,"0,1,2,3",,no environment pre-flight (not run by run_sessions.py): not paper-grade,SOM-rail power (INA260),VCC_SOM,hwmon,/sys/class/hwmon/hwmon2 name=ina260_u14,"{""update_interval_ms"": ""not exposed""}",10.000,10.049,0.1001,0,0,sample_only,3083.132833,15.700709,1790782604.742382,2026-09-30T15:36:44.742+00:00,3.200000,0.633000,5.047000,power1_input=3200000uW curr1_input=633mA in1_input=5047mV
2026-09-30T15:36:49+00:00,11aa4f0561d40b905c27206bc0d62eaff2373906,False,2023.1,,ZynqMP KV260 revB machine-id:a435d1c5,,all,,hw,,,,kria,not read (sensor only),11aa4f0561d40b905c27206bc0d62eaff2373906,,,,sensor_only,,False,,,,"0,1,2,3",,no environment pre-flight (not run by run_sessions.py): not paper-grade,SOM-rail power (INA260),VCC_SOM,hwmon,/sys/class/hwmon/hwmon2 name=ina260_u14,"{""update_interval_ms"": ""not exposed""}",10.000,10.049,0.1001,0,0,sample_only,3083.232840,15.800716,1790782604.842389,2026-09-30T15:36:44.842+00:00,3.200000,0.640000,5.047000,power1_input=3200000uW curr1_input=640mA in1_input=5047mV
2026-09-30T15:36:49+00:00,11aa4f0561d40b905c27206bc0d62eaff2373906,False,2023.1,,ZynqMP KV260 revB machine-id:a435d1c5,,all,,hw,,,,kria,not read (sensor only),11aa4f0561d40b905c27206bc0d62eaff2373906,,,,sensor_only,,False,,,,"0,1,2,3",,no environment pre-flight (not run by run_sessions.py): not paper-grade,SOM-rail power (INA260),VCC_SOM,hwmon,/sys/class/hwmon/hwmon2 name=ina260_u14,"{""update_interval_ms"": ""not exposed""}",10.000,10.049,0.1001,0,0,sample_only,3083.332793,15.900669,1790782604.942342,2026-09-30T15:36:44.942+00:00,3.200000,0.633000,5.046000,power1_input=3200000uW curr1_input=633mA in1_input=5046mV
2026-09-30T15:36:49+00:00,11aa4f0561d40b905c27206bc0d62eaff2373906,False,2023.1,,ZynqMP KV260 revB machine-id:a435d1c5,,all,,hw,,,,kria,not read (sensor only),11aa4f0561d40b905c27206bc0d62eaff2373906,,,,sensor_only,,False,,,,"0,1,2,3",,no environment pre-flight (not run by run_sessions.py): not paper-grade,SOM-rail power (INA260),VCC_SOM,hwmon,/sys/class/hwmon/hwmon2 name=ina260_u14,"{""update_interval_ms"": ""not exposed""}",10.000,10.049,0.1001,0,0,sample_only,3083.432838,16.000714,1790782605.042387,2026-09-30T15:36:45.042+00:00,3.200000,0.635000,5.047000,power1_input=3200000uW curr1_input=635mA in1_input=5047mV
2026-09-30T15:36:49+00:00,11aa4f0561d40b905c27206bc0d62eaff2373906,False,2023.1,,ZynqMP KV260 revB machine-id:a435d1c5,,all,,hw,,,,kria,not read (sensor only),11aa4f0561d40b905c27206bc0d62eaff2373906,,,,sensor_only,,False,,,,"0,1,2,3",,no environment pre-flight (not run by run_sessions.py): not paper-grade,SOM-rail power (INA260),VCC_SOM,hwmon,/sys/class/hwmon/hwmon2 name=ina260_u14,"{""update_interval_ms"": ""not exposed""}",10.000,10.049,0.1001,0,0,sample_only,3083.532834,16.100710,1790782605.142383,2026-09-30T15:36:45.142+00:00,3.220000,0.637000,5.046000,power1_input=3220000uW curr1_input=637mA in1_input=5046mV
2026-09-30T15:36:49+00:00,11aa4f0561d40b905c27206bc0d62eaff2373906,False,2023.1,,ZynqMP KV260 revB machine-id:a435d1c5,,all,,hw,,,,kria,not read (sensor only),11aa4f0561d40b905c27206bc0d62eaff2373906,,,,sensor_only,,False,,,,"0,1,2,3",,no environment pre-flight (not run by run_sessions.py): not paper-grade,SOM-rail power (INA260),VCC_SOM,hwmon,/sys/class/hwmon/hwmon2 name=ina260_u14,"{""update_interval_ms"": ""not exposed""}",10.000,10.049,0.1001,0,0,sample_only,3083.632791,16.200667,1790782605.242340,2026-09-30T15:36:45.242+00:00,3.200000,0.633000,5.046000,power1_input=3200000uW curr1_input=633mA in1_input=5046mV
2026-09-30T15:36:49+00:00,11aa4f0561d40b905c27206bc0d62eaff2373906,False,2023.1,,ZynqMP KV260 revB machine-id:a435d1c5,,all,,hw,,,,kria,not read (sensor only),11aa4f0561d40b905c27206bc0d62eaff2373906,,,,sensor_only,,False,,,,"0,1,2,3",,no environment pre-flight (not run by run_sessions.py): not paper-grade,SOM-rail power (INA260),VCC_SOM,hwmon,/sys/class/hwmon/hwmon2 name=ina260_u14,"{""update_interval_ms"": ""not exposed""}",10.000,10.049,0.1001,0,0,sample_only,3083.732804,16.300680,1790782605.342353,2026-09-30T15:36:45.342+00:00,3.210000,0.636000,5.047000,power1_input=3210000uW curr1_input=636mA in1_input=5047mV
2026-09-30T15:36:49+00:00,11aa4f0561d40b905c27206bc0d62eaff2373906,False,2023.1,,ZynqMP KV260 revB machine-id:a435d1c5,,all,,hw,,,,kria,not read (sensor only),11aa4f0561d40b905c27206bc0d62eaff2373906,,,,sensor_only,,False,,,,"0,1,2,3",,no environment pre-flight (not run by run_sessions.py): not paper-grade,SOM-rail power (INA260),VCC_SOM,hwmon,/sys/class/hwmon/hwmon2 name=ina260_u14,"{""update_interval_ms"": ""not exposed""}",10.000,10.049,0.1001,0,0,sample_only,3083.832795,16.400670,1790782605.442343,2026-09-30T15:36:45.442+00:00,3.210000,0.636000,5.047000,power1_input=3210000uW curr1_input=636mA in1_input=5047mV
2026-09-30T15:36:49+00:00,11aa4f0561d40b905c27206bc0d62eaff2373906,False,2023.1,,ZynqMP KV260 revB machine-id:a435d1c5,,all,,hw,,,,kria,not read (sensor only),11aa4f0561d40b905c27206bc0d62eaff2373906,,,,sensor_only,,False,,,,"0,1,2,3",,no environment pre-flight (not run by run_sessions.py): not paper-grade,SOM-rail power (INA260),VCC_SOM,hwmon,/sys/class/hwmon/hwmon2 name=ina260_u14,"{""update_interval_ms"": ""not exposed""}",10.000,10.049,0.1001,0,0,sample_only,3083.932797,16.500673,1790782605.542346,2026-09-30T15:36:45.542+00:00,3.220000,0.635000,5.046000,power1_input=3220000uW curr1_input=635mA in1_input=5046mV
2026-09-30T15:36:49+00:00,11aa4f0561d40b905c27206bc0d62eaff2373906,False,2023.1,,ZynqMP KV260 revB machine-id:a435d1c5,,all,,hw,,,,kria,not read (sensor only),11aa4f0561d40b905c27206bc0d62eaff2373906,,,,sensor_only,,False,,,,"0,1,2,3",,no environment pre-flight (not run by run_sessions.py): not paper-grade,SOM-rail power (INA260),VCC_SOM,hwmon,/sys/class/hwmon/hwmon2 name=ina260_u14,"{""update_interval_ms"": ""not exposed""}",10.000,10.049,0.1001,0,0,sample_only,3084.032794,16.600670,1790782605.642343,2026-09-30T15:36:45.642+00:00,3.210000,0.636000,5.047000,power1_input=3210000uW curr1_input=636mA in1_input=5047mV
2026-09-30T15:36:49+00:00,11aa4f0561d40b905c27206bc0d62eaff2373906,False,2023.1,,ZynqMP KV260 revB machine-id:a435d1c5,,all,,hw,,,,kria,not read (sensor only),11aa4f0561d40b905c27206bc0d62eaff2373906,,,,sensor_only,,False,,,,"0,1,2,3",,no environment pre-flight (not run by run_sessions.py): not paper-grade,SOM-rail power (INA260),VCC_SOM,hwmon,/sys/class/hwmon/hwmon2 name=ina260_u14,"{""update_interval_ms"": ""not exposed""}",10.000,10.049,0.1001,0,0,sample_only,3084.132789,16.700665,1790782605.742337,2026-09-30T15:36:45.742+00:00,3.210000,0.635000,5.047000,power1_input=3210000uW curr1_input=635mA in1_input=5047mV
2026-09-30T15:36:49+00:00,11aa4f0561d40b905c27206bc0d62eaff2373906,False,2023.1,,ZynqMP KV260 revB machine-id:a435d1c5,,all,,hw,,,,kria,not read (sensor only),11aa4f0561d40b905c27206bc0d62eaff2373906,,,,sensor_only,,False,,,,"0,1,2,3",,no environment pre-flight (not run by run_sessions.py): not paper-grade,SOM-rail power (INA260),VCC_SOM,hwmon,/sys/class/hwmon/hwmon2 name=ina260_u14,"{""update_interval_ms"": ""not exposed""}",10.000,10.049,0.1001,0,0,sample_only,3084.232787,16.800663,1790782605.842335,2026-09-30T15:36:45.842+00:00,3.210000,0.636000,5.047000,power1_input=3210000uW curr1_input=636mA in1_input=5047mV
2026-09-30T15:36:49+00:00,11aa4f0561d40b905c27206bc0d62eaff2373906,False,2023.1,,ZynqMP KV260 revB machine-id:a435d1c5,,all,,hw,,,,kria,not read (sensor only),11aa4f0561d40b905c27206bc0d62eaff2373906,,,,sensor_only,,False,,,,"0,1,2,3",,no environment pre-flight (not run by run_sessions.py): not paper-grade,SOM-rail power (INA260),VCC_SOM,hwmon,/sys/class/hwmon/hwmon2 name=ina260_u14,"{""update_interval_ms"": ""not exposed""}",10.000,10.049,0.1001,0,0,sample_only,3084.332793,16.900669,1790782605.942341,2026-09-30T15:36:45.942+00:00,3.220000,0.637000,5.047000,power1_input=3220000uW curr1_input=637mA in1_input=5047mV
2026-09-30T15:36:49+00:00,11aa4f0561d40b905c27206bc0d62eaff2373906,False,2023.1,,ZynqMP KV260 revB machine-id:a435d1c5,,all,,hw,,,,kria,not read (sensor only),11aa4f0561d40b905c27206bc0d62eaff2373906,,,,sensor_only,,False,,,,"0,1,2,3",,no environment pre-flight (not run by run_sessions.py): not paper-grade,SOM-rail power (INA260),VCC_SOM,hwmon,/sys/class/hwmon/hwmon2 name=ina260_u14,"{""update_interval_ms"": ""not exposed""}",10.000,10.049,0.1001,0,0,sample_only,3084.432791,17.000667,1790782606.042340,2026-09-30T15:36:46.042+00:00,3.210000,0.636000,5.047000,power1_input=3210000uW curr1_input=636mA in1_input=5047mV
2026-09-30T15:36:49+00:00,11aa4f0561d40b905c27206bc0d62eaff2373906,False,2023.1,,ZynqMP KV260 revB machine-id:a435d1c5,,all,,hw,,,,kria,not read (sensor only),11aa4f0561d40b905c27206bc0d62eaff2373906,,,,sensor_only,,False,,,,"0,1,2,3",,no environment pre-flight (not run by run_sessions.py): not paper-grade,SOM-rail power (INA260),VCC_SOM,hwmon,/sys/class/hwmon/hwmon2 name=ina260_u14,"{""update_interval_ms"": ""not exposed""}",10.000,10.049,0.1001,0,0,sample_only,3084.532789,17.100665,1790782606.142337,2026-09-30T15:36:46.142+00:00,3.200000,0.633000,5.047000,power1_input=3200000uW curr1_input=633mA in1_input=5047mV
2026-09-30T15:36:49+00:00,11aa4f0561d40b905c27206bc0d62eaff2373906,False,2023.1,,ZynqMP KV260 revB machine-id:a435d1c5,,all,,hw,,,,kria,not read (sensor only),11aa4f0561d40b905c27206bc0d62eaff2373906,,,,sensor_only,,False,,,,"0,1,2,3",,no environment pre-flight (not run by run_sessions.py): not paper-grade,SOM-rail power (INA260),VCC_SOM,hwmon,/sys/class/hwmon/hwmon2 name=ina260_u14,"{""update_interval_ms"": ""not exposed""}",10.000,10.049,0.1001,0,0,sample_only,3084.632791,17.200667,1790782606.242340,2026-09-30T15:36:46.242+00:00,3.200000,0.633000,5.046000,power1_input=3200000uW curr1_input=633mA in1_input=5046mV
2026-09-30T15:36:49+00:00,11aa4f0561d40b905c27206bc0d62eaff2373906,False,2023.1,,ZynqMP KV260 revB machine-id:a435d1c5,,all,,hw,,,,kria,not read (sensor only),11aa4f0561d40b905c27206bc0d62eaff2373906,,,,sensor_only,,False,,,,"0,1,2,3",,no environment pre-flight (not run by run_sessions.py): not paper-grade,SOM-rail power (INA260),VCC_SOM,hwmon,/sys/class/hwmon/hwmon2 name=ina260_u14,"{""update_interval_ms"": ""not exposed""}",10.000,10.049,0.1001,0,0,sample_only,3084.732789,17.300665,1790782606.342338,2026-09-30T15:36:46.342+00:00,3.210000,0.636000,5.047000,power1_input=3210000uW curr1_input=636mA in1_input=5047mV
2026-09-30T15:36:49+00:00,11aa4f0561d40b905c27206bc0d62eaff2373906,False,2023.1,,ZynqMP KV260 revB machine-id:a435d1c5,,all,,hw,,,,kria,not read (sensor only),11aa4f0561d40b905c27206bc0d62eaff2373906,,,,sensor_only,,False,,,,"0,1,2,3",,no environment pre-flight (not run by run_sessions.py): not paper-grade,SOM-rail power (INA260),VCC_SOM,hwmon,/sys/class/hwmon/hwmon2 name=ina260_u14,"{""update_interval_ms"": ""not exposed""}",10.000,10.049,0.1001,0,0,sample_only,3084.832815,17.400691,1790782606.442364,2026-09-30T15:36:46.442+00:00,3.220000,0.637000,5.047000,power1_input=3220000uW curr1_input=637mA in1_input=5047mV
2026-09-30T15:36:49+00:00,11aa4f0561d40b905c27206bc0d62eaff2373906,False,2023.1,,ZynqMP KV260 revB machine-id:a435d1c5,,all,,hw,,,,kria,not read (sensor only),11aa4f0561d40b905c27206bc0d62eaff2373906,,,,sensor_only,,False,,,,"0,1,2,3",,no environment pre-flight (not run by run_sessions.py): not paper-grade,SOM-rail power (INA260),VCC_SOM,hwmon,/sys/class/hwmon/hwmon2 name=ina260_u14,"{""update_interval_ms"": ""not exposed""}",10.000,10.049,0.1001,0,0,sample_only,3084.932798,17.500674,1790782606.542346,2026-09-30T15:36:46.542+00:00,3.210000,0.635000,5.046000,power1_input=3210000uW curr1_input=635mA in1_input=5046mV
2026-09-30T15:36:49+00:00,11aa4f0561d40b905c27206bc0d62eaff2373906,False,2023.1,,ZynqMP KV260 revB machine-id:a435d1c5,,all,,hw,,,,kria,not read (sensor only),11aa4f0561d40b905c27206bc0d62eaff2373906,,,,sensor_only,,False,,,,"0,1,2,3",,no environment pre-flight (not run by run_sessions.py): not paper-grade,SOM-rail power (INA260),VCC_SOM,hwmon,/sys/class/hwmon/hwmon2 name=ina260_u14,"{""update_interval_ms"": ""not exposed""}",10.000,10.049,0.1001,0,0,sample_only,3085.032790,17.600666,1790782606.642339,2026-09-30T15:36:46.642+00:00,3.210000,0.635000,5.046000,power1_input=3210000uW curr1_input=635mA in1_input=5046mV
2026-09-30T15:36:49+00:00,11aa4f0561d40b905c27206bc0d62eaff2373906,False,2023.1,,ZynqMP KV260 revB machine-id:a435d1c5,,all,,hw,,,,kria,not read (sensor only),11aa4f0561d40b905c27206bc0d62eaff2373906,,,,sensor_only,,False,,,,"0,1,2,3",,no environment pre-flight (not run by run_sessions.py): not paper-grade,SOM-rail power (INA260),VCC_SOM,hwmon,/sys/class/hwmon/hwmon2 name=ina260_u14,"{""update_interval_ms"": ""not exposed""}",10.000,10.049,0.1001,0,0,sample_only,3085.132790,17.700666,1790782606.742339,2026-09-30T15:36:46.742+00:00,3.200000,0.635000,5.046000,power1_input=3200000uW curr1_input=635mA in1_input=5046mV
2026-09-30T15:36:49+00:00,11aa4f0561d40b905c27206bc0d62eaff2373906,False,2023.1,,ZynqMP KV260 revB machine-id:a435d1c5,,all,,hw,,,,kria,not read (sensor only),11aa4f0561d40b905c27206bc0d62eaff2373906,,,,sensor_only,,False,,,,"0,1,2,3",,no environment pre-flight (not run by run_sessions.py): not paper-grade,SOM-rail power (INA260),VCC_SOM,hwmon,/sys/class/hwmon/hwmon2 name=ina260_u14,"{""update_interval_ms"": ""not exposed""}",10.000,10.049,0.1001,0,0,sample_only,3085.232803,17.800678,1790782606.842351,2026-09-30T15:36:46.842+00:00,3.200000,0.635000,5.047000,power1_input=3200000uW curr1_input=635mA in1_input=5047mV
2026-09-30T15:36:49+00:00,11aa4f0561d40b905c27206bc0d62eaff2373906,False,2023.1,,ZynqMP KV260 revB machine-id:a435d1c5,,all,,hw,,,,kria,not read (sensor only),11aa4f0561d40b905c27206bc0d62eaff2373906,,,,sensor_only,,False,,,,"0,1,2,3",,no environment pre-flight (not run by run_sessions.py): not paper-grade,SOM-rail power (INA260),VCC_SOM,hwmon,/sys/class/hwmon/hwmon2 name=ina260_u14,"{""update_interval_ms"": ""not exposed""}",10.000,10.049,0.1001,0,0,sample_only,3085.332796,17.900672,1790782606.942345,2026-09-30T15:36:46.942+00:00,3.210000,0.637000,5.047000,power1_input=3210000uW curr1_input=637mA in1_input=5047mV
2026-09-30T15:36:49+00:00,11aa4f0561d40b905c27206bc0d62eaff2373906,False,2023.1,,ZynqMP KV260 revB machine-id:a435d1c5,,all,,hw,,,,kria,not read (sensor only),11aa4f0561d40b905c27206bc0d62eaff2373906,,,,sensor_only,,False,,,,"0,1,2,3",,no environment pre-flight (not run by run_sessions.py): not paper-grade,SOM-rail power (INA260),VCC_SOM,hwmon,/sys/class/hwmon/hwmon2 name=ina260_u14,"{""update_interval_ms"": ""not exposed""}",10.000,10.049,0.1001,0,0,sample_only,3085.432795,18.000671,1790782607.042344,2026-09-30T15:36:47.042+00:00,3.210000,0.637000,5.047000,power1_input=3210000uW curr1_input=637mA in1_input=5047mV
2026-09-30T15:36:49+00:00,11aa4f0561d40b905c27206bc0d62eaff2373906,False,2023.1,,ZynqMP KV260 revB machine-id:a435d1c5,,all,,hw,,,,kria,not read (sensor only),11aa4f0561d40b905c27206bc0d62eaff2373906,,,,sensor_only,,False,,,,"0,1,2,3",,no environment pre-flight (not run by run_sessions.py): not paper-grade,SOM-rail power (INA260),VCC_SOM,hwmon,/sys/class/hwmon/hwmon2 name=ina260_u14,"{""update_interval_ms"": ""not exposed""}",10.000,10.049,0.1001,0,0,sample_only,3085.532789,18.100665,1790782607.142337,2026-09-30T15:36:47.142+00:00,3.200000,0.635000,5.047000,power1_input=3200000uW curr1_input=635mA in1_input=5047mV
2026-09-30T15:36:49+00:00,11aa4f0561d40b905c27206bc0d62eaff2373906,False,2023.1,,ZynqMP KV260 revB machine-id:a435d1c5,,all,,hw,,,,kria,not read (sensor only),11aa4f0561d40b905c27206bc0d62eaff2373906,,,,sensor_only,,False,,,,"0,1,2,3",,no environment pre-flight (not run by run_sessions.py): not paper-grade,SOM-rail power (INA260),VCC_SOM,hwmon,/sys/class/hwmon/hwmon2 name=ina260_u14,"{""update_interval_ms"": ""not exposed""}",10.000,10.049,0.1001,0,0,sample_only,3085.632836,18.200711,1790782607.242384,2026-09-30T15:36:47.242+00:00,3.210000,0.637000,5.047000,power1_input=3210000uW curr1_input=637mA in1_input=5047mV
2026-09-30T15:36:49+00:00,11aa4f0561d40b905c27206bc0d62eaff2373906,False,2023.1,,ZynqMP KV260 revB machine-id:a435d1c5,,all,,hw,,,,kria,not read (sensor only),11aa4f0561d40b905c27206bc0d62eaff2373906,,,,sensor_only,,False,,,,"0,1,2,3",,no environment pre-flight (not run by run_sessions.py): not paper-grade,SOM-rail power (INA260),VCC_SOM,hwmon,/sys/class/hwmon/hwmon2 name=ina260_u14,"{""update_interval_ms"": ""not exposed""}",10.000,10.049,0.1001,0,0,sample_only,3085.732837,18.300712,1790782607.342385,2026-09-30T15:36:47.342+00:00,3.200000,0.635000,5.047000,power1_input=3200000uW curr1_input=635mA in1_input=5047mV
2026-09-30T15:36:49+00:00,11aa4f0561d40b905c27206bc0d62eaff2373906,False,2023.1,,ZynqMP KV260 revB machine-id:a435d1c5,,all,,hw,,,,kria,not read (sensor only),11aa4f0561d40b905c27206bc0d62eaff2373906,,,,sensor_only,,False,,,,"0,1,2,3",,no environment pre-flight (not run by run_sessions.py): not paper-grade,SOM-rail power (INA260),VCC_SOM,hwmon,/sys/class/hwmon/hwmon2 name=ina260_u14,"{""update_interval_ms"": ""not exposed""}",10.000,10.049,0.1001,0,0,sample_only,3085.832794,18.400670,1790782607.442342,2026-09-30T15:36:47.442+00:00,3.210000,0.636000,5.047000,power1_input=3210000uW curr1_input=636mA in1_input=5047mV
2026-09-30T15:36:49+00:00,11aa4f0561d40b905c27206bc0d62eaff2373906,False,2023.1,,ZynqMP KV260 revB machine-id:a435d1c5,,all,,hw,,,,kria,not read (sensor only),11aa4f0561d40b905c27206bc0d62eaff2373906,,,,sensor_only,,False,,,,"0,1,2,3",,no environment pre-flight (not run by run_sessions.py): not paper-grade,SOM-rail power (INA260),VCC_SOM,hwmon,/sys/class/hwmon/hwmon2 name=ina260_u14,"{""update_interval_ms"": ""not exposed""}",10.000,10.049,0.1001,0,0,sample_only,3085.932795,18.500671,1790782607.542344,2026-09-30T15:36:47.542+00:00,3.230000,0.640000,5.047000,power1_input=3230000uW curr1_input=640mA in1_input=5047mV
2026-09-30T15:36:49+00:00,11aa4f0561d40b905c27206bc0d62eaff2373906,False,2023.1,,ZynqMP KV260 revB machine-id:a435d1c5,,all,,hw,,,,kria,not read (sensor only),11aa4f0561d40b905c27206bc0d62eaff2373906,,,,sensor_only,,False,,,,"0,1,2,3",,no environment pre-flight (not run by run_sessions.py): not paper-grade,SOM-rail power (INA260),VCC_SOM,hwmon,/sys/class/hwmon/hwmon2 name=ina260_u14,"{""update_interval_ms"": ""not exposed""}",10.000,10.049,0.1001,0,0,sample_only,3086.032789,18.600665,1790782607.642338,2026-09-30T15:36:47.642+00:00,3.210000,0.636000,5.046000,power1_input=3210000uW curr1_input=636mA in1_input=5046mV
2026-09-30T15:36:49+00:00,11aa4f0561d40b905c27206bc0d62eaff2373906,False,2023.1,,ZynqMP KV260 revB machine-id:a435d1c5,,all,,hw,,,,kria,not read (sensor only),11aa4f0561d40b905c27206bc0d62eaff2373906,,,,sensor_only,,False,,,,"0,1,2,3",,no environment pre-flight (not run by run_sessions.py): not paper-grade,SOM-rail power (INA260),VCC_SOM,hwmon,/sys/class/hwmon/hwmon2 name=ina260_u14,"{""update_interval_ms"": ""not exposed""}",10.000,10.049,0.1001,0,0,sample_only,3086.132835,18.700711,1790782607.742384,2026-09-30T15:36:47.742+00:00,3.210000,0.635000,5.047000,power1_input=3210000uW curr1_input=635mA in1_input=5047mV
2026-09-30T15:36:49+00:00,11aa4f0561d40b905c27206bc0d62eaff2373906,False,2023.1,,ZynqMP KV260 revB machine-id:a435d1c5,,all,,hw,,,,kria,not read (sensor only),11aa4f0561d40b905c27206bc0d62eaff2373906,,,,sensor_only,,False,,,,"0,1,2,3",,no environment pre-flight (not run by run_sessions.py): not paper-grade,SOM-rail power (INA260),VCC_SOM,hwmon,/sys/class/hwmon/hwmon2 name=ina260_u14,"{""update_interval_ms"": ""not exposed""}",10.000,10.049,0.1001,0,0,sample_only,3086.232807,18.800683,1790782607.842356,2026-09-30T15:36:47.842+00:00,3.200000,0.635000,5.047000,power1_input=3200000uW curr1_input=635mA in1_input=5047mV
2026-09-30T15:36:49+00:00,11aa4f0561d40b905c27206bc0d62eaff2373906,False,2023.1,,ZynqMP KV260 revB machine-id:a435d1c5,,all,,hw,,,,kria,not read (sensor only),11aa4f0561d40b905c27206bc0d62eaff2373906,,,,sensor_only,,False,,,,"0,1,2,3",,no environment pre-flight (not run by run_sessions.py): not paper-grade,SOM-rail power (INA260),VCC_SOM,hwmon,/sys/class/hwmon/hwmon2 name=ina260_u14,"{""update_interval_ms"": ""not exposed""}",10.000,10.049,0.1001,0,0,sample_only,3086.332803,18.900679,1790782607.942352,2026-09-30T15:36:47.942+00:00,3.210000,0.636000,5.047000,power1_input=3210000uW curr1_input=636mA in1_input=5047mV
2026-09-30T15:36:49+00:00,11aa4f0561d40b905c27206bc0d62eaff2373906,False,2023.1,,ZynqMP KV260 revB machine-id:a435d1c5,,all,,hw,,,,kria,not read (sensor only),11aa4f0561d40b905c27206bc0d62eaff2373906,,,,sensor_only,,False,,,,"0,1,2,3",,no environment pre-flight (not run by run_sessions.py): not paper-grade,SOM-rail power (INA260),VCC_SOM,hwmon,/sys/class/hwmon/hwmon2 name=ina260_u14,"{""update_interval_ms"": ""not exposed""}",10.000,10.049,0.1001,0,0,sample_only,3086.432861,19.000737,1790782608.042410,2026-09-30T15:36:48.042+00:00,3.210000,0.636000,5.047000,power1_input=3210000uW curr1_input=636mA in1_input=5047mV
2026-09-30T15:36:49+00:00,11aa4f0561d40b905c27206bc0d62eaff2373906,False,2023.1,,ZynqMP KV260 revB machine-id:a435d1c5,,all,,hw,,,,kria,not read (sensor only),11aa4f0561d40b905c27206bc0d62eaff2373906,,,,sensor_only,,False,,,,"0,1,2,3",,no environment pre-flight (not run by run_sessions.py): not paper-grade,SOM-rail power (INA260),VCC_SOM,hwmon,/sys/class/hwmon/hwmon2 name=ina260_u14,"{""update_interval_ms"": ""not exposed""}",10.000,10.049,0.1001,0,0,sample_only,3086.532796,19.100672,1790782608.142345,2026-09-30T15:36:48.142+00:00,3.200000,0.633000,5.047000,power1_input=3200000uW curr1_input=633mA in1_input=5047mV
2026-09-30T15:36:49+00:00,11aa4f0561d40b905c27206bc0d62eaff2373906,False,2023.1,,ZynqMP KV260 revB machine-id:a435d1c5,,all,,hw,,,,kria,not read (sensor only),11aa4f0561d40b905c27206bc0d62eaff2373906,,,,sensor_only,,False,,,,"0,1,2,3",,no environment pre-flight (not run by run_sessions.py): not paper-grade,SOM-rail power (INA260),VCC_SOM,hwmon,/sys/class/hwmon/hwmon2 name=ina260_u14,"{""update_interval_ms"": ""not exposed""}",10.000,10.049,0.1001,0,0,sample_only,3086.632857,19.200732,1790782608.242406,2026-09-30T15:36:48.242+00:00,3.220000,0.632000,5.047000,power1_input=3220000uW curr1_input=632mA in1_input=5047mV
2026-09-30T15:36:49+00:00,11aa4f0561d40b905c27206bc0d62eaff2373906,False,2023.1,,ZynqMP KV260 revB machine-id:a435d1c5,,all,,hw,,,,kria,not read (sensor only),11aa4f0561d40b905c27206bc0d62eaff2373906,,,,sensor_only,,False,,,,"0,1,2,3",,no environment pre-flight (not run by run_sessions.py): not paper-grade,SOM-rail power (INA260),VCC_SOM,hwmon,/sys/class/hwmon/hwmon2 name=ina260_u14,"{""update_interval_ms"": ""not exposed""}",10.000,10.049,0.1001,0,0,sample_only,3086.732871,19.300747,1790782608.342421,2026-09-30T15:36:48.342+00:00,3.210000,0.636000,5.047000,power1_input=3210000uW curr1_input=636mA in1_input=5047mV
2026-09-30T15:36:49+00:00,11aa4f0561d40b905c27206bc0d62eaff2373906,False,2023.1,,ZynqMP KV260 revB machine-id:a435d1c5,,all,,hw,,,,kria,not read (sensor only),11aa4f0561d40b905c27206bc0d62eaff2373906,,,,sensor_only,,False,,,,"0,1,2,3",,no environment pre-flight (not run by run_sessions.py): not paper-grade,SOM-rail power (INA260),VCC_SOM,hwmon,/sys/class/hwmon/hwmon2 name=ina260_u14,"{""update_interval_ms"": ""not exposed""}",10.000,10.049,0.1001,0,0,sample_only,3086.832799,19.400674,1790782608.442348,2026-09-30T15:36:48.442+00:00,3.200000,0.635000,5.047000,power1_input=3200000uW curr1_input=635mA in1_input=5047mV
2026-09-30T15:36:49+00:00,11aa4f0561d40b905c27206bc0d62eaff2373906,False,2023.1,,ZynqMP KV260 revB machine-id:a435d1c5,,all,,hw,,,,kria,not read (sensor only),11aa4f0561d40b905c27206bc0d62eaff2373906,,,,sensor_only,,False,,,,"0,1,2,3",,no environment pre-flight (not run by run_sessions.py): not paper-grade,SOM-rail power (INA260),VCC_SOM,hwmon,/sys/class/hwmon/hwmon2 name=ina260_u14,"{""update_interval_ms"": ""not exposed""}",10.000,10.049,0.1001,0,0,sample_only,3086.932792,19.500668,1790782608.542341,2026-09-30T15:36:48.542+00:00,3.230000,0.643000,5.047000,power1_input=3230000uW curr1_input=643mA in1_input=5047mV
2026-09-30T15:36:49+00:00,11aa4f0561d40b905c27206bc0d62eaff2373906,False,2023.1,,ZynqMP KV260 revB machine-id:a435d1c5,,all,,hw,,,,kria,not read (sensor only),11aa4f0561d40b905c27206bc0d62eaff2373906,,,,sensor_only,,False,,,,"0,1,2,3",,no environment pre-flight (not run by run_sessions.py): not paper-grade,SOM-rail power (INA260),VCC_SOM,hwmon,/sys/class/hwmon/hwmon2 name=ina260_u14,"{""update_interval_ms"": ""not exposed""}",10.000,10.049,0.1001,0,0,sample_only,3087.032789,19.600665,1790782608.642337,2026-09-30T15:36:48.642+00:00,3.200000,0.633000,5.047000,power1_input=3200000uW curr1_input=633mA in1_input=5047mV
2026-09-30T15:36:49+00:00,11aa4f0561d40b905c27206bc0d62eaff2373906,False,2023.1,,ZynqMP KV260 revB machine-id:a435d1c5,,all,,hw,,,,kria,not read (sensor only),11aa4f0561d40b905c27206bc0d62eaff2373906,,,,sensor_only,,False,,,,"0,1,2,3",,no environment pre-flight (not run by run_sessions.py): not paper-grade,SOM-rail power (INA260),VCC_SOM,hwmon,/sys/class/hwmon/hwmon2 name=ina260_u14,"{""update_interval_ms"": ""not exposed""}",10.000,10.049,0.1001,0,0,sample_only,3087.132839,19.700715,1790782608.742388,2026-09-30T15:36:48.742+00:00,3.200000,0.635000,5.047000,power1_input=3200000uW curr1_input=635mA in1_input=5047mV
2026-09-30T15:36:49+00:00,11aa4f0561d40b905c27206bc0d62eaff2373906,False,2023.1,,ZynqMP KV260 revB machine-id:a435d1c5,,all,,hw,,,,kria,not read (sensor only),11aa4f0561d40b905c27206bc0d62eaff2373906,,,,sensor_only,,False,,,,"0,1,2,3",,no environment pre-flight (not run by run_sessions.py): not paper-grade,SOM-rail power (INA260),VCC_SOM,hwmon,/sys/class/hwmon/hwmon2 name=ina260_u14,"{""update_interval_ms"": ""not exposed""}",10.000,10.049,0.1001,0,0,sample_only,3087.232796,19.800671,1790782608.842344,2026-09-30T15:36:48.842+00:00,3.200000,0.633000,5.046000,power1_input=3200000uW curr1_input=633mA in1_input=5046mV
2026-09-30T15:36:49+00:00,11aa4f0561d40b905c27206bc0d62eaff2373906,False,2023.1,,ZynqMP KV260 revB machine-id:a435d1c5,,all,,hw,,,,kria,not read (sensor only),11aa4f0561d40b905c27206bc0d62eaff2373906,,,,sensor_only,,False,,,,"0,1,2,3",,no environment pre-flight (not run by run_sessions.py): not paper-grade,SOM-rail power (INA260),VCC_SOM,hwmon,/sys/class/hwmon/hwmon2 name=ina260_u14,"{""update_interval_ms"": ""not exposed""}",10.000,10.049,0.1001,0,0,sample_only,3087.332842,19.900718,1790782608.942392,2026-09-30T15:36:48.942+00:00,3.380000,0.668000,5.047000,power1_input=3380000uW curr1_input=668mA in1_input=5047mV
2026-09-30T15:36:49+00:00,11aa4f0561d40b905c27206bc0d62eaff2373906,False,2023.1,,ZynqMP KV260 revB machine-id:a435d1c5,,all,,hw,,,,kria,not read (sensor only),11aa4f0561d40b905c27206bc0d62eaff2373906,,,,sensor_only,,False,,,,"0,1,2,3",,no environment pre-flight (not run by run_sessions.py): not paper-grade,SOM-rail power (INA260),VCC_SOM,hwmon,/sys/class/hwmon/hwmon2 name=ina260_u14,"{""update_interval_ms"": ""not exposed""}",10.000,10.049,0.1001,0,0,sample_only,3087.432879,20.000755,1790782609.042429,2026-09-30T15:36:49.042+00:00,3.280000,0.648000,5.047000,power1_input=3280000uW curr1_input=648mA in1_input=5047mV
